-- phpMyAdmin SQL Dump
-- version 4.6.3
-- https://www.phpmyadmin.net/
--
-- Host: 127.0.0.1
-- Generation Time: Oct 22, 2017 at 10:01 AM
-- Server version: 5.6.11
-- PHP Version: 5.5.3

SET SQL_MODE = "NO_AUTO_VALUE_ON_ZERO";
SET time_zone = "+00:00";


/*!40101 SET @OLD_CHARACTER_SET_CLIENT=@@CHARACTER_SET_CLIENT */;
/*!40101 SET @OLD_CHARACTER_SET_RESULTS=@@CHARACTER_SET_RESULTS */;
/*!40101 SET @OLD_COLLATION_CONNECTION=@@COLLATION_CONNECTION */;
/*!40101 SET NAMES utf8mb4 */;

--
-- Database: `erp_sch`
--

-- --------------------------------------------------------

--
-- Table structure for table `class_1_classes`
--

CREATE TABLE `class_1_classes` (
  `CLASSID` varchar(10) NOT NULL,
  `CLASS` varchar(100) NOT NULL,
  `SECTION` varchar(100) NOT NULL,
  `DATE_` timestamp NOT NULL DEFAULT CURRENT_TIMESTAMP
) ENGINE=InnoDB DEFAULT CHARSET=utf8;

--
-- Dumping data for table `class_1_classes`
--

INSERT INTO `class_1_classes` (`CLASSID`, `CLASS`, `SECTION`, `DATE_`) VALUES
('1', '1', '-', '2016-03-08 15:02:33'),
('10A', '10', 'A', '2017-04-29 06:51:33'),
('10B', '10', 'B', '2017-04-29 06:51:37'),
('11A', '11', 'A', '2017-04-29 06:51:42'),
('12A', '12', 'A', '2017-04-29 06:51:08'),
('12B', '12', 'B', '2017-04-29 06:51:13'),
('12C', '12', 'C', '2017-08-08 09:27:20'),
('1A', '1', 'A', '2016-03-08 15:00:37'),
('1B', '1', 'B', '2016-03-08 15:00:37'),
('1C', '1', 'C', '2017-02-16 10:24:40'),
('2', '2', '-', '2016-03-08 15:02:33'),
('2A', '2', 'A', '2016-03-08 15:02:15'),
('3', '3', '-', '2016-03-08 15:02:41'),
('3A', '3', 'A', '2016-03-08 15:02:15'),
('4', '4', '-', '2016-03-20 09:46:22'),
('4A', '4', 'A', '2016-03-20 09:46:03'),
('5', '5', '-', '2016-03-20 09:46:03'),
('5A', '5', 'A', '2016-04-05 05:25:03'),
('5B', '5', 'B', '2016-04-05 05:26:46'),
('6A', '6', 'A', '2017-03-01 13:51:07'),
('7', '7', '-', '2017-04-29 06:27:20'),
('7A', '7', 'A', '2017-03-07 10:26:20'),
('7B', '7', 'B', '2017-04-29 06:26:48'),
('8A', '8', 'A', '2017-04-29 06:51:18'),
('8B', '8', 'B', '2017-04-29 06:51:22'),
('9A', '9', 'A', '2017-04-29 06:51:27'),
('9C', '9', 'C', '2017-05-07 09:10:48'),
('L-KG', 'L-KG', '-', '2016-06-20 16:36:36'),
('Nursery', 'Nursery', '-', '2016-06-20 16:33:40'),
('NURSERYA', 'NURSERY', 'A', '2017-02-18 11:06:16'),
('U-KG', 'U-KG', '-', '2016-06-20 16:36:50');

-- --------------------------------------------------------

--
-- Table structure for table `class_2_in_session`
--

CREATE TABLE `class_2_in_session` (
  `CLSSESSID` int(15) NOT NULL,
  `CLASSID` varchar(10) NOT NULL,
  `SESSID` varchar(20) NOT NULL,
  `STATUS_` tinyint(1) NOT NULL,
  `DATE_` timestamp NOT NULL DEFAULT CURRENT_TIMESTAMP
) ENGINE=InnoDB DEFAULT CHARSET=utf8;

--
-- Dumping data for table `class_2_in_session`
--

INSERT INTO `class_2_in_session` (`CLSSESSID`, `CLASSID`, `SESSID`, `STATUS_`, `DATE_`) VALUES
(106, '1', '2014-15', 1, '2016-06-26 12:51:50'),
(107, '1A', '2014-15', 1, '2016-06-26 12:51:50'),
(108, '1B', '2014-15', 1, '2016-06-26 12:51:50'),
(109, '2', '2014-15', 1, '2016-06-26 12:51:50'),
(110, '2A', '2014-15', 1, '2016-06-26 12:51:50'),
(111, '3', '2014-15', 1, '2016-06-26 12:51:50'),
(112, '3A', '2014-15', 1, '2016-06-26 12:51:50'),
(113, '4', '2014-15', 1, '2016-06-26 12:51:50'),
(114, '4A', '2014-15', 1, '2016-06-26 12:51:51'),
(115, '5', '2014-15', 1, '2016-06-26 12:51:51'),
(116, '5A', '2014-15', 1, '2016-06-26 12:51:51'),
(117, '5B', '2014-15', 1, '2016-06-26 12:51:51'),
(118, 'L-KG', '2014-15', 1, '2016-06-26 12:51:51'),
(119, 'Nursery', '2014-15', 1, '2016-06-26 12:51:51'),
(120, 'U-KG', '2014-15', 1, '2016-06-26 12:51:51'),
(179, '4', '2015-16', 1, '2017-02-18 16:00:24'),
(214, '1', '2015-16', 1, '2017-02-19 09:52:34'),
(215, '1A', '2015-16', 1, '2017-02-19 09:52:34'),
(216, '1B', '2015-16', 1, '2017-02-19 09:52:34'),
(217, '1C', '2015-16', 1, '2017-02-19 09:52:35'),
(218, '2', '2015-16', 1, '2017-02-19 09:52:35'),
(219, '2A', '2015-16', 1, '2017-02-19 09:52:35'),
(220, '3', '2015-16', 1, '2017-02-19 09:52:35'),
(221, '3A', '2015-16', 1, '2017-02-19 09:52:35'),
(222, '4A', '2015-16', 1, '2017-02-19 09:52:35'),
(223, '5', '2015-16', 1, '2017-02-19 09:52:35'),
(224, '5A', '2015-16', 1, '2017-02-19 09:52:35'),
(225, '5B', '2015-16', 1, '2017-02-19 09:52:35'),
(226, 'L-KG', '2015-16', 1, '2017-02-19 09:52:35'),
(227, 'NURSERYA', '2015-16', 1, '2017-02-19 09:52:35'),
(228, 'Nursery', '2015-16', 1, '2017-02-19 09:52:35'),
(229, 'U-KG', '2015-16', 1, '2017-02-19 09:52:35'),
(247, '1', '2016-17', 1, '2017-03-01 13:51:15'),
(248, '1A', '2016-17', 1, '2017-03-01 13:51:15'),
(249, '1B', '2016-17', 1, '2017-03-01 13:51:15'),
(250, '1C', '2016-17', 1, '2017-03-01 13:51:15'),
(251, '2', '2016-17', 1, '2017-03-01 13:51:16'),
(252, '2A', '2016-17', 1, '2017-03-01 13:51:16'),
(253, '3', '2016-17', 1, '2017-03-01 13:51:16'),
(254, '3A', '2016-17', 1, '2017-03-01 13:51:16'),
(255, '4', '2016-17', 1, '2017-03-01 13:51:16'),
(256, '4A', '2016-17', 1, '2017-03-01 13:51:16'),
(257, '5', '2016-17', 1, '2017-03-01 13:51:16'),
(258, '5A', '2016-17', 1, '2017-03-01 13:51:16'),
(259, '5B', '2016-17', 1, '2017-03-01 13:51:16'),
(260, '6A', '2016-17', 1, '2017-03-01 13:51:16'),
(261, 'L-KG', '2016-17', 1, '2017-03-01 13:51:16'),
(262, 'NURSERYA', '2016-17', 1, '2017-03-01 13:51:16'),
(263, 'Nursery', '2016-17', 1, '2017-03-01 13:51:16'),
(264, 'U-KG', '2016-17', 1, '2017-03-01 13:51:16'),
(391, '5', '2017-18', 1, '2017-04-29 14:24:44'),
(405, '7A', '2017-18', 1, '2017-04-29 14:24:44'),
(406, '7B', '2017-18', 1, '2017-04-29 14:24:44'),
(407, '8A', '2017-18', 1, '2017-04-29 14:24:44'),
(408, '8B', '2017-18', 1, '2017-04-29 14:24:44'),
(409, '9A', '2017-18', 1, '2017-04-29 14:24:44'),
(422, '10A', '2017-18', 1, '2017-05-07 09:17:41'),
(423, '10B', '2017-18', 1, '2017-05-07 09:17:41'),
(424, '12A', '2017-18', 1, '2017-05-07 09:17:41'),
(425, '9C', '2017-18', 1, '2017-05-07 09:17:41'),
(426, '12B', '2017-18', 1, '2017-07-20 09:10:39');

-- --------------------------------------------------------

--
-- Table structure for table `class_3_class_wise_students`
--

CREATE TABLE `class_3_class_wise_students` (
  `ID_` int(15) NOT NULL,
  `regid` varchar(25) NOT NULL,
  `ROLLNO` int(11) NOT NULL,
  `CLSSESSID` int(15) NOT NULL,
  `USERNAME_` varchar(40) NOT NULL,
  `DATE_` timestamp NOT NULL DEFAULT CURRENT_TIMESTAMP,
  `SESSID` varchar(20) NOT NULL
) ENGINE=InnoDB DEFAULT CHARSET=utf8;

--
-- Dumping data for table `class_3_class_wise_students`
--

INSERT INTO `class_3_class_wise_students` (`ID_`, `regid`, `ROLLNO`, `CLSSESSID`, `USERNAME_`, `DATE_`, `SESSID`) VALUES
(1, '2017041001', 0, 406, 'nitin', '0000-00-00 00:00:00', '2017-18'),
(2, '2017041002', 0, 406, 'nitin', '0000-00-00 00:00:00', '2017-18'),
(3, '2017041003', 0, 406, 'nitin', '0000-00-00 00:00:00', '2017-18'),
(4, '2017041004', 0, 406, 'nitin', '0000-00-00 00:00:00', '2017-18'),
(5, '2017041005', 0, 406, 'nitin', '0000-00-00 00:00:00', '2017-18'),
(6, '2017041006', 0, 406, 'nitin', '0000-00-00 00:00:00', '2017-18'),
(7, '2017041007', 0, 406, 'nitin', '0000-00-00 00:00:00', '2017-18'),
(8, '2017041008', 0, 406, 'nitin', '0000-00-00 00:00:00', '2017-18'),
(9, '2017041009', 0, 406, 'nitin', '0000-00-00 00:00:00', '2017-18'),
(10, '2017041010', 0, 406, 'nitin', '0000-00-00 00:00:00', '2017-18'),
(11, '2017041011', 0, 406, 'nitin', '0000-00-00 00:00:00', '2017-18'),
(12, '2017041012', 0, 406, 'nitin', '0000-00-00 00:00:00', '2017-18'),
(13, '2017041013', 0, 406, 'nitin', '0000-00-00 00:00:00', '2017-18'),
(14, '2017041014', 0, 406, 'nitin', '0000-00-00 00:00:00', '2017-18'),
(15, '2017041015', 0, 406, 'nitin', '0000-00-00 00:00:00', '2017-18'),
(16, '2017041016', 0, 406, 'nitin', '0000-00-00 00:00:00', '2017-18'),
(17, '2017041017', 0, 406, 'nitin', '0000-00-00 00:00:00', '2017-18'),
(18, '2017041018', 0, 406, 'nitin', '0000-00-00 00:00:00', '2017-18'),
(19, '2017041019', 0, 406, 'nitin', '0000-00-00 00:00:00', '2017-18'),
(20, '2017041020', 0, 406, 'nitin', '0000-00-00 00:00:00', '2017-18'),
(21, '2017041021', 0, 406, 'nitin', '0000-00-00 00:00:00', '2017-18'),
(22, '2017041022', 0, 406, 'nitin', '0000-00-00 00:00:00', '2017-18'),
(23, '2017041023', 0, 406, 'nitin', '0000-00-00 00:00:00', '2017-18'),
(24, '2017041024', 0, 406, 'nitin', '0000-00-00 00:00:00', '2017-18'),
(25, '2017041025', 0, 406, 'nitin', '0000-00-00 00:00:00', '2017-18'),
(26, '2017041026', 0, 406, 'nitin', '0000-00-00 00:00:00', '2017-18'),
(27, '2017041027', 0, 406, 'nitin', '0000-00-00 00:00:00', '2017-18'),
(28, '2017041028', 0, 406, 'nitin', '0000-00-00 00:00:00', '2017-18'),
(29, '2017041029', 0, 406, 'nitin', '0000-00-00 00:00:00', '2017-18'),
(30, '2017041030', 0, 406, 'nitin', '0000-00-00 00:00:00', '2017-18'),
(31, '2017041031', 0, 406, 'nitin', '0000-00-00 00:00:00', '2017-18'),
(32, '2017041032', 0, 406, 'nitin', '0000-00-00 00:00:00', '2017-18'),
(33, '2017041033', 0, 406, 'nitin', '0000-00-00 00:00:00', '2017-18'),
(34, '2017041034', 0, 406, 'nitin', '0000-00-00 00:00:00', '2017-18'),
(35, '2017041035', 0, 406, 'nitin', '0000-00-00 00:00:00', '2017-18'),
(36, '2017041036', 0, 406, 'nitin', '0000-00-00 00:00:00', '2017-18'),
(37, '2017041037', 0, 406, 'nitin', '0000-00-00 00:00:00', '2017-18'),
(38, '2017041038', 0, 406, 'nitin', '0000-00-00 00:00:00', '2017-18'),
(39, '2017041039', 0, 406, 'nitin', '0000-00-00 00:00:00', '2017-18'),
(40, '2017041040', 0, 406, 'nitin', '0000-00-00 00:00:00', '2017-18'),
(41, '2017041041', 0, 405, 'nitin', '0000-00-00 00:00:00', '2017-18'),
(42, '2017041042', 0, 405, 'nitin', '0000-00-00 00:00:00', '2017-18'),
(43, '2017041043', 0, 405, 'nitin', '0000-00-00 00:00:00', '2017-18'),
(44, '2017041044', 0, 405, 'nitin', '0000-00-00 00:00:00', '2017-18'),
(45, '2017041045', 0, 405, 'nitin', '0000-00-00 00:00:00', '2017-18'),
(46, '2017041046', 0, 405, 'nitin', '0000-00-00 00:00:00', '2017-18'),
(47, '2017041047', 0, 405, 'nitin', '0000-00-00 00:00:00', '2017-18'),
(48, '2017041048', 0, 405, 'nitin', '0000-00-00 00:00:00', '2017-18'),
(49, '2017041049', 0, 405, 'nitin', '0000-00-00 00:00:00', '2017-18'),
(50, '2017041050', 0, 405, 'nitin', '0000-00-00 00:00:00', '2017-18'),
(51, '2017041051', 0, 405, 'nitin', '0000-00-00 00:00:00', '2017-18'),
(52, '2017041052', 0, 405, 'nitin', '0000-00-00 00:00:00', '2017-18'),
(53, '2017041053', 0, 405, 'nitin', '0000-00-00 00:00:00', '2017-18'),
(54, '2017041054', 0, 405, 'nitin', '0000-00-00 00:00:00', '2017-18'),
(55, '2017041055', 0, 405, 'nitin', '0000-00-00 00:00:00', '2017-18'),
(56, '2017041056', 0, 405, 'nitin', '0000-00-00 00:00:00', '2017-18'),
(57, '2017041057', 0, 405, 'nitin', '0000-00-00 00:00:00', '2017-18'),
(58, '2017041058', 0, 405, 'nitin', '0000-00-00 00:00:00', '2017-18'),
(59, '2017041059', 0, 405, 'nitin', '0000-00-00 00:00:00', '2017-18'),
(60, '2017041060', 0, 405, 'nitin', '0000-00-00 00:00:00', '2017-18'),
(61, '2017041061', 0, 405, 'nitin', '0000-00-00 00:00:00', '2017-18'),
(62, '2017041062', 0, 405, 'nitin', '0000-00-00 00:00:00', '2017-18'),
(63, '2017041063', 0, 405, 'nitin', '0000-00-00 00:00:00', '2017-18'),
(64, '2017041064', 0, 405, 'nitin', '0000-00-00 00:00:00', '2017-18'),
(65, '2017041065', 0, 405, 'nitin', '0000-00-00 00:00:00', '2017-18'),
(66, '2017041066', 0, 405, 'nitin', '0000-00-00 00:00:00', '2017-18'),
(67, '2017041067', 0, 405, 'nitin', '0000-00-00 00:00:00', '2017-18'),
(68, '2017041068', 0, 405, 'nitin', '0000-00-00 00:00:00', '2017-18'),
(69, '2017041069', 0, 405, 'nitin', '0000-00-00 00:00:00', '2017-18'),
(70, '2017041070', 0, 405, 'nitin', '0000-00-00 00:00:00', '2017-18'),
(71, '2017041071', 0, 405, 'nitin', '0000-00-00 00:00:00', '2017-18'),
(72, '2017041072', 0, 405, 'nitin', '0000-00-00 00:00:00', '2017-18'),
(73, '2017041073', 0, 405, 'nitin', '0000-00-00 00:00:00', '2017-18'),
(74, '2017041074', 0, 405, 'nitin', '0000-00-00 00:00:00', '2017-18'),
(75, '2017041075', 0, 405, 'nitin', '0000-00-00 00:00:00', '2017-18'),
(76, '2017041076', 0, 405, 'nitin', '0000-00-00 00:00:00', '2017-18'),
(77, '2017041077', 0, 405, 'nitin', '0000-00-00 00:00:00', '2017-18'),
(78, '2017041078', 0, 405, 'nitin', '0000-00-00 00:00:00', '2017-18'),
(79, '2017041079', 0, 405, 'nitin', '0000-00-00 00:00:00', '2017-18'),
(80, '2017041080', 0, 405, 'nitin', '0000-00-00 00:00:00', '2017-18'),
(81, '2017041081', 0, 405, 'nitin', '0000-00-00 00:00:00', '2017-18'),
(82, '2017041082', 0, 407, 'nitin', '0000-00-00 00:00:00', '2017-18'),
(83, '2017041083', 0, 407, 'nitin', '0000-00-00 00:00:00', '2017-18'),
(84, '2017041084', 0, 407, 'nitin', '0000-00-00 00:00:00', '2017-18'),
(85, '2017041085', 0, 407, 'nitin', '0000-00-00 00:00:00', '2017-18'),
(86, '2017041086', 0, 407, 'nitin', '0000-00-00 00:00:00', '2017-18'),
(87, '2017041087', 0, 407, 'nitin', '0000-00-00 00:00:00', '2017-18'),
(88, '2017041088', 0, 407, 'nitin', '0000-00-00 00:00:00', '2017-18'),
(89, '2017041089', 0, 407, 'nitin', '0000-00-00 00:00:00', '2017-18'),
(90, '2017041090', 0, 407, 'nitin', '0000-00-00 00:00:00', '2017-18'),
(91, '2017041091', 0, 407, 'nitin', '0000-00-00 00:00:00', '2017-18'),
(92, '2017041092', 0, 407, 'nitin', '0000-00-00 00:00:00', '2017-18'),
(93, '2017041093', 0, 407, 'nitin', '0000-00-00 00:00:00', '2017-18'),
(94, '2017041094', 0, 407, 'nitin', '0000-00-00 00:00:00', '2017-18'),
(95, '2017041095', 0, 407, 'nitin', '0000-00-00 00:00:00', '2017-18'),
(96, '2017041096', 0, 407, 'nitin', '0000-00-00 00:00:00', '2017-18'),
(97, '2017041097', 0, 407, 'nitin', '0000-00-00 00:00:00', '2017-18'),
(98, '2017041098', 0, 407, 'nitin', '0000-00-00 00:00:00', '2017-18'),
(99, '2017041099', 0, 407, 'nitin', '0000-00-00 00:00:00', '2017-18'),
(100, '2017041100', 0, 407, 'nitin', '0000-00-00 00:00:00', '2017-18'),
(101, '2017041101', 0, 407, 'nitin', '0000-00-00 00:00:00', '2017-18'),
(102, '2017041102', 0, 407, 'nitin', '0000-00-00 00:00:00', '2017-18'),
(103, '2017041103', 0, 407, 'nitin', '0000-00-00 00:00:00', '2017-18'),
(104, '2017041104', 0, 407, 'nitin', '0000-00-00 00:00:00', '2017-18'),
(105, '2017041105', 0, 407, 'nitin', '0000-00-00 00:00:00', '2017-18'),
(106, '2017041106', 0, 407, 'nitin', '0000-00-00 00:00:00', '2017-18'),
(107, '2017041107', 0, 407, 'nitin', '0000-00-00 00:00:00', '2017-18'),
(108, '2017041108', 0, 407, 'nitin', '0000-00-00 00:00:00', '2017-18'),
(109, '2017041109', 0, 407, 'nitin', '0000-00-00 00:00:00', '2017-18'),
(110, '2017041110', 0, 407, 'nitin', '0000-00-00 00:00:00', '2017-18'),
(111, '2017041111', 0, 407, 'nitin', '0000-00-00 00:00:00', '2017-18'),
(112, '2017041112', 0, 407, 'nitin', '0000-00-00 00:00:00', '2017-18'),
(113, '2017041113', 0, 407, 'nitin', '0000-00-00 00:00:00', '2017-18'),
(114, '2017041114', 0, 407, 'nitin', '0000-00-00 00:00:00', '2017-18'),
(115, '2017041115', 0, 407, 'nitin', '0000-00-00 00:00:00', '2017-18'),
(116, '2017041116', 0, 407, 'nitin', '0000-00-00 00:00:00', '2017-18'),
(117, '2017041117', 0, 407, 'nitin', '0000-00-00 00:00:00', '2017-18'),
(118, '2017041118', 0, 407, 'nitin', '0000-00-00 00:00:00', '2017-18'),
(119, '2017041119', 0, 407, 'nitin', '0000-00-00 00:00:00', '2017-18'),
(120, '2017041120', 0, 407, 'nitin', '0000-00-00 00:00:00', '2017-18'),
(121, '2017041121', 0, 407, 'nitin', '0000-00-00 00:00:00', '2017-18'),
(122, '2017041122', 0, 407, 'nitin', '0000-00-00 00:00:00', '2017-18'),
(123, '2017041123', 0, 408, 'nitin', '0000-00-00 00:00:00', '2017-18'),
(124, '2017041124', 0, 408, 'nitin', '0000-00-00 00:00:00', '2017-18'),
(125, '2017041125', 0, 408, 'nitin', '0000-00-00 00:00:00', '2017-18'),
(126, '2017041126', 0, 408, 'nitin', '0000-00-00 00:00:00', '2017-18'),
(127, '2017041127', 0, 408, 'nitin', '0000-00-00 00:00:00', '2017-18'),
(128, '2017041128', 0, 408, 'nitin', '0000-00-00 00:00:00', '2017-18'),
(129, '2017041129', 0, 408, 'nitin', '0000-00-00 00:00:00', '2017-18'),
(130, '2017041130', 0, 408, 'nitin', '0000-00-00 00:00:00', '2017-18'),
(131, '2017041131', 0, 408, 'nitin', '0000-00-00 00:00:00', '2017-18'),
(132, '2017041132', 0, 408, 'nitin', '0000-00-00 00:00:00', '2017-18'),
(133, '2017041133', 0, 408, 'nitin', '0000-00-00 00:00:00', '2017-18'),
(134, '2017041134', 0, 408, 'nitin', '0000-00-00 00:00:00', '2017-18'),
(135, '2017041135', 0, 408, 'nitin', '0000-00-00 00:00:00', '2017-18'),
(136, '2017041136', 0, 408, 'nitin', '0000-00-00 00:00:00', '2017-18'),
(137, '2017041137', 0, 408, 'nitin', '0000-00-00 00:00:00', '2017-18'),
(138, '2017041138', 0, 408, 'nitin', '0000-00-00 00:00:00', '2017-18'),
(139, '2017041139', 0, 408, 'nitin', '0000-00-00 00:00:00', '2017-18'),
(140, '2017041140', 0, 408, 'nitin', '0000-00-00 00:00:00', '2017-18'),
(141, '2017041141', 0, 408, 'nitin', '0000-00-00 00:00:00', '2017-18'),
(142, '2017041142', 0, 408, 'nitin', '0000-00-00 00:00:00', '2017-18'),
(143, '2017041143', 0, 408, 'nitin', '0000-00-00 00:00:00', '2017-18'),
(144, '2017041144', 0, 408, 'nitin', '0000-00-00 00:00:00', '2017-18'),
(145, '2017041145', 0, 408, 'nitin', '0000-00-00 00:00:00', '2017-18'),
(146, '2017041146', 0, 408, 'nitin', '0000-00-00 00:00:00', '2017-18'),
(147, '2017041147', 0, 408, 'nitin', '0000-00-00 00:00:00', '2017-18'),
(148, '2017041148', 0, 408, 'nitin', '0000-00-00 00:00:00', '2017-18'),
(149, '2017041149', 0, 408, 'nitin', '0000-00-00 00:00:00', '2017-18'),
(150, '2017041150', 0, 408, 'nitin', '0000-00-00 00:00:00', '2017-18'),
(151, '2017041151', 0, 408, 'nitin', '0000-00-00 00:00:00', '2017-18'),
(152, '2017041152', 0, 408, 'nitin', '0000-00-00 00:00:00', '2017-18'),
(153, '2017041153', 0, 408, 'nitin', '0000-00-00 00:00:00', '2017-18'),
(154, '2017041154', 0, 408, 'nitin', '0000-00-00 00:00:00', '2017-18'),
(155, '2017041155', 0, 408, 'nitin', '0000-00-00 00:00:00', '2017-18'),
(156, '2017041156', 0, 408, 'nitin', '0000-00-00 00:00:00', '2017-18'),
(157, '2017041157', 0, 408, 'nitin', '0000-00-00 00:00:00', '2017-18'),
(158, '2017041158', 0, 408, 'nitin', '0000-00-00 00:00:00', '2017-18'),
(159, '2017041159', 0, 408, 'nitin', '0000-00-00 00:00:00', '2017-18'),
(160, '2017041160', 0, 408, 'nitin', '0000-00-00 00:00:00', '2017-18'),
(161, '2017041161', 0, 408, 'nitin', '0000-00-00 00:00:00', '2017-18'),
(162, '2017041162', 0, 408, 'nitin', '0000-00-00 00:00:00', '2017-18'),
(163, '2017041163', 0, 408, 'nitin', '0000-00-00 00:00:00', '2017-18'),
(164, '2017041164', 0, 409, 'nitin', '0000-00-00 00:00:00', '2017-18'),
(165, '2017041165', 0, 409, 'nitin', '0000-00-00 00:00:00', '2017-18'),
(166, '2017041166', 0, 409, 'nitin', '0000-00-00 00:00:00', '2017-18'),
(167, '2017041167', 0, 409, 'nitin', '0000-00-00 00:00:00', '2017-18'),
(168, '2017041168', 0, 409, 'nitin', '0000-00-00 00:00:00', '2017-18'),
(169, '2017041169', 0, 409, 'nitin', '0000-00-00 00:00:00', '2017-18'),
(170, '2017041170', 0, 409, 'nitin', '0000-00-00 00:00:00', '2017-18'),
(171, '2017041171', 0, 409, 'nitin', '0000-00-00 00:00:00', '2017-18'),
(172, '2017041172', 0, 409, 'nitin', '0000-00-00 00:00:00', '2017-18'),
(173, '2017041173', 0, 409, 'nitin', '0000-00-00 00:00:00', '2017-18'),
(174, '2017041174', 0, 409, 'nitin', '0000-00-00 00:00:00', '2017-18'),
(175, '2017041175', 0, 409, 'nitin', '0000-00-00 00:00:00', '2017-18'),
(176, '2017041176', 0, 409, 'nitin', '0000-00-00 00:00:00', '2017-18'),
(177, '2017041177', 0, 409, 'nitin', '0000-00-00 00:00:00', '2017-18'),
(178, '2017041178', 0, 409, 'nitin', '0000-00-00 00:00:00', '2017-18'),
(179, '2017041179', 0, 409, 'nitin', '0000-00-00 00:00:00', '2017-18'),
(180, '2017041180', 0, 409, 'nitin', '0000-00-00 00:00:00', '2017-18'),
(181, '2017041181', 0, 409, 'nitin', '0000-00-00 00:00:00', '2017-18'),
(182, '2017041182', 0, 409, 'nitin', '0000-00-00 00:00:00', '2017-18'),
(183, '2017041183', 0, 409, 'nitin', '0000-00-00 00:00:00', '2017-18'),
(184, '2017041184', 0, 409, 'nitin', '0000-00-00 00:00:00', '2017-18'),
(185, '2017041185', 0, 409, 'nitin', '0000-00-00 00:00:00', '2017-18'),
(186, '2017041186', 0, 409, 'nitin', '0000-00-00 00:00:00', '2017-18'),
(187, '2017041187', 0, 409, 'nitin', '0000-00-00 00:00:00', '2017-18'),
(188, '2017041188', 0, 409, 'nitin', '0000-00-00 00:00:00', '2017-18'),
(189, '2017041189', 0, 409, 'nitin', '0000-00-00 00:00:00', '2017-18'),
(190, '2017041190', 0, 409, 'nitin', '0000-00-00 00:00:00', '2017-18'),
(191, '2017041191', 0, 409, 'nitin', '0000-00-00 00:00:00', '2017-18'),
(192, '2017041192', 0, 409, 'nitin', '0000-00-00 00:00:00', '2017-18'),
(193, '2017041193', 0, 409, 'nitin', '0000-00-00 00:00:00', '2017-18'),
(194, '2017041194', 0, 409, 'nitin', '0000-00-00 00:00:00', '2017-18'),
(195, '2017041195', 0, 409, 'nitin', '0000-00-00 00:00:00', '2017-18'),
(196, '2017041196', 0, 409, 'nitin', '0000-00-00 00:00:00', '2017-18'),
(197, '2017041197', 0, 409, 'nitin', '0000-00-00 00:00:00', '2017-18'),
(198, '2017041198', 0, 409, 'nitin', '0000-00-00 00:00:00', '2017-18'),
(199, '2017041199', 0, 409, 'nitin', '0000-00-00 00:00:00', '2017-18'),
(200, '2017041200', 0, 409, 'nitin', '0000-00-00 00:00:00', '2017-18'),
(201, '2017041201', 0, 409, 'nitin', '0000-00-00 00:00:00', '2017-18'),
(202, '2017041202', 0, 391, 'nitin', '0000-00-00 00:00:00', '2017-18'),
(203, '2017041203', 0, 391, 'nitin', '0000-00-00 00:00:00', '2017-18'),
(204, '2017041204', 0, 391, 'nitin', '0000-00-00 00:00:00', '2017-18'),
(205, '2017041205', 0, 391, 'nitin', '0000-00-00 00:00:00', '2017-18'),
(206, '2017041206', 0, 391, 'nitin', '0000-00-00 00:00:00', '2017-18'),
(207, '2017041207', 0, 391, 'nitin', '0000-00-00 00:00:00', '2017-18'),
(208, '2017041208', 0, 391, 'nitin', '0000-00-00 00:00:00', '2017-18'),
(209, '2017041209', 0, 391, 'nitin', '0000-00-00 00:00:00', '2017-18'),
(210, '2017041210', 0, 391, 'nitin', '0000-00-00 00:00:00', '2017-18'),
(211, '2017041211', 0, 391, 'nitin', '0000-00-00 00:00:00', '2017-18'),
(212, '2017041212', 0, 391, 'nitin', '0000-00-00 00:00:00', '2017-18'),
(213, '2017041213', 0, 391, 'nitin', '0000-00-00 00:00:00', '2017-18'),
(214, '2017041214', 0, 391, 'nitin', '0000-00-00 00:00:00', '2017-18'),
(215, '2017041215', 0, 391, 'nitin', '0000-00-00 00:00:00', '2017-18'),
(216, '2017041216', 0, 391, 'nitin', '0000-00-00 00:00:00', '2017-18'),
(217, '2017041217', 0, 391, 'nitin', '0000-00-00 00:00:00', '2017-18'),
(218, '2017041218', 0, 391, 'nitin', '0000-00-00 00:00:00', '2017-18'),
(219, '2017041219', 0, 391, 'nitin', '0000-00-00 00:00:00', '2017-18'),
(220, '2017041220', 0, 391, 'nitin', '0000-00-00 00:00:00', '2017-18'),
(221, '2017041221', 0, 391, 'nitin', '0000-00-00 00:00:00', '2017-18'),
(222, '2017041222', 0, 391, 'nitin', '0000-00-00 00:00:00', '2017-18'),
(223, '2017041223', 0, 391, 'nitin', '0000-00-00 00:00:00', '2017-18'),
(224, '2017041224', 0, 391, 'nitin', '0000-00-00 00:00:00', '2017-18'),
(225, '2017041225', 0, 391, 'nitin', '0000-00-00 00:00:00', '2017-18'),
(226, '2017041226', 0, 391, 'nitin', '0000-00-00 00:00:00', '2017-18'),
(227, '2017041227', 0, 391, 'nitin', '0000-00-00 00:00:00', '2017-18'),
(228, '2017041228', 0, 391, 'nitin', '0000-00-00 00:00:00', '2017-18'),
(229, '2017041229', 0, 391, 'nitin', '0000-00-00 00:00:00', '2017-18'),
(230, '2017041230', 0, 391, 'nitin', '0000-00-00 00:00:00', '2017-18'),
(231, '2017041231', 0, 391, 'nitin', '0000-00-00 00:00:00', '2017-18'),
(232, '2017041232', 0, 391, 'nitin', '0000-00-00 00:00:00', '2017-18'),
(233, '2017041233', 0, 391, 'nitin', '0000-00-00 00:00:00', '2017-18'),
(234, '2017041234', 0, 391, 'nitin', '0000-00-00 00:00:00', '2017-18'),
(235, '2017041235', 0, 391, 'nitin', '0000-00-00 00:00:00', '2017-18'),
(236, '2017041236', 0, 391, 'nitin', '0000-00-00 00:00:00', '2017-18'),
(237, '2017041237', 0, 391, 'nitin', '0000-00-00 00:00:00', '2017-18'),
(238, '2017041238', 0, 391, 'nitin', '0000-00-00 00:00:00', '2017-18'),
(239, '2017041239', 0, 391, 'nitin', '0000-00-00 00:00:00', '2017-18'),
(240, '2017041240', 0, 391, 'nitin', '0000-00-00 00:00:00', '2017-18'),
(241, '2017041241', 0, 391, 'nitin', '0000-00-00 00:00:00', '2017-18'),
(242, '2017041242', 0, 391, 'nitin', '0000-00-00 00:00:00', '2017-18'),
(243, '2017041243', 0, 391, 'nitin', '0000-00-00 00:00:00', '2017-18'),
(244, '2017041244', 0, 391, 'nitin', '0000-00-00 00:00:00', '2017-18'),
(245, '2017041245', 0, 391, 'nitin', '0000-00-00 00:00:00', '2017-18'),
(246, '2017041246', 0, 391, 'nitin', '0000-00-00 00:00:00', '2017-18'),
(247, '2017041247', 0, 391, 'nitin', '0000-00-00 00:00:00', '2017-18'),
(248, '2017041248', 0, 391, 'nitin', '0000-00-00 00:00:00', '2017-18'),
(249, '2017041249', 0, 391, 'nitin', '0000-00-00 00:00:00', '2017-18'),
(250, '2017041250', 0, 391, 'nitin', '0000-00-00 00:00:00', '2017-18'),
(252, '2017041251', 0, 425, 'nitin', '0000-00-00 00:00:00', '2017-18'),
(253, '2017041252', 0, 425, 'nitin', '0000-00-00 00:00:00', '2017-18'),
(254, '2017041253', 0, 425, 'nitin', '0000-00-00 00:00:00', '2017-18'),
(255, '2017041254', 0, 425, 'nitin', '0000-00-00 00:00:00', '2017-18'),
(256, '2017041255', 0, 425, 'nitin', '0000-00-00 00:00:00', '2017-18'),
(257, '2017041256', 0, 425, 'nitin', '0000-00-00 00:00:00', '2017-18'),
(258, '2017041257', 0, 425, 'nitin', '0000-00-00 00:00:00', '2017-18'),
(259, '2017041258', 0, 425, 'nitin', '0000-00-00 00:00:00', '2017-18'),
(260, '2017041259', 0, 425, 'nitin', '0000-00-00 00:00:00', '2017-18'),
(261, '2017041260', 0, 425, 'nitin', '0000-00-00 00:00:00', '2017-18'),
(262, '2017041261', 0, 425, 'nitin', '0000-00-00 00:00:00', '2017-18'),
(263, '2017041262', 0, 425, 'nitin', '0000-00-00 00:00:00', '2017-18'),
(264, '2017041263', 0, 425, 'nitin', '0000-00-00 00:00:00', '2017-18'),
(265, '2017041264', 0, 425, 'nitin', '0000-00-00 00:00:00', '2017-18'),
(266, '2017041265', 0, 425, 'nitin', '0000-00-00 00:00:00', '2017-18'),
(267, '2017041266', 0, 425, 'nitin', '0000-00-00 00:00:00', '2017-18'),
(268, '2017041267', 0, 425, 'nitin', '0000-00-00 00:00:00', '2017-18'),
(269, '2017041268', 0, 425, 'nitin', '0000-00-00 00:00:00', '2017-18'),
(270, '2017041269', 0, 425, 'nitin', '0000-00-00 00:00:00', '2017-18'),
(271, '2017041270', 0, 425, 'nitin', '0000-00-00 00:00:00', '2017-18'),
(272, '2017041271', 0, 425, 'nitin', '0000-00-00 00:00:00', '2017-18'),
(273, '2017041272', 0, 425, 'nitin', '0000-00-00 00:00:00', '2017-18'),
(274, '2017041273', 0, 425, 'nitin', '0000-00-00 00:00:00', '2017-18'),
(275, '2017041274', 0, 425, 'nitin', '0000-00-00 00:00:00', '2017-18'),
(276, '2017041275', 0, 425, 'nitin', '0000-00-00 00:00:00', '2017-18'),
(277, '2017041276', 0, 425, 'nitin', '0000-00-00 00:00:00', '2017-18'),
(278, '2017041277', 0, 425, 'nitin', '0000-00-00 00:00:00', '2017-18'),
(279, '2017041278', 0, 425, 'nitin', '0000-00-00 00:00:00', '2017-18'),
(280, '2017041279', 0, 425, 'nitin', '0000-00-00 00:00:00', '2017-18'),
(281, '2017041280', 0, 425, 'nitin', '0000-00-00 00:00:00', '2017-18'),
(282, '2017041281', 0, 425, 'nitin', '0000-00-00 00:00:00', '2017-18'),
(283, '2017041282', 0, 425, 'nitin', '0000-00-00 00:00:00', '2017-18'),
(284, '2017041283', 0, 425, 'nitin', '0000-00-00 00:00:00', '2017-18'),
(285, '2017041284', 0, 425, 'nitin', '0000-00-00 00:00:00', '2017-18'),
(286, '2017041285', 0, 422, 'nitin', '0000-00-00 00:00:00', '2017-18'),
(287, '2017041286', 0, 422, 'nitin', '0000-00-00 00:00:00', '2017-18'),
(288, '2017041287', 0, 422, 'nitin', '0000-00-00 00:00:00', '2017-18'),
(289, '2017041288', 0, 422, 'nitin', '0000-00-00 00:00:00', '2017-18'),
(290, '2017041289', 0, 422, 'nitin', '0000-00-00 00:00:00', '2017-18'),
(291, '2017041290', 0, 422, 'nitin', '0000-00-00 00:00:00', '2017-18'),
(292, '2017041291', 0, 422, 'nitin', '0000-00-00 00:00:00', '2017-18'),
(293, '2017041292', 0, 422, 'nitin', '0000-00-00 00:00:00', '2017-18'),
(294, '2017041293', 0, 422, 'nitin', '0000-00-00 00:00:00', '2017-18'),
(295, '2017041294', 0, 422, 'nitin', '0000-00-00 00:00:00', '2017-18'),
(296, '2017041295', 0, 422, 'nitin', '0000-00-00 00:00:00', '2017-18'),
(297, '2017041296', 0, 422, 'nitin', '0000-00-00 00:00:00', '2017-18'),
(298, '2017041297', 0, 422, 'nitin', '0000-00-00 00:00:00', '2017-18'),
(299, '2017041298', 0, 422, 'nitin', '0000-00-00 00:00:00', '2017-18'),
(300, '2017041299', 0, 422, 'nitin', '0000-00-00 00:00:00', '2017-18'),
(301, '2017041300', 0, 422, 'nitin', '0000-00-00 00:00:00', '2017-18'),
(302, '2017041301', 0, 422, 'nitin', '0000-00-00 00:00:00', '2017-18'),
(303, '2017041302', 0, 422, 'nitin', '0000-00-00 00:00:00', '2017-18'),
(304, '2017041303', 0, 422, 'nitin', '0000-00-00 00:00:00', '2017-18'),
(305, '2017041304', 0, 422, 'nitin', '0000-00-00 00:00:00', '2017-18'),
(306, '2017041305', 0, 422, 'nitin', '0000-00-00 00:00:00', '2017-18'),
(307, '2017041306', 0, 422, 'nitin', '0000-00-00 00:00:00', '2017-18'),
(308, '2017041307', 0, 422, 'nitin', '0000-00-00 00:00:00', '2017-18'),
(309, '2017041308', 0, 422, 'nitin', '0000-00-00 00:00:00', '2017-18'),
(310, '2017041309', 0, 422, 'nitin', '0000-00-00 00:00:00', '2017-18'),
(311, '2017041310', 0, 422, 'nitin', '0000-00-00 00:00:00', '2017-18'),
(312, '2017041311', 0, 422, 'nitin', '0000-00-00 00:00:00', '2017-18'),
(313, '2017041312', 0, 422, 'nitin', '0000-00-00 00:00:00', '2017-18'),
(314, '2017041313', 0, 422, 'nitin', '0000-00-00 00:00:00', '2017-18'),
(315, '2017041314', 0, 422, 'nitin', '0000-00-00 00:00:00', '2017-18'),
(316, '2017041315', 0, 422, 'nitin', '0000-00-00 00:00:00', '2017-18'),
(317, '2017041316', 0, 422, 'nitin', '0000-00-00 00:00:00', '2017-18'),
(318, '2017041317', 0, 422, 'nitin', '0000-00-00 00:00:00', '2017-18'),
(319, '2017041318', 0, 422, 'nitin', '0000-00-00 00:00:00', '2017-18'),
(320, '2017041319', 0, 422, 'nitin', '0000-00-00 00:00:00', '2017-18'),
(321, '2017041320', 0, 422, 'nitin', '0000-00-00 00:00:00', '2017-18'),
(322, '2017041321', 0, 422, 'nitin', '0000-00-00 00:00:00', '2017-18'),
(323, '2017041322', 0, 422, 'nitin', '0000-00-00 00:00:00', '2017-18'),
(324, '2017041323', 0, 422, 'nitin', '0000-00-00 00:00:00', '2017-18'),
(325, '2017041324', 0, 422, 'nitin', '0000-00-00 00:00:00', '2017-18'),
(326, '2017041325', 0, 422, 'nitin', '0000-00-00 00:00:00', '2017-18'),
(327, '2017041326', 0, 422, 'nitin', '0000-00-00 00:00:00', '2017-18'),
(328, '2017041327', 0, 422, 'nitin', '0000-00-00 00:00:00', '2017-18'),
(329, '2017041328', 0, 422, 'nitin', '0000-00-00 00:00:00', '2017-18'),
(330, '2017041329', 0, 422, 'nitin', '0000-00-00 00:00:00', '2017-18'),
(331, '2017041330', 0, 422, 'nitin', '0000-00-00 00:00:00', '2017-18'),
(332, '2017041331', 0, 422, 'nitin', '0000-00-00 00:00:00', '2017-18'),
(333, '2017041332', 0, 422, 'nitin', '0000-00-00 00:00:00', '2017-18'),
(334, '2017041333', 0, 422, 'nitin', '0000-00-00 00:00:00', '2017-18'),
(335, '2017041334', 0, 422, 'nitin', '0000-00-00 00:00:00', '2017-18'),
(336, '2017041335', 0, 422, 'nitin', '0000-00-00 00:00:00', '2017-18'),
(337, '2017041336', 0, 423, 'nitin', '0000-00-00 00:00:00', '2017-18'),
(338, '2017041337', 0, 423, 'nitin', '0000-00-00 00:00:00', '2017-18'),
(339, '2017041338', 0, 423, 'nitin', '0000-00-00 00:00:00', '2017-18'),
(340, '2017041339', 0, 423, 'nitin', '0000-00-00 00:00:00', '2017-18'),
(341, '2017041340', 0, 423, 'nitin', '0000-00-00 00:00:00', '2017-18'),
(342, '2017041341', 0, 423, 'nitin', '0000-00-00 00:00:00', '2017-18'),
(343, '2017041342', 0, 423, 'nitin', '0000-00-00 00:00:00', '2017-18'),
(344, '2017041343', 0, 423, 'nitin', '0000-00-00 00:00:00', '2017-18'),
(345, '2017041344', 0, 423, 'nitin', '0000-00-00 00:00:00', '2017-18'),
(346, '2017041345', 0, 423, 'nitin', '0000-00-00 00:00:00', '2017-18'),
(347, '2017041346', 0, 423, 'nitin', '0000-00-00 00:00:00', '2017-18'),
(348, '2017041347', 0, 423, 'nitin', '0000-00-00 00:00:00', '2017-18'),
(349, '2017041348', 0, 423, 'nitin', '0000-00-00 00:00:00', '2017-18'),
(350, '2017041349', 0, 423, 'nitin', '0000-00-00 00:00:00', '2017-18'),
(351, '2017041350', 0, 423, 'nitin', '0000-00-00 00:00:00', '2017-18'),
(352, '2017041351', 0, 423, 'nitin', '0000-00-00 00:00:00', '2017-18'),
(353, '2017041352', 0, 423, 'nitin', '0000-00-00 00:00:00', '2017-18'),
(354, '2017041353', 0, 423, 'nitin', '0000-00-00 00:00:00', '2017-18'),
(355, '2017041354', 0, 423, 'nitin', '0000-00-00 00:00:00', '2017-18'),
(356, '2017041355', 0, 423, 'nitin', '0000-00-00 00:00:00', '2017-18'),
(357, '2017041356', 0, 423, 'nitin', '0000-00-00 00:00:00', '2017-18'),
(358, '2017041357', 0, 423, 'nitin', '0000-00-00 00:00:00', '2017-18'),
(359, '2017041358', 0, 423, 'nitin', '0000-00-00 00:00:00', '2017-18'),
(360, '2017041359', 0, 423, 'nitin', '0000-00-00 00:00:00', '2017-18'),
(361, '2017041360', 0, 423, 'nitin', '0000-00-00 00:00:00', '2017-18'),
(362, '2017041361', 0, 423, 'nitin', '0000-00-00 00:00:00', '2017-18'),
(363, '2017041362', 0, 423, 'nitin', '0000-00-00 00:00:00', '2017-18'),
(364, '2017041363', 0, 423, 'nitin', '0000-00-00 00:00:00', '2017-18'),
(365, '2017041364', 0, 423, 'nitin', '0000-00-00 00:00:00', '2017-18'),
(366, '2017041365', 0, 423, 'nitin', '0000-00-00 00:00:00', '2017-18'),
(367, '2017041366', 0, 423, 'nitin', '0000-00-00 00:00:00', '2017-18'),
(368, '2017041367', 0, 423, 'nitin', '0000-00-00 00:00:00', '2017-18'),
(369, '2017041368', 0, 423, 'nitin', '0000-00-00 00:00:00', '2017-18'),
(370, '2017041369', 0, 423, 'nitin', '0000-00-00 00:00:00', '2017-18'),
(371, '2017041370', 0, 423, 'nitin', '0000-00-00 00:00:00', '2017-18'),
(372, '2017041371', 0, 423, 'nitin', '0000-00-00 00:00:00', '2017-18'),
(373, '2017041372', 0, 423, 'nitin', '0000-00-00 00:00:00', '2017-18'),
(374, '2017041373', 0, 423, 'nitin', '0000-00-00 00:00:00', '2017-18'),
(375, '2017041374', 0, 423, 'nitin', '0000-00-00 00:00:00', '2017-18'),
(376, '2017041375', 0, 423, 'nitin', '0000-00-00 00:00:00', '2017-18'),
(377, '2017041376', 0, 423, 'nitin', '0000-00-00 00:00:00', '2017-18'),
(378, '2017041377', 0, 423, 'nitin', '0000-00-00 00:00:00', '2017-18'),
(379, '2017041378', 0, 423, 'nitin', '0000-00-00 00:00:00', '2017-18'),
(380, '2017041379', 0, 423, 'nitin', '0000-00-00 00:00:00', '2017-18'),
(381, '2017041380', 0, 423, 'nitin', '0000-00-00 00:00:00', '2017-18'),
(382, '2017041381', 0, 423, 'nitin', '0000-00-00 00:00:00', '2017-18'),
(383, '2017041382', 0, 423, 'nitin', '0000-00-00 00:00:00', '2017-18'),
(384, '2017041383', 0, 423, 'nitin', '0000-00-00 00:00:00', '2017-18'),
(385, '2017041384', 0, 424, 'nitin', '0000-00-00 00:00:00', '2017-18'),
(386, '2017041385', 0, 424, 'nitin', '0000-00-00 00:00:00', '2017-18'),
(387, '2017041386', 0, 424, 'nitin', '0000-00-00 00:00:00', '2017-18'),
(388, '2017041387', 0, 424, 'nitin', '0000-00-00 00:00:00', '2017-18'),
(389, '2017041388', 0, 424, 'nitin', '0000-00-00 00:00:00', '2017-18'),
(390, '2017041389', 0, 424, 'nitin', '0000-00-00 00:00:00', '2017-18'),
(391, '2017041390', 0, 424, 'nitin', '0000-00-00 00:00:00', '2017-18'),
(392, '2017041391', 0, 424, 'nitin', '0000-00-00 00:00:00', '2017-18'),
(393, '2017041392', 0, 424, 'nitin', '0000-00-00 00:00:00', '2017-18'),
(394, '2017041393', 0, 424, 'nitin', '0000-00-00 00:00:00', '2017-18'),
(395, '2017041394', 0, 424, 'nitin', '0000-00-00 00:00:00', '2017-18'),
(396, '2017041395', 0, 424, 'nitin', '0000-00-00 00:00:00', '2017-18'),
(397, '2017041396', 0, 424, 'nitin', '0000-00-00 00:00:00', '2017-18'),
(398, '2017041397', 0, 424, 'nitin', '0000-00-00 00:00:00', '2017-18'),
(399, '2017041398', 0, 424, 'nitin', '0000-00-00 00:00:00', '2017-18'),
(400, '2017041399', 0, 424, 'nitin', '0000-00-00 00:00:00', '2017-18'),
(401, '2017041400', 0, 424, 'nitin', '0000-00-00 00:00:00', '2017-18'),
(402, '2017041401', 0, 424, 'nitin', '0000-00-00 00:00:00', '2017-18'),
(403, '2017041402', 0, 424, 'nitin', '0000-00-00 00:00:00', '2017-18'),
(404, '2017041403', 0, 424, 'nitin', '0000-00-00 00:00:00', '2017-18'),
(405, '2017041404', 0, 424, 'nitin', '0000-00-00 00:00:00', '2017-18'),
(406, '2017041405', 0, 424, 'nitin', '0000-00-00 00:00:00', '2017-18'),
(407, '2017041406', 0, 424, 'nitin', '0000-00-00 00:00:00', '2017-18'),
(408, '2017041407', 0, 424, 'nitin', '0000-00-00 00:00:00', '2017-18'),
(409, '2017041408', 0, 424, 'nitin', '0000-00-00 00:00:00', '2017-18'),
(410, '2017041409', 0, 424, 'nitin', '0000-00-00 00:00:00', '2017-18'),
(411, '2017041410', 0, 424, 'nitin', '0000-00-00 00:00:00', '2017-18'),
(412, '2017041411', 0, 424, 'nitin', '0000-00-00 00:00:00', '2017-18'),
(413, '2017041412', 0, 424, 'nitin', '0000-00-00 00:00:00', '2017-18'),
(414, '2017041413', 0, 424, 'nitin', '0000-00-00 00:00:00', '2017-18'),
(415, '2017041414', 0, 424, 'nitin', '0000-00-00 00:00:00', '2017-18'),
(416, '2017041415', 0, 424, 'nitin', '0000-00-00 00:00:00', '2017-18'),
(417, '2017041416', 0, 424, 'nitin', '0000-00-00 00:00:00', '2017-18'),
(418, '2017041417', 0, 424, 'nitin', '0000-00-00 00:00:00', '2017-18'),
(419, '2017041418', 0, 424, 'nitin', '0000-00-00 00:00:00', '2017-18'),
(420, '2017041419', 0, 424, 'nitin', '0000-00-00 00:00:00', '2017-18'),
(421, '2017041420', 0, 424, 'nitin', '0000-00-00 00:00:00', '2017-18'),
(422, '2017041421', 0, 424, 'nitin', '0000-00-00 00:00:00', '2017-18'),
(423, '2017041422', 0, 424, 'nitin', '0000-00-00 00:00:00', '2017-18'),
(424, '2017041423', 0, 424, 'nitin', '0000-00-00 00:00:00', '2017-18'),
(425, '2017041424', 0, 424, 'nitin', '0000-00-00 00:00:00', '2017-18'),
(426, '2017041425', 0, 424, 'nitin', '0000-00-00 00:00:00', '2017-18'),
(427, '2017041426', 0, 424, 'nitin', '0000-00-00 00:00:00', '2017-18'),
(428, '2017041427', 0, 424, 'nitin', '0000-00-00 00:00:00', '2017-18'),
(429, '2017051251', 0, 424, 'nitin', '2017-07-20 10:30:37', '2017-18');

-- --------------------------------------------------------

--
-- Table structure for table `class_4_class_wise_attendance`
--

CREATE TABLE `class_4_class_wise_attendance` (
  `ATTID` bigint(22) NOT NULL,
  `regid` varchar(25) CHARACTER SET latin1 NOT NULL,
  `ROLLNO` int(11) NOT NULL,
  `CLSSESSID` int(15) NOT NULL,
  `USERNAME_` varchar(40) CHARACTER SET latin1 NOT NULL,
  `DATE_` varchar(15) CHARACTER SET latin1 NOT NULL,
  `TIME_` varchar(12) CHARACTER SET latin1 NOT NULL,
  `STATUS` tinyint(1) NOT NULL,
  `DOE_` timestamp NOT NULL DEFAULT CURRENT_TIMESTAMP
) ENGINE=InnoDB DEFAULT CHARSET=utf8;

--
-- Dumping data for table `class_4_class_wise_attendance`
--

INSERT INTO `class_4_class_wise_attendance` (`ATTID`, `regid`, `ROLLNO`, `CLSSESSID`, `USERNAME_`, `DATE_`, `TIME_`, `STATUS`, `DOE_`) VALUES
(1, '2017041123', 0, 408, 'nitin', '2017-05-18', '9:17:PM', 0, '2017-05-18 06:27:12'),
(2, '2017041124', 0, 408, 'nitin', '2017-05-18', '9:17:PM', 0, '2017-05-18 06:27:12'),
(3, '2017041125', 0, 408, 'nitin', '2017-05-18', '9:17:PM', 1, '2017-05-18 06:27:12'),
(4, '2017041126', 0, 408, 'nitin', '2017-05-18', '9:17:PM', 1, '2017-05-18 06:27:12'),
(5, '2017041127', 0, 408, 'nitin', '2017-05-18', '9:17:PM', 1, '2017-05-18 06:27:12'),
(6, '2017041128', 0, 408, 'nitin', '2017-05-18', '9:17:PM', 1, '2017-05-18 06:27:12'),
(7, '2017041129', 0, 408, 'nitin', '2017-05-18', '9:17:PM', 1, '2017-05-18 06:27:12'),
(8, '2017041130', 0, 408, 'nitin', '2017-05-18', '9:17:PM', 1, '2017-05-18 06:27:12'),
(9, '2017041131', 0, 408, 'nitin', '2017-05-18', '9:17:PM', 1, '2017-05-18 06:27:12'),
(10, '2017041132', 0, 408, 'nitin', '2017-05-18', '9:17:PM', 1, '2017-05-18 06:27:12'),
(11, '2017041133', 0, 408, 'nitin', '2017-05-18', '9:17:PM', 1, '2017-05-18 06:27:12'),
(12, '2017041134', 0, 408, 'nitin', '2017-05-18', '9:17:PM', 1, '2017-05-18 06:27:12'),
(13, '2017041135', 0, 408, 'nitin', '2017-05-18', '9:17:PM', 1, '2017-05-18 06:27:12'),
(14, '2017041136', 0, 408, 'nitin', '2017-05-18', '9:17:PM', 1, '2017-05-18 06:27:12'),
(15, '2017041137', 0, 408, 'nitin', '2017-05-18', '9:17:PM', 1, '2017-05-18 06:27:12'),
(16, '2017041138', 0, 408, 'nitin', '2017-05-18', '9:17:PM', 1, '2017-05-18 06:27:12'),
(17, '2017041139', 0, 408, 'nitin', '2017-05-18', '9:17:PM', 1, '2017-05-18 06:27:12'),
(18, '2017041140', 0, 408, 'nitin', '2017-05-18', '9:17:PM', 1, '2017-05-18 06:27:12'),
(19, '2017041141', 0, 408, 'nitin', '2017-05-18', '9:17:PM', 1, '2017-05-18 06:27:12'),
(20, '2017041142', 0, 408, 'nitin', '2017-05-18', '9:17:PM', 1, '2017-05-18 06:27:12'),
(21, '2017041143', 0, 408, 'nitin', '2017-05-18', '9:17:PM', 1, '2017-05-18 06:27:12'),
(22, '2017041144', 0, 408, 'nitin', '2017-05-18', '9:17:PM', 1, '2017-05-18 06:27:12'),
(23, '2017041145', 0, 408, 'nitin', '2017-05-18', '9:17:PM', 1, '2017-05-18 06:27:12'),
(24, '2017041146', 0, 408, 'nitin', '2017-05-18', '9:17:PM', 1, '2017-05-18 06:27:12'),
(25, '2017041147', 0, 408, 'nitin', '2017-05-18', '9:17:PM', 1, '2017-05-18 06:27:12'),
(26, '2017041148', 0, 408, 'nitin', '2017-05-18', '9:17:PM', 1, '2017-05-18 06:27:12'),
(27, '2017041149', 0, 408, 'nitin', '2017-05-18', '9:17:PM', 1, '2017-05-18 06:27:12'),
(28, '2017041150', 0, 408, 'nitin', '2017-05-18', '9:17:PM', 1, '2017-05-18 06:27:12'),
(29, '2017041151', 0, 408, 'nitin', '2017-05-18', '9:17:PM', 1, '2017-05-18 06:27:12'),
(30, '2017041152', 0, 408, 'nitin', '2017-05-18', '9:17:PM', 1, '2017-05-18 06:27:12'),
(31, '2017041153', 0, 408, 'nitin', '2017-05-18', '9:17:PM', 1, '2017-05-18 06:27:12'),
(32, '2017041154', 0, 408, 'nitin', '2017-05-18', '9:17:PM', 1, '2017-05-18 06:27:12'),
(33, '2017041155', 0, 408, 'nitin', '2017-05-18', '9:17:PM', 1, '2017-05-18 06:27:12'),
(34, '2017041156', 0, 408, 'nitin', '2017-05-18', '9:17:PM', 1, '2017-05-18 06:27:12'),
(35, '2017041157', 0, 408, 'nitin', '2017-05-18', '9:17:PM', 1, '2017-05-18 06:27:12'),
(36, '2017041158', 0, 408, 'nitin', '2017-05-18', '9:17:PM', 1, '2017-05-18 06:27:12'),
(37, '2017041159', 0, 408, 'nitin', '2017-05-18', '9:17:PM', 1, '2017-05-18 06:27:12'),
(38, '2017041160', 0, 408, 'nitin', '2017-05-18', '9:17:PM', 1, '2017-05-18 06:27:12'),
(39, '2017041161', 0, 408, 'nitin', '2017-05-18', '9:17:PM', 1, '2017-05-18 06:27:12'),
(40, '2017041162', 0, 408, 'nitin', '2017-05-18', '9:17:PM', 1, '2017-05-18 06:27:12'),
(41, '2017041163', 0, 408, 'nitin', '2017-05-18', '9:17:PM', 1, '2017-05-18 06:27:12'),
(42, '2017041164', 0, 409, 'nitin', '2017-07-20', '6:17:PM', 1, '2017-07-20 10:27:28'),
(43, '2017041165', 0, 409, 'nitin', '2017-07-20', '6:17:PM', 0, '2017-07-20 10:27:28'),
(44, '2017041166', 0, 409, 'nitin', '2017-07-20', '6:17:PM', 0, '2017-07-20 10:27:28'),
(45, '2017041167', 0, 409, 'nitin', '2017-07-20', '6:17:PM', 1, '2017-07-20 10:27:28'),
(46, '2017041168', 0, 409, 'nitin', '2017-07-20', '6:17:PM', 1, '2017-07-20 10:27:28'),
(47, '2017041169', 0, 409, 'nitin', '2017-07-20', '6:17:PM', 1, '2017-07-20 10:27:28'),
(48, '2017041170', 0, 409, 'nitin', '2017-07-20', '6:17:PM', 1, '2017-07-20 10:27:28'),
(49, '2017041171', 0, 409, 'nitin', '2017-07-20', '6:17:PM', 1, '2017-07-20 10:27:28'),
(50, '2017041172', 0, 409, 'nitin', '2017-07-20', '6:17:PM', 1, '2017-07-20 10:27:28'),
(51, '2017041173', 0, 409, 'nitin', '2017-07-20', '6:17:PM', 1, '2017-07-20 10:27:28'),
(52, '2017041174', 0, 409, 'nitin', '2017-07-20', '6:17:PM', 1, '2017-07-20 10:27:28'),
(53, '2017041175', 0, 409, 'nitin', '2017-07-20', '6:17:PM', 1, '2017-07-20 10:27:28'),
(54, '2017041176', 0, 409, 'nitin', '2017-07-20', '6:17:PM', 1, '2017-07-20 10:27:28'),
(55, '2017041177', 0, 409, 'nitin', '2017-07-20', '6:17:PM', 1, '2017-07-20 10:27:28'),
(56, '2017041178', 0, 409, 'nitin', '2017-07-20', '6:17:PM', 1, '2017-07-20 10:27:28'),
(57, '2017041179', 0, 409, 'nitin', '2017-07-20', '6:17:PM', 1, '2017-07-20 10:27:28'),
(58, '2017041180', 0, 409, 'nitin', '2017-07-20', '6:17:PM', 1, '2017-07-20 10:27:28'),
(59, '2017041181', 0, 409, 'nitin', '2017-07-20', '6:17:PM', 1, '2017-07-20 10:27:28'),
(60, '2017041182', 0, 409, 'nitin', '2017-07-20', '6:17:PM', 1, '2017-07-20 10:27:28'),
(61, '2017041183', 0, 409, 'nitin', '2017-07-20', '6:17:PM', 1, '2017-07-20 10:27:28'),
(62, '2017041184', 0, 409, 'nitin', '2017-07-20', '6:17:PM', 1, '2017-07-20 10:27:28'),
(63, '2017041185', 0, 409, 'nitin', '2017-07-20', '6:17:PM', 1, '2017-07-20 10:27:28'),
(64, '2017041186', 0, 409, 'nitin', '2017-07-20', '6:17:PM', 1, '2017-07-20 10:27:28'),
(65, '2017041187', 0, 409, 'nitin', '2017-07-20', '6:17:PM', 1, '2017-07-20 10:27:28'),
(66, '2017041188', 0, 409, 'nitin', '2017-07-20', '6:17:PM', 1, '2017-07-20 10:27:28'),
(67, '2017041189', 0, 409, 'nitin', '2017-07-20', '6:17:PM', 1, '2017-07-20 10:27:28'),
(68, '2017041190', 0, 409, 'nitin', '2017-07-20', '6:17:PM', 1, '2017-07-20 10:27:28'),
(69, '2017041191', 0, 409, 'nitin', '2017-07-20', '6:17:PM', 1, '2017-07-20 10:27:28'),
(70, '2017041192', 0, 409, 'nitin', '2017-07-20', '6:17:PM', 1, '2017-07-20 10:27:28'),
(71, '2017041193', 0, 409, 'nitin', '2017-07-20', '6:17:PM', 1, '2017-07-20 10:27:28'),
(72, '2017041194', 0, 409, 'nitin', '2017-07-20', '6:17:PM', 1, '2017-07-20 10:27:28'),
(73, '2017041195', 0, 409, 'nitin', '2017-07-20', '6:17:PM', 1, '2017-07-20 10:27:28'),
(74, '2017041196', 0, 409, 'nitin', '2017-07-20', '6:17:PM', 1, '2017-07-20 10:27:28'),
(75, '2017041197', 0, 409, 'nitin', '2017-07-20', '6:17:PM', 1, '2017-07-20 10:27:28'),
(76, '2017041198', 0, 409, 'nitin', '2017-07-20', '6:17:PM', 1, '2017-07-20 10:27:28'),
(77, '2017041199', 0, 409, 'nitin', '2017-07-20', '6:17:PM', 1, '2017-07-20 10:27:28'),
(78, '2017041200', 0, 409, 'nitin', '2017-07-20', '6:17:PM', 1, '2017-07-20 10:27:28'),
(79, '2017041201', 0, 409, 'nitin', '2017-07-20', '6:17:PM', 1, '2017-07-20 10:27:28');

-- --------------------------------------------------------

--
-- Table structure for table `exam_1_scholastic_items`
--

CREATE TABLE `exam_1_scholastic_items` (
  `itemID` int(10) NOT NULL,
  `item` varchar(200) CHARACTER SET utf8 NOT NULL,
  `maxMarks` int(3) NOT NULL
) ENGINE=InnoDB DEFAULT CHARSET=latin1;

--
-- Dumping data for table `exam_1_scholastic_items`
--

INSERT INTO `exam_1_scholastic_items` (`itemID`, `item`, `maxMarks`) VALUES
(1, 'Periodic Test', 20),
(3, 'Subject Enrichment', 5),
(6, 'Exam', 80),
(9, 'Notebook', 5),
(10, 'Monthly Test', 10);

-- --------------------------------------------------------

--
-- Table structure for table `exam_2_add_scholastic_to_class`
--

CREATE TABLE `exam_2_add_scholastic_to_class` (
  `ADDSCHCLASSID` int(15) NOT NULL,
  `CLSSESSID` int(15) NOT NULL,
  `SESSID` varchar(20) CHARACTER SET utf8 NOT NULL,
  `itemID` int(10) NOT NULL,
  `USERNAME_` varchar(40) CHARACTER SET utf8 NOT NULL,
  `DATE_` timestamp NULL DEFAULT CURRENT_TIMESTAMP
) ENGINE=InnoDB DEFAULT CHARSET=latin1;

--
-- Dumping data for table `exam_2_add_scholastic_to_class`
--

INSERT INTO `exam_2_add_scholastic_to_class` (`ADDSCHCLASSID`, `CLSSESSID`, `SESSID`, `itemID`, `USERNAME_`, `DATE_`) VALUES
(7, 391, '2017-18', 3, 'nitin', '2017-06-27 06:30:04'),
(8, 407, '2017-18', 6, 'nitin', '2017-06-27 06:40:30'),
(10, 423, '2017-18', 6, 'nitin', '2017-06-27 06:42:44'),
(11, 424, '2017-18', 6, 'nitin', '2017-06-27 06:42:44'),
(12, 391, '2017-18', 6, 'nitin', '2017-06-27 06:42:44'),
(13, 405, '2017-18', 6, 'nitin', '2017-06-27 06:42:44'),
(14, 406, '2017-18', 6, 'nitin', '2017-06-27 06:42:44'),
(15, 423, '2017-18', 3, 'nitin', '2017-06-27 12:19:41'),
(16, 422, '2017-18', 1, 'nitin', '2017-06-27 16:12:47'),
(17, 424, '2017-18', 3, 'nitin', '2017-07-20 10:28:42');

-- --------------------------------------------------------

--
-- Table structure for table `exam_3_coscholastic_items`
--

CREATE TABLE `exam_3_coscholastic_items` (
  `coitemID` int(10) NOT NULL,
  `coitem` varchar(200) CHARACTER SET utf8 NOT NULL
) ENGINE=InnoDB DEFAULT CHARSET=latin1;

--
-- Dumping data for table `exam_3_coscholastic_items`
--

INSERT INTO `exam_3_coscholastic_items` (`coitemID`, `coitem`) VALUES
(1, 'Physical Education'),
(5, 'WorkEducation'),
(6, 'Discipline');

-- --------------------------------------------------------

--
-- Table structure for table `exam_4_add_coscholastic_to_class`
--

CREATE TABLE `exam_4_add_coscholastic_to_class` (
  `ADDCOSCHCLASSID` int(15) NOT NULL,
  `CLSSESSID` int(15) NOT NULL,
  `SESSID` varchar(20) CHARACTER SET utf8 NOT NULL,
  `coitemID` int(10) NOT NULL,
  `USERNAME_` varchar(40) CHARACTER SET utf8 NOT NULL,
  `DATE_` timestamp NULL DEFAULT CURRENT_TIMESTAMP
) ENGINE=InnoDB DEFAULT CHARSET=latin1;

--
-- Dumping data for table `exam_4_add_coscholastic_to_class`
--

INSERT INTO `exam_4_add_coscholastic_to_class` (`ADDCOSCHCLASSID`, `CLSSESSID`, `SESSID`, `coitemID`, `USERNAME_`, `DATE_`) VALUES
(1, 422, '2017-18', 1, 'nitin', '2017-06-28 05:16:14'),
(2, 423, '2017-18', 1, 'nitin', '2017-06-28 05:16:14'),
(6, 422, '2017-18', 5, 'nitin', '2017-06-28 06:39:16'),
(7, 424, '2017-18', 5, 'nitin', '2017-06-28 06:39:16');

-- --------------------------------------------------------

--
-- Table structure for table `exam_5_term`
--

CREATE TABLE `exam_5_term` (
  `termID` int(10) NOT NULL,
  `termName` varchar(100) CHARACTER SET utf8 NOT NULL,
  `SESSID` varchar(20) CHARACTER SET utf8 NOT NULL
) ENGINE=InnoDB DEFAULT CHARSET=latin1;

--
-- Dumping data for table `exam_5_term`
--

INSERT INTO `exam_5_term` (`termID`, `termName`, `SESSID`) VALUES
(1, 'HALF-YEARLY', '2017-18'),
(2, 'FINAL', '2017-18');

-- --------------------------------------------------------

--
-- Table structure for table `exam_6_scholastic_result`
--

CREATE TABLE `exam_6_scholastic_result` (
  `schID` int(13) NOT NULL,
  `regid` varchar(25) CHARACTER SET utf8 NOT NULL,
  `CLSSESSID` int(15) NOT NULL,
  `ROLLNO` int(11) NOT NULL,
  `SESSID` varchar(20) CHARACTER SET utf8 NOT NULL,
  `subjectID` int(10) NOT NULL,
  `itemID` int(10) NOT NULL,
  `maxMarks` int(10) NOT NULL,
  `marks` int(10) NOT NULL,
  `termID` int(10) NOT NULL,
  `USERNAME_` varchar(50) CHARACTER SET utf8 NOT NULL,
  `DATE_` timestamp NULL DEFAULT CURRENT_TIMESTAMP
) ENGINE=InnoDB DEFAULT CHARSET=latin1;

--
-- Dumping data for table `exam_6_scholastic_result`
--

INSERT INTO `exam_6_scholastic_result` (`schID`, `regid`, `CLSSESSID`, `ROLLNO`, `SESSID`, `subjectID`, `itemID`, `maxMarks`, `marks`, `termID`, `USERNAME_`, `DATE_`) VALUES
(52, '2017041285', 422, 0, '2017-18', 19, 1, 20, 10, 1, 'nitin', '2017-07-02 05:37:57'),
(53, '2017041286', 422, 0, '2017-18', 19, 1, 20, 10, 1, 'nitin', '2017-07-02 05:37:57'),
(54, '2017041287', 422, 0, '2017-18', 19, 1, 20, 10, 1, 'nitin', '2017-07-02 05:37:57'),
(55, '2017041288', 422, 0, '2017-18', 19, 1, 20, 10, 1, 'nitin', '2017-07-02 05:37:57'),
(56, '2017041289', 422, 0, '2017-18', 19, 1, 20, 12, 1, 'nitin', '2017-07-02 05:37:57'),
(57, '2017041290', 422, 0, '2017-18', 19, 1, 20, 13, 1, 'nitin', '2017-07-02 05:37:58'),
(58, '2017041291', 422, 0, '2017-18', 19, 1, 20, 14, 1, 'nitin', '2017-07-02 05:37:58'),
(59, '2017041292', 422, 0, '2017-18', 19, 1, 20, 12, 1, 'nitin', '2017-07-02 05:37:58'),
(60, '2017041293', 422, 0, '2017-18', 19, 1, 20, 12, 1, 'nitin', '2017-07-02 05:37:58'),
(61, '2017041294', 422, 0, '2017-18', 19, 1, 20, 10, 1, 'nitin', '2017-07-02 05:37:58'),
(62, '2017041295', 422, 0, '2017-18', 19, 1, 20, 12, 1, 'nitin', '2017-07-02 05:37:58'),
(63, '2017041296', 422, 0, '2017-18', 19, 1, 20, 20, 1, 'nitin', '2017-07-02 05:37:58'),
(64, '2017041297', 422, 0, '2017-18', 19, 1, 20, 16, 1, 'nitin', '2017-07-02 05:37:58'),
(65, '2017041298', 422, 0, '2017-18', 19, 1, 20, 17, 1, 'nitin', '2017-07-02 05:37:58'),
(66, '2017041299', 422, 0, '2017-18', 19, 1, 20, 18, 1, 'nitin', '2017-07-02 05:37:58'),
(67, '2017041300', 422, 0, '2017-18', 19, 1, 20, 15, 1, 'nitin', '2017-07-02 05:37:58'),
(68, '2017041301', 422, 0, '2017-18', 19, 1, 20, 14, 1, 'nitin', '2017-07-02 05:37:58'),
(69, '2017041302', 422, 0, '2017-18', 19, 1, 20, 17, 1, 'nitin', '2017-07-02 05:37:58'),
(70, '2017041303', 422, 0, '2017-18', 19, 1, 20, 16, 1, 'nitin', '2017-07-02 05:37:58'),
(71, '2017041304', 422, 0, '2017-18', 19, 1, 20, 15, 1, 'nitin', '2017-07-02 05:37:58'),
(72, '2017041305', 422, 0, '2017-18', 19, 1, 20, 18, 1, 'nitin', '2017-07-02 05:37:58'),
(73, '2017041306', 422, 0, '2017-18', 19, 1, 20, 15, 1, 'nitin', '2017-07-02 05:37:58'),
(74, '2017041307', 422, 0, '2017-18', 19, 1, 20, 13, 1, 'nitin', '2017-07-02 05:37:58'),
(75, '2017041308', 422, 0, '2017-18', 19, 1, 20, 15, 1, 'nitin', '2017-07-02 05:37:58'),
(76, '2017041309', 422, 0, '2017-18', 19, 1, 20, 19, 1, 'nitin', '2017-07-02 05:37:58'),
(77, '2017041310', 422, 0, '2017-18', 19, 1, 20, 10, 1, 'nitin', '2017-07-02 05:37:58'),
(78, '2017041311', 422, 0, '2017-18', 19, 1, 20, 17, 1, 'nitin', '2017-07-02 05:37:58'),
(79, '2017041312', 422, 0, '2017-18', 19, 1, 20, 10, 1, 'nitin', '2017-07-02 05:37:58'),
(80, '2017041313', 422, 0, '2017-18', 19, 1, 20, 10, 1, 'nitin', '2017-07-02 05:37:58'),
(81, '2017041314', 422, 0, '2017-18', 19, 1, 20, 18, 1, 'nitin', '2017-07-02 05:37:58'),
(82, '2017041315', 422, 0, '2017-18', 19, 1, 20, 19, 1, 'nitin', '2017-07-02 05:37:58'),
(83, '2017041316', 422, 0, '2017-18', 19, 1, 20, 10, 1, 'nitin', '2017-07-02 05:37:58'),
(84, '2017041317', 422, 0, '2017-18', 19, 1, 20, 10, 1, 'nitin', '2017-07-02 05:37:58'),
(85, '2017041318', 422, 0, '2017-18', 19, 1, 20, 12, 1, 'nitin', '2017-07-02 05:37:59'),
(86, '2017041319', 422, 0, '2017-18', 19, 1, 20, 19, 1, 'nitin', '2017-07-02 05:37:59'),
(87, '2017041320', 422, 0, '2017-18', 19, 1, 20, 18, 1, 'nitin', '2017-07-02 05:37:59'),
(88, '2017041321', 422, 0, '2017-18', 19, 1, 20, 10, 1, 'nitin', '2017-07-02 05:37:59'),
(89, '2017041322', 422, 0, '2017-18', 19, 1, 20, 12, 1, 'nitin', '2017-07-02 05:37:59'),
(90, '2017041323', 422, 0, '2017-18', 19, 1, 20, 12, 1, 'nitin', '2017-07-02 05:37:59'),
(91, '2017041324', 422, 0, '2017-18', 19, 1, 20, 13, 1, 'nitin', '2017-07-02 05:37:59'),
(92, '2017041325', 422, 0, '2017-18', 19, 1, 20, 14, 1, 'nitin', '2017-07-02 05:37:59'),
(93, '2017041326', 422, 0, '2017-18', 19, 1, 20, 10, 1, 'nitin', '2017-07-02 05:37:59'),
(94, '2017041327', 422, 0, '2017-18', 19, 1, 20, 10, 1, 'nitin', '2017-07-02 05:37:59'),
(95, '2017041328', 422, 0, '2017-18', 19, 1, 20, 10, 1, 'nitin', '2017-07-02 05:37:59'),
(96, '2017041329', 422, 0, '2017-18', 19, 1, 20, 10, 1, 'nitin', '2017-07-02 05:37:59'),
(97, '2017041330', 422, 0, '2017-18', 19, 1, 20, 7, 1, 'nitin', '2017-07-02 05:37:59'),
(98, '2017041331', 422, 0, '2017-18', 19, 1, 20, 8, 1, 'nitin', '2017-07-02 05:37:59'),
(99, '2017041332', 422, 0, '2017-18', 19, 1, 20, 8, 1, 'nitin', '2017-07-02 05:37:59'),
(100, '2017041333', 422, 0, '2017-18', 19, 1, 20, 8, 1, 'nitin', '2017-07-02 05:37:59'),
(101, '2017041334', 422, 0, '2017-18', 19, 1, 20, 8, 1, 'nitin', '2017-07-02 05:37:59'),
(102, '2017041335', 422, 0, '2017-18', 19, 1, 20, 8, 1, 'nitin', '2017-07-02 05:37:59');

-- --------------------------------------------------------

--
-- Table structure for table `exam_7_coscholastic_result`
--

CREATE TABLE `exam_7_coscholastic_result` (
  `coschID` int(13) NOT NULL,
  `regid` varchar(25) CHARACTER SET utf8 NOT NULL,
  `CLSSESSID` int(15) NOT NULL,
  `ROLLNO` int(11) NOT NULL,
  `SESSID` varchar(20) CHARACTER SET utf8 NOT NULL,
  `coitemID` int(10) NOT NULL,
  `grade` char(1) CHARACTER SET utf8 NOT NULL,
  `termID` int(10) NOT NULL,
  `USERNAME_` varchar(50) CHARACTER SET utf8 NOT NULL,
  `DATE_` timestamp NULL DEFAULT CURRENT_TIMESTAMP
) ENGINE=InnoDB DEFAULT CHARSET=latin1;

--
-- Dumping data for table `exam_7_coscholastic_result`
--

INSERT INTO `exam_7_coscholastic_result` (`coschID`, `regid`, `CLSSESSID`, `ROLLNO`, `SESSID`, `coitemID`, `grade`, `termID`, `USERNAME_`, `DATE_`) VALUES
(1, '2017041336', 423, 0, '2017-18', 1, 'A', 1, 'nitin', '2017-07-02 04:10:00'),
(2, '2017041337', 423, 0, '2017-18', 1, 'A', 1, 'nitin', '2017-07-02 04:10:00'),
(3, '2017041338', 423, 0, '2017-18', 1, 'A', 1, 'nitin', '2017-07-02 04:10:00'),
(4, '2017041339', 423, 0, '2017-18', 1, 'A', 1, 'nitin', '2017-07-02 04:10:00'),
(5, '2017041340', 423, 0, '2017-18', 1, 'A', 1, 'nitin', '2017-07-02 04:10:00'),
(6, '2017041341', 423, 0, '2017-18', 1, 'A', 1, 'nitin', '2017-07-02 04:10:00'),
(7, '2017041342', 423, 0, '2017-18', 1, 'A', 1, 'nitin', '2017-07-02 04:10:00'),
(8, '2017041343', 423, 0, '2017-18', 1, 'A', 1, 'nitin', '2017-07-02 04:10:00'),
(9, '2017041344', 423, 0, '2017-18', 1, 'A', 1, 'nitin', '2017-07-02 04:10:00'),
(10, '2017041345', 423, 0, '2017-18', 1, 'A', 1, 'nitin', '2017-07-02 04:10:00'),
(11, '2017041346', 423, 0, '2017-18', 1, 'A', 1, 'nitin', '2017-07-02 04:10:00'),
(12, '2017041347', 423, 0, '2017-18', 1, 'A', 1, 'nitin', '2017-07-02 04:10:00'),
(13, '2017041348', 423, 0, '2017-18', 1, 'A', 1, 'nitin', '2017-07-02 04:10:00'),
(14, '2017041349', 423, 0, '2017-18', 1, 'A', 1, 'nitin', '2017-07-02 04:10:00'),
(15, '2017041350', 423, 0, '2017-18', 1, 'A', 1, 'nitin', '2017-07-02 04:10:00'),
(16, '2017041351', 423, 0, '2017-18', 1, 'A', 1, 'nitin', '2017-07-02 04:10:00'),
(17, '2017041352', 423, 0, '2017-18', 1, 'A', 1, 'nitin', '2017-07-02 04:10:00'),
(18, '2017041353', 423, 0, '2017-18', 1, 'A', 1, 'nitin', '2017-07-02 04:10:00'),
(19, '2017041354', 423, 0, '2017-18', 1, 'A', 1, 'nitin', '2017-07-02 04:10:01'),
(20, '2017041355', 423, 0, '2017-18', 1, 'A', 1, 'nitin', '2017-07-02 04:10:01'),
(21, '2017041356', 423, 0, '2017-18', 1, 'A', 1, 'nitin', '2017-07-02 04:10:01'),
(22, '2017041357', 423, 0, '2017-18', 1, 'A', 1, 'nitin', '2017-07-02 04:10:01'),
(23, '2017041358', 423, 0, '2017-18', 1, 'A', 1, 'nitin', '2017-07-02 04:10:01'),
(24, '2017041359', 423, 0, '2017-18', 1, 'A', 1, 'nitin', '2017-07-02 04:10:01'),
(25, '2017041360', 423, 0, '2017-18', 1, 'A', 1, 'nitin', '2017-07-02 04:10:01'),
(26, '2017041361', 423, 0, '2017-18', 1, 'A', 1, 'nitin', '2017-07-02 04:10:01'),
(27, '2017041362', 423, 0, '2017-18', 1, 'A', 1, 'nitin', '2017-07-02 04:10:01'),
(28, '2017041363', 423, 0, '2017-18', 1, 'A', 1, 'nitin', '2017-07-02 04:10:01'),
(29, '2017041364', 423, 0, '2017-18', 1, 'A', 1, 'nitin', '2017-07-02 04:10:01'),
(30, '2017041365', 423, 0, '2017-18', 1, 'A', 1, 'nitin', '2017-07-02 04:10:01'),
(31, '2017041366', 423, 0, '2017-18', 1, 'A', 1, 'nitin', '2017-07-02 04:10:01'),
(32, '2017041367', 423, 0, '2017-18', 1, 'A', 1, 'nitin', '2017-07-02 04:10:01'),
(33, '2017041368', 423, 0, '2017-18', 1, 'A', 1, 'nitin', '2017-07-02 04:10:01'),
(34, '2017041369', 423, 0, '2017-18', 1, 'A', 1, 'nitin', '2017-07-02 04:10:01'),
(35, '2017041370', 423, 0, '2017-18', 1, 'A', 1, 'nitin', '2017-07-02 04:10:01'),
(36, '2017041371', 423, 0, '2017-18', 1, 'A', 1, 'nitin', '2017-07-02 04:10:01'),
(37, '2017041372', 423, 0, '2017-18', 1, 'A', 1, 'nitin', '2017-07-02 04:10:01'),
(38, '2017041373', 423, 0, '2017-18', 1, 'A', 1, 'nitin', '2017-07-02 04:10:01'),
(39, '2017041374', 423, 0, '2017-18', 1, 'A', 1, 'nitin', '2017-07-02 04:10:01'),
(40, '2017041375', 423, 0, '2017-18', 1, 'A', 1, 'nitin', '2017-07-02 04:10:01'),
(41, '2017041376', 423, 0, '2017-18', 1, 'A', 1, 'nitin', '2017-07-02 04:10:01'),
(42, '2017041377', 423, 0, '2017-18', 1, 'A', 1, 'nitin', '2017-07-02 04:10:01'),
(43, '2017041378', 423, 0, '2017-18', 1, 'A', 1, 'nitin', '2017-07-02 04:10:01'),
(44, '2017041379', 423, 0, '2017-18', 1, 'A', 1, 'nitin', '2017-07-02 04:10:01'),
(45, '2017041380', 423, 0, '2017-18', 1, 'A', 1, 'nitin', '2017-07-02 04:10:02'),
(46, '2017041381', 423, 0, '2017-18', 1, 'A', 1, 'nitin', '2017-07-02 04:10:02'),
(47, '2017041382', 423, 0, '2017-18', 1, 'A', 1, 'nitin', '2017-07-02 04:10:02'),
(48, '2017041383', 423, 0, '2017-18', 1, 'A', 1, 'nitin', '2017-07-02 04:10:02'),
(49, '2017041285', 422, 0, '2017-18', 5, 'A', 1, 'nitin', '2017-07-02 04:10:49'),
(50, '2017041286', 422, 0, '2017-18', 5, 'B', 1, 'nitin', '2017-07-02 04:10:49'),
(51, '2017041287', 422, 0, '2017-18', 5, 'B', 1, 'nitin', '2017-07-02 04:10:49'),
(52, '2017041288', 422, 0, '2017-18', 5, 'B', 1, 'nitin', '2017-07-02 04:10:49'),
(53, '2017041289', 422, 0, '2017-18', 5, 'B', 1, 'nitin', '2017-07-02 04:10:49'),
(54, '2017041290', 422, 0, '2017-18', 5, 'B', 1, 'nitin', '2017-07-02 04:10:49'),
(55, '2017041291', 422, 0, '2017-18', 5, 'B', 1, 'nitin', '2017-07-02 04:10:49'),
(56, '2017041292', 422, 0, '2017-18', 5, 'B', 1, 'nitin', '2017-07-02 04:10:49'),
(57, '2017041293', 422, 0, '2017-18', 5, 'B', 1, 'nitin', '2017-07-02 04:10:49'),
(58, '2017041294', 422, 0, '2017-18', 5, 'B', 1, 'nitin', '2017-07-02 04:10:49'),
(59, '2017041295', 422, 0, '2017-18', 5, 'B', 1, 'nitin', '2017-07-02 04:10:49'),
(60, '2017041296', 422, 0, '2017-18', 5, 'B', 1, 'nitin', '2017-07-02 04:10:49'),
(61, '2017041297', 422, 0, '2017-18', 5, 'B', 1, 'nitin', '2017-07-02 04:10:49'),
(62, '2017041298', 422, 0, '2017-18', 5, 'B', 1, 'nitin', '2017-07-02 04:10:49'),
(63, '2017041299', 422, 0, '2017-18', 5, 'C', 1, 'nitin', '2017-07-02 04:10:49'),
(64, '2017041300', 422, 0, '2017-18', 5, 'C', 1, 'nitin', '2017-07-02 04:10:49'),
(65, '2017041301', 422, 0, '2017-18', 5, 'C', 1, 'nitin', '2017-07-02 04:10:49'),
(66, '2017041302', 422, 0, '2017-18', 5, 'C', 1, 'nitin', '2017-07-02 04:10:50'),
(67, '2017041303', 422, 0, '2017-18', 5, 'C', 1, 'nitin', '2017-07-02 04:10:50'),
(68, '2017041304', 422, 0, '2017-18', 5, 'C', 1, 'nitin', '2017-07-02 04:10:50'),
(69, '2017041305', 422, 0, '2017-18', 5, 'C', 1, 'nitin', '2017-07-02 04:10:50'),
(70, '2017041306', 422, 0, '2017-18', 5, 'C', 1, 'nitin', '2017-07-02 04:10:50'),
(71, '2017041307', 422, 0, '2017-18', 5, 'C', 1, 'nitin', '2017-07-02 04:10:50'),
(72, '2017041308', 422, 0, '2017-18', 5, 'C', 1, 'nitin', '2017-07-02 04:10:50'),
(73, '2017041309', 422, 0, '2017-18', 5, 'C', 1, 'nitin', '2017-07-02 04:10:50'),
(74, '2017041310', 422, 0, '2017-18', 5, 'C', 1, 'nitin', '2017-07-02 04:10:50'),
(75, '2017041311', 422, 0, '2017-18', 5, 'A', 1, 'nitin', '2017-07-02 04:10:50'),
(76, '2017041312', 422, 0, '2017-18', 5, 'A', 1, 'nitin', '2017-07-02 04:10:50'),
(77, '2017041313', 422, 0, '2017-18', 5, 'A', 1, 'nitin', '2017-07-02 04:10:50'),
(78, '2017041314', 422, 0, '2017-18', 5, 'A', 1, 'nitin', '2017-07-02 04:10:50'),
(79, '2017041315', 422, 0, '2017-18', 5, 'A', 1, 'nitin', '2017-07-02 04:10:50'),
(80, '2017041316', 422, 0, '2017-18', 5, 'A', 1, 'nitin', '2017-07-02 04:10:50'),
(81, '2017041317', 422, 0, '2017-18', 5, 'A', 1, 'nitin', '2017-07-02 04:10:50'),
(82, '2017041318', 422, 0, '2017-18', 5, 'A', 1, 'nitin', '2017-07-02 04:10:50'),
(83, '2017041319', 422, 0, '2017-18', 5, 'A', 1, 'nitin', '2017-07-02 04:10:50'),
(84, '2017041320', 422, 0, '2017-18', 5, 'A', 1, 'nitin', '2017-07-02 04:10:50'),
(85, '2017041321', 422, 0, '2017-18', 5, 'A', 1, 'nitin', '2017-07-02 04:10:50'),
(86, '2017041322', 422, 0, '2017-18', 5, 'B', 1, 'nitin', '2017-07-02 04:10:50'),
(87, '2017041323', 422, 0, '2017-18', 5, 'B', 1, 'nitin', '2017-07-02 04:10:50'),
(88, '2017041324', 422, 0, '2017-18', 5, 'B', 1, 'nitin', '2017-07-02 04:10:50'),
(89, '2017041325', 422, 0, '2017-18', 5, 'B', 1, 'nitin', '2017-07-02 04:10:50'),
(90, '2017041326', 422, 0, '2017-18', 5, 'B', 1, 'nitin', '2017-07-02 04:10:50'),
(91, '2017041327', 422, 0, '2017-18', 5, 'B', 1, 'nitin', '2017-07-02 04:10:50'),
(92, '2017041328', 422, 0, '2017-18', 5, 'B', 1, 'nitin', '2017-07-02 04:10:50'),
(93, '2017041329', 422, 0, '2017-18', 5, 'B', 1, 'nitin', '2017-07-02 04:10:50'),
(94, '2017041330', 422, 0, '2017-18', 5, 'B', 1, 'nitin', '2017-07-02 04:10:51'),
(95, '2017041331', 422, 0, '2017-18', 5, 'B', 1, 'nitin', '2017-07-02 04:10:51'),
(96, '2017041332', 422, 0, '2017-18', 5, 'C', 1, 'nitin', '2017-07-02 04:10:51'),
(97, '2017041333', 422, 0, '2017-18', 5, 'C', 1, 'nitin', '2017-07-02 04:10:51'),
(98, '2017041334', 422, 0, '2017-18', 5, 'C', 1, 'nitin', '2017-07-02 04:10:51'),
(99, '2017041335', 422, 0, '2017-18', 5, 'C', 1, 'nitin', '2017-07-02 04:10:51');

-- --------------------------------------------------------

--
-- Table structure for table `exam_8_result_subject_total`
--

CREATE TABLE `exam_8_result_subject_total` (
  `resultsubtotalID` int(13) NOT NULL,
  `regid` varchar(25) CHARACTER SET utf8 NOT NULL,
  `CLSSESSID` int(15) NOT NULL,
  `ROLLNO` int(11) NOT NULL,
  `SESSID` varchar(20) CHARACTER SET utf8 NOT NULL,
  `subjectID` int(10) NOT NULL,
  `totalMarks` int(10) NOT NULL,
  `grade` varchar(10) CHARACTER SET utf8 NOT NULL,
  `termID` int(10) NOT NULL,
  `USERNAME_` varchar(50) CHARACTER SET utf8 NOT NULL,
  `DATE_` timestamp NULL DEFAULT CURRENT_TIMESTAMP
) ENGINE=InnoDB DEFAULT CHARSET=latin1;

-- --------------------------------------------------------

--
-- Table structure for table `exam_9_result_remarks`
--

CREATE TABLE `exam_9_result_remarks` (
  `resultsubtotalID` int(13) NOT NULL,
  `regid` varchar(25) CHARACTER SET utf8 NOT NULL,
  `CLSSESSID` int(15) NOT NULL,
  `ROLLNO` int(11) NOT NULL,
  `SESSID` varchar(20) CHARACTER SET utf8 NOT NULL,
  `teacherRemark` varchar(500) CHARACTER SET utf8 NOT NULL,
  `promotedClass` varchar(10) CHARACTER SET utf8 NOT NULL,
  `termID` int(10) NOT NULL,
  `USERNAME_` varchar(50) CHARACTER SET utf8 NOT NULL,
  `DATE_` timestamp NULL DEFAULT CURRENT_TIMESTAMP
) ENGINE=InnoDB DEFAULT CHARSET=latin1;

-- --------------------------------------------------------

--
-- Table structure for table `fee_0_duration`
--

CREATE TABLE `fee_0_duration` (
  `DURATION` varchar(2) NOT NULL,
  `ITEM` varchar(25) NOT NULL,
  `DATE_` timestamp NOT NULL DEFAULT CURRENT_TIMESTAMP
) ENGINE=InnoDB DEFAULT CHARSET=utf8;

--
-- Dumping data for table `fee_0_duration`
--

INSERT INTO `fee_0_duration` (`DURATION`, `ITEM`, `DATE_`) VALUES
('1', 'One time', '2017-10-22 05:54:43'),
('n', 'As per selected months', '2017-10-22 05:54:43');

-- --------------------------------------------------------

--
-- Table structure for table `fee_1_type`
--

CREATE TABLE `fee_1_type` (
  `FEETYPEID` int(15) NOT NULL,
  `TYPE_` varchar(100) NOT NULL,
  `USERNAME` varchar(100) NOT NULL,
  `DATE_` timestamp NOT NULL DEFAULT CURRENT_TIMESTAMP
) ENGINE=InnoDB DEFAULT CHARSET=utf8;

-- --------------------------------------------------------

--
-- Table structure for table `fee_2`
--

CREATE TABLE `fee_2` (
  `feeID` int(11) NOT NULL,
  `regID` varchar(25) NOT NULL,
  `date` varchar(20) NOT NULL,
  `Amount` int(11) NOT NULL,
  `username` varchar(100) NOT NULL,
  `feetype` varchar(20) NOT NULL,
  `feemode` varchar(20) NOT NULL,
  `bankname` varchar(50) NOT NULL,
  `dd_ch_no` varchar(20) NOT NULL,
  `dd_ch_date` varchar(20) NOT NULL,
  `DOE_` timestamp NOT NULL DEFAULT CURRENT_TIMESTAMP,
  `SESSIONID` varchar(20) NOT NULL
) ENGINE=InnoDB DEFAULT CHARSET=utf8;

--
-- Dumping data for table `fee_2`
--

INSERT INTO `fee_2` (`feeID`, `regID`, `date`, `Amount`, `username`, `feetype`, `feemode`, `bankname`, `dd_ch_no`, `dd_ch_date`, `DOE_`, `SESSIONID`) VALUES
(1, '2017041001', '2017-04-29', 1000, 'nitin', 'Registration', 'Cash', 'x', 'x', 'x', '2017-04-29 10:43:00', '2017-18'),
(2, '2017041002', '2017-04-29', 1000, 'nitin', 'Registration', 'Cash', 'x', 'x', 'x', '2017-04-29 10:43:00', '2017-18'),
(3, '2017041003', '2017-04-29', 1000, 'nitin', 'Registration', 'Cash', 'x', 'x', 'x', '2017-04-29 10:43:00', '2017-18'),
(4, '2017041004', '2017-04-29', 1000, 'nitin', 'Registration', 'Cash', 'x', 'x', 'x', '2017-04-29 10:43:00', '2017-18'),
(5, '2017041005', '2017-04-29', 1000, 'nitin', 'Registration', 'Cash', 'x', 'x', 'x', '2017-04-29 10:43:00', '2017-18'),
(6, '2017041006', '2017-04-29', 1000, 'nitin', 'Registration', 'Cash', 'x', 'x', 'x', '2017-04-29 10:43:00', '2017-18'),
(7, '2017041007', '2017-04-29', 1000, 'nitin', 'Registration', 'Cash', 'x', 'x', 'x', '2017-04-29 10:43:00', '2017-18'),
(8, '2017041008', '2017-04-29', 1000, 'nitin', 'Registration', 'Cash', 'x', 'x', 'x', '2017-04-29 10:43:00', '2017-18'),
(9, '2017041009', '2017-04-29', 1000, 'nitin', 'Registration', 'Cash', 'x', 'x', 'x', '2017-04-29 10:43:00', '2017-18'),
(10, '2017041010', '2017-04-29', 1000, 'nitin', 'Registration', 'Cash', 'x', 'x', 'x', '2017-04-29 10:43:00', '2017-18'),
(11, '2017041011', '2017-04-29', 1000, 'nitin', 'Registration', 'Cash', 'x', 'x', 'x', '2017-04-29 10:43:00', '2017-18'),
(12, '2017041012', '2017-04-29', 1000, 'nitin', 'Registration', 'Cash', 'x', 'x', 'x', '2017-04-29 10:43:00', '2017-18'),
(13, '2017041013', '2017-04-29', 1000, 'nitin', 'Registration', 'Cash', 'x', 'x', 'x', '2017-04-29 10:43:00', '2017-18'),
(14, '2017041014', '2017-04-29', 1000, 'nitin', 'Registration', 'Cash', 'x', 'x', 'x', '2017-04-29 10:43:00', '2017-18'),
(15, '2017041015', '2017-04-29', 1000, 'nitin', 'Registration', 'Cash', 'x', 'x', 'x', '2017-04-29 10:43:00', '2017-18'),
(16, '2017041016', '2017-04-29', 1000, 'nitin', 'Registration', 'Cash', 'x', 'x', 'x', '2017-04-29 10:43:00', '2017-18'),
(17, '2017041017', '2017-04-29', 1000, 'nitin', 'Registration', 'Cash', 'x', 'x', 'x', '2017-04-29 10:43:00', '2017-18'),
(18, '2017041018', '2017-04-29', 1000, 'nitin', 'Registration', 'Cash', 'x', 'x', 'x', '2017-04-29 10:43:00', '2017-18'),
(19, '2017041019', '2017-04-29', 1000, 'nitin', 'Registration', 'Cash', 'x', 'x', 'x', '2017-04-29 10:43:00', '2017-18'),
(20, '2017041020', '2017-04-29', 1000, 'nitin', 'Registration', 'Cash', 'x', 'x', 'x', '2017-04-29 10:43:00', '2017-18'),
(21, '2017041021', '2017-04-29', 1000, 'nitin', 'Registration', 'Cash', 'x', 'x', 'x', '2017-04-29 10:43:00', '2017-18'),
(22, '2017041022', '2017-04-29', 1000, 'nitin', 'Registration', 'Cash', 'x', 'x', 'x', '2017-04-29 10:43:00', '2017-18'),
(23, '2017041023', '2017-04-29', 1000, 'nitin', 'Registration', 'Cash', 'x', 'x', 'x', '2017-04-29 10:43:00', '2017-18'),
(24, '2017041024', '2017-04-29', 1000, 'nitin', 'Registration', 'Cash', 'x', 'x', 'x', '2017-04-29 10:43:00', '2017-18'),
(25, '2017041025', '2017-04-29', 1000, 'nitin', 'Registration', 'Cash', 'x', 'x', 'x', '2017-04-29 10:43:00', '2017-18'),
(26, '2017041026', '2017-04-29', 1000, 'nitin', 'Registration', 'Cash', 'x', 'x', 'x', '2017-04-29 10:43:00', '2017-18'),
(27, '2017041027', '2017-04-29', 1000, 'nitin', 'Registration', 'Cash', 'x', 'x', 'x', '2017-04-29 10:43:00', '2017-18'),
(28, '2017041028', '2017-04-29', 1000, 'nitin', 'Registration', 'Cash', 'x', 'x', 'x', '2017-04-29 10:43:00', '2017-18'),
(29, '2017041029', '2017-04-29', 1000, 'nitin', 'Registration', 'Cash', 'x', 'x', 'x', '2017-04-29 10:43:00', '2017-18'),
(30, '2017041030', '2017-04-29', 1000, 'nitin', 'Registration', 'Cash', 'x', 'x', 'x', '2017-04-29 10:43:00', '2017-18'),
(31, '2017041031', '2017-04-29', 1000, 'nitin', 'Registration', 'Cash', 'x', 'x', 'x', '2017-04-29 10:43:00', '2017-18'),
(32, '2017041032', '2017-04-29', 1000, 'nitin', 'Registration', 'Cash', 'x', 'x', 'x', '2017-04-29 10:43:00', '2017-18'),
(33, '2017041033', '2017-04-29', 1000, 'nitin', 'Registration', 'Cash', 'x', 'x', 'x', '2017-04-29 10:43:00', '2017-18'),
(34, '2017041034', '2017-04-29', 1000, 'nitin', 'Registration', 'Cash', 'x', 'x', 'x', '2017-04-29 10:43:00', '2017-18'),
(35, '2017041035', '2017-04-29', 1000, 'nitin', 'Registration', 'Cash', 'x', 'x', 'x', '2017-04-29 10:43:00', '2017-18'),
(36, '2017041036', '2017-04-29', 1000, 'nitin', 'Registration', 'Cash', 'x', 'x', 'x', '2017-04-29 10:43:00', '2017-18'),
(37, '2017041037', '2017-04-29', 1000, 'nitin', 'Registration', 'Cash', 'x', 'x', 'x', '2017-04-29 10:43:00', '2017-18'),
(38, '2017041038', '2017-04-29', 1000, 'nitin', 'Registration', 'Cash', 'x', 'x', 'x', '2017-04-29 10:43:00', '2017-18'),
(39, '2017041039', '2017-04-29', 1000, 'nitin', 'Registration', 'Cash', 'x', 'x', 'x', '2017-04-29 10:43:00', '2017-18'),
(40, '2017041040', '2017-04-29', 1000, 'nitin', 'Registration', 'Cash', 'x', 'x', 'x', '2017-04-29 10:43:00', '2017-18'),
(41, '2017041041', '2017-04-29', 1000, 'nitin', 'Registration', 'Cash', 'x', 'x', 'x', '2017-04-29 10:43:00', '2017-18'),
(42, '2017041042', '2017-04-29', 1000, 'nitin', 'Registration', 'Cash', 'x', 'x', 'x', '2017-04-29 10:43:00', '2017-18'),
(43, '2017041043', '2017-04-29', 1000, 'nitin', 'Registration', 'Cash', 'x', 'x', 'x', '2017-04-29 10:43:00', '2017-18'),
(44, '2017041044', '2017-04-29', 1000, 'nitin', 'Registration', 'Cash', 'x', 'x', 'x', '2017-04-29 10:43:00', '2017-18'),
(45, '2017041045', '2017-04-29', 1000, 'nitin', 'Registration', 'Cash', 'x', 'x', 'x', '2017-04-29 10:43:00', '2017-18'),
(46, '2017041046', '2017-04-29', 1000, 'nitin', 'Registration', 'Cash', 'x', 'x', 'x', '2017-04-29 10:43:00', '2017-18'),
(47, '2017041047', '2017-04-29', 1000, 'nitin', 'Registration', 'Cash', 'x', 'x', 'x', '2017-04-29 10:43:00', '2017-18'),
(48, '2017041048', '2017-04-29', 1000, 'nitin', 'Registration', 'Cash', 'x', 'x', 'x', '2017-04-29 10:43:00', '2017-18'),
(49, '2017041049', '2017-04-29', 1000, 'nitin', 'Registration', 'Cash', 'x', 'x', 'x', '2017-04-29 10:43:00', '2017-18'),
(50, '2017041050', '2017-04-29', 1000, 'nitin', 'Registration', 'Cash', 'x', 'x', 'x', '2017-04-29 10:43:00', '2017-18'),
(51, '2017041051', '2017-04-29', 1000, 'nitin', 'Registration', 'Cash', 'x', 'x', 'x', '2017-04-29 10:43:00', '2017-18'),
(52, '2017041052', '2017-04-29', 1000, 'nitin', 'Registration', 'Cash', 'x', 'x', 'x', '2017-04-29 10:43:00', '2017-18'),
(53, '2017041053', '2017-04-29', 1000, 'nitin', 'Registration', 'Cash', 'x', 'x', 'x', '2017-04-29 10:43:00', '2017-18'),
(54, '2017041054', '2017-04-29', 1000, 'nitin', 'Registration', 'Cash', 'x', 'x', 'x', '2017-04-29 10:43:00', '2017-18'),
(55, '2017041055', '2017-04-29', 1000, 'nitin', 'Registration', 'Cash', 'x', 'x', 'x', '2017-04-29 10:43:00', '2017-18'),
(56, '2017041056', '2017-04-29', 1000, 'nitin', 'Registration', 'Cash', 'x', 'x', 'x', '2017-04-29 10:43:00', '2017-18'),
(57, '2017041057', '2017-04-29', 1000, 'nitin', 'Registration', 'Cash', 'x', 'x', 'x', '2017-04-29 10:43:00', '2017-18'),
(58, '2017041058', '2017-04-29', 1000, 'nitin', 'Registration', 'Cash', 'x', 'x', 'x', '2017-04-29 10:43:00', '2017-18'),
(59, '2017041059', '2017-04-29', 1000, 'nitin', 'Registration', 'Cash', 'x', 'x', 'x', '2017-04-29 10:43:00', '2017-18'),
(60, '2017041060', '2017-04-29', 1000, 'nitin', 'Registration', 'Cash', 'x', 'x', 'x', '2017-04-29 10:43:00', '2017-18'),
(61, '2017041061', '2017-04-29', 1000, 'nitin', 'Registration', 'Cash', 'x', 'x', 'x', '2017-04-29 10:43:00', '2017-18'),
(62, '2017041062', '2017-04-29', 1000, 'nitin', 'Registration', 'Cash', 'x', 'x', 'x', '2017-04-29 10:43:00', '2017-18'),
(63, '2017041063', '2017-04-29', 1000, 'nitin', 'Registration', 'Cash', 'x', 'x', 'x', '2017-04-29 10:43:00', '2017-18'),
(64, '2017041064', '2017-04-29', 1000, 'nitin', 'Registration', 'Cash', 'x', 'x', 'x', '2017-04-29 10:43:00', '2017-18'),
(65, '2017041065', '2017-04-29', 1000, 'nitin', 'Registration', 'Cash', 'x', 'x', 'x', '2017-04-29 10:43:00', '2017-18'),
(66, '2017041066', '2017-04-29', 1000, 'nitin', 'Registration', 'Cash', 'x', 'x', 'x', '2017-04-29 10:43:00', '2017-18'),
(67, '2017041067', '2017-04-29', 1000, 'nitin', 'Registration', 'Cash', 'x', 'x', 'x', '2017-04-29 10:43:00', '2017-18'),
(68, '2017041068', '2017-04-29', 1000, 'nitin', 'Registration', 'Cash', 'x', 'x', 'x', '2017-04-29 10:43:00', '2017-18'),
(69, '2017041069', '2017-04-29', 1000, 'nitin', 'Registration', 'Cash', 'x', 'x', 'x', '2017-04-29 10:43:00', '2017-18'),
(70, '2017041070', '2017-04-29', 1000, 'nitin', 'Registration', 'Cash', 'x', 'x', 'x', '2017-04-29 10:43:00', '2017-18'),
(71, '2017041071', '2017-04-29', 1000, 'nitin', 'Registration', 'Cash', 'x', 'x', 'x', '2017-04-29 10:43:00', '2017-18'),
(72, '2017041072', '2017-04-29', 1000, 'nitin', 'Registration', 'Cash', 'x', 'x', 'x', '2017-04-29 10:43:00', '2017-18'),
(73, '2017041073', '2017-04-29', 1000, 'nitin', 'Registration', 'Cash', 'x', 'x', 'x', '2017-04-29 10:43:00', '2017-18'),
(74, '2017041074', '2017-04-29', 1000, 'nitin', 'Registration', 'Cash', 'x', 'x', 'x', '2017-04-29 10:43:00', '2017-18'),
(75, '2017041075', '2017-04-29', 1000, 'nitin', 'Registration', 'Cash', 'x', 'x', 'x', '2017-04-29 10:43:00', '2017-18'),
(76, '2017041076', '2017-04-29', 1000, 'nitin', 'Registration', 'Cash', 'x', 'x', 'x', '2017-04-29 10:43:00', '2017-18'),
(77, '2017041077', '2017-04-29', 1000, 'nitin', 'Registration', 'Cash', 'x', 'x', 'x', '2017-04-29 10:43:00', '2017-18'),
(78, '2017041078', '2017-04-29', 1000, 'nitin', 'Registration', 'Cash', 'x', 'x', 'x', '2017-04-29 10:43:00', '2017-18'),
(79, '2017041079', '2017-04-29', 1000, 'nitin', 'Registration', 'Cash', 'x', 'x', 'x', '2017-04-29 10:43:00', '2017-18'),
(80, '2017041080', '2017-04-29', 1000, 'nitin', 'Registration', 'Cash', 'x', 'x', 'x', '2017-04-29 10:43:00', '2017-18'),
(81, '2017041081', '2017-04-29', 1000, 'nitin', 'Registration', 'Cash', 'x', 'x', 'x', '2017-04-29 10:43:00', '2017-18'),
(82, '2017041082', '2017-04-29', 1000, 'nitin', 'Registration', 'Cash', 'x', 'x', 'x', '2017-04-29 10:43:00', '2017-18'),
(83, '2017041083', '2017-04-29', 1000, 'nitin', 'Registration', 'Cash', 'x', 'x', 'x', '2017-04-29 10:43:00', '2017-18'),
(84, '2017041084', '2017-04-29', 1000, 'nitin', 'Registration', 'Cash', 'x', 'x', 'x', '2017-04-29 10:43:00', '2017-18'),
(85, '2017041085', '2017-04-29', 1000, 'nitin', 'Registration', 'Cash', 'x', 'x', 'x', '2017-04-29 10:43:00', '2017-18'),
(86, '2017041086', '2017-04-29', 1000, 'nitin', 'Registration', 'Cash', 'x', 'x', 'x', '2017-04-29 10:43:00', '2017-18'),
(87, '2017041087', '2017-04-29', 1000, 'nitin', 'Registration', 'Cash', 'x', 'x', 'x', '2017-04-29 10:43:00', '2017-18'),
(88, '2017041088', '2017-04-29', 1000, 'nitin', 'Registration', 'Cash', 'x', 'x', 'x', '2017-04-29 10:43:00', '2017-18'),
(89, '2017041089', '2017-04-29', 1000, 'nitin', 'Registration', 'Cash', 'x', 'x', 'x', '2017-04-29 10:43:00', '2017-18'),
(90, '2017041090', '2017-04-29', 1000, 'nitin', 'Registration', 'Cash', 'x', 'x', 'x', '2017-04-29 10:43:00', '2017-18'),
(91, '2017041091', '2017-04-29', 1000, 'nitin', 'Registration', 'Cash', 'x', 'x', 'x', '2017-04-29 10:43:00', '2017-18'),
(92, '2017041092', '2017-04-29', 1000, 'nitin', 'Registration', 'Cash', 'x', 'x', 'x', '2017-04-29 10:43:00', '2017-18'),
(93, '2017041093', '2017-04-29', 1000, 'nitin', 'Registration', 'Cash', 'x', 'x', 'x', '2017-04-29 10:43:00', '2017-18'),
(94, '2017041094', '2017-04-29', 1000, 'nitin', 'Registration', 'Cash', 'x', 'x', 'x', '2017-04-29 10:43:00', '2017-18'),
(95, '2017041095', '2017-04-29', 1000, 'nitin', 'Registration', 'Cash', 'x', 'x', 'x', '2017-04-29 10:43:00', '2017-18'),
(96, '2017041096', '2017-04-29', 1000, 'nitin', 'Registration', 'Cash', 'x', 'x', 'x', '2017-04-29 10:43:00', '2017-18'),
(97, '2017041097', '2017-04-29', 1000, 'nitin', 'Registration', 'Cash', 'x', 'x', 'x', '2017-04-29 10:43:00', '2017-18'),
(98, '2017041098', '2017-04-29', 1000, 'nitin', 'Registration', 'Cash', 'x', 'x', 'x', '2017-04-29 10:43:00', '2017-18'),
(99, '2017041099', '2017-04-29', 1000, 'nitin', 'Registration', 'Cash', 'x', 'x', 'x', '2017-04-29 10:43:00', '2017-18'),
(100, '2017041100', '2017-04-29', 1000, 'nitin', 'Registration', 'Cash', 'x', 'x', 'x', '2017-04-29 10:43:00', '2017-18'),
(101, '2017041101', '2017-04-29', 1000, 'nitin', 'Registration', 'Cash', 'x', 'x', 'x', '2017-04-29 10:43:00', '2017-18'),
(102, '2017041102', '2017-04-29', 1000, 'nitin', 'Registration', 'Cash', 'x', 'x', 'x', '2017-04-29 10:43:00', '2017-18'),
(103, '2017041103', '2017-04-29', 1000, 'nitin', 'Registration', 'Cash', 'x', 'x', 'x', '2017-04-29 10:43:00', '2017-18'),
(104, '2017041104', '2017-04-29', 1000, 'nitin', 'Registration', 'Cash', 'x', 'x', 'x', '2017-04-29 10:43:00', '2017-18'),
(105, '2017041105', '2017-04-29', 1000, 'nitin', 'Registration', 'Cash', 'x', 'x', 'x', '2017-04-29 10:43:00', '2017-18'),
(106, '2017041106', '2017-04-29', 1000, 'nitin', 'Registration', 'Cash', 'x', 'x', 'x', '2017-04-29 10:43:00', '2017-18'),
(107, '2017041107', '2017-04-29', 1000, 'nitin', 'Registration', 'Cash', 'x', 'x', 'x', '2017-04-29 10:43:00', '2017-18'),
(108, '2017041108', '2017-04-29', 1000, 'nitin', 'Registration', 'Cash', 'x', 'x', 'x', '2017-04-29 10:43:00', '2017-18'),
(109, '2017041109', '2017-04-29', 1000, 'nitin', 'Registration', 'Cash', 'x', 'x', 'x', '2017-04-29 10:43:00', '2017-18'),
(110, '2017041110', '2017-04-29', 1000, 'nitin', 'Registration', 'Cash', 'x', 'x', 'x', '2017-04-29 10:43:00', '2017-18'),
(111, '2017041111', '2017-04-29', 1000, 'nitin', 'Registration', 'Cash', 'x', 'x', 'x', '2017-04-29 10:43:00', '2017-18'),
(112, '2017041112', '2017-04-29', 1000, 'nitin', 'Registration', 'Cash', 'x', 'x', 'x', '2017-04-29 10:43:00', '2017-18'),
(113, '2017041113', '2017-04-29', 1000, 'nitin', 'Registration', 'Cash', 'x', 'x', 'x', '2017-04-29 10:43:00', '2017-18'),
(114, '2017041114', '2017-04-29', 1000, 'nitin', 'Registration', 'Cash', 'x', 'x', 'x', '2017-04-29 10:43:00', '2017-18'),
(115, '2017041115', '2017-04-29', 1000, 'nitin', 'Registration', 'Cash', 'x', 'x', 'x', '2017-04-29 10:43:00', '2017-18'),
(116, '2017041116', '2017-04-29', 1000, 'nitin', 'Registration', 'Cash', 'x', 'x', 'x', '2017-04-29 10:43:00', '2017-18'),
(117, '2017041117', '2017-04-29', 1000, 'nitin', 'Registration', 'Cash', 'x', 'x', 'x', '2017-04-29 10:43:00', '2017-18'),
(118, '2017041118', '2017-04-29', 1000, 'nitin', 'Registration', 'Cash', 'x', 'x', 'x', '2017-04-29 10:43:00', '2017-18'),
(119, '2017041119', '2017-04-29', 1000, 'nitin', 'Registration', 'Cash', 'x', 'x', 'x', '2017-04-29 10:43:00', '2017-18'),
(120, '2017041120', '2017-04-29', 1000, 'nitin', 'Registration', 'Cash', 'x', 'x', 'x', '2017-04-29 10:43:00', '2017-18'),
(121, '2017041121', '2017-04-29', 1000, 'nitin', 'Registration', 'Cash', 'x', 'x', 'x', '2017-04-29 10:43:00', '2017-18'),
(122, '2017041122', '2017-04-29', 1000, 'nitin', 'Registration', 'Cash', 'x', 'x', 'x', '2017-04-29 10:43:00', '2017-18'),
(123, '2017041123', '2017-04-29', 1000, 'nitin', 'Registration', 'Cash', 'x', 'x', 'x', '2017-04-29 10:43:00', '2017-18'),
(124, '2017041124', '2017-04-29', 1000, 'nitin', 'Registration', 'Cash', 'x', 'x', 'x', '2017-04-29 10:43:00', '2017-18'),
(125, '2017041125', '2017-04-29', 1000, 'nitin', 'Registration', 'Cash', 'x', 'x', 'x', '2017-04-29 10:43:00', '2017-18'),
(126, '2017041126', '2017-04-29', 1000, 'nitin', 'Registration', 'Cash', 'x', 'x', 'x', '2017-04-29 10:43:00', '2017-18'),
(127, '2017041127', '2017-04-29', 1000, 'nitin', 'Registration', 'Cash', 'x', 'x', 'x', '2017-04-29 10:43:00', '2017-18'),
(128, '2017041128', '2017-04-29', 1000, 'nitin', 'Registration', 'Cash', 'x', 'x', 'x', '2017-04-29 10:43:00', '2017-18'),
(129, '2017041129', '2017-04-29', 1000, 'nitin', 'Registration', 'Cash', 'x', 'x', 'x', '2017-04-29 10:43:00', '2017-18'),
(130, '2017041130', '2017-04-29', 1000, 'nitin', 'Registration', 'Cash', 'x', 'x', 'x', '2017-04-29 10:43:00', '2017-18'),
(131, '2017041131', '2017-04-29', 1000, 'nitin', 'Registration', 'Cash', 'x', 'x', 'x', '2017-04-29 10:43:00', '2017-18'),
(132, '2017041132', '2017-04-29', 1000, 'nitin', 'Registration', 'Cash', 'x', 'x', 'x', '2017-04-29 10:43:00', '2017-18'),
(133, '2017041133', '2017-04-29', 1000, 'nitin', 'Registration', 'Cash', 'x', 'x', 'x', '2017-04-29 10:43:00', '2017-18'),
(134, '2017041134', '2017-04-29', 1000, 'nitin', 'Registration', 'Cash', 'x', 'x', 'x', '2017-04-29 10:43:00', '2017-18'),
(135, '2017041135', '2017-04-29', 1000, 'nitin', 'Registration', 'Cash', 'x', 'x', 'x', '2017-04-29 10:43:00', '2017-18'),
(136, '2017041136', '2017-04-29', 1000, 'nitin', 'Registration', 'Cash', 'x', 'x', 'x', '2017-04-29 10:43:00', '2017-18'),
(137, '2017041137', '2017-04-29', 1000, 'nitin', 'Registration', 'Cash', 'x', 'x', 'x', '2017-04-29 10:43:00', '2017-18'),
(138, '2017041138', '2017-04-29', 1000, 'nitin', 'Registration', 'Cash', 'x', 'x', 'x', '2017-04-29 10:43:00', '2017-18'),
(139, '2017041139', '2017-04-29', 1000, 'nitin', 'Registration', 'Cash', 'x', 'x', 'x', '2017-04-29 10:43:00', '2017-18'),
(140, '2017041140', '2017-04-29', 1000, 'nitin', 'Registration', 'Cash', 'x', 'x', 'x', '2017-04-29 10:43:00', '2017-18'),
(141, '2017041141', '2017-04-29', 1000, 'nitin', 'Registration', 'Cash', 'x', 'x', 'x', '2017-04-29 10:43:00', '2017-18'),
(142, '2017041142', '2017-04-29', 1000, 'nitin', 'Registration', 'Cash', 'x', 'x', 'x', '2017-04-29 10:43:00', '2017-18'),
(143, '2017041143', '2017-04-29', 1000, 'nitin', 'Registration', 'Cash', 'x', 'x', 'x', '2017-04-29 10:43:00', '2017-18'),
(144, '2017041144', '2017-04-29', 1000, 'nitin', 'Registration', 'Cash', 'x', 'x', 'x', '2017-04-29 10:43:00', '2017-18'),
(145, '2017041145', '2017-04-29', 1000, 'nitin', 'Registration', 'Cash', 'x', 'x', 'x', '2017-04-29 10:43:00', '2017-18'),
(146, '2017041146', '2017-04-29', 1000, 'nitin', 'Registration', 'Cash', 'x', 'x', 'x', '2017-04-29 10:43:00', '2017-18'),
(147, '2017041147', '2017-04-29', 1000, 'nitin', 'Registration', 'Cash', 'x', 'x', 'x', '2017-04-29 10:43:00', '2017-18'),
(148, '2017041148', '2017-04-29', 1000, 'nitin', 'Registration', 'Cash', 'x', 'x', 'x', '2017-04-29 10:43:00', '2017-18'),
(149, '2017041149', '2017-04-29', 1000, 'nitin', 'Registration', 'Cash', 'x', 'x', 'x', '2017-04-29 10:43:00', '2017-18'),
(150, '2017041150', '2017-04-29', 1000, 'nitin', 'Registration', 'Cash', 'x', 'x', 'x', '2017-04-29 10:43:00', '2017-18'),
(151, '2017041151', '2017-04-29', 1000, 'nitin', 'Registration', 'Cash', 'x', 'x', 'x', '2017-04-29 10:43:00', '2017-18'),
(152, '2017041152', '2017-04-29', 1000, 'nitin', 'Registration', 'Cash', 'x', 'x', 'x', '2017-04-29 10:43:00', '2017-18'),
(153, '2017041153', '2017-04-29', 1000, 'nitin', 'Registration', 'Cash', 'x', 'x', 'x', '2017-04-29 10:43:00', '2017-18'),
(154, '2017041154', '2017-04-29', 1000, 'nitin', 'Registration', 'Cash', 'x', 'x', 'x', '2017-04-29 10:43:00', '2017-18'),
(155, '2017041155', '2017-04-29', 1000, 'nitin', 'Registration', 'Cash', 'x', 'x', 'x', '2017-04-29 10:43:00', '2017-18'),
(156, '2017041156', '2017-04-29', 1000, 'nitin', 'Registration', 'Cash', 'x', 'x', 'x', '2017-04-29 10:43:00', '2017-18'),
(157, '2017041157', '2017-04-29', 1000, 'nitin', 'Registration', 'Cash', 'x', 'x', 'x', '2017-04-29 10:43:00', '2017-18'),
(158, '2017041158', '2017-04-29', 1000, 'nitin', 'Registration', 'Cash', 'x', 'x', 'x', '2017-04-29 10:43:00', '2017-18'),
(159, '2017041159', '2017-04-29', 1000, 'nitin', 'Registration', 'Cash', 'x', 'x', 'x', '2017-04-29 10:43:00', '2017-18'),
(160, '2017041160', '2017-04-29', 1000, 'nitin', 'Registration', 'Cash', 'x', 'x', 'x', '2017-04-29 10:43:00', '2017-18'),
(161, '2017041161', '2017-04-29', 1000, 'nitin', 'Registration', 'Cash', 'x', 'x', 'x', '2017-04-29 10:43:00', '2017-18'),
(162, '2017041162', '2017-04-29', 1000, 'nitin', 'Registration', 'Cash', 'x', 'x', 'x', '2017-04-29 10:43:00', '2017-18'),
(163, '2017041163', '2017-04-29', 1000, 'nitin', 'Registration', 'Cash', 'x', 'x', 'x', '2017-04-29 10:43:00', '2017-18'),
(164, '2017041164', '2017-04-29', 1000, 'nitin', 'Registration', 'Cash', 'x', 'x', 'x', '2017-04-29 10:43:00', '2017-18'),
(165, '2017041165', '2017-04-29', 1000, 'nitin', 'Registration', 'Cash', 'x', 'x', 'x', '2017-04-29 10:43:00', '2017-18'),
(166, '2017041166', '2017-04-29', 1000, 'nitin', 'Registration', 'Cash', 'x', 'x', 'x', '2017-04-29 10:43:00', '2017-18'),
(167, '2017041167', '2017-04-29', 1000, 'nitin', 'Registration', 'Cash', 'x', 'x', 'x', '2017-04-29 10:43:00', '2017-18'),
(168, '2017041168', '2017-04-29', 1000, 'nitin', 'Registration', 'Cash', 'x', 'x', 'x', '2017-04-29 10:43:00', '2017-18'),
(169, '2017041169', '2017-04-29', 1000, 'nitin', 'Registration', 'Cash', 'x', 'x', 'x', '2017-04-29 10:43:00', '2017-18'),
(170, '2017041170', '2017-04-29', 1000, 'nitin', 'Registration', 'Cash', 'x', 'x', 'x', '2017-04-29 10:43:00', '2017-18'),
(171, '2017041171', '2017-04-29', 1000, 'nitin', 'Registration', 'Cash', 'x', 'x', 'x', '2017-04-29 10:43:00', '2017-18'),
(172, '2017041172', '2017-04-29', 1000, 'nitin', 'Registration', 'Cash', 'x', 'x', 'x', '2017-04-29 10:43:00', '2017-18'),
(173, '2017041173', '2017-04-29', 1000, 'nitin', 'Registration', 'Cash', 'x', 'x', 'x', '2017-04-29 10:43:00', '2017-18'),
(174, '2017041174', '2017-04-29', 1000, 'nitin', 'Registration', 'Cash', 'x', 'x', 'x', '2017-04-29 10:43:00', '2017-18'),
(175, '2017041175', '2017-04-29', 1000, 'nitin', 'Registration', 'Cash', 'x', 'x', 'x', '2017-04-29 10:43:00', '2017-18'),
(176, '2017041176', '2017-04-29', 1000, 'nitin', 'Registration', 'Cash', 'x', 'x', 'x', '2017-04-29 10:43:00', '2017-18'),
(177, '2017041177', '2017-04-29', 1000, 'nitin', 'Registration', 'Cash', 'x', 'x', 'x', '2017-04-29 10:43:00', '2017-18'),
(178, '2017041178', '2017-04-29', 1000, 'nitin', 'Registration', 'Cash', 'x', 'x', 'x', '2017-04-29 10:43:00', '2017-18'),
(179, '2017041179', '2017-04-29', 1000, 'nitin', 'Registration', 'Cash', 'x', 'x', 'x', '2017-04-29 10:43:00', '2017-18'),
(180, '2017041180', '2017-04-29', 1000, 'nitin', 'Registration', 'Cash', 'x', 'x', 'x', '2017-04-29 10:43:00', '2017-18'),
(181, '2017041181', '2017-04-29', 1000, 'nitin', 'Registration', 'Cash', 'x', 'x', 'x', '2017-04-29 10:43:00', '2017-18'),
(182, '2017041182', '2017-04-29', 1000, 'nitin', 'Registration', 'Cash', 'x', 'x', 'x', '2017-04-29 10:43:00', '2017-18'),
(183, '2017041183', '2017-04-29', 1000, 'nitin', 'Registration', 'Cash', 'x', 'x', 'x', '2017-04-29 10:43:00', '2017-18'),
(184, '2017041184', '2017-04-29', 1000, 'nitin', 'Registration', 'Cash', 'x', 'x', 'x', '2017-04-29 10:43:00', '2017-18'),
(185, '2017041185', '2017-04-29', 1000, 'nitin', 'Registration', 'Cash', 'x', 'x', 'x', '2017-04-29 10:43:00', '2017-18'),
(186, '2017041186', '2017-04-29', 1000, 'nitin', 'Registration', 'Cash', 'x', 'x', 'x', '2017-04-29 10:43:00', '2017-18'),
(187, '2017041187', '2017-04-29', 1000, 'nitin', 'Registration', 'Cash', 'x', 'x', 'x', '2017-04-29 10:43:00', '2017-18'),
(188, '2017041188', '2017-04-29', 1000, 'nitin', 'Registration', 'Cash', 'x', 'x', 'x', '2017-04-29 10:43:00', '2017-18'),
(189, '2017041189', '2017-04-29', 1000, 'nitin', 'Registration', 'Cash', 'x', 'x', 'x', '2017-04-29 10:43:00', '2017-18'),
(190, '2017041190', '2017-04-29', 1000, 'nitin', 'Registration', 'Cash', 'x', 'x', 'x', '2017-04-29 10:43:00', '2017-18'),
(191, '2017041191', '2017-04-29', 1000, 'nitin', 'Registration', 'Cash', 'x', 'x', 'x', '2017-04-29 10:43:00', '2017-18'),
(192, '2017041192', '2017-04-29', 1000, 'nitin', 'Registration', 'Cash', 'x', 'x', 'x', '2017-04-29 10:43:00', '2017-18'),
(193, '2017041193', '2017-04-29', 1000, 'nitin', 'Registration', 'Cash', 'x', 'x', 'x', '2017-04-29 10:43:00', '2017-18'),
(194, '2017041194', '2017-04-29', 1000, 'nitin', 'Registration', 'Cash', 'x', 'x', 'x', '2017-04-29 10:43:00', '2017-18'),
(195, '2017041195', '2017-04-29', 1000, 'nitin', 'Registration', 'Cash', 'x', 'x', 'x', '2017-04-29 10:43:00', '2017-18'),
(196, '2017041196', '2017-04-29', 1000, 'nitin', 'Registration', 'Cash', 'x', 'x', 'x', '2017-04-29 10:43:00', '2017-18'),
(197, '2017041197', '2017-04-29', 1000, 'nitin', 'Registration', 'Cash', 'x', 'x', 'x', '2017-04-29 10:43:00', '2017-18'),
(198, '2017041198', '2017-04-29', 1000, 'nitin', 'Registration', 'Cash', 'x', 'x', 'x', '2017-04-29 10:43:00', '2017-18'),
(199, '2017041199', '2017-04-29', 1000, 'nitin', 'Registration', 'Cash', 'x', 'x', 'x', '2017-04-29 10:43:00', '2017-18'),
(200, '2017041200', '2017-04-29', 1000, 'nitin', 'Registration', 'Cash', 'x', 'x', 'x', '2017-04-29 10:43:00', '2017-18'),
(201, '2017041201', '2017-04-29', 1000, 'nitin', 'Registration', 'Cash', 'x', 'x', 'x', '2017-04-29 10:43:00', '2017-18'),
(202, '2017041202', '2017-04-29', 1000, 'nitin', 'Registration', 'Cash', 'x', 'x', 'x', '2017-04-29 10:43:00', '2017-18'),
(203, '2017041203', '2017-04-29', 1000, 'nitin', 'Registration', 'Cash', 'x', 'x', 'x', '2017-04-29 10:43:00', '2017-18'),
(204, '2017041204', '2017-04-29', 1000, 'nitin', 'Registration', 'Cash', 'x', 'x', 'x', '2017-04-29 10:43:00', '2017-18'),
(205, '2017041205', '2017-04-29', 1000, 'nitin', 'Registration', 'Cash', 'x', 'x', 'x', '2017-04-29 10:43:00', '2017-18'),
(206, '2017041206', '2017-04-29', 1000, 'nitin', 'Registration', 'Cash', 'x', 'x', 'x', '2017-04-29 10:43:00', '2017-18'),
(207, '2017041207', '2017-04-29', 1000, 'nitin', 'Registration', 'Cash', 'x', 'x', 'x', '2017-04-29 10:43:00', '2017-18'),
(208, '2017041208', '2017-04-29', 1000, 'nitin', 'Registration', 'Cash', 'x', 'x', 'x', '2017-04-29 10:43:00', '2017-18'),
(209, '2017041209', '2017-04-29', 1000, 'nitin', 'Registration', 'Cash', 'x', 'x', 'x', '2017-04-29 10:43:00', '2017-18'),
(210, '2017041210', '2017-04-29', 1000, 'nitin', 'Registration', 'Cash', 'x', 'x', 'x', '2017-04-29 10:43:00', '2017-18'),
(211, '2017041211', '2017-04-29', 1000, 'nitin', 'Registration', 'Cash', 'x', 'x', 'x', '2017-04-29 10:43:00', '2017-18'),
(212, '2017041212', '2017-04-29', 1000, 'nitin', 'Registration', 'Cash', 'x', 'x', 'x', '2017-04-29 10:43:00', '2017-18'),
(213, '2017041213', '2017-04-29', 1000, 'nitin', 'Registration', 'Cash', 'x', 'x', 'x', '2017-04-29 10:43:00', '2017-18'),
(214, '2017041214', '2017-04-29', 1000, 'nitin', 'Registration', 'Cash', 'x', 'x', 'x', '2017-04-29 10:43:00', '2017-18'),
(215, '2017041215', '2017-04-29', 1000, 'nitin', 'Registration', 'Cash', 'x', 'x', 'x', '2017-04-29 10:43:00', '2017-18'),
(216, '2017041216', '2017-04-29', 1000, 'nitin', 'Registration', 'Cash', 'x', 'x', 'x', '2017-04-29 10:43:00', '2017-18'),
(217, '2017041217', '2017-04-29', 1000, 'nitin', 'Registration', 'Cash', 'x', 'x', 'x', '2017-04-29 10:43:00', '2017-18'),
(218, '2017041218', '2017-04-29', 1000, 'nitin', 'Registration', 'Cash', 'x', 'x', 'x', '2017-04-29 10:43:00', '2017-18'),
(219, '2017041219', '2017-04-29', 1000, 'nitin', 'Registration', 'Cash', 'x', 'x', 'x', '2017-04-29 10:43:00', '2017-18'),
(220, '2017041220', '2017-04-29', 1000, 'nitin', 'Registration', 'Cash', 'x', 'x', 'x', '2017-04-29 10:43:00', '2017-18'),
(221, '2017041221', '2017-04-29', 1000, 'nitin', 'Registration', 'Cash', 'x', 'x', 'x', '2017-04-29 10:43:00', '2017-18'),
(222, '2017041222', '2017-04-29', 1000, 'nitin', 'Registration', 'Cash', 'x', 'x', 'x', '2017-04-29 10:43:00', '2017-18'),
(223, '2017041223', '2017-04-29', 1000, 'nitin', 'Registration', 'Cash', 'x', 'x', 'x', '2017-04-29 10:43:00', '2017-18'),
(224, '2017041224', '2017-04-29', 1000, 'nitin', 'Registration', 'Cash', 'x', 'x', 'x', '2017-04-29 10:43:00', '2017-18'),
(225, '2017041225', '2017-04-29', 1000, 'nitin', 'Registration', 'Cash', 'x', 'x', 'x', '2017-04-29 10:43:00', '2017-18'),
(226, '2017041226', '2017-04-29', 1000, 'nitin', 'Registration', 'Cash', 'x', 'x', 'x', '2017-04-29 10:43:00', '2017-18'),
(227, '2017041227', '2017-04-29', 1000, 'nitin', 'Registration', 'Cash', 'x', 'x', 'x', '2017-04-29 10:43:00', '2017-18'),
(228, '2017041228', '2017-04-29', 1000, 'nitin', 'Registration', 'Cash', 'x', 'x', 'x', '2017-04-29 10:43:00', '2017-18'),
(229, '2017041229', '2017-04-29', 1000, 'nitin', 'Registration', 'Cash', 'x', 'x', 'x', '2017-04-29 10:43:00', '2017-18'),
(230, '2017041230', '2017-04-29', 1000, 'nitin', 'Registration', 'Cash', 'x', 'x', 'x', '2017-04-29 10:43:00', '2017-18'),
(231, '2017041231', '2017-04-29', 1000, 'nitin', 'Registration', 'Cash', 'x', 'x', 'x', '2017-04-29 10:43:00', '2017-18'),
(232, '2017041232', '2017-04-29', 1000, 'nitin', 'Registration', 'Cash', 'x', 'x', 'x', '2017-04-29 10:43:00', '2017-18'),
(233, '2017041233', '2017-04-29', 1000, 'nitin', 'Registration', 'Cash', 'x', 'x', 'x', '2017-04-29 10:43:00', '2017-18'),
(234, '2017041234', '2017-04-29', 1000, 'nitin', 'Registration', 'Cash', 'x', 'x', 'x', '2017-04-29 10:43:00', '2017-18'),
(235, '2017041235', '2017-04-29', 1000, 'nitin', 'Registration', 'Cash', 'x', 'x', 'x', '2017-04-29 10:43:00', '2017-18'),
(236, '2017041236', '2017-04-29', 1000, 'nitin', 'Registration', 'Cash', 'x', 'x', 'x', '2017-04-29 10:43:00', '2017-18'),
(237, '2017041237', '2017-04-29', 1000, 'nitin', 'Registration', 'Cash', 'x', 'x', 'x', '2017-04-29 10:43:00', '2017-18'),
(238, '2017041238', '2017-04-29', 1000, 'nitin', 'Registration', 'Cash', 'x', 'x', 'x', '2017-04-29 10:43:00', '2017-18'),
(239, '2017041239', '2017-04-29', 1000, 'nitin', 'Registration', 'Cash', 'x', 'x', 'x', '2017-04-29 10:43:00', '2017-18'),
(240, '2017041240', '2017-04-29', 1000, 'nitin', 'Registration', 'Cash', 'x', 'x', 'x', '2017-04-29 10:43:00', '2017-18'),
(241, '2017041241', '2017-04-29', 1000, 'nitin', 'Registration', 'Cash', 'x', 'x', 'x', '2017-04-29 10:43:00', '2017-18'),
(242, '2017041242', '2017-04-29', 1000, 'nitin', 'Registration', 'Cash', 'x', 'x', 'x', '2017-04-29 10:43:00', '2017-18'),
(243, '2017041243', '2017-04-29', 1000, 'nitin', 'Registration', 'Cash', 'x', 'x', 'x', '2017-04-29 10:43:00', '2017-18'),
(244, '2017041244', '2017-04-29', 1000, 'nitin', 'Registration', 'Cash', 'x', 'x', 'x', '2017-04-29 10:43:00', '2017-18'),
(245, '2017041245', '2017-04-29', 1000, 'nitin', 'Registration', 'Cash', 'x', 'x', 'x', '2017-04-29 10:43:00', '2017-18'),
(246, '2017041246', '2017-04-29', 1000, 'nitin', 'Registration', 'Cash', 'x', 'x', 'x', '2017-04-29 10:43:00', '2017-18'),
(247, '2017041247', '2017-04-29', 1000, 'nitin', 'Registration', 'Cash', 'x', 'x', 'x', '2017-04-29 10:43:00', '2017-18'),
(248, '2017041248', '2017-04-29', 1000, 'nitin', 'Registration', 'Cash', 'x', 'x', 'x', '2017-04-29 10:43:00', '2017-18'),
(249, '2017041249', '2017-04-29', 1000, 'nitin', 'Registration', 'Cash', 'x', 'x', 'x', '2017-04-29 10:43:00', '2017-18'),
(250, '2017041250', '2017-04-29', 1000, 'nitin', 'Registration', 'Cash', 'x', 'x', 'x', '2017-04-29 10:43:00', '2017-18'),
(251, '2017041251', '0', 1000, 'nitin', 'Registration', 'Cash', 'x', 'x', 'x', '0000-00-00 00:00:00', '2017-18'),
(252, '2017041252', '0', 1000, 'nitin', 'Registration', 'Cash', 'x', 'x', 'x', '0000-00-00 00:00:00', '2017-18'),
(253, '2017041253', '0', 1000, 'nitin', 'Registration', 'Cash', 'x', 'x', 'x', '0000-00-00 00:00:00', '2017-18'),
(254, '2017041254', '0', 1000, 'nitin', 'Registration', 'Cash', 'x', 'x', 'x', '0000-00-00 00:00:00', '2017-18'),
(255, '2017041255', '0', 1000, 'nitin', 'Registration', 'Cash', 'x', 'x', 'x', '0000-00-00 00:00:00', '2017-18'),
(256, '2017041256', '0', 1000, 'nitin', 'Registration', 'Cash', 'x', 'x', 'x', '0000-00-00 00:00:00', '2017-18'),
(257, '2017041257', '0', 1000, 'nitin', 'Registration', 'Cash', 'x', 'x', 'x', '0000-00-00 00:00:00', '2017-18'),
(258, '2017041258', '0', 1000, 'nitin', 'Registration', 'Cash', 'x', 'x', 'x', '0000-00-00 00:00:00', '2017-18'),
(259, '2017041259', '0', 1000, 'nitin', 'Registration', 'Cash', 'x', 'x', 'x', '0000-00-00 00:00:00', '2017-18'),
(260, '2017041260', '0', 1000, 'nitin', 'Registration', 'Cash', 'x', 'x', 'x', '0000-00-00 00:00:00', '2017-18'),
(261, '2017041261', '0', 1000, 'nitin', 'Registration', 'Cash', 'x', 'x', 'x', '0000-00-00 00:00:00', '2017-18'),
(262, '2017041262', '0', 1000, 'nitin', 'Registration', 'Cash', 'x', 'x', 'x', '0000-00-00 00:00:00', '2017-18'),
(263, '2017041263', '0', 1000, 'nitin', 'Registration', 'Cash', 'x', 'x', 'x', '0000-00-00 00:00:00', '2017-18'),
(264, '2017041264', '0', 1000, 'nitin', 'Registration', 'Cash', 'x', 'x', 'x', '0000-00-00 00:00:00', '2017-18'),
(265, '2017041265', '0', 1000, 'nitin', 'Registration', 'Cash', 'x', 'x', 'x', '0000-00-00 00:00:00', '2017-18'),
(266, '2017041266', '0', 1000, 'nitin', 'Registration', 'Cash', 'x', 'x', 'x', '0000-00-00 00:00:00', '2017-18'),
(267, '2017041267', '0', 1000, 'nitin', 'Registration', 'Cash', 'x', 'x', 'x', '0000-00-00 00:00:00', '2017-18'),
(268, '2017041268', '0', 1000, 'nitin', 'Registration', 'Cash', 'x', 'x', 'x', '0000-00-00 00:00:00', '2017-18'),
(269, '2017041269', '0', 1000, 'nitin', 'Registration', 'Cash', 'x', 'x', 'x', '0000-00-00 00:00:00', '2017-18'),
(270, '2017041270', '0', 1000, 'nitin', 'Registration', 'Cash', 'x', 'x', 'x', '0000-00-00 00:00:00', '2017-18'),
(271, '2017041271', '0', 1000, 'nitin', 'Registration', 'Cash', 'x', 'x', 'x', '0000-00-00 00:00:00', '2017-18'),
(272, '2017041272', '0', 1000, 'nitin', 'Registration', 'Cash', 'x', 'x', 'x', '0000-00-00 00:00:00', '2017-18'),
(273, '2017041273', '0', 1000, 'nitin', 'Registration', 'Cash', 'x', 'x', 'x', '0000-00-00 00:00:00', '2017-18'),
(274, '2017041274', '0', 1000, 'nitin', 'Registration', 'Cash', 'x', 'x', 'x', '0000-00-00 00:00:00', '2017-18'),
(275, '2017041275', '0', 1000, 'nitin', 'Registration', 'Cash', 'x', 'x', 'x', '0000-00-00 00:00:00', '2017-18'),
(276, '2017041276', '0', 1000, 'nitin', 'Registration', 'Cash', 'x', 'x', 'x', '0000-00-00 00:00:00', '2017-18'),
(277, '2017041277', '0', 1000, 'nitin', 'Registration', 'Cash', 'x', 'x', 'x', '0000-00-00 00:00:00', '2017-18'),
(278, '2017041278', '0', 1000, 'nitin', 'Registration', 'Cash', 'x', 'x', 'x', '0000-00-00 00:00:00', '2017-18'),
(279, '2017041279', '0', 1000, 'nitin', 'Registration', 'Cash', 'x', 'x', 'x', '0000-00-00 00:00:00', '2017-18'),
(280, '2017041280', '0', 1000, 'nitin', 'Registration', 'Cash', 'x', 'x', 'x', '0000-00-00 00:00:00', '2017-18'),
(281, '2017041281', '0', 1000, 'nitin', 'Registration', 'Cash', 'x', 'x', 'x', '0000-00-00 00:00:00', '2017-18'),
(282, '2017041282', '0', 1000, 'nitin', 'Registration', 'Cash', 'x', 'x', 'x', '0000-00-00 00:00:00', '2017-18'),
(283, '2017041283', '0', 1000, 'nitin', 'Registration', 'Cash', 'x', 'x', 'x', '0000-00-00 00:00:00', '2017-18'),
(284, '2017041284', '0', 1000, 'nitin', 'Registration', 'Cash', 'x', 'x', 'x', '0000-00-00 00:00:00', '2017-18'),
(285, '2017041285', '0', 1000, 'nitin', 'Registration', 'Cash', 'x', 'x', 'x', '0000-00-00 00:00:00', '2017-18'),
(286, '2017041286', '0', 1000, 'nitin', 'Registration', 'Cash', 'x', 'x', 'x', '0000-00-00 00:00:00', '2017-18'),
(287, '2017041287', '0', 1000, 'nitin', 'Registration', 'Cash', 'x', 'x', 'x', '0000-00-00 00:00:00', '2017-18'),
(288, '2017041288', '0', 1000, 'nitin', 'Registration', 'Cash', 'x', 'x', 'x', '0000-00-00 00:00:00', '2017-18'),
(289, '2017041289', '0', 1000, 'nitin', 'Registration', 'Cash', 'x', 'x', 'x', '0000-00-00 00:00:00', '2017-18'),
(290, '2017041290', '0', 1000, 'nitin', 'Registration', 'Cash', 'x', 'x', 'x', '0000-00-00 00:00:00', '2017-18'),
(291, '2017041291', '0', 1000, 'nitin', 'Registration', 'Cash', 'x', 'x', 'x', '0000-00-00 00:00:00', '2017-18'),
(292, '2017041292', '0', 1000, 'nitin', 'Registration', 'Cash', 'x', 'x', 'x', '0000-00-00 00:00:00', '2017-18'),
(293, '2017041293', '0', 1000, 'nitin', 'Registration', 'Cash', 'x', 'x', 'x', '0000-00-00 00:00:00', '2017-18'),
(294, '2017041294', '0', 1000, 'nitin', 'Registration', 'Cash', 'x', 'x', 'x', '0000-00-00 00:00:00', '2017-18'),
(295, '2017041295', '0', 1000, 'nitin', 'Registration', 'Cash', 'x', 'x', 'x', '0000-00-00 00:00:00', '2017-18'),
(296, '2017041296', '0', 1000, 'nitin', 'Registration', 'Cash', 'x', 'x', 'x', '0000-00-00 00:00:00', '2017-18'),
(297, '2017041297', '0', 1000, 'nitin', 'Registration', 'Cash', 'x', 'x', 'x', '0000-00-00 00:00:00', '2017-18'),
(298, '2017041298', '0', 1000, 'nitin', 'Registration', 'Cash', 'x', 'x', 'x', '0000-00-00 00:00:00', '2017-18'),
(299, '2017041299', '0', 1000, 'nitin', 'Registration', 'Cash', 'x', 'x', 'x', '0000-00-00 00:00:00', '2017-18'),
(300, '2017041300', '0', 1000, 'nitin', 'Registration', 'Cash', 'x', 'x', 'x', '0000-00-00 00:00:00', '2017-18'),
(301, '2017041301', '0', 1000, 'nitin', 'Registration', 'Cash', 'x', 'x', 'x', '0000-00-00 00:00:00', '2017-18'),
(302, '2017041302', '0', 1000, 'nitin', 'Registration', 'Cash', 'x', 'x', 'x', '0000-00-00 00:00:00', '2017-18'),
(303, '2017041303', '0', 1000, 'nitin', 'Registration', 'Cash', 'x', 'x', 'x', '0000-00-00 00:00:00', '2017-18'),
(304, '2017041304', '0', 1000, 'nitin', 'Registration', 'Cash', 'x', 'x', 'x', '0000-00-00 00:00:00', '2017-18'),
(305, '2017041305', '0', 1000, 'nitin', 'Registration', 'Cash', 'x', 'x', 'x', '0000-00-00 00:00:00', '2017-18'),
(306, '2017041306', '0', 1000, 'nitin', 'Registration', 'Cash', 'x', 'x', 'x', '0000-00-00 00:00:00', '2017-18'),
(307, '2017041307', '0', 1000, 'nitin', 'Registration', 'Cash', 'x', 'x', 'x', '0000-00-00 00:00:00', '2017-18'),
(308, '2017041308', '0', 1000, 'nitin', 'Registration', 'Cash', 'x', 'x', 'x', '0000-00-00 00:00:00', '2017-18'),
(309, '2017041309', '0', 1000, 'nitin', 'Registration', 'Cash', 'x', 'x', 'x', '0000-00-00 00:00:00', '2017-18'),
(310, '2017041310', '0', 1000, 'nitin', 'Registration', 'Cash', 'x', 'x', 'x', '0000-00-00 00:00:00', '2017-18'),
(311, '2017041311', '0', 1000, 'nitin', 'Registration', 'Cash', 'x', 'x', 'x', '0000-00-00 00:00:00', '2017-18'),
(312, '2017041312', '0', 1000, 'nitin', 'Registration', 'Cash', 'x', 'x', 'x', '0000-00-00 00:00:00', '2017-18'),
(313, '2017041313', '0', 1000, 'nitin', 'Registration', 'Cash', 'x', 'x', 'x', '0000-00-00 00:00:00', '2017-18'),
(314, '2017041314', '0', 1000, 'nitin', 'Registration', 'Cash', 'x', 'x', 'x', '0000-00-00 00:00:00', '2017-18'),
(315, '2017041315', '0', 1000, 'nitin', 'Registration', 'Cash', 'x', 'x', 'x', '0000-00-00 00:00:00', '2017-18'),
(316, '2017041316', '0', 1000, 'nitin', 'Registration', 'Cash', 'x', 'x', 'x', '0000-00-00 00:00:00', '2017-18'),
(317, '2017041317', '0', 1000, 'nitin', 'Registration', 'Cash', 'x', 'x', 'x', '0000-00-00 00:00:00', '2017-18'),
(318, '2017041318', '0', 1000, 'nitin', 'Registration', 'Cash', 'x', 'x', 'x', '0000-00-00 00:00:00', '2017-18'),
(319, '2017041319', '0', 1000, 'nitin', 'Registration', 'Cash', 'x', 'x', 'x', '0000-00-00 00:00:00', '2017-18'),
(320, '2017041320', '0', 1000, 'nitin', 'Registration', 'Cash', 'x', 'x', 'x', '0000-00-00 00:00:00', '2017-18'),
(321, '2017041321', '0', 1000, 'nitin', 'Registration', 'Cash', 'x', 'x', 'x', '0000-00-00 00:00:00', '2017-18'),
(322, '2017041322', '0', 1000, 'nitin', 'Registration', 'Cash', 'x', 'x', 'x', '0000-00-00 00:00:00', '2017-18'),
(323, '2017041323', '0', 1000, 'nitin', 'Registration', 'Cash', 'x', 'x', 'x', '0000-00-00 00:00:00', '2017-18'),
(324, '2017041324', '0', 1000, 'nitin', 'Registration', 'Cash', 'x', 'x', 'x', '0000-00-00 00:00:00', '2017-18'),
(325, '2017041325', '0', 1000, 'nitin', 'Registration', 'Cash', 'x', 'x', 'x', '0000-00-00 00:00:00', '2017-18'),
(326, '2017041326', '0', 1000, 'nitin', 'Registration', 'Cash', 'x', 'x', 'x', '0000-00-00 00:00:00', '2017-18'),
(327, '2017041327', '0', 1000, 'nitin', 'Registration', 'Cash', 'x', 'x', 'x', '0000-00-00 00:00:00', '2017-18'),
(328, '2017041328', '0', 1000, 'nitin', 'Registration', 'Cash', 'x', 'x', 'x', '0000-00-00 00:00:00', '2017-18'),
(329, '2017041329', '0', 1000, 'nitin', 'Registration', 'Cash', 'x', 'x', 'x', '0000-00-00 00:00:00', '2017-18'),
(330, '2017041330', '0', 1000, 'nitin', 'Registration', 'Cash', 'x', 'x', 'x', '0000-00-00 00:00:00', '2017-18'),
(331, '2017041331', '0', 1000, 'nitin', 'Registration', 'Cash', 'x', 'x', 'x', '0000-00-00 00:00:00', '2017-18'),
(332, '2017041332', '0', 1000, 'nitin', 'Registration', 'Cash', 'x', 'x', 'x', '0000-00-00 00:00:00', '2017-18'),
(333, '2017041333', '0', 1000, 'nitin', 'Registration', 'Cash', 'x', 'x', 'x', '0000-00-00 00:00:00', '2017-18'),
(334, '2017041334', '0', 1000, 'nitin', 'Registration', 'Cash', 'x', 'x', 'x', '0000-00-00 00:00:00', '2017-18'),
(335, '2017041335', '0', 1000, 'nitin', 'Registration', 'Cash', 'x', 'x', 'x', '0000-00-00 00:00:00', '2017-18'),
(336, '2017041336', '0', 1000, 'nitin', 'Registration', 'Cash', 'x', 'x', 'x', '0000-00-00 00:00:00', '2017-18'),
(337, '2017041337', '0', 1000, 'nitin', 'Registration', 'Cash', 'x', 'x', 'x', '0000-00-00 00:00:00', '2017-18'),
(338, '2017041338', '0', 1000, 'nitin', 'Registration', 'Cash', 'x', 'x', 'x', '0000-00-00 00:00:00', '2017-18'),
(339, '2017041339', '0', 1000, 'nitin', 'Registration', 'Cash', 'x', 'x', 'x', '0000-00-00 00:00:00', '2017-18'),
(340, '2017041340', '0', 1000, 'nitin', 'Registration', 'Cash', 'x', 'x', 'x', '0000-00-00 00:00:00', '2017-18'),
(341, '2017041341', '0', 1000, 'nitin', 'Registration', 'Cash', 'x', 'x', 'x', '0000-00-00 00:00:00', '2017-18'),
(342, '2017041342', '0', 1000, 'nitin', 'Registration', 'Cash', 'x', 'x', 'x', '0000-00-00 00:00:00', '2017-18'),
(343, '2017041343', '0', 1000, 'nitin', 'Registration', 'Cash', 'x', 'x', 'x', '0000-00-00 00:00:00', '2017-18'),
(344, '2017041344', '0', 1000, 'nitin', 'Registration', 'Cash', 'x', 'x', 'x', '0000-00-00 00:00:00', '2017-18'),
(345, '2017041345', '0', 1000, 'nitin', 'Registration', 'Cash', 'x', 'x', 'x', '0000-00-00 00:00:00', '2017-18'),
(346, '2017041346', '0', 1000, 'nitin', 'Registration', 'Cash', 'x', 'x', 'x', '0000-00-00 00:00:00', '2017-18'),
(347, '2017041347', '0', 1000, 'nitin', 'Registration', 'Cash', 'x', 'x', 'x', '0000-00-00 00:00:00', '2017-18'),
(348, '2017041348', '0', 1000, 'nitin', 'Registration', 'Cash', 'x', 'x', 'x', '0000-00-00 00:00:00', '2017-18'),
(349, '2017041349', '0', 1000, 'nitin', 'Registration', 'Cash', 'x', 'x', 'x', '0000-00-00 00:00:00', '2017-18'),
(350, '2017041350', '0', 1000, 'nitin', 'Registration', 'Cash', 'x', 'x', 'x', '0000-00-00 00:00:00', '2017-18'),
(351, '2017041351', '0', 1000, 'nitin', 'Registration', 'Cash', 'x', 'x', 'x', '0000-00-00 00:00:00', '2017-18'),
(352, '2017041352', '0', 1000, 'nitin', 'Registration', 'Cash', 'x', 'x', 'x', '0000-00-00 00:00:00', '2017-18'),
(353, '2017041353', '0', 1000, 'nitin', 'Registration', 'Cash', 'x', 'x', 'x', '0000-00-00 00:00:00', '2017-18'),
(354, '2017041354', '0', 1000, 'nitin', 'Registration', 'Cash', 'x', 'x', 'x', '0000-00-00 00:00:00', '2017-18'),
(355, '2017041355', '0', 1000, 'nitin', 'Registration', 'Cash', 'x', 'x', 'x', '0000-00-00 00:00:00', '2017-18'),
(356, '2017041356', '0', 1000, 'nitin', 'Registration', 'Cash', 'x', 'x', 'x', '0000-00-00 00:00:00', '2017-18'),
(357, '2017041357', '0', 1000, 'nitin', 'Registration', 'Cash', 'x', 'x', 'x', '0000-00-00 00:00:00', '2017-18'),
(358, '2017041358', '0', 1000, 'nitin', 'Registration', 'Cash', 'x', 'x', 'x', '0000-00-00 00:00:00', '2017-18'),
(359, '2017041359', '0', 1000, 'nitin', 'Registration', 'Cash', 'x', 'x', 'x', '0000-00-00 00:00:00', '2017-18'),
(360, '2017041360', '0', 1000, 'nitin', 'Registration', 'Cash', 'x', 'x', 'x', '0000-00-00 00:00:00', '2017-18'),
(361, '2017041361', '0', 1000, 'nitin', 'Registration', 'Cash', 'x', 'x', 'x', '0000-00-00 00:00:00', '2017-18'),
(362, '2017041362', '0', 1000, 'nitin', 'Registration', 'Cash', 'x', 'x', 'x', '0000-00-00 00:00:00', '2017-18'),
(363, '2017041363', '0', 1000, 'nitin', 'Registration', 'Cash', 'x', 'x', 'x', '0000-00-00 00:00:00', '2017-18'),
(364, '2017041364', '0', 1000, 'nitin', 'Registration', 'Cash', 'x', 'x', 'x', '0000-00-00 00:00:00', '2017-18'),
(365, '2017041365', '0', 1000, 'nitin', 'Registration', 'Cash', 'x', 'x', 'x', '0000-00-00 00:00:00', '2017-18'),
(366, '2017041366', '0', 1000, 'nitin', 'Registration', 'Cash', 'x', 'x', 'x', '0000-00-00 00:00:00', '2017-18'),
(367, '2017041367', '0', 1000, 'nitin', 'Registration', 'Cash', 'x', 'x', 'x', '0000-00-00 00:00:00', '2017-18'),
(368, '2017041368', '0', 1000, 'nitin', 'Registration', 'Cash', 'x', 'x', 'x', '0000-00-00 00:00:00', '2017-18'),
(369, '2017041369', '0', 1000, 'nitin', 'Registration', 'Cash', 'x', 'x', 'x', '0000-00-00 00:00:00', '2017-18'),
(370, '2017041370', '0', 1000, 'nitin', 'Registration', 'Cash', 'x', 'x', 'x', '0000-00-00 00:00:00', '2017-18'),
(371, '2017041371', '0', 1000, 'nitin', 'Registration', 'Cash', 'x', 'x', 'x', '0000-00-00 00:00:00', '2017-18'),
(372, '2017041372', '0', 1000, 'nitin', 'Registration', 'Cash', 'x', 'x', 'x', '0000-00-00 00:00:00', '2017-18'),
(373, '2017041373', '0', 1000, 'nitin', 'Registration', 'Cash', 'x', 'x', 'x', '0000-00-00 00:00:00', '2017-18'),
(374, '2017041374', '0', 1000, 'nitin', 'Registration', 'Cash', 'x', 'x', 'x', '0000-00-00 00:00:00', '2017-18'),
(375, '2017041375', '0', 1000, 'nitin', 'Registration', 'Cash', 'x', 'x', 'x', '0000-00-00 00:00:00', '2017-18'),
(376, '2017041376', '0', 1000, 'nitin', 'Registration', 'Cash', 'x', 'x', 'x', '0000-00-00 00:00:00', '2017-18'),
(377, '2017041377', '0', 1000, 'nitin', 'Registration', 'Cash', 'x', 'x', 'x', '0000-00-00 00:00:00', '2017-18'),
(378, '2017041378', '0', 1000, 'nitin', 'Registration', 'Cash', 'x', 'x', 'x', '0000-00-00 00:00:00', '2017-18'),
(379, '2017041379', '0', 1000, 'nitin', 'Registration', 'Cash', 'x', 'x', 'x', '0000-00-00 00:00:00', '2017-18'),
(380, '2017041380', '0', 1000, 'nitin', 'Registration', 'Cash', 'x', 'x', 'x', '0000-00-00 00:00:00', '2017-18'),
(381, '2017041381', '0', 1000, 'nitin', 'Registration', 'Cash', 'x', 'x', 'x', '0000-00-00 00:00:00', '2017-18'),
(382, '2017041382', '0', 1000, 'nitin', 'Registration', 'Cash', 'x', 'x', 'x', '0000-00-00 00:00:00', '2017-18'),
(383, '2017041383', '0', 1000, 'nitin', 'Registration', 'Cash', 'x', 'x', 'x', '0000-00-00 00:00:00', '2017-18'),
(384, '2017041384', '0', 1000, 'nitin', 'Registration', 'Cash', 'x', 'x', 'x', '0000-00-00 00:00:00', '2017-18'),
(385, '2017041385', '0', 1000, 'nitin', 'Registration', 'Cash', 'x', 'x', 'x', '0000-00-00 00:00:00', '2017-18'),
(386, '2017041386', '0', 1000, 'nitin', 'Registration', 'Cash', 'x', 'x', 'x', '0000-00-00 00:00:00', '2017-18'),
(387, '2017041387', '0', 1000, 'nitin', 'Registration', 'Cash', 'x', 'x', 'x', '0000-00-00 00:00:00', '2017-18'),
(388, '2017041388', '0', 1000, 'nitin', 'Registration', 'Cash', 'x', 'x', 'x', '0000-00-00 00:00:00', '2017-18'),
(389, '2017041389', '0', 1000, 'nitin', 'Registration', 'Cash', 'x', 'x', 'x', '0000-00-00 00:00:00', '2017-18'),
(390, '2017041390', '0', 1000, 'nitin', 'Registration', 'Cash', 'x', 'x', 'x', '0000-00-00 00:00:00', '2017-18'),
(391, '2017041391', '0', 1000, 'nitin', 'Registration', 'Cash', 'x', 'x', 'x', '0000-00-00 00:00:00', '2017-18'),
(392, '2017041392', '0', 1000, 'nitin', 'Registration', 'Cash', 'x', 'x', 'x', '0000-00-00 00:00:00', '2017-18'),
(393, '2017041393', '0', 1000, 'nitin', 'Registration', 'Cash', 'x', 'x', 'x', '0000-00-00 00:00:00', '2017-18'),
(394, '2017041394', '0', 1000, 'nitin', 'Registration', 'Cash', 'x', 'x', 'x', '0000-00-00 00:00:00', '2017-18'),
(395, '2017041395', '0', 1000, 'nitin', 'Registration', 'Cash', 'x', 'x', 'x', '0000-00-00 00:00:00', '2017-18'),
(396, '2017041396', '0', 1000, 'nitin', 'Registration', 'Cash', 'x', 'x', 'x', '0000-00-00 00:00:00', '2017-18'),
(397, '2017041397', '0', 1000, 'nitin', 'Registration', 'Cash', 'x', 'x', 'x', '0000-00-00 00:00:00', '2017-18'),
(398, '2017041398', '0', 1000, 'nitin', 'Registration', 'Cash', 'x', 'x', 'x', '0000-00-00 00:00:00', '2017-18'),
(399, '2017041399', '0', 1000, 'nitin', 'Registration', 'Cash', 'x', 'x', 'x', '0000-00-00 00:00:00', '2017-18'),
(400, '2017041400', '0', 1000, 'nitin', 'Registration', 'Cash', 'x', 'x', 'x', '0000-00-00 00:00:00', '2017-18'),
(401, '2017041401', '0', 1000, 'nitin', 'Registration', 'Cash', 'x', 'x', 'x', '0000-00-00 00:00:00', '2017-18'),
(402, '2017041402', '0', 1000, 'nitin', 'Registration', 'Cash', 'x', 'x', 'x', '0000-00-00 00:00:00', '2017-18'),
(403, '2017041403', '0', 1000, 'nitin', 'Registration', 'Cash', 'x', 'x', 'x', '0000-00-00 00:00:00', '2017-18'),
(404, '2017041404', '0', 1000, 'nitin', 'Registration', 'Cash', 'x', 'x', 'x', '0000-00-00 00:00:00', '2017-18'),
(405, '2017041405', '0', 1000, 'nitin', 'Registration', 'Cash', 'x', 'x', 'x', '0000-00-00 00:00:00', '2017-18'),
(406, '2017041406', '0', 1000, 'nitin', 'Registration', 'Cash', 'x', 'x', 'x', '0000-00-00 00:00:00', '2017-18'),
(407, '2017041407', '0', 1000, 'nitin', 'Registration', 'Cash', 'x', 'x', 'x', '0000-00-00 00:00:00', '2017-18'),
(408, '2017041408', '0', 1000, 'nitin', 'Registration', 'Cash', 'x', 'x', 'x', '0000-00-00 00:00:00', '2017-18'),
(409, '2017041409', '0', 1000, 'nitin', 'Registration', 'Cash', 'x', 'x', 'x', '0000-00-00 00:00:00', '2017-18'),
(410, '2017041410', '0', 1000, 'nitin', 'Registration', 'Cash', 'x', 'x', 'x', '0000-00-00 00:00:00', '2017-18'),
(411, '2017041411', '0', 1000, 'nitin', 'Registration', 'Cash', 'x', 'x', 'x', '0000-00-00 00:00:00', '2017-18'),
(412, '2017041412', '0', 1000, 'nitin', 'Registration', 'Cash', 'x', 'x', 'x', '0000-00-00 00:00:00', '2017-18'),
(413, '2017041413', '0', 1000, 'nitin', 'Registration', 'Cash', 'x', 'x', 'x', '0000-00-00 00:00:00', '2017-18'),
(414, '2017041414', '0', 1000, 'nitin', 'Registration', 'Cash', 'x', 'x', 'x', '0000-00-00 00:00:00', '2017-18'),
(415, '2017041415', '0', 1000, 'nitin', 'Registration', 'Cash', 'x', 'x', 'x', '0000-00-00 00:00:00', '2017-18'),
(416, '2017041416', '0', 1000, 'nitin', 'Registration', 'Cash', 'x', 'x', 'x', '0000-00-00 00:00:00', '2017-18'),
(417, '2017041417', '0', 1000, 'nitin', 'Registration', 'Cash', 'x', 'x', 'x', '0000-00-00 00:00:00', '2017-18'),
(418, '2017041418', '0', 1000, 'nitin', 'Registration', 'Cash', 'x', 'x', 'x', '0000-00-00 00:00:00', '2017-18'),
(419, '2017041419', '0', 1000, 'nitin', 'Registration', 'Cash', 'x', 'x', 'x', '0000-00-00 00:00:00', '2017-18'),
(420, '2017041420', '0', 1000, 'nitin', 'Registration', 'Cash', 'x', 'x', 'x', '0000-00-00 00:00:00', '2017-18'),
(421, '2017041421', '0', 1000, 'nitin', 'Registration', 'Cash', 'x', 'x', 'x', '0000-00-00 00:00:00', '2017-18'),
(422, '2017041422', '0', 1000, 'nitin', 'Registration', 'Cash', 'x', 'x', 'x', '0000-00-00 00:00:00', '2017-18'),
(423, '2017041423', '0', 1000, 'nitin', 'Registration', 'Cash', 'x', 'x', 'x', '0000-00-00 00:00:00', '2017-18'),
(424, '2017041424', '0', 1000, 'nitin', 'Registration', 'Cash', 'x', 'x', 'x', '0000-00-00 00:00:00', '2017-18'),
(425, '2017041425', '0', 1000, 'nitin', 'Registration', 'Cash', 'x', 'x', 'x', '0000-00-00 00:00:00', '2017-18');
INSERT INTO `fee_2` (`feeID`, `regID`, `date`, `Amount`, `username`, `feetype`, `feemode`, `bankname`, `dd_ch_no`, `dd_ch_date`, `DOE_`, `SESSIONID`) VALUES
(426, '2017041426', '0', 1000, 'nitin', 'Registration', 'Cash', 'x', 'x', 'x', '0000-00-00 00:00:00', '2017-18'),
(427, '2017041427', '0', 1000, 'nitin', 'Registration', 'Cash', 'x', 'x', 'x', '0000-00-00 00:00:00', '2017-18');

-- --------------------------------------------------------

--
-- Table structure for table `fee_3_static_heads`
--

CREATE TABLE `fee_3_static_heads` (
  `ST_HD_ID` int(15) NOT NULL,
  `FEE_HEAD` varchar(100) NOT NULL,
  `DURATION` varchar(2) NOT NULL,
  `USERNAME` varchar(100) NOT NULL,
  `DATE_` timestamp NOT NULL DEFAULT CURRENT_TIMESTAMP
) ENGINE=InnoDB DEFAULT CHARSET=utf8;

--
-- Dumping data for table `fee_3_static_heads`
--

INSERT INTO `fee_3_static_heads` (`ST_HD_ID`, `FEE_HEAD`, `DURATION`, `USERNAME`, `DATE_`) VALUES
(1, 'REGISTRATION', 'n', 'nitin', '2017-10-22 07:15:56'),
(2, 'ADMISSION', 'n', 'nitin', '2017-10-22 07:14:24'),
(9, 'WITHDRAWL', 'n', 'nitin', '2017-10-22 07:15:36'),
(10, 'TUITION', '1', 'nitin', '2017-10-22 07:15:33'),
(11, 'BOOK BANK', '1', 'nitin', '2017-10-22 06:17:17'),
(12, 'MEDICAL', 'n', 'nitin', '2017-10-22 06:15:06'),
(13, 'SPORTS', '1', 'nitin', '2017-10-22 06:19:11');

-- --------------------------------------------------------

--
-- Table structure for table `fee_4_flexible_heads`
--

CREATE TABLE `fee_4_flexible_heads` (
  `FLX_HD_ID` int(15) NOT NULL,
  `FEE_HEAD` varchar(100) NOT NULL,
  `DURATION` varchar(2) NOT NULL,
  `AMOUNT` varchar(100) NOT NULL,
  `USERNAME` varchar(100) NOT NULL,
  `DATE_` timestamp NOT NULL DEFAULT CURRENT_TIMESTAMP
) ENGINE=InnoDB DEFAULT CHARSET=utf8;

--
-- Dumping data for table `fee_4_flexible_heads`
--

INSERT INTO `fee_4_flexible_heads` (`FLX_HD_ID`, `FEE_HEAD`, `DURATION`, `AMOUNT`, `USERNAME`, `DATE_`) VALUES
(1, 'EXAM FEE', '1', '500', 'nitin', '2017-10-22 07:38:43'),
(2, 'BUS FEE', 'n', '1000', 'nitin', '2016-03-21 16:12:59'),
(3, 'EXAM FEE (1 CLASS)', '1', '400', 'nitin', '2017-08-29 17:31:11'),
(4, 'CULTURAL PARTICIPATION FEE', '1', '1500', 'nitin', '2017-10-22 07:38:21');

-- --------------------------------------------------------

--
-- Table structure for table `fee_5_add_flexi_head_to_students`
--

CREATE TABLE `fee_5_add_flexi_head_to_students` (
  `ADFLXFEESTUDID` int(15) NOT NULL,
  `REGID` varchar(100) NOT NULL,
  `CLSSESSID` int(15) NOT NULL,
  `SESSID` varchar(20) NOT NULL,
  `FLX_HD_ID` int(15) NOT NULL,
  `STATUS` tinyint(1) NOT NULL,
  `USERNAME` varchar(100) NOT NULL,
  `DATE_` timestamp NOT NULL DEFAULT CURRENT_TIMESTAMP
) ENGINE=InnoDB DEFAULT CHARSET=utf8;

--
-- Dumping data for table `fee_5_add_flexi_head_to_students`
--

INSERT INTO `fee_5_add_flexi_head_to_students` (`ADFLXFEESTUDID`, `REGID`, `CLSSESSID`, `SESSID`, `FLX_HD_ID`, `STATUS`, `USERNAME`, `DATE_`) VALUES
(170, '2017041336', 423, '2017-18', 1, 1, 'nitin', '2017-09-02 19:15:41'),
(171, '2017041337', 423, '2017-18', 1, 1, 'nitin', '2017-09-02 19:15:41'),
(172, '2017041338', 423, '2017-18', 1, 1, 'nitin', '2017-09-02 19:15:41'),
(173, '2017041339', 423, '2017-18', 1, 1, 'nitin', '2017-09-02 19:15:41'),
(174, '2017041340', 423, '2017-18', 1, 1, 'nitin', '2017-09-02 19:15:41'),
(175, '2017041341', 423, '2017-18', 1, 1, 'nitin', '2017-09-02 19:15:41'),
(176, '2017041342', 423, '2017-18', 1, 1, 'nitin', '2017-09-02 19:15:41'),
(177, '2017041343', 423, '2017-18', 1, 1, 'nitin', '2017-09-02 19:15:41'),
(178, '2017041344', 423, '2017-18', 1, 1, 'nitin', '2017-09-02 19:15:41'),
(179, '2017041345', 423, '2017-18', 1, 1, 'nitin', '2017-09-02 19:15:42'),
(180, '2017041346', 423, '2017-18', 1, 1, 'nitin', '2017-09-02 19:15:42'),
(181, '2017041347', 423, '2017-18', 1, 1, 'nitin', '2017-09-02 19:15:42'),
(182, '2017041348', 423, '2017-18', 1, 1, 'nitin', '2017-09-02 19:15:42'),
(183, '2017041349', 423, '2017-18', 1, 1, 'nitin', '2017-09-02 19:15:42'),
(184, '2017041350', 423, '2017-18', 1, 1, 'nitin', '2017-09-02 19:15:42'),
(185, '2017041351', 423, '2017-18', 1, 1, 'nitin', '2017-09-02 19:15:42'),
(186, '2017041352', 423, '2017-18', 1, 1, 'nitin', '2017-09-02 19:15:42'),
(187, '2017041353', 423, '2017-18', 1, 1, 'nitin', '2017-09-02 19:15:42'),
(188, '2017041354', 423, '2017-18', 1, 1, 'nitin', '2017-09-02 19:15:42'),
(189, '2017041355', 423, '2017-18', 1, 1, 'nitin', '2017-09-02 19:15:42'),
(190, '2017041356', 423, '2017-18', 1, 1, 'nitin', '2017-09-02 19:15:42'),
(191, '2017041357', 423, '2017-18', 1, 1, 'nitin', '2017-09-02 19:15:42'),
(192, '2017041358', 423, '2017-18', 1, 1, 'nitin', '2017-09-02 19:15:42'),
(193, '2017041359', 423, '2017-18', 1, 1, 'nitin', '2017-09-02 19:15:42'),
(194, '2017041360', 423, '2017-18', 1, 1, 'nitin', '2017-09-02 19:15:42'),
(195, '2017041361', 423, '2017-18', 1, 1, 'nitin', '2017-09-02 19:15:42'),
(196, '2017041362', 423, '2017-18', 1, 1, 'nitin', '2017-09-02 19:15:42'),
(197, '2017041363', 423, '2017-18', 1, 1, 'nitin', '2017-09-02 19:15:42'),
(198, '2017041364', 423, '2017-18', 1, 1, 'nitin', '2017-09-02 19:15:42'),
(199, '2017041365', 423, '2017-18', 1, 1, 'nitin', '2017-09-02 19:15:42'),
(200, '2017041366', 423, '2017-18', 1, 1, 'nitin', '2017-09-02 19:15:42'),
(201, '2017041367', 423, '2017-18', 1, 1, 'nitin', '2017-09-02 19:15:42'),
(202, '2017041368', 423, '2017-18', 1, 1, 'nitin', '2017-09-02 19:15:42'),
(203, '2017041369', 423, '2017-18', 1, 1, 'nitin', '2017-09-02 19:15:42'),
(204, '2017041370', 423, '2017-18', 1, 1, 'nitin', '2017-09-02 19:15:42'),
(205, '2017041371', 423, '2017-18', 1, 1, 'nitin', '2017-09-02 19:15:42'),
(206, '2017041372', 423, '2017-18', 1, 1, 'nitin', '2017-09-02 19:15:42'),
(207, '2017041373', 423, '2017-18', 1, 1, 'nitin', '2017-09-02 19:15:42'),
(208, '2017041374', 423, '2017-18', 1, 1, 'nitin', '2017-09-02 19:15:42'),
(209, '2017041375', 423, '2017-18', 1, 1, 'nitin', '2017-09-02 19:15:42'),
(210, '2017041376', 423, '2017-18', 1, 1, 'nitin', '2017-09-02 19:15:42'),
(211, '2017041377', 423, '2017-18', 1, 1, 'nitin', '2017-09-02 19:15:43'),
(212, '2017041378', 423, '2017-18', 1, 1, 'nitin', '2017-09-02 19:15:43'),
(213, '2017041379', 423, '2017-18', 1, 1, 'nitin', '2017-09-02 19:15:43'),
(214, '2017041380', 423, '2017-18', 1, 1, 'nitin', '2017-09-02 19:15:43'),
(215, '2017041381', 423, '2017-18', 1, 1, 'nitin', '2017-09-02 19:15:43'),
(216, '2017041382', 423, '2017-18', 1, 1, 'nitin', '2017-09-02 19:15:43'),
(217, '2017041383', 423, '2017-18', 1, 1, 'nitin', '2017-09-02 19:15:43'),
(223, '2017041336', 423, '2017-18', 2, 1, 'nitin', '2017-09-02 19:18:00'),
(224, '2017041338', 423, '2017-18', 2, 1, 'nitin', '2017-09-02 19:18:00'),
(225, '2017041345', 423, '2017-18', 2, 1, 'nitin', '2017-09-02 19:18:00'),
(226, '2017041356', 423, '2017-18', 2, 1, 'nitin', '2017-09-02 19:18:00'),
(227, '2017041365', 423, '2017-18', 2, 1, 'nitin', '2017-09-02 19:18:00'),
(228, '2017041379', 423, '2017-18', 2, 1, 'nitin', '2017-09-02 19:18:00'),
(229, '2017041382', 423, '2017-18', 2, 1, 'nitin', '2017-09-02 19:18:00'),
(230, '2017041384', 424, '2017-18', 2, 1, 'nitin', '2017-09-02 19:18:22'),
(231, '2017041386', 424, '2017-18', 2, 1, 'nitin', '2017-09-02 19:18:22'),
(232, '2017041385', 424, '2017-18', 1, 1, 'nitin', '2017-09-02 19:18:25'),
(233, '2017041202', 391, '2017-18', 2, 1, 'nitin', '2017-09-02 19:20:21'),
(234, '2017041203', 391, '2017-18', 2, 1, 'nitin', '2017-09-02 19:20:21'),
(235, '2017041204', 391, '2017-18', 2, 1, 'nitin', '2017-09-02 19:20:21');

-- --------------------------------------------------------

--
-- Table structure for table `fee_6_invoice`
--

CREATE TABLE `fee_6_invoice` (
  `INVID` int(15) NOT NULL,
  `SESSID` varchar(20) NOT NULL,
  `CLSSESSID` int(15) NOT NULL,
  `YEAR_FROM` varchar(15) NOT NULL,
  `MONTH_FROM` varchar(30) NOT NULL,
  `YEAR_TO` varchar(15) NOT NULL,
  `MONTH_TO` varchar(30) NOT NULL,
  `NOM` int(11) NOT NULL,
  `DESCRIPTION_IFANY` text NOT NULL,
  `DATE_` timestamp NOT NULL DEFAULT CURRENT_TIMESTAMP
) ENGINE=InnoDB DEFAULT CHARSET=utf8;

--
-- Dumping data for table `fee_6_invoice`
--

INSERT INTO `fee_6_invoice` (`INVID`, `SESSID`, `CLSSESSID`, `YEAR_FROM`, `MONTH_FROM`, `YEAR_TO`, `MONTH_TO`, `NOM`, `DESCRIPTION_IFANY`, `DATE_`) VALUES
(345, '2017-18', 409, '2017', '4', '2017', '5', 2, 'x', '2017-07-12 10:27:50'),
(346, '2017-18', 409, '2017', '4', '2017', '5', 2, 'x', '2017-07-12 10:27:51'),
(347, '2017-18', 409, '2017', '4', '2017', '5', 2, 'x', '2017-07-12 10:27:51'),
(348, '2017-18', 409, '2017', '4', '2017', '5', 2, 'x', '2017-07-12 10:27:51'),
(349, '2017-18', 409, '2017', '4', '2017', '5', 2, 'x', '2017-07-12 10:27:51'),
(350, '2017-18', 409, '2017', '4', '2017', '5', 2, 'x', '2017-07-12 10:27:51'),
(351, '2017-18', 409, '2017', '4', '2017', '5', 2, 'x', '2017-07-12 10:27:51'),
(352, '2017-18', 409, '2017', '4', '2017', '5', 2, 'x', '2017-07-12 10:27:51'),
(353, '2017-18', 409, '2017', '4', '2017', '5', 2, 'x', '2017-07-12 10:27:51'),
(354, '2017-18', 409, '2017', '4', '2017', '5', 2, 'x', '2017-07-12 10:27:51'),
(355, '2017-18', 409, '2017', '4', '2017', '5', 2, 'x', '2017-07-12 10:27:51'),
(356, '2017-18', 409, '2017', '4', '2017', '5', 2, 'x', '2017-07-12 10:27:51'),
(357, '2017-18', 409, '2017', '4', '2017', '5', 2, 'x', '2017-07-12 10:27:51'),
(358, '2017-18', 409, '2017', '4', '2017', '5', 2, 'x', '2017-07-12 10:27:51'),
(359, '2017-18', 409, '2017', '4', '2017', '5', 2, 'x', '2017-07-12 10:27:51'),
(360, '2017-18', 409, '2017', '4', '2017', '5', 2, 'x', '2017-07-12 10:27:52'),
(361, '2017-18', 409, '2017', '4', '2017', '5', 2, 'x', '2017-07-12 10:27:52'),
(362, '2017-18', 409, '2017', '4', '2017', '5', 2, 'x', '2017-07-12 10:27:52'),
(363, '2017-18', 409, '2017', '4', '2017', '5', 2, 'x', '2017-07-12 10:27:52'),
(364, '2017-18', 409, '2017', '4', '2017', '5', 2, 'x', '2017-07-12 10:27:52'),
(365, '2017-18', 409, '2017', '4', '2017', '5', 2, 'x', '2017-07-12 10:27:52'),
(366, '2017-18', 409, '2017', '4', '2017', '5', 2, 'x', '2017-07-12 10:27:52'),
(367, '2017-18', 409, '2017', '4', '2017', '5', 2, 'x', '2017-07-12 10:27:52'),
(368, '2017-18', 409, '2017', '4', '2017', '5', 2, 'x', '2017-07-12 10:27:52'),
(369, '2017-18', 409, '2017', '4', '2017', '5', 2, 'x', '2017-07-12 10:27:52'),
(370, '2017-18', 409, '2017', '4', '2017', '5', 2, 'x', '2017-07-12 10:27:52'),
(371, '2017-18', 409, '2017', '4', '2017', '5', 2, 'x', '2017-07-12 10:27:52'),
(372, '2017-18', 409, '2017', '4', '2017', '5', 2, 'x', '2017-07-12 10:27:52'),
(373, '2017-18', 409, '2017', '4', '2017', '5', 2, 'x', '2017-07-12 10:27:52'),
(374, '2017-18', 409, '2017', '4', '2017', '5', 2, 'x', '2017-07-12 10:27:52'),
(375, '2017-18', 409, '2017', '4', '2017', '5', 2, 'x', '2017-07-12 10:27:52'),
(376, '2017-18', 409, '2017', '4', '2017', '5', 2, 'x', '2017-07-12 10:27:52'),
(377, '2017-18', 409, '2017', '4', '2017', '5', 2, 'x', '2017-07-12 10:27:52'),
(378, '2017-18', 409, '2017', '4', '2017', '5', 2, 'x', '2017-07-12 10:27:53'),
(379, '2017-18', 409, '2017', '4', '2017', '5', 2, 'x', '2017-07-12 10:27:53'),
(380, '2017-18', 409, '2017', '4', '2017', '5', 2, 'x', '2017-07-12 10:27:53'),
(381, '2017-18', 409, '2017', '4', '2017', '5', 2, 'x', '2017-07-12 10:27:53'),
(382, '2017-18', 409, '2017', '4', '2017', '5', 2, 'x', '2017-07-12 10:27:53'),
(383, '2017-18', 409, '2017', '6', '2017', '7', 2, 'x', '2017-07-12 10:46:53'),
(384, '2017-18', 409, '2017', '6', '2017', '7', 2, 'x', '2017-07-12 10:46:53'),
(385, '2017-18', 409, '2017', '6', '2017', '7', 2, 'x', '2017-07-12 10:46:53'),
(386, '2017-18', 409, '2017', '6', '2017', '7', 2, 'x', '2017-07-12 10:46:53'),
(387, '2017-18', 409, '2017', '6', '2017', '7', 2, 'x', '2017-07-12 10:46:53'),
(388, '2017-18', 409, '2017', '6', '2017', '7', 2, 'x', '2017-07-12 10:46:53'),
(389, '2017-18', 409, '2017', '6', '2017', '7', 2, 'x', '2017-07-12 10:46:54'),
(390, '2017-18', 409, '2017', '6', '2017', '7', 2, 'x', '2017-07-12 10:46:54'),
(391, '2017-18', 409, '2017', '6', '2017', '7', 2, 'x', '2017-07-12 10:46:54'),
(392, '2017-18', 409, '2017', '6', '2017', '7', 2, 'x', '2017-07-12 10:46:54'),
(393, '2017-18', 409, '2017', '6', '2017', '7', 2, 'x', '2017-07-12 10:46:54'),
(394, '2017-18', 409, '2017', '6', '2017', '7', 2, 'x', '2017-07-12 10:46:54'),
(395, '2017-18', 409, '2017', '6', '2017', '7', 2, 'x', '2017-07-12 10:46:54'),
(396, '2017-18', 409, '2017', '6', '2017', '7', 2, 'x', '2017-07-12 10:46:54'),
(397, '2017-18', 409, '2017', '6', '2017', '7', 2, 'x', '2017-07-12 10:46:54'),
(398, '2017-18', 409, '2017', '6', '2017', '7', 2, 'x', '2017-07-12 10:46:54'),
(399, '2017-18', 409, '2017', '6', '2017', '7', 2, 'x', '2017-07-12 10:46:54'),
(400, '2017-18', 409, '2017', '6', '2017', '7', 2, 'x', '2017-07-12 10:46:54'),
(401, '2017-18', 409, '2017', '6', '2017', '7', 2, 'x', '2017-07-12 10:46:54'),
(402, '2017-18', 409, '2017', '6', '2017', '7', 2, 'x', '2017-07-12 10:46:54'),
(403, '2017-18', 409, '2017', '6', '2017', '7', 2, 'x', '2017-07-12 10:46:54'),
(404, '2017-18', 409, '2017', '6', '2017', '7', 2, 'x', '2017-07-12 10:46:55'),
(405, '2017-18', 409, '2017', '6', '2017', '7', 2, 'x', '2017-07-12 10:46:55'),
(406, '2017-18', 409, '2017', '6', '2017', '7', 2, 'x', '2017-07-12 10:46:55'),
(407, '2017-18', 409, '2017', '6', '2017', '7', 2, 'x', '2017-07-12 10:46:55'),
(408, '2017-18', 409, '2017', '6', '2017', '7', 2, 'x', '2017-07-12 10:46:55'),
(409, '2017-18', 409, '2017', '6', '2017', '7', 2, 'x', '2017-07-12 10:46:55'),
(410, '2017-18', 409, '2017', '6', '2017', '7', 2, 'x', '2017-07-12 10:46:55'),
(411, '2017-18', 409, '2017', '6', '2017', '7', 2, 'x', '2017-07-12 10:46:55'),
(412, '2017-18', 409, '2017', '6', '2017', '7', 2, 'x', '2017-07-12 10:46:55'),
(413, '2017-18', 409, '2017', '6', '2017', '7', 2, 'x', '2017-07-12 10:46:55'),
(414, '2017-18', 409, '2017', '6', '2017', '7', 2, 'x', '2017-07-12 10:46:55'),
(415, '2017-18', 409, '2017', '6', '2017', '7', 2, 'x', '2017-07-12 10:46:55'),
(416, '2017-18', 409, '2017', '6', '2017', '7', 2, 'x', '2017-07-12 10:46:55'),
(417, '2017-18', 409, '2017', '6', '2017', '7', 2, 'x', '2017-07-12 10:46:55'),
(418, '2017-18', 409, '2017', '6', '2017', '7', 2, 'x', '2017-07-12 10:46:55'),
(419, '2017-18', 409, '2017', '6', '2017', '7', 2, 'x', '2017-07-12 10:46:55'),
(420, '2017-18', 409, '2017', '6', '2017', '7', 2, 'x', '2017-07-12 10:46:56'),
(421, '2017-18', 409, '2017', '8', '2017', '8', 1, 'x', '2017-07-12 10:54:42'),
(422, '2017-18', 409, '2017', '8', '2017', '8', 1, 'x', '2017-07-12 10:54:42'),
(423, '2017-18', 409, '2017', '8', '2017', '8', 1, 'x', '2017-07-12 10:54:42'),
(424, '2017-18', 409, '2017', '8', '2017', '8', 1, 'x', '2017-07-12 10:54:42'),
(425, '2017-18', 409, '2017', '8', '2017', '8', 1, 'x', '2017-07-12 10:54:42'),
(426, '2017-18', 409, '2017', '8', '2017', '8', 1, 'x', '2017-07-12 10:54:42'),
(427, '2017-18', 409, '2017', '8', '2017', '8', 1, 'x', '2017-07-12 10:54:42'),
(428, '2017-18', 409, '2017', '8', '2017', '8', 1, 'x', '2017-07-12 10:54:42'),
(429, '2017-18', 409, '2017', '8', '2017', '8', 1, 'x', '2017-07-12 10:54:42'),
(430, '2017-18', 409, '2017', '8', '2017', '8', 1, 'x', '2017-07-12 10:54:42'),
(431, '2017-18', 409, '2017', '8', '2017', '8', 1, 'x', '2017-07-12 10:54:42'),
(432, '2017-18', 409, '2017', '8', '2017', '8', 1, 'x', '2017-07-12 10:54:42'),
(433, '2017-18', 409, '2017', '8', '2017', '8', 1, 'x', '2017-07-12 10:54:42'),
(434, '2017-18', 409, '2017', '8', '2017', '8', 1, 'x', '2017-07-12 10:54:42'),
(435, '2017-18', 409, '2017', '8', '2017', '8', 1, 'x', '2017-07-12 10:54:42'),
(436, '2017-18', 409, '2017', '8', '2017', '8', 1, 'x', '2017-07-12 10:54:42'),
(437, '2017-18', 409, '2017', '8', '2017', '8', 1, 'x', '2017-07-12 10:54:42'),
(438, '2017-18', 409, '2017', '8', '2017', '8', 1, 'x', '2017-07-12 10:54:43'),
(439, '2017-18', 409, '2017', '8', '2017', '8', 1, 'x', '2017-07-12 10:54:43'),
(440, '2017-18', 409, '2017', '8', '2017', '8', 1, 'x', '2017-07-12 10:54:43'),
(441, '2017-18', 409, '2017', '8', '2017', '8', 1, 'x', '2017-07-12 10:54:43'),
(442, '2017-18', 409, '2017', '8', '2017', '8', 1, 'x', '2017-07-12 10:54:43'),
(443, '2017-18', 409, '2017', '8', '2017', '8', 1, 'x', '2017-07-12 10:54:43'),
(444, '2017-18', 409, '2017', '8', '2017', '8', 1, 'x', '2017-07-12 10:54:43'),
(445, '2017-18', 409, '2017', '8', '2017', '8', 1, 'x', '2017-07-12 10:54:43'),
(446, '2017-18', 409, '2017', '8', '2017', '8', 1, 'x', '2017-07-12 10:54:43'),
(447, '2017-18', 409, '2017', '8', '2017', '8', 1, 'x', '2017-07-12 10:54:43'),
(448, '2017-18', 409, '2017', '8', '2017', '8', 1, 'x', '2017-07-12 10:54:43'),
(449, '2017-18', 409, '2017', '8', '2017', '8', 1, 'x', '2017-07-12 10:54:43'),
(450, '2017-18', 409, '2017', '8', '2017', '8', 1, 'x', '2017-07-12 10:54:43'),
(451, '2017-18', 409, '2017', '8', '2017', '8', 1, 'x', '2017-07-12 10:54:43'),
(452, '2017-18', 409, '2017', '8', '2017', '8', 1, 'x', '2017-07-12 10:54:43'),
(453, '2017-18', 409, '2017', '8', '2017', '8', 1, 'x', '2017-07-12 10:54:43'),
(454, '2017-18', 409, '2017', '8', '2017', '8', 1, 'x', '2017-07-12 10:54:43'),
(455, '2017-18', 409, '2017', '8', '2017', '8', 1, 'x', '2017-07-12 10:54:43'),
(456, '2017-18', 409, '2017', '8', '2017', '8', 1, 'x', '2017-07-12 10:54:43'),
(457, '2017-18', 409, '2017', '8', '2017', '8', 1, 'x', '2017-07-12 10:54:43'),
(458, '2017-18', 409, '2017', '8', '2017', '8', 1, 'x', '2017-07-12 10:54:43'),
(459, '2017-18', 409, '2017', '9', '2017', '9', 1, 'x', '2017-07-12 10:56:35'),
(460, '2017-18', 409, '2017', '9', '2017', '9', 1, 'x', '2017-07-12 10:56:35'),
(461, '2017-18', 409, '2017', '9', '2017', '9', 1, 'x', '2017-07-12 10:56:35'),
(462, '2017-18', 409, '2017', '9', '2017', '9', 1, 'x', '2017-07-12 10:56:35'),
(463, '2017-18', 409, '2017', '9', '2017', '9', 1, 'x', '2017-07-12 10:56:35'),
(464, '2017-18', 409, '2017', '9', '2017', '9', 1, 'x', '2017-07-12 10:56:35'),
(465, '2017-18', 409, '2017', '9', '2017', '9', 1, 'x', '2017-07-12 10:56:35'),
(466, '2017-18', 409, '2017', '9', '2017', '9', 1, 'x', '2017-07-12 10:56:35'),
(467, '2017-18', 409, '2017', '9', '2017', '9', 1, 'x', '2017-07-12 10:56:35'),
(468, '2017-18', 409, '2017', '9', '2017', '9', 1, 'x', '2017-07-12 10:56:35'),
(469, '2017-18', 409, '2017', '9', '2017', '9', 1, 'x', '2017-07-12 10:56:35'),
(470, '2017-18', 409, '2017', '9', '2017', '9', 1, 'x', '2017-07-12 10:56:35'),
(471, '2017-18', 409, '2017', '9', '2017', '9', 1, 'x', '2017-07-12 10:56:36'),
(472, '2017-18', 409, '2017', '9', '2017', '9', 1, 'x', '2017-07-12 10:56:36'),
(473, '2017-18', 409, '2017', '9', '2017', '9', 1, 'x', '2017-07-12 10:56:36'),
(474, '2017-18', 409, '2017', '9', '2017', '9', 1, 'x', '2017-07-12 10:56:36'),
(475, '2017-18', 409, '2017', '9', '2017', '9', 1, 'x', '2017-07-12 10:56:36'),
(476, '2017-18', 409, '2017', '9', '2017', '9', 1, 'x', '2017-07-12 10:56:36'),
(477, '2017-18', 409, '2017', '9', '2017', '9', 1, 'x', '2017-07-12 10:56:36'),
(478, '2017-18', 409, '2017', '9', '2017', '9', 1, 'x', '2017-07-12 10:56:36'),
(479, '2017-18', 409, '2017', '9', '2017', '9', 1, 'x', '2017-07-12 10:56:36'),
(480, '2017-18', 409, '2017', '9', '2017', '9', 1, 'x', '2017-07-12 10:56:36'),
(481, '2017-18', 409, '2017', '9', '2017', '9', 1, 'x', '2017-07-12 10:56:36'),
(482, '2017-18', 409, '2017', '9', '2017', '9', 1, 'x', '2017-07-12 10:56:36'),
(483, '2017-18', 409, '2017', '9', '2017', '9', 1, 'x', '2017-07-12 10:56:36'),
(484, '2017-18', 409, '2017', '9', '2017', '9', 1, 'x', '2017-07-12 10:56:36'),
(485, '2017-18', 409, '2017', '9', '2017', '9', 1, 'x', '2017-07-12 10:56:37'),
(486, '2017-18', 409, '2017', '9', '2017', '9', 1, 'x', '2017-07-12 10:56:37'),
(487, '2017-18', 409, '2017', '9', '2017', '9', 1, 'x', '2017-07-12 10:56:37'),
(488, '2017-18', 409, '2017', '9', '2017', '9', 1, 'x', '2017-07-12 10:56:37'),
(489, '2017-18', 409, '2017', '9', '2017', '9', 1, 'x', '2017-07-12 10:56:37'),
(490, '2017-18', 409, '2017', '9', '2017', '9', 1, 'x', '2017-07-12 10:56:37'),
(491, '2017-18', 409, '2017', '9', '2017', '9', 1, 'x', '2017-07-12 10:56:37'),
(492, '2017-18', 409, '2017', '9', '2017', '9', 1, 'x', '2017-07-12 10:56:37'),
(493, '2017-18', 409, '2017', '9', '2017', '9', 1, 'x', '2017-07-12 10:56:37'),
(494, '2017-18', 409, '2017', '9', '2017', '9', 1, 'x', '2017-07-12 10:56:37'),
(495, '2017-18', 409, '2017', '9', '2017', '9', 1, 'x', '2017-07-12 10:56:37'),
(496, '2017-18', 409, '2017', '9', '2017', '9', 1, 'x', '2017-07-12 10:56:37'),
(497, '2017-18', 405, '2017', '4', '2017', '5', 2, 'x', '2017-07-20 09:12:44'),
(498, '2017-18', 405, '2017', '4', '2017', '5', 2, 'x', '2017-07-20 09:12:44'),
(499, '2017-18', 405, '2017', '4', '2017', '5', 2, 'x', '2017-07-20 09:12:44'),
(500, '2017-18', 405, '2017', '4', '2017', '5', 2, 'x', '2017-07-20 09:12:44'),
(501, '2017-18', 405, '2017', '4', '2017', '5', 2, 'x', '2017-07-20 09:12:44'),
(502, '2017-18', 405, '2017', '4', '2017', '5', 2, 'x', '2017-07-20 09:12:44'),
(503, '2017-18', 405, '2017', '4', '2017', '5', 2, 'x', '2017-07-20 09:12:44'),
(504, '2017-18', 405, '2017', '4', '2017', '5', 2, 'x', '2017-07-20 09:12:44'),
(505, '2017-18', 405, '2017', '4', '2017', '5', 2, 'x', '2017-07-20 09:12:44'),
(506, '2017-18', 405, '2017', '4', '2017', '5', 2, 'x', '2017-07-20 09:12:44'),
(507, '2017-18', 405, '2017', '4', '2017', '5', 2, 'x', '2017-07-20 09:12:45'),
(508, '2017-18', 405, '2017', '4', '2017', '5', 2, 'x', '2017-07-20 09:12:45'),
(509, '2017-18', 405, '2017', '4', '2017', '5', 2, 'x', '2017-07-20 09:12:45'),
(510, '2017-18', 405, '2017', '4', '2017', '5', 2, 'x', '2017-07-20 09:12:45'),
(511, '2017-18', 405, '2017', '4', '2017', '5', 2, 'x', '2017-07-20 09:12:45'),
(512, '2017-18', 405, '2017', '4', '2017', '5', 2, 'x', '2017-07-20 09:12:45'),
(513, '2017-18', 405, '2017', '4', '2017', '5', 2, 'x', '2017-07-20 09:12:45'),
(514, '2017-18', 405, '2017', '4', '2017', '5', 2, 'x', '2017-07-20 09:12:45'),
(515, '2017-18', 405, '2017', '4', '2017', '5', 2, 'x', '2017-07-20 09:12:45'),
(516, '2017-18', 405, '2017', '4', '2017', '5', 2, 'x', '2017-07-20 09:12:45'),
(517, '2017-18', 405, '2017', '4', '2017', '5', 2, 'x', '2017-07-20 09:12:45'),
(518, '2017-18', 405, '2017', '4', '2017', '5', 2, 'x', '2017-07-20 09:12:45'),
(519, '2017-18', 405, '2017', '4', '2017', '5', 2, 'x', '2017-07-20 09:12:45'),
(520, '2017-18', 405, '2017', '4', '2017', '5', 2, 'x', '2017-07-20 09:12:45'),
(521, '2017-18', 405, '2017', '4', '2017', '5', 2, 'x', '2017-07-20 09:12:45'),
(522, '2017-18', 405, '2017', '4', '2017', '5', 2, 'x', '2017-07-20 09:12:45'),
(523, '2017-18', 405, '2017', '4', '2017', '5', 2, 'x', '2017-07-20 09:12:45'),
(524, '2017-18', 405, '2017', '4', '2017', '5', 2, 'x', '2017-07-20 09:12:45'),
(525, '2017-18', 405, '2017', '4', '2017', '5', 2, 'x', '2017-07-20 09:12:45'),
(526, '2017-18', 405, '2017', '4', '2017', '5', 2, 'x', '2017-07-20 09:12:45'),
(527, '2017-18', 405, '2017', '4', '2017', '5', 2, 'x', '2017-07-20 09:12:45'),
(528, '2017-18', 405, '2017', '4', '2017', '5', 2, 'x', '2017-07-20 09:12:45'),
(529, '2017-18', 405, '2017', '4', '2017', '5', 2, 'x', '2017-07-20 09:12:45'),
(530, '2017-18', 405, '2017', '4', '2017', '5', 2, 'x', '2017-07-20 09:12:45'),
(531, '2017-18', 405, '2017', '4', '2017', '5', 2, 'x', '2017-07-20 09:12:46'),
(532, '2017-18', 405, '2017', '4', '2017', '5', 2, 'x', '2017-07-20 09:12:46'),
(533, '2017-18', 405, '2017', '4', '2017', '5', 2, 'x', '2017-07-20 09:12:46'),
(534, '2017-18', 405, '2017', '4', '2017', '5', 2, 'x', '2017-07-20 09:12:46'),
(535, '2017-18', 405, '2017', '4', '2017', '5', 2, 'x', '2017-07-20 09:12:46'),
(536, '2017-18', 405, '2017', '4', '2017', '5', 2, 'x', '2017-07-20 09:12:46'),
(537, '2017-18', 405, '2017', '4', '2017', '5', 2, 'x', '2017-07-20 09:12:46'),
(538, '2017-18', 409, '2017', '10', '2017', '11', 2, 'x', '2017-07-20 10:24:49'),
(539, '2017-18', 409, '2017', '10', '2017', '11', 2, 'x', '2017-07-20 10:24:49'),
(540, '2017-18', 409, '2017', '10', '2017', '11', 2, 'x', '2017-07-20 10:24:49'),
(541, '2017-18', 409, '2017', '10', '2017', '11', 2, 'x', '2017-07-20 10:24:49'),
(542, '2017-18', 409, '2017', '10', '2017', '11', 2, 'x', '2017-07-20 10:24:49'),
(543, '2017-18', 409, '2017', '10', '2017', '11', 2, 'x', '2017-07-20 10:24:49'),
(544, '2017-18', 409, '2017', '10', '2017', '11', 2, 'x', '2017-07-20 10:24:49'),
(545, '2017-18', 409, '2017', '10', '2017', '11', 2, 'x', '2017-07-20 10:24:49'),
(546, '2017-18', 409, '2017', '10', '2017', '11', 2, 'x', '2017-07-20 10:24:49'),
(547, '2017-18', 409, '2017', '10', '2017', '11', 2, 'x', '2017-07-20 10:24:49'),
(548, '2017-18', 409, '2017', '10', '2017', '11', 2, 'x', '2017-07-20 10:24:49'),
(549, '2017-18', 409, '2017', '10', '2017', '11', 2, 'x', '2017-07-20 10:24:49'),
(550, '2017-18', 409, '2017', '10', '2017', '11', 2, 'x', '2017-07-20 10:24:49'),
(551, '2017-18', 409, '2017', '10', '2017', '11', 2, 'x', '2017-07-20 10:24:49'),
(552, '2017-18', 409, '2017', '10', '2017', '11', 2, 'x', '2017-07-20 10:24:49'),
(553, '2017-18', 409, '2017', '10', '2017', '11', 2, 'x', '2017-07-20 10:24:49'),
(554, '2017-18', 409, '2017', '10', '2017', '11', 2, 'x', '2017-07-20 10:24:49'),
(555, '2017-18', 409, '2017', '10', '2017', '11', 2, 'x', '2017-07-20 10:24:49'),
(556, '2017-18', 409, '2017', '10', '2017', '11', 2, 'x', '2017-07-20 10:24:49'),
(557, '2017-18', 409, '2017', '10', '2017', '11', 2, 'x', '2017-07-20 10:24:49'),
(558, '2017-18', 409, '2017', '10', '2017', '11', 2, 'x', '2017-07-20 10:24:49'),
(559, '2017-18', 409, '2017', '10', '2017', '11', 2, 'x', '2017-07-20 10:24:49'),
(560, '2017-18', 409, '2017', '10', '2017', '11', 2, 'x', '2017-07-20 10:24:49'),
(561, '2017-18', 409, '2017', '10', '2017', '11', 2, 'x', '2017-07-20 10:24:49'),
(562, '2017-18', 409, '2017', '10', '2017', '11', 2, 'x', '2017-07-20 10:24:49'),
(563, '2017-18', 409, '2017', '10', '2017', '11', 2, 'x', '2017-07-20 10:24:49'),
(564, '2017-18', 409, '2017', '10', '2017', '11', 2, 'x', '2017-07-20 10:24:49'),
(565, '2017-18', 409, '2017', '10', '2017', '11', 2, 'x', '2017-07-20 10:24:49'),
(566, '2017-18', 409, '2017', '10', '2017', '11', 2, 'x', '2017-07-20 10:24:49'),
(567, '2017-18', 409, '2017', '10', '2017', '11', 2, 'x', '2017-07-20 10:24:50'),
(568, '2017-18', 409, '2017', '10', '2017', '11', 2, 'x', '2017-07-20 10:24:50'),
(569, '2017-18', 409, '2017', '10', '2017', '11', 2, 'x', '2017-07-20 10:24:50'),
(570, '2017-18', 409, '2017', '10', '2017', '11', 2, 'x', '2017-07-20 10:24:50'),
(571, '2017-18', 409, '2017', '10', '2017', '11', 2, 'x', '2017-07-20 10:24:50'),
(572, '2017-18', 409, '2017', '10', '2017', '11', 2, 'x', '2017-07-20 10:24:50'),
(573, '2017-18', 409, '2017', '10', '2017', '11', 2, 'x', '2017-07-20 10:24:50'),
(574, '2017-18', 409, '2017', '10', '2017', '11', 2, 'x', '2017-07-20 10:24:50'),
(575, '2017-18', 409, '2017', '10', '2017', '11', 2, 'x', '2017-07-20 10:24:50'),
(576, '2017-18', 409, '2017', '12', '2018', '3', 4, 'x', '2017-08-08 09:28:35'),
(577, '2017-18', 409, '2017', '12', '2018', '3', 4, 'x', '2017-08-08 09:28:35'),
(578, '2017-18', 409, '2017', '12', '2018', '3', 4, 'x', '2017-08-08 09:28:35'),
(579, '2017-18', 409, '2017', '12', '2018', '3', 4, 'x', '2017-08-08 09:28:35'),
(580, '2017-18', 409, '2017', '12', '2018', '3', 4, 'x', '2017-08-08 09:28:35'),
(581, '2017-18', 409, '2017', '12', '2018', '3', 4, 'x', '2017-08-08 09:28:35'),
(582, '2017-18', 409, '2017', '12', '2018', '3', 4, 'x', '2017-08-08 09:28:35'),
(583, '2017-18', 409, '2017', '12', '2018', '3', 4, 'x', '2017-08-08 09:28:35'),
(584, '2017-18', 409, '2017', '12', '2018', '3', 4, 'x', '2017-08-08 09:28:35'),
(585, '2017-18', 409, '2017', '12', '2018', '3', 4, 'x', '2017-08-08 09:28:35'),
(586, '2017-18', 409, '2017', '12', '2018', '3', 4, 'x', '2017-08-08 09:28:35'),
(587, '2017-18', 409, '2017', '12', '2018', '3', 4, 'x', '2017-08-08 09:28:35'),
(588, '2017-18', 409, '2017', '12', '2018', '3', 4, 'x', '2017-08-08 09:28:35'),
(589, '2017-18', 409, '2017', '12', '2018', '3', 4, 'x', '2017-08-08 09:28:35'),
(590, '2017-18', 409, '2017', '12', '2018', '3', 4, 'x', '2017-08-08 09:28:35'),
(591, '2017-18', 409, '2017', '12', '2018', '3', 4, 'x', '2017-08-08 09:28:36'),
(592, '2017-18', 409, '2017', '12', '2018', '3', 4, 'x', '2017-08-08 09:28:36'),
(593, '2017-18', 409, '2017', '12', '2018', '3', 4, 'x', '2017-08-08 09:28:36'),
(594, '2017-18', 409, '2017', '12', '2018', '3', 4, 'x', '2017-08-08 09:28:36'),
(595, '2017-18', 409, '2017', '12', '2018', '3', 4, 'x', '2017-08-08 09:28:36'),
(596, '2017-18', 409, '2017', '12', '2018', '3', 4, 'x', '2017-08-08 09:28:36'),
(597, '2017-18', 409, '2017', '12', '2018', '3', 4, 'x', '2017-08-08 09:28:36'),
(598, '2017-18', 409, '2017', '12', '2018', '3', 4, 'x', '2017-08-08 09:28:36'),
(599, '2017-18', 409, '2017', '12', '2018', '3', 4, 'x', '2017-08-08 09:28:36'),
(600, '2017-18', 409, '2017', '12', '2018', '3', 4, 'x', '2017-08-08 09:28:36'),
(601, '2017-18', 409, '2017', '12', '2018', '3', 4, 'x', '2017-08-08 09:28:36'),
(602, '2017-18', 409, '2017', '12', '2018', '3', 4, 'x', '2017-08-08 09:28:36'),
(603, '2017-18', 409, '2017', '12', '2018', '3', 4, 'x', '2017-08-08 09:28:36'),
(604, '2017-18', 409, '2017', '12', '2018', '3', 4, 'x', '2017-08-08 09:28:36'),
(605, '2017-18', 409, '2017', '12', '2018', '3', 4, 'x', '2017-08-08 09:28:36'),
(606, '2017-18', 409, '2017', '12', '2018', '3', 4, 'x', '2017-08-08 09:28:36'),
(607, '2017-18', 409, '2017', '12', '2018', '3', 4, 'x', '2017-08-08 09:28:36'),
(608, '2017-18', 409, '2017', '12', '2018', '3', 4, 'x', '2017-08-08 09:28:36'),
(609, '2017-18', 409, '2017', '12', '2018', '3', 4, 'x', '2017-08-08 09:28:36'),
(610, '2017-18', 409, '2017', '12', '2018', '3', 4, 'x', '2017-08-08 09:28:36'),
(611, '2017-18', 409, '2017', '12', '2018', '3', 4, 'x', '2017-08-08 09:28:36'),
(612, '2017-18', 409, '2017', '12', '2018', '3', 4, 'x', '2017-08-08 09:28:36'),
(613, '2017-18', 409, '2017', '12', '2018', '3', 4, 'x', '2017-08-08 09:28:36');

-- --------------------------------------------------------

--
-- Table structure for table `fee_6_invoice_detail`
--

CREATE TABLE `fee_6_invoice_detail` (
  `INVDETID` int(11) NOT NULL,
  `INVID` int(11) NOT NULL,
  `STATIC_HEADS_1_TIME` varchar(150) NOT NULL,
  `STATIC_SPLIT_AMT_1_TIME` varchar(150) NOT NULL,
  `STATIC_HEADS_N_TIMES` varchar(150) NOT NULL,
  `STATIC_SPLIT_AMT_N_TIME` varchar(150) NOT NULL,
  `FLEXIBLE_HEADS_1_TIME` varchar(150) NOT NULL,
  `FLEXI_SPLIT_AMT_1_TIME` varchar(150) NOT NULL,
  `FLEXIBLE_HEADS_N_TIMES` varchar(150) NOT NULL,
  `FLEXI_SPLIT_AMT_N_TIMES` varchar(150) NOT NULL,
  `ACTUAL_AMOUNT` float(11,2) NOT NULL,
  `DESCRIPTION_IFANY` text NOT NULL,
  `REGID` varchar(25) NOT NULL,
  `ACTUAL_DUE_AMOUNT` int(11) NOT NULL,
  `DUE_AMOUNT` int(11) NOT NULL,
  `DATE_` timestamp NOT NULL DEFAULT CURRENT_TIMESTAMP
) ENGINE=InnoDB DEFAULT CHARSET=utf8;

-- --------------------------------------------------------

--
-- Table structure for table `fee_7_receipts`
--

CREATE TABLE `fee_7_receipts` (
  `RECPTID` int(15) NOT NULL,
  `FLEXI_FEE_STATUS` varchar(100) NOT NULL,
  `ADFLXFEESTUDID` text NOT NULL,
  `DISCOUNT` varchar(10) NOT NULL,
  `DISCOUNT_AMOUNT` varchar(10) NOT NULL,
  `DESCRIPTION_IFANY` text NOT NULL,
  `ACTUAL_PAID_AMT` int(11) NOT NULL,
  `FINE` float NOT NULL,
  `MODE` varchar(10) NOT NULL,
  `DD_CQ_NO` varchar(15) NOT NULL,
  `DD_CQ_DATE` varchar(25) NOT NULL,
  `regid` varchar(25) NOT NULL,
  `INVDETID` int(15) NOT NULL,
  `DATE_` timestamp NOT NULL DEFAULT CURRENT_TIMESTAMP
) ENGINE=InnoDB DEFAULT CHARSET=utf8;

--
-- Dumping data for table `fee_7_receipts`
--

INSERT INTO `fee_7_receipts` (`RECPTID`, `FLEXI_FEE_STATUS`, `ADFLXFEESTUDID`, `DISCOUNT`, `DISCOUNT_AMOUNT`, `DESCRIPTION_IFANY`, `ACTUAL_PAID_AMT`, `FINE`, `MODE`, `DD_CQ_NO`, `DD_CQ_DATE`, `regid`, `INVDETID`, `DATE_`) VALUES
(48, '0', '', '0', '0', 'x', 29000, 0, 'cash', 'x', 'x', '2017041164', 345, '2017-07-12 10:28:14'),
(49, '1', 'BUS FEE', '0', '0', 'x', 31000, 0, 'cash', 'x', 'x', '2017041169', 350, '2017-07-12 10:31:17'),
(50, '0', '', '0', '0', 'x', 29000, 0, 'cash', 'x', 'x', '2017041165', 346, '2017-07-12 10:38:09'),
(51, '0', '', '0', '0', 'x', 20000, 0, 'cash', 'x', 'x', '2017041164', 421, '2017-07-12 10:55:30'),
(52, '0', '', '0', '0', 'x', 38000, 0, 'cash', 'x', 'x', '2017041164', 459, '2017-07-12 11:08:41'),
(53, '1', 'BUS FEE', '0', '0', 'x', 93000, 0, 'cash', 'x', 'x', '2017041167', 462, '2017-07-17 04:55:41'),
(54, '1', 'BUS FEE', '1', '1000', 'x', 5000, 2000, 'cash', 'x', 'x', '2017041167', 541, '2017-07-20 10:25:47'),
(55, '0', '', '0', '0', 'x', 10000, 0, 'cash', 'x', 'x', '2017041165', 577, '2017-08-08 09:29:35');

-- --------------------------------------------------------

--
-- Table structure for table `fee_8_class_fee`
--

CREATE TABLE `fee_8_class_fee` (
  `CFEEID` int(15) NOT NULL,
  `CLSSESSID` int(15) NOT NULL,
  `TOTFEE` varchar(100) NOT NULL,
  `USERNAME` varchar(100) NOT NULL,
  `DATE_` timestamp NOT NULL DEFAULT CURRENT_TIMESTAMP
) ENGINE=InnoDB DEFAULT CHARSET=utf8;

--
-- Dumping data for table `fee_8_class_fee`
--

INSERT INTO `fee_8_class_fee` (`CFEEID`, `CLSSESSID`, `TOTFEE`, `USERNAME`, `DATE_`) VALUES
(55, 424, '6000', 'nitin', '2017-08-30 18:29:51'),
(56, 391, '6666', 'nitin', '2017-08-30 18:29:51'),
(57, 422, '5000', 'nitin', '2017-08-30 18:29:51'),
(58, 423, '5000', 'nitin', '2017-08-30 18:29:51'),
(59, 426, '5000', 'nitin', '2017-08-30 18:29:51'),
(60, 405, '5000', 'nitin', '2017-08-30 18:29:51'),
(61, 406, '5000', 'nitin', '2017-08-30 18:29:51'),
(62, 407, '5000', 'nitin', '2017-08-30 18:29:51'),
(63, 408, '5000', 'nitin', '2017-08-30 18:29:51'),
(64, 409, '5000', 'nitin', '2017-08-30 18:29:51');

-- --------------------------------------------------------

--
-- Table structure for table `fee_9_class_fee_split`
--

CREATE TABLE `fee_9_class_fee_split` (
  `CFEESPLITID` int(15) NOT NULL,
  `CFEEID` int(15) NOT NULL,
  `ST_HD_ID` int(15) NOT NULL,
  `AMOUNT` varchar(100) NOT NULL,
  `PAYMENT_STATUS` varchar(15) NOT NULL,
  `USERNAME` varchar(100) NOT NULL,
  `DATE_` timestamp NOT NULL DEFAULT CURRENT_TIMESTAMP
) ENGINE=InnoDB DEFAULT CHARSET=utf8;

--
-- Dumping data for table `fee_9_class_fee_split`
--

INSERT INTO `fee_9_class_fee_split` (`CFEESPLITID`, `CFEEID`, `ST_HD_ID`, `AMOUNT`, `PAYMENT_STATUS`, `USERNAME`, `DATE_`) VALUES
(70, 55, 9, '1000', '12', 'nitin', '2017-08-30 18:29:25'),
(71, 56, 9, '1000', '12', 'nitin', '2017-08-30 18:29:25'),
(72, 56, 1, '666', '12', 'nitin', '2017-08-30 18:29:36'),
(73, 57, 2, '5000', '12', 'nitin', '2017-08-30 18:29:51'),
(74, 58, 2, '5000', '12', 'nitin', '2017-08-30 18:29:51'),
(75, 55, 2, '5000', '12', 'nitin', '2017-08-30 18:29:51'),
(76, 59, 2, '5000', '12', 'nitin', '2017-08-30 18:29:51'),
(77, 56, 2, '5000', '12', 'nitin', '2017-08-30 18:29:51'),
(78, 60, 2, '5000', '12', 'nitin', '2017-08-30 18:29:51'),
(79, 61, 2, '5000', '12', 'nitin', '2017-08-30 18:29:51'),
(80, 62, 2, '5000', '12', 'nitin', '2017-08-30 18:29:51'),
(81, 63, 2, '5000', '12', 'nitin', '2017-08-30 18:29:51'),
(82, 64, 2, '5000', '12', 'nitin', '2017-08-30 18:29:51');

-- --------------------------------------------------------

--
-- Table structure for table `fee_10_class_fee_in_a_session`
--

CREATE TABLE `fee_10_class_fee_in_a_session` (
  `CFEESESSID` int(15) NOT NULL,
  `CFEEID` int(15) NOT NULL,
  `CLSSESSID` int(15) NOT NULL,
  `SESSID` int(15) NOT NULL,
  `USERNAME` varchar(100) NOT NULL,
  `DATE_` timestamp NOT NULL DEFAULT CURRENT_TIMESTAMP
) ENGINE=InnoDB DEFAULT CHARSET=utf8;

-- --------------------------------------------------------

--
-- Table structure for table `login`
--

CREATE TABLE `login` (
  `USERNAME_` varchar(40) NOT NULL,
  `PASSWORD_` varchar(25) NOT NULL,
  `USER_STATUS` varchar(5) NOT NULL
) ENGINE=InnoDB DEFAULT CHARSET=utf8;

--
-- Dumping data for table `login`
--

INSERT INTO `login` (`USERNAME_`, `PASSWORD_`, `USER_STATUS`) VALUES
('deepak', '123', 'nw'),
('gopal', '123', 'adm'),
('naveen', '123', 'fc'),
('nitin', '123', 'adm'),
('operator1', 'oper$#1234', 'deo');

-- --------------------------------------------------------

--
-- Table structure for table `master_0_country_`
--

CREATE TABLE `master_0_country_` (
  `ABREV_` varchar(5) NOT NULL,
  `NAME_` varchar(25) NOT NULL
) ENGINE=InnoDB DEFAULT CHARSET=utf8;

--
-- Dumping data for table `master_0_country_`
--

INSERT INTO `master_0_country_` (`ABREV_`, `NAME_`) VALUES
('AD', 'Andorra'),
('AE', 'United Arab Emirates'),
('AF', 'Afghanistan'),
('AG', 'Antigua and Barbuda'),
('AI', 'Anguilla'),
('AL', 'Albania'),
('AM', 'Armenia'),
('AN', 'Netherlands Antilles'),
('AO', 'Angola'),
('AQ', 'Antarctica'),
('AR', 'Argentina'),
('AS', 'American Samoa'),
('AT', 'Austria'),
('AU', 'Australia'),
('AW', 'Aruba'),
('AX', ''),
('AZ', 'Azerbaijan'),
('BA', 'Bosnia and Herzegovina'),
('BB', 'Barbados'),
('BD', 'Bangladesh'),
('BE', 'Belgium'),
('BF', 'Burkina Faso'),
('BG', 'Bulgaria'),
('BH', 'Bahrain'),
('BI', 'Burundi'),
('BJ', 'Benin'),
('BL', 'Saint Barth'),
('BM', 'Bermuda'),
('BN', 'Brunei'),
('BO', 'Bolivia'),
('BQ', 'British Antarctic Territo'),
('BR', 'Brazil'),
('BS', 'Bahamas'),
('BT', 'Bhutan'),
('BV', 'Bouvet Island'),
('BW', 'Botswana'),
('BY', 'Belarus'),
('BZ', 'Belize'),
('CA', 'Canada'),
('CC', 'Cocos [Keeling] Islands'),
('CD', 'Congo - Kinshasa'),
('CF', 'Central African Republic'),
('CG', 'Congo - Brazzaville'),
('CH', 'Switzerland'),
('CI', 'C'),
('CK', 'Cook Islands'),
('CL', 'Chile'),
('CM', 'Cameroon'),
('CN', 'China'),
('CO', 'Colombia'),
('CR', 'Costa Rica'),
('CS', 'Serbia and Montenegro'),
('CT', 'Canton and Enderbury Isla'),
('CU', 'Cuba'),
('CV', 'Cape Verde'),
('CX', 'Christmas Island'),
('CY', 'Cyprus'),
('CZ', 'Czech Republic'),
('DD', 'East Germany'),
('DE', 'Germany'),
('DJ', 'Djibouti'),
('DK', 'Denmark'),
('DM', 'Dominica'),
('DO', 'Dominican Republic'),
('DZ', 'Algeria'),
('EC', 'Ecuador'),
('EE', 'Estonia'),
('EG', 'Egypt'),
('EH', 'Western Sahara'),
('ER', 'Eritrea'),
('ES', 'Spain'),
('ET', 'Ethiopia'),
('FI', 'Finland'),
('FJ', 'Fiji'),
('FK', 'Falkland Islands'),
('FM', 'Micronesia'),
('FO', 'Faroe Islands'),
('FQ', 'French Southern and Antar'),
('FR', 'France'),
('FX', 'Metropolitan France'),
('GA', 'Gabon'),
('GB', 'United Kingdom'),
('GD', 'Grenada'),
('GE', 'Georgia'),
('GF', 'French Guiana'),
('GG', 'Guernsey'),
('GH', 'Ghana'),
('GI', 'Gibraltar'),
('GL', 'Greenland'),
('GM', 'Gambia'),
('GN', 'Guinea'),
('GP', 'Guadeloupe'),
('GQ', 'Equatorial Guinea'),
('GR', 'Greece'),
('GS', 'South Georgia and the Sou'),
('GT', 'Guatemala'),
('GU', 'Guam'),
('GW', 'Guinea-Bissau'),
('GY', 'Guyana'),
('HK', 'Hong Kong SAR China'),
('HM', 'Heard Island and McDonald'),
('HN', 'Honduras'),
('HR', 'Croatia'),
('HT', 'Haiti'),
('HU', 'Hungary'),
('ID', 'Indonesia'),
('IE', 'Ireland'),
('IL', 'Israel'),
('IM', 'Isle of Man'),
('IN', 'India'),
('IO', 'British Indian Ocean Terr'),
('IQ', 'Iraq'),
('IR', 'Iran'),
('IS', 'Iceland'),
('IT', 'Italy'),
('JE', 'Jersey'),
('JM', 'Jamaica'),
('JO', 'Jordan'),
('JP', 'Japan'),
('JT', 'Johnston Island'),
('KE', 'Kenya'),
('KG', 'Kyrgyzstan'),
('KH', 'Cambodia'),
('KI', 'Kiribati'),
('KM', 'Comoros'),
('KN', 'Saint Kitts and Nevis'),
('KP', 'North Korea'),
('KR', 'South Korea'),
('KW', 'Kuwait'),
('KY', 'Cayman Islands'),
('KZ', 'Kazakhstan'),
('LA', 'Laos'),
('LB', 'Lebanon'),
('LC', 'Saint Lucia'),
('LI', 'Liechtenstein'),
('LK', 'Sri Lanka'),
('LR', 'Liberia'),
('LS', 'Lesotho'),
('LT', 'Lithuania'),
('LU', 'Luxembourg'),
('LV', 'Latvia'),
('LY', 'Libya'),
('MA', 'Morocco'),
('MC', 'Monaco'),
('MD', 'Moldova'),
('ME', 'Montenegro'),
('MF', 'Saint Martin'),
('MG', 'Madagascar'),
('MH', 'Marshall Islands'),
('MI', 'Midway Islands'),
('MK', 'Macedonia'),
('ML', 'Mali'),
('MM', 'Myanmar [Burma]'),
('MN', 'Mongolia'),
('MO', 'Macau SAR China'),
('MP', 'Northern Mariana Islands'),
('MQ', 'Martinique'),
('MR', 'Mauritania'),
('MS', 'Montserrat'),
('MT', 'Malta'),
('MU', 'Mauritius'),
('MV', 'Maldives'),
('MW', 'Malawi'),
('MX', 'Mexico'),
('MY', 'Malaysia'),
('MZ', 'Mozambique'),
('NA', 'Namibia'),
('NC', 'New Caledonia'),
('NE', 'Niger'),
('NF', 'Norfolk Island'),
('NG', 'Nigeria'),
('NI', 'Nicaragua'),
('NL', 'Netherlands'),
('NO', 'Norway'),
('NP', 'Nepal'),
('NQ', 'Dronning Maud Land'),
('NR', 'Nauru'),
('NT', 'Neutral Zone'),
('NU', 'Niue'),
('NZ', 'New Zealand'),
('OM', 'Oman'),
('PA', 'Panama'),
('PC', 'Pacific Islands Trust Ter'),
('PE', 'Peru'),
('PF', 'French Polynesia'),
('PG', 'Papua New Guinea'),
('PH', 'Philippines'),
('PK', 'Pakistan'),
('PL', 'Poland'),
('PM', 'Saint Pierre and Miquelon'),
('PN', 'Pitcairn Islands'),
('PR', 'Puerto Rico'),
('PS', 'Palestinian Territories'),
('PT', 'Portugal'),
('PU', 'U.S. Miscellaneous Pacifi'),
('PW', 'Palau'),
('PY', 'Paraguay'),
('PZ', 'Panama Canal Zone'),
('QA', 'Qatar'),
('RE', 'R'),
('RO', 'Romania'),
('RS', 'Serbia'),
('RU', 'Russia'),
('RW', 'Rwanda'),
('SA', 'Saudi Arabia'),
('SB', 'Solomon Islands'),
('SC', 'Seychelles'),
('SD', 'Sudan'),
('SE', 'Sweden'),
('SG', 'Singapore'),
('SH', 'Saint Helena'),
('SI', 'Slovenia'),
('SJ', 'Svalbard and Jan Mayen'),
('SK', 'Slovakia'),
('SL', 'Sierra Leone'),
('SM', 'San Marino'),
('SN', 'Senegal'),
('SO', 'Somalia'),
('SR', 'Suriname'),
('ST', 'S'),
('SU', 'Union of Soviet Socialist'),
('SV', 'El Salvador'),
('SY', 'Syria'),
('SZ', 'Swaziland'),
('TC', 'Turks and Caicos Islands'),
('TD', 'Chad'),
('TF', 'French Southern Territori'),
('TG', 'Togo'),
('TH', 'Thailand'),
('TJ', 'Tajikistan'),
('TK', 'Tokelau'),
('TL', 'Timor-Leste'),
('TM', 'Turkmenistan'),
('TN', 'Tunisia'),
('TO', 'Tonga'),
('TR', 'Turkey'),
('TT', 'Trinidad and Tobago'),
('TV', 'Tuvalu'),
('TW', 'Taiwan'),
('TZ', 'Tanzania'),
('UA', 'Ukraine'),
('UG', 'Uganda'),
('UM', 'U.S. Minor Outlying Islan'),
('US', 'United States'),
('UY', 'Uruguay'),
('UZ', 'Uzbekistan'),
('VA', 'Vatican City'),
('VC', 'Saint Vincent and the Gre'),
('VD', 'North Vietnam'),
('VE', 'Venezuela'),
('VG', 'British Virgin Islands'),
('VI', 'U.S. Virgin Islands'),
('VN', 'Vietnam'),
('VU', 'Vanuatu'),
('WF', 'Wallis and Futuna'),
('WK', 'Wake Island'),
('WS', 'Samoa'),
('YD', 'People\'s Democratic Repub'),
('YE', 'Yemen'),
('YT', 'Mayotte'),
('ZA', 'South Africa'),
('ZM', 'Zambia'),
('ZW', 'Zimbabwe'),
('ZZ', 'Unknown or Invalid Region');

-- --------------------------------------------------------

--
-- Table structure for table `master_1_zone_`
--

CREATE TABLE `master_1_zone_` (
  `ID` int(11) NOT NULL,
  `ZONE` varchar(10) NOT NULL
) ENGINE=InnoDB DEFAULT CHARSET=utf8;

--
-- Dumping data for table `master_1_zone_`
--

INSERT INTO `master_1_zone_` (`ID`, `ZONE`) VALUES
(1, 'NORTH'),
(2, 'SOUTH'),
(3, 'EAST'),
(4, 'WEST'),
(5, 'NORTH EAST'),
(6, 'CENTRAL');

-- --------------------------------------------------------

--
-- Table structure for table `master_2_zone_region`
--

CREATE TABLE `master_2_zone_region` (
  `ID_` int(11) NOT NULL,
  `ZONE_` int(11) NOT NULL,
  `REGION` varchar(10) NOT NULL,
  `REG_NAME` varchar(50) NOT NULL
) ENGINE=InnoDB DEFAULT CHARSET=utf8;

--
-- Dumping data for table `master_2_zone_region`
--

INSERT INTO `master_2_zone_region` (`ID_`, `ZONE_`, `REGION`, `REG_NAME`) VALUES
(1, 1, 'PB', 'Punjab'),
(2, 1, 'JK', 'Jammu & Kashmi'),
(3, 1, 'HR', 'Harayana'),
(4, 1, 'HP', 'Himanchal Pradesh'),
(5, 1, 'UP', 'Uttar Pradesh'),
(6, 1, 'UL', 'Uttarakhand'),
(7, 1, 'RJ', 'Rajasthan'),
(8, 1, 'CH', 'Chandigarh'),
(9, 1, 'DL', 'Delhi'),
(10, 2, 'AP', 'Andhra Pradesh'),
(11, 2, 'KA', 'Karnataka'),
(12, 2, 'KL', 'Kerala'),
(13, 2, 'TN', 'Tamil Nadu'),
(14, 2, 'TG', 'Telangana'),
(15, 3, 'WB', 'West Bengal'),
(16, 3, 'OS', 'Odisa'),
(17, 3, 'BR', 'Bihar'),
(18, 3, 'JH', 'Jharkhand'),
(19, 3, 'AN', 'Andaman and Nicobaar Islands'),
(20, 4, 'GJ', 'Gujrat'),
(21, 4, 'MH', 'Maharshtra'),
(22, 4, 'GO', 'Goa'),
(23, 4, 'DD', 'Daman and Diu'),
(24, 4, 'DN', 'Dadra and Nagar Havali'),
(25, 6, 'MP', 'Madhya Pradesh'),
(26, 6, 'CG', 'Chhatisgarh'),
(27, 5, 'AS', 'Assam'),
(28, 5, 'SK', 'Sikkim'),
(29, 5, 'NG', 'Nagaland'),
(30, 5, 'MG', 'Meghalaya'),
(31, 5, 'MN', 'Manipur'),
(32, 5, 'MZ', 'Mizoram'),
(33, 5, 'TR', 'Tripura'),
(34, 5, 'AZ', 'Arunachal Pradesh');

-- --------------------------------------------------------

--
-- Table structure for table `master_3_state_`
--

CREATE TABLE `master_3_state_` (
  `NAME_` varchar(100) NOT NULL
) ENGINE=InnoDB DEFAULT CHARSET=utf8;

--
-- Dumping data for table `master_3_state_`
--

INSERT INTO `master_3_state_` (`NAME_`) VALUES
('UTTARAKHAND'),
('UTTAR PRADESH'),
('DELHI'),
('HARAYANA'),
('KARNATAKA'),
('MAHARASHTRA');

-- --------------------------------------------------------

--
-- Table structure for table `master_4_city_`
--

CREATE TABLE `master_4_city_` (
  `NAME_` varchar(25) NOT NULL
) ENGINE=InnoDB DEFAULT CHARSET=utf8;

--
-- Dumping data for table `master_4_city_`
--

INSERT INTO `master_4_city_` (`NAME_`) VALUES
('HALDWANI'),
('KICHHA'),
('PANTNAGAR'),
('RAM NAGAR');

-- --------------------------------------------------------

--
-- Table structure for table `master_5_user_status`
--

CREATE TABLE `master_5_user_status` (
  `ST_ID` varchar(5) NOT NULL,
  `STATUS` varchar(25) NOT NULL
) ENGINE=InnoDB DEFAULT CHARSET=utf8;

--
-- Dumping data for table `master_5_user_status`
--

INSERT INTO `master_5_user_status` (`ST_ID`, `STATUS`) VALUES
('adm', 'Admin'),
('deo', 'Data Entry Operator'),
('fc', 'Faculty'),
('meo', 'Marks Entry Operator'),
('nw', 'news');

-- --------------------------------------------------------

--
-- Table structure for table `master_6_session`
--

CREATE TABLE `master_6_session` (
  `SESSID` varchar(20) NOT NULL,
  `SESSSTART` varchar(100) NOT NULL,
  `SESSEND` varchar(100) NOT NULL,
  `DATE_` timestamp NOT NULL DEFAULT CURRENT_TIMESTAMP
) ENGINE=InnoDB DEFAULT CHARSET=utf8;

--
-- Dumping data for table `master_6_session`
--

INSERT INTO `master_6_session` (`SESSID`, `SESSSTART`, `SESSEND`, `DATE_`) VALUES
('2014-15', '2014', '2015', '2016-03-08 15:10:15'),
('2015-16', '2015', '2016', '2016-03-08 15:10:15'),
('2016-17', '2016', '2017', '2016-03-14 17:35:52'),
('2017-18', '2017', '2018', '2016-03-14 17:35:52');

-- --------------------------------------------------------

--
-- Table structure for table `master_7_stud_personal`
--

CREATE TABLE `master_7_stud_personal` (
  `STUD_ID` int(11) NOT NULL,
  `FNAME` varchar(50) NOT NULL,
  `MNAME` varchar(50) NOT NULL DEFAULT '-x-',
  `LNAME` varchar(50) NOT NULL DEFAULT '-x-',
  `PHOTO_` varchar(100) NOT NULL,
  `DOB_` varchar(15) NOT NULL DEFAULT '00/00/0000',
  `GENDER` varchar(10) NOT NULL,
  `FATHER` varchar(50) NOT NULL,
  `F_MOBILE` varchar(50) NOT NULL,
  `F_EMAIL` varchar(50) NOT NULL,
  `F_PROFESSION` varchar(25) NOT NULL,
  `MOTHER` varchar(50) NOT NULL,
  `M_MOBILE` varchar(50) NOT NULL,
  `M_EMAIL` varchar(50) NOT NULL,
  `M_PROFESSION` varchar(50) NOT NULL,
  `regid` varchar(25) NOT NULL,
  `SESSID` varchar(20) NOT NULL,
  `USERNAME_` varchar(40) NOT NULL,
  `DATE_` timestamp NOT NULL DEFAULT CURRENT_TIMESTAMP
) ENGINE=InnoDB DEFAULT CHARSET=utf8;

--
-- Dumping data for table `master_7_stud_personal`
--

INSERT INTO `master_7_stud_personal` (`STUD_ID`, `FNAME`, `MNAME`, `LNAME`, `PHOTO_`, `DOB_`, `GENDER`, `FATHER`, `F_MOBILE`, `F_EMAIL`, `F_PROFESSION`, `MOTHER`, `M_MOBILE`, `M_EMAIL`, `M_PROFESSION`, `regid`, `SESSID`, `USERNAME_`, `DATE_`) VALUES
(1, 'NEHA JETHA', '-x-', '-x-', 'no-image.jpg', '2005.10.04', 'F', 'Mr Jetha', '', '', '', 'Smt Jetha', '', '', '', '2017041001', '2017-18', 'nitin', '2017-10-20 09:50:00'),
(2, 'HOSHIYAR SINGH', '-x-', '-x-', 'no-image.jpg', '2006.02.21', 'M', '-x-', '-x-', '-x-', '-x-', '-x-', '-x-', '-x-', '-x-', '2017041002', '2017-18', 'nitin', '2017-04-29 10:43:00'),
(3, 'MANISHA NEGI', '-x-', '-x-', 'no-image.jpg', '2006.01.14', 'F', '-x-', '-x-', '-x-', '-x-', '-x-', '-x-', '-x-', '-x-', '2017041003', '2017-18', 'nitin', '2017-10-22 07:44:59'),
(4, 'BABITA NEGI', '-x-', '-x-', 'no-image.jpg', '2006.01.14', 'F', '-x-', '-x-', '-x-', '-x-', '-x-', '-x-', '-x-', '-x-', '2017041004', '2017-18', 'nitin', '2017-10-20 08:56:59'),
(5, 'BHAWANA', '-x-', '-x-', 'no-image.jpg', '2006.04.02', 'F', '-x-', '-x-', '-x-', '-x-', '-x-', '-x-', '-x-', '-x-', '2017041005', '2017-18', 'nitin', '2017-10-20 08:59:09'),
(6, 'MANJU RANA', '-x-', '-x-', 'no-image.jpg', '2006.06.01', 'F', '-x-', '-x-', '-x-', '-x-', '-x-', '-x-', '-x-', '-x-', '2017041006', '2017-18', 'nitin', '2017-04-29 10:43:00'),
(7, 'ISHWAR SINGH MEHRA', '-x-', '-x-', '2017041007.jpg', '2006.10.02', 'M', '-x-', '-x-', '-x-', '-x-', '-x-', '-x-', '-x-', '-x-', '2017041007', '2017-18', 'nitin', '2017-10-20 10:02:03'),
(8, 'PRIYANSHU RANA', '-x-', '-x-', 'no-image.jpg', '2006.03.23', 'M', '-x-', '-x-', '-x-', '-x-', '-x-', '-x-', '-x-', '-x-', '2017041008', '2017-18', 'nitin', '2017-04-29 10:43:00'),
(9, 'TANIYA NEGI', '-x-', '-x-', 'no-image.jpg', '2005.03.01', 'F', '-x-', '-x-', '-x-', '-x-', '-x-', '-x-', '-x-', '-x-', '2017041009', '2017-18', 'nitin', '2017-04-29 10:43:00'),
(10, 'MANOJ SINGH', '-x-', '-x-', 'no-image.jpg', '2005.11.25', 'M', '-x-', '-x-', '-x-', '-x-', '-x-', '-x-', '-x-', '-x-', '2017041010', '2017-18', 'nitin', '2017-04-29 10:43:00'),
(11, 'NEHA MARTOLIYA', '-x-', '-x-', 'no-image.jpg', '2006.09.28', 'F', '-x-', '-x-', '-x-', '-x-', '-x-', '-x-', '-x-', '-x-', '2017041011', '2017-18', 'nitin', '2017-04-29 10:43:00'),
(12, 'LABLI KORANGA', '-x-', '-x-', 'no-image.jpg', '2006.04.01', 'F', '-x-', '-x-', '-x-', '-x-', '-x-', '-x-', '-x-', '-x-', '2017041012', '2017-18', 'nitin', '2017-04-29 10:43:00'),
(13, 'RIYA MARTOLIYA', '-x-', '-x-', 'no-image.jpg', '2006.09.26', 'F', '-x-', '-x-', '-x-', '-x-', '-x-', '-x-', '-x-', '-x-', '2017041013', '2017-18', 'nitin', '2017-04-29 10:43:00'),
(14, 'KARAN SINGH MEHRA', '-x-', '-x-', 'no-image.jpg', '2006.03.07', 'M', '-x-', '-x-', '-x-', '-x-', '-x-', '-x-', '-x-', '-x-', '2017041014', '2017-18', 'nitin', '2017-04-29 10:43:00'),
(15, 'KHUSMITA ARYA', '-x-', '-x-', 'no-image.jpg', '2005.10.11', 'F', '-x-', '-x-', '-x-', '-x-', '-x-', '-x-', '-x-', '-x-', '2017041015', '2017-18', 'nitin', '2017-04-29 10:43:00'),
(16, 'PRIYANKA SEMIYA', '-x-', '-x-', 'no-image.jpg', '2006.04.12', 'F', '-x-', '-x-', '-x-', '-x-', '-x-', '-x-', '-x-', '-x-', '2017041016', '2017-18', 'nitin', '2017-04-29 10:43:00'),
(17, 'PANKAJ SINGH BHANDARI', '-x-', '-x-', 'no-image.jpg', '2006.03.14', 'M', '-x-', '-x-', '-x-', '-x-', '-x-', '-x-', '-x-', '-x-', '2017041017', '2017-18', 'nitin', '2017-04-29 10:43:00'),
(18, 'ROHIT SINGH BHANDARI', '-x-', '-x-', 'no-image.jpg', '2006.04.08', 'M', '-x-', '-x-', '-x-', '-x-', '-x-', '-x-', '-x-', '-x-', '2017041018', '2017-18', 'nitin', '2017-04-29 10:43:00'),
(19, 'GEETA BISHT', '-x-', '-x-', 'no-image.jpg', '2006.03.04', 'F', '-x-', '-x-', '-x-', '-x-', '-x-', '-x-', '-x-', '-x-', '2017041019', '2017-18', 'nitin', '2017-04-29 10:43:00'),
(20, 'UMESH KUMAR', '-x-', '-x-', 'no-image.jpg', '2006.01.08', 'M', '-x-', '-x-', '-x-', '-x-', '-x-', '-x-', '-x-', '-x-', '2017041020', '2017-18', 'nitin', '2017-04-29 10:43:00'),
(21, 'DEVESH SINGH BISHT', '-x-', '-x-', 'no-image.jpg', '2006.03.23', 'M', '-x-', '-x-', '-x-', '-x-', '-x-', '-x-', '-x-', '-x-', '2017041021', '2017-18', 'nitin', '2017-04-29 10:43:00'),
(22, 'NEHA CHIRAL', '-x-', '-x-', 'no-image.jpg', '2006.05.23', 'F', '-x-', '-x-', '-x-', '-x-', '-x-', '-x-', '-x-', '-x-', '2017041022', '2017-18', 'nitin', '2017-04-29 10:43:00'),
(23, 'BHUPENDRA SINGH TOLIA', '-x-', '-x-', 'no-image.jpg', '2005.06.06', 'M', '-x-', '-x-', '-x-', '-x-', '-x-', '-x-', '-x-', '-x-', '2017041023', '2017-18', 'nitin', '2017-04-29 10:43:00'),
(24, 'HARENDRA SINGH', '-x-', '-x-', 'no-image.jpg', '2006.12.23', 'M', '-x-', '-x-', '-x-', '-x-', '-x-', '-x-', '-x-', '-x-', '2017041024', '2017-18', 'nitin', '2017-04-29 10:43:00'),
(25, 'KAILASH SINGH TOMKIYAL', '-x-', '-x-', '2017041025.JPG', '2006.03.04', 'M', '-x-', '-x-', '-x-', '-x-', '-x-', '-x-', '-x-', '-x-', '2017041025', '2017-18', 'nitin', '2017-10-20 10:03:48'),
(26, 'SUMAN NEGI', '-x-', '-x-', 'no-image.jpg', '2006.01.05', 'F', '-x-', '-x-', '-x-', '-x-', '-x-', '-x-', '-x-', '-x-', '2017041026', '2017-18', 'nitin', '2017-04-29 10:43:00'),
(27, 'KAMLESH SINGH QUIRIYAL', '-x-', '-x-', 'no-image.jpg', '2005.06.03', 'M', '-x-', '-x-', '-x-', '-x-', '-x-', '-x-', '-x-', '-x-', '2017041027', '2017-18', 'nitin', '2017-04-29 10:43:00'),
(28, 'ROHIT DASPA', '-x-', '-x-', 'no-image.jpg', '2005.03.15', 'M', '-x-', '-x-', '-x-', '-x-', '-x-', '-x-', '-x-', '-x-', '2017041028', '2017-18', 'nitin', '2017-04-29 10:43:00'),
(29, 'NEERAJ SINGH ', '-x-', '-x-', 'no-image.jpg', '2004.12.12', 'M', '-x-', '-x-', '-x-', '-x-', '-x-', '-x-', '-x-', '-x-', '2017041029', '2017-18', 'nitin', '2017-04-29 10:43:00'),
(30, 'HIMANSHU RANA', '-x-', '-x-', 'no-image.jpg', '2006.03.10', 'M', '-x-', '-x-', '-x-', '-x-', '-x-', '-x-', '-x-', '-x-', '2017041030', '2017-18', 'nitin', '2017-04-29 10:43:00'),
(31, 'DINESH SINGH PANWAR', '-x-', '-x-', 'no-image.jpg', '2006.03.02', 'M', '-x-', '-x-', '-x-', '-x-', '-x-', '-x-', '-x-', '-x-', '2017041031', '2017-18', 'nitin', '2017-04-29 10:43:00'),
(32, 'BHUPESH PAPRA', '-x-', '-x-', 'no-image.jpg', '2006.04.02', 'M', '-x-', '-x-', '-x-', '-x-', '-x-', '-x-', '-x-', '-x-', '2017041032', '2017-18', 'nitin', '2017-04-29 10:43:00'),
(33, 'DEEPAK SINGH PAPRA', '-x-', '-x-', 'no-image.jpg', '2006.03.10', 'M', '-x-', '-x-', '-x-', '-x-', '-x-', '-x-', '-x-', '-x-', '2017041033', '2017-18', 'nitin', '2017-04-29 10:43:00'),
(34, 'LOVERAJ KUMAR TAMTA', '-x-', '-x-', 'no-image.jpg', '2006.03.10', 'M', '-x-', '-x-', '-x-', '-x-', '-x-', '-x-', '-x-', '-x-', '2017041034', '2017-18', 'nitin', '2017-04-29 10:43:00'),
(35, 'PRIYANSHU KUMAR', '-x-', '-x-', 'no-image.jpg', '2006.03.02', 'M', '-x-', '-x-', '-x-', '-x-', '-x-', '-x-', '-x-', '-x-', '2017041035', '2017-18', 'nitin', '2017-04-29 10:43:00'),
(36, 'PANKAJ PANA', '-x-', '-x-', 'no-image.jpg', '2006.04.10', 'M', '-x-', '-x-', '-x-', '-x-', '-x-', '-x-', '-x-', '-x-', '2017041036', '2017-18', 'nitin', '2017-04-29 10:43:00'),
(37, 'PANKAJ KUMAR', '-x-', '-x-', 'no-image.jpg', '2005.03.05', 'M', '-x-', '-x-', '-x-', '-x-', '-x-', '-x-', '-x-', '-x-', '2017041037', '2017-18', 'nitin', '2017-04-29 10:43:00'),
(38, 'ISHA', '-x-', '-x-', 'no-image.jpg', '2006.07.30', 'F', '-x-', '-x-', '-x-', '-x-', '-x-', '-x-', '-x-', '-x-', '2017041038', '2017-18', 'nitin', '2017-04-29 10:43:00'),
(39, 'RAVEENA DHAMI', '-x-', '-x-', 'no-image.jpg', '2006.02.04', 'F', '-x-', '-x-', '-x-', '-x-', '-x-', '-x-', '-x-', '-x-', '2017041039', '2017-18', 'nitin', '2017-04-29 10:43:00'),
(40, 'MANOJ SINGH ', '-x-', '-x-', 'no-image.jpg', 'x', 'M', '-x-', '-x-', '-x-', '-x-', '-x-', '-x-', '-x-', '-x-', '2017041040', '2017-18', 'nitin', '2017-04-29 10:43:00'),
(41, 'ANJALI NABYAL', '-x-', '-x-', 'no-image.jpg', '2006.03.25', 'F', '-x-', '-x-', '-x-', '-x-', '-x-', '-x-', '-x-', '-x-', '2017041041', '2017-18', 'nitin', '2017-04-29 10:43:00'),
(42, 'BABITA BRIJWAL', '-x-', '-x-', 'no-image.jpg', '2006.07.21', 'F', '-x-', '-x-', '-x-', '-x-', '-x-', '-x-', '-x-', '-x-', '2017041042', '2017-18', 'nitin', '2017-04-29 10:43:00'),
(43, 'DEEPIKA BISHT', '-x-', '-x-', 'no-image.jpg', '2006.05.05', 'F', '-x-', '-x-', '-x-', '-x-', '-x-', '-x-', '-x-', '-x-', '2017041043', '2017-18', 'nitin', '2017-04-29 10:43:00'),
(44, 'DIYA BHANDARI', '-x-', '-x-', 'no-image.jpg', '2006.04.02', 'F', '-x-', '-x-', '-x-', '-x-', '-x-', '-x-', '-x-', '-x-', '2017041044', '2017-18', 'nitin', '2017-04-29 10:43:00'),
(45, 'HANSHA LAWAL', '-x-', '-x-', 'no-image.jpg', '2005.04.25', 'F', '-x-', '-x-', '-x-', '-x-', '-x-', '-x-', '-x-', '-x-', '2017041045', '2017-18', 'nitin', '2017-04-29 10:43:00'),
(46, 'KAVITA NEGI', '-x-', '-x-', 'no-image.jpg', '2005.10.06', 'F', '-x-', '-x-', '-x-', '-x-', '-x-', '-x-', '-x-', '-x-', '2017041046', '2017-18', 'nitin', '2017-04-29 10:43:00'),
(47, 'LAXMI DHAMI', '-x-', '-x-', 'no-image.jpg', '2004.12.05', 'F', '-x-', '-x-', '-x-', '-x-', '-x-', '-x-', '-x-', '-x-', '2017041047', '2017-18', 'nitin', '2017-04-29 10:43:00'),
(48, 'MAHI VISWAKARMA', '-x-', '-x-', 'no-image.jpg', '2006.02.13', 'F', '-x-', '-x-', '-x-', '-x-', '-x-', '-x-', '-x-', '-x-', '2017041048', '2017-18', 'nitin', '2017-04-29 10:43:00'),
(49, 'PRIYA GHINGA', '-x-', '-x-', 'no-image.jpg', '2006.07.04', 'F', '-x-', '-x-', '-x-', '-x-', '-x-', '-x-', '-x-', '-x-', '2017041049', '2017-18', 'nitin', '2017-04-29 10:43:00'),
(50, 'TANUJA MARTOLIYA', '-x-', '-x-', 'no-image.jpg', '2005.11.25', 'F', '-x-', '-x-', '-x-', '-x-', '-x-', '-x-', '-x-', '-x-', '2017041050', '2017-18', 'nitin', '2017-04-29 10:43:00'),
(51, 'USHA PANGTEY', '-x-', '-x-', 'no-image.jpg', '2006.04.03', 'F', '-x-', '-x-', '-x-', '-x-', '-x-', '-x-', '-x-', '-x-', '2017041051', '2017-18', 'nitin', '2017-04-29 10:43:00'),
(52, 'BHARAT SINGH KATHAYAT', '-x-', '-x-', 'no-image.jpg', '2006.05.15', 'M', '-x-', '-x-', '-x-', '-x-', '-x-', '-x-', '-x-', '-x-', '2017041052', '2017-18', 'nitin', '2017-04-29 10:43:00'),
(53, 'BHASKER SINGH GANGHARIYA', '-x-', '-x-', 'no-image.jpg', '2006.02.06', 'M', '-x-', '-x-', '-x-', '-x-', '-x-', '-x-', '-x-', '-x-', '2017041053', '2017-18', 'nitin', '2017-04-29 10:43:00'),
(54, 'DEEPAK ARYA', '-x-', '-x-', 'no-image.jpg', '2006.02.04', 'M', '-x-', '-x-', '-x-', '-x-', '-x-', '-x-', '-x-', '-x-', '2017041054', '2017-18', 'nitin', '2017-04-29 10:43:00'),
(55, 'DEEPAK GOSWAMI', '-x-', '-x-', 'no-image.jpg', '2006.03.04', 'M', '-x-', '-x-', '-x-', '-x-', '-x-', '-x-', '-x-', '-x-', '2017041055', '2017-18', 'nitin', '2017-04-29 10:43:00'),
(56, 'DIVYANSHU NITWAL', '-x-', '-x-', 'no-image.jpg', '2006.03.19', 'M', '-x-', '-x-', '-x-', '-x-', '-x-', '-x-', '-x-', '-x-', '2017041056', '2017-18', 'nitin', '2017-04-29 10:43:00'),
(57, 'GAURAV SINGH DHAMI', '-x-', '-x-', 'no-image.jpg', '2006.09.13', 'M', '-x-', '-x-', '-x-', '-x-', '-x-', '-x-', '-x-', '-x-', '2017041057', '2017-18', 'nitin', '2017-04-29 10:43:00'),
(58, 'GAURAV SINGH RANA', '-x-', '-x-', 'no-image.jpg', '2006.03.19', 'M', '-x-', '-x-', '-x-', '-x-', '-x-', '-x-', '-x-', '-x-', '2017041058', '2017-18', 'nitin', '2017-04-29 10:43:00'),
(59, 'HIMANSHU KORANGA ', '-x-', '-x-', 'no-image.jpg', '2006.04.20', 'M', '-x-', '-x-', '-x-', '-x-', '-x-', '-x-', '-x-', '-x-', '2017041059', '2017-18', 'nitin', '2017-04-29 10:43:00'),
(60, 'HONEY KUMAR', '-x-', '-x-', 'no-image.jpg', '2005.07.17', 'M', '-x-', '-x-', '-x-', '-x-', '-x-', '-x-', '-x-', '-x-', '2017041060', '2017-18', 'nitin', '2017-04-29 10:43:00'),
(61, 'HIMANSHU SINGH FARSWAN', '-x-', '-x-', 'no-image.jpg', '2006.05.02', 'M', '-x-', '-x-', '-x-', '-x-', '-x-', '-x-', '-x-', '-x-', '2017041061', '2017-18', 'nitin', '2017-04-29 10:43:00'),
(62, 'HIMANSHU CHIRAL', '-x-', '-x-', 'no-image.jpg', '2005.05.25', 'M', '-x-', '-x-', '-x-', '-x-', '-x-', '-x-', '-x-', '-x-', '2017041062', '2017-18', 'nitin', '2017-04-29 10:43:00'),
(63, 'INDERJEET SINGH PANWAR', '-x-', '-x-', 'no-image.jpg', '2006.03.05', 'M', '-x-', '-x-', '-x-', '-x-', '-x-', '-x-', '-x-', '-x-', '2017041063', '2017-18', 'nitin', '2017-04-29 10:43:00'),
(64, 'KAVINDRA SINGH DARIYAL', '-x-', '-x-', 'no-image.jpg', '2007.12.24', 'M', '-x-', '-x-', '-x-', '-x-', '-x-', '-x-', '-x-', '-x-', '2017041064', '2017-18', 'nitin', '2017-04-29 10:43:00'),
(65, 'MANOJ SINGH MAHAR', '-x-', '-x-', 'no-image.jpg', '2006.03.25', 'M', '-x-', '-x-', '-x-', '-x-', '-x-', '-x-', '-x-', '-x-', '2017041065', '2017-18', 'nitin', '2017-04-29 10:43:00'),
(66, 'MAYANK KUMAR', '-x-', '-x-', 'no-image.jpg', '2006.04.21', 'M', '-x-', '-x-', '-x-', '-x-', '-x-', '-x-', '-x-', '-x-', '2017041066', '2017-18', 'nitin', '2017-04-29 10:43:00'),
(67, 'MUKESH SINGH FARSWAN', '-x-', '-x-', 'no-image.jpg', '2006.03.19', 'M', '-x-', '-x-', '-x-', '-x-', '-x-', '-x-', '-x-', '-x-', '2017041067', '2017-18', 'nitin', '2017-04-29 10:43:00'),
(68, 'NEERAJ KUMAR', '-x-', '-x-', 'no-image.jpg', '2004.04.15', 'M', '-x-', '-x-', '-x-', '-x-', '-x-', '-x-', '-x-', '-x-', '2017041068', '2017-18', 'nitin', '2017-04-29 10:43:00'),
(69, 'NEERAJ SINGH PANWAR', '-x-', '-x-', 'no-image.jpg', '2006.04.06', 'M', '-x-', '-x-', '-x-', '-x-', '-x-', '-x-', '-x-', '-x-', '2017041069', '2017-18', 'nitin', '2017-04-29 10:43:00'),
(70, 'NAVNEET SINGH BRIJWAL', '-x-', '-x-', 'no-image.jpg', '2006.07.02', 'M', '-x-', '-x-', '-x-', '-x-', '-x-', '-x-', '-x-', '-x-', '2017041070', '2017-18', 'nitin', '2017-04-29 10:43:00'),
(71, 'PANKAJ KUMAR', '-x-', '-x-', 'no-image.jpg', '2004.09.24', 'M', '-x-', '-x-', '-x-', '-x-', '-x-', '-x-', '-x-', '-x-', '2017041071', '2017-18', 'nitin', '2017-04-29 10:43:00'),
(72, 'PRAVEEN SINGH PANWAR', '-x-', '-x-', 'no-image.jpg', '2006.04.03', 'M', '-x-', '-x-', '-x-', '-x-', '-x-', '-x-', '-x-', '-x-', '2017041072', '2017-18', 'nitin', '2017-04-29 10:43:00'),
(73, 'RAJAT SINGH MEHTA', '-x-', '-x-', 'no-image.jpg', '2006.02.20', 'M', '-x-', '-x-', '-x-', '-x-', '-x-', '-x-', '-x-', '-x-', '2017041073', '2017-18', 'nitin', '2017-04-29 10:43:00'),
(74, 'SANJAY SINGH RAWAT', '-x-', '-x-', 'no-image.jpg', '2006.02.14', 'M', '-x-', '-x-', '-x-', '-x-', '-x-', '-x-', '-x-', '-x-', '2017041074', '2017-18', 'nitin', '2017-04-29 10:43:00'),
(75, 'TRIBHUWAN KUMAR VISWAKARMA', '-x-', '-x-', 'no-image.jpg', '2006.05.10', 'M', '-x-', '-x-', '-x-', '-x-', '-x-', '-x-', '-x-', '-x-', '2017041075', '2017-18', 'nitin', '2017-04-29 10:43:00'),
(76, 'VIKRAM SIGNH PANCHPAL', '-x-', '-x-', 'no-image.jpg', '2005.03.04', 'M', '-x-', '-x-', '-x-', '-x-', '-x-', '-x-', '-x-', '-x-', '2017041076', '2017-18', 'nitin', '2017-04-29 10:43:00'),
(77, 'VIKRAM SINGH KHATRI', '-x-', '-x-', 'no-image.jpg', '2008.07.10', 'M', '-x-', '-x-', '-x-', '-x-', '-x-', '-x-', '-x-', '-x-', '2017041077', '2017-18', 'nitin', '2017-04-29 10:43:00'),
(78, 'PUSHPA', '-x-', '-x-', 'no-image.jpg', '2006.03.18', 'F', '-x-', '-x-', '-x-', '-x-', '-x-', '-x-', '-x-', '-x-', '2017041078', '2017-18', 'nitin', '2017-04-29 10:43:00'),
(79, 'SONU', '-x-', '-x-', 'no-image.jpg', '2005.04.11', 'F', '-x-', '-x-', '-x-', '-x-', '-x-', '-x-', '-x-', '-x-', '2017041079', '2017-18', 'nitin', '2017-04-29 10:43:00'),
(80, 'ISHWAR HARKOTIA', '-x-', '-x-', 'no-image.jpg', '2005.02.25', 'M', '-x-', '-x-', '-x-', '-x-', '-x-', '-x-', '-x-', '-x-', '2017041080', '2017-18', 'nitin', '2017-04-29 10:43:00'),
(81, 'SAGAR VISWAKARMA', '-x-', '-x-', 'no-image.jpg', '2006.03.13', 'M', '-x-', '-x-', '-x-', '-x-', '-x-', '-x-', '-x-', '-x-', '2017041081', '2017-18', 'nitin', '2017-04-29 10:43:00'),
(82, 'APRNA TRIPATHI', '-x-', '-x-', 'no-image.jpg', '2004.01.30', 'F', '-x-', '-x-', '-x-', '-x-', '-x-', '-x-', '-x-', '-x-', '2017041082', '2017-18', 'nitin', '2017-04-29 10:43:00'),
(83, 'DIVYA TOMKIYAL', '-x-', '-x-', 'no-image.jpg', '2005.04.15', 'F', '-x-', '-x-', '-x-', '-x-', '-x-', '-x-', '-x-', '-x-', '2017041083', '2017-18', 'nitin', '2017-04-29 10:43:00'),
(84, 'KALPANA GHINGA', '-x-', '-x-', 'no-image.jpg', '2005.02.05', 'F', '-x-', '-x-', '-x-', '-x-', '-x-', '-x-', '-x-', '-x-', '2017041084', '2017-18', 'nitin', '2017-04-29 10:43:00'),
(85, 'KANUPRIYA RILKOTIA', '-x-', '-x-', 'no-image.jpg', '2005.03.06', 'F', '-x-', '-x-', '-x-', '-x-', '-x-', '-x-', '-x-', '-x-', '2017041085', '2017-18', 'nitin', '2017-04-29 10:43:00'),
(86, 'MANISHA MEHTA', '-x-', '-x-', 'no-image.jpg', '2005.09.25', 'F', '-x-', '-x-', '-x-', '-x-', '-x-', '-x-', '-x-', '-x-', '2017041086', '2017-18', 'nitin', '2017-04-29 10:43:00'),
(87, 'NIHARIKA TRIPATHI', '-x-', '-x-', 'no-image.jpg', '2005.08.25', 'F', '-x-', '-x-', '-x-', '-x-', '-x-', '-x-', '-x-', '-x-', '2017041087', '2017-18', 'nitin', '2017-04-29 10:43:00'),
(88, 'PREETI GWAL', '-x-', '-x-', 'no-image.jpg', '2004.09.15', 'F', '-x-', '-x-', '-x-', '-x-', '-x-', '-x-', '-x-', '-x-', '2017041088', '2017-18', 'nitin', '2017-04-29 10:43:00'),
(89, 'KHEELA LASPAL', '-x-', '-x-', 'no-image.jpg', '2004.07.08', 'F', '-x-', '-x-', '-x-', '-x-', '-x-', '-x-', '-x-', '-x-', '2017041089', '2017-18', 'nitin', '2017-04-29 10:43:00'),
(90, 'BHUPESH HARKOTIA', '-x-', '-x-', 'no-image.jpg', '2005.03.15', 'M', '-x-', '-x-', '-x-', '-x-', '-x-', '-x-', '-x-', '-x-', '2017041090', '2017-18', 'nitin', '2017-04-29 10:43:00'),
(91, 'BHUPESH MEHTA', '-x-', '-x-', 'no-image.jpg', '2005.04.20', 'M', '-x-', '-x-', '-x-', '-x-', '-x-', '-x-', '-x-', '-x-', '2017041091', '2017-18', 'nitin', '2017-04-29 10:43:00'),
(92, 'VINOD RANA', '-x-', '-x-', 'no-image.jpg', '2005.04.02', 'M', '-x-', '-x-', '-x-', '-x-', '-x-', '-x-', '-x-', '-x-', '2017041092', '2017-18', 'nitin', '2017-04-29 10:43:00'),
(93, 'CHANDAN SINGH ', '-x-', '-x-', 'no-image.jpg', '2005.03.18', 'M', '-x-', '-x-', '-x-', '-x-', '-x-', '-x-', '-x-', '-x-', '2017041093', '2017-18', 'nitin', '2017-04-29 10:43:00'),
(94, 'CHETAN BRIJWAL', '-x-', '-x-', 'no-image.jpg', '2005.03.23', 'M', '-x-', '-x-', '-x-', '-x-', '-x-', '-x-', '-x-', '-x-', '2017041094', '2017-18', 'nitin', '2017-04-29 10:43:00'),
(95, 'DEEPAK KUMAR', '-x-', '-x-', 'no-image.jpg', '2005.03.05', 'M', '-x-', '-x-', '-x-', '-x-', '-x-', '-x-', '-x-', '-x-', '2017041095', '2017-18', 'nitin', '2017-04-29 10:43:00'),
(96, 'GAJENDRA KUMAR', '-x-', '-x-', 'no-image.jpg', '2005.05.01', 'M', '-x-', '-x-', '-x-', '-x-', '-x-', '-x-', '-x-', '-x-', '2017041096', '2017-18', 'nitin', '2017-04-29 10:43:00'),
(97, 'GANESH SINGH NEGI', '-x-', '-x-', 'no-image.jpg', '2005.10.06', 'M', '-x-', '-x-', '-x-', '-x-', '-x-', '-x-', '-x-', '-x-', '2017041097', '2017-18', 'nitin', '2017-04-29 10:43:00'),
(98, 'GAURAV BAGARI', '-x-', '-x-', 'no-image.jpg', '2004.08.25', 'M', '-x-', '-x-', '-x-', '-x-', '-x-', '-x-', '-x-', '-x-', '2017041098', '2017-18', 'nitin', '2017-04-29 10:43:00'),
(99, 'HIMANSHU KUMAR', '-x-', '-x-', 'no-image.jpg', '2005.05.20', 'M', '-x-', '-x-', '-x-', '-x-', '-x-', '-x-', '-x-', '-x-', '2017041099', '2017-18', 'nitin', '2017-04-29 10:43:00'),
(100, 'ISHANT MEHRA', '-x-', '-x-', 'no-image.jpg', '2005.08.28', 'M', '-x-', '-x-', '-x-', '-x-', '-x-', '-x-', '-x-', '-x-', '2017041100', '2017-18', 'nitin', '2017-04-29 10:43:00'),
(101, 'JAGJIVAN BRIJWAL', '-x-', '-x-', 'no-image.jpg', '2005.04.04', 'M', '-x-', '-x-', '-x-', '-x-', '-x-', '-x-', '-x-', '-x-', '2017041101', '2017-18', 'nitin', '2017-04-29 10:43:00'),
(102, 'JEEVAN DHOKTI', '-x-', '-x-', 'no-image.jpg', '2005.06.30', 'M', '-x-', '-x-', '-x-', '-x-', '-x-', '-x-', '-x-', '-x-', '2017041102', '2017-18', 'nitin', '2017-04-29 10:43:00'),
(103, 'JITENDRA SINGH', '-x-', '-x-', 'no-image.jpg', '2005.04.03', 'M', '-x-', '-x-', '-x-', '-x-', '-x-', '-x-', '-x-', '-x-', '2017041103', '2017-18', 'nitin', '2017-04-29 10:43:00'),
(104, 'KAILASH MARTOLIYA', '-x-', '-x-', 'no-image.jpg', '2004.07.15', 'M', '-x-', '-x-', '-x-', '-x-', '-x-', '-x-', '-x-', '-x-', '2017041104', '2017-18', 'nitin', '2017-04-29 10:43:00'),
(105, 'KAMLESH DHOKTI', '-x-', '-x-', 'no-image.jpg', '2005.03.24', 'M', '-x-', '-x-', '-x-', '-x-', '-x-', '-x-', '-x-', '-x-', '2017041105', '2017-18', 'nitin', '2017-04-29 10:43:00'),
(106, 'KAMLESH JOSHI', '-x-', '-x-', 'no-image.jpg', '2004.02.03', 'M', '-x-', '-x-', '-x-', '-x-', '-x-', '-x-', '-x-', '-x-', '2017041106', '2017-18', 'nitin', '2017-04-29 10:43:00'),
(107, 'KAVINDRA SINGH IMLAL', '-x-', '-x-', 'no-image.jpg', '2005.07.27', 'M', '-x-', '-x-', '-x-', '-x-', '-x-', '-x-', '-x-', '-x-', '2017041107', '2017-18', 'nitin', '2017-04-29 10:43:00'),
(108, 'LOVERAJ KUMAR', '-x-', '-x-', 'no-image.jpg', '2005.01.13', 'M', '-x-', '-x-', '-x-', '-x-', '-x-', '-x-', '-x-', '-x-', '2017041108', '2017-18', 'nitin', '2017-04-29 10:43:00'),
(109, 'LOVERAJ LASPAL', '-x-', '-x-', 'no-image.jpg', '2005.05.01', 'M', '-x-', '-x-', '-x-', '-x-', '-x-', '-x-', '-x-', '-x-', '2017041109', '2017-18', 'nitin', '2017-04-29 10:43:00'),
(110, 'MANISH SINGH BORA', '-x-', '-x-', 'no-image.jpg', '2005.06.20', 'M', '-x-', '-x-', '-x-', '-x-', '-x-', '-x-', '-x-', '-x-', '2017041110', '2017-18', 'nitin', '2017-04-29 10:43:00'),
(111, 'MAYANK VERMA', '-x-', '-x-', 'no-image.jpg', '2005.04.25', 'M', '-x-', '-x-', '-x-', '-x-', '-x-', '-x-', '-x-', '-x-', '2017041111', '2017-18', 'nitin', '2017-04-29 10:43:00'),
(112, 'PANKAJ KUMAR', '-x-', '-x-', 'no-image.jpg', '2005.05.14', 'M', '-x-', '-x-', '-x-', '-x-', '-x-', '-x-', '-x-', '-x-', '2017041112', '2017-18', 'nitin', '2017-04-29 10:43:00'),
(113, 'PRADEEP PANT', '-x-', '-x-', 'no-image.jpg', '2005.09.15', 'M', '-x-', '-x-', '-x-', '-x-', '-x-', '-x-', '-x-', '-x-', '2017041113', '2017-18', 'nitin', '2017-04-29 10:43:00'),
(114, 'RAHUL BISHT', '-x-', '-x-', 'no-image.jpg', '2005.02.21', 'M', '-x-', '-x-', '-x-', '-x-', '-x-', '-x-', '-x-', '-x-', '2017041114', '2017-18', 'nitin', '2017-04-29 10:43:00'),
(115, 'RAHUL SINGH TOMKIYAL', '-x-', '-x-', 'no-image.jpg', '2004.03.08', 'M', '-x-', '-x-', '-x-', '-x-', '-x-', '-x-', '-x-', '-x-', '2017041115', '2017-18', 'nitin', '2017-04-29 10:43:00'),
(116, 'RAVI PALIWAL', '-x-', '-x-', 'no-image.jpg', '2004.04.07', 'M', '-x-', '-x-', '-x-', '-x-', '-x-', '-x-', '-x-', '-x-', '2017041116', '2017-18', 'nitin', '2017-04-29 10:43:00'),
(117, 'SIDDHARTH PANDEY', '-x-', '-x-', 'no-image.jpg', '2006.02.10', 'M', '-x-', '-x-', '-x-', '-x-', '-x-', '-x-', '-x-', '-x-', '2017041117', '2017-18', 'nitin', '2017-04-29 10:43:00'),
(118, 'VIVEK FARSWAN', '-x-', '-x-', 'no-image.jpg', '2005.04.01', 'M', '-x-', '-x-', '-x-', '-x-', '-x-', '-x-', '-x-', '-x-', '2017041118', '2017-18', 'nitin', '2017-04-29 10:43:00'),
(119, 'YOGESH JOSHI', '-x-', '-x-', 'no-image.jpg', '2005.03.08', 'M', '-x-', '-x-', '-x-', '-x-', '-x-', '-x-', '-x-', '-x-', '2017041119', '2017-18', 'nitin', '2017-04-29 10:43:00'),
(120, 'VIVEK MARTOLIYA', '-x-', '-x-', 'no-image.jpg', '2003.02.10', 'M', '-x-', '-x-', '-x-', '-x-', '-x-', '-x-', '-x-', '-x-', '2017041120', '2017-18', 'nitin', '2017-04-29 10:43:00'),
(121, 'MANISH SINGH BHAKUNI', '-x-', '-x-', 'no-image.jpg', '2005.10.22', 'M', '-x-', '-x-', '-x-', '-x-', '-x-', '-x-', '-x-', '-x-', '2017041121', '2017-18', 'nitin', '2017-04-29 10:43:00'),
(122, 'LOVERAJ PANWAR', '-x-', '-x-', 'no-image.jpg', '2005.01.05', 'M', '-x-', '-x-', '-x-', '-x-', '-x-', '-x-', '-x-', '-x-', '2017041122', '2017-18', 'nitin', '2017-04-29 10:43:00'),
(123, 'ANKIT VERMA', '-x-', '-x-', 'no-image.jpg', '2006.02.15', 'F', '-x-', '-x-', '-x-', '-x-', '-x-', '-x-', '-x-', '-x-', '2017041123', '2017-18', 'nitin', '2017-04-29 10:43:00'),
(124, 'DIYA DHAMI', '-x-', '-x-', 'no-image.jpg', '2005.06.28', 'F', '-x-', '-x-', '-x-', '-x-', '-x-', '-x-', '-x-', '-x-', '2017041124', '2017-18', 'nitin', '2017-04-29 10:43:00'),
(125, 'GEETANJALI MARTOLIYA', '-x-', '-x-', 'no-image.jpg', '2004.08.29', 'F', '-x-', '-x-', '-x-', '-x-', '-x-', '-x-', '-x-', '-x-', '2017041125', '2017-18', 'nitin', '2017-04-29 10:43:00'),
(126, 'HIMANSHI KORANGA', '-x-', '-x-', 'no-image.jpg', '2004.01.01', 'F', '-x-', '-x-', '-x-', '-x-', '-x-', '-x-', '-x-', '-x-', '2017041126', '2017-18', 'nitin', '2017-04-29 10:43:00'),
(127, 'LAXMI BHANDARI', '-x-', '-x-', 'no-image.jpg', '2003.08.26', 'F', '-x-', '-x-', '-x-', '-x-', '-x-', '-x-', '-x-', '-x-', '2017041127', '2017-18', 'nitin', '2017-04-29 10:43:00'),
(128, 'MANISHA KATHAYAT', '-x-', '-x-', 'no-image.jpg', '2005.04.12', 'F', '-x-', '-x-', '-x-', '-x-', '-x-', '-x-', '-x-', '-x-', '2017041128', '2017-18', 'nitin', '2017-04-29 10:43:00'),
(129, 'PREETI PANA', '-x-', '-x-', 'no-image.jpg', '2005.03.12', 'F', '-x-', '-x-', '-x-', '-x-', '-x-', '-x-', '-x-', '-x-', '2017041129', '2017-18', 'nitin', '2017-04-29 10:43:00'),
(130, 'TANUJA NITWAL', '-x-', '-x-', 'no-image.jpg', '2005.04.19', 'F', '-x-', '-x-', '-x-', '-x-', '-x-', '-x-', '-x-', '-x-', '2017041130', '2017-18', 'nitin', '2017-04-29 10:43:00'),
(131, 'MITALI MARTOLIYA', '-x-', '-x-', 'no-image.jpg', '2005.03.05', 'F', '-x-', '-x-', '-x-', '-x-', '-x-', '-x-', '-x-', '-x-', '2017041131', '2017-18', 'nitin', '2017-04-29 10:43:00'),
(132, 'PRIYANSHU RANA', '-x-', '-x-', 'no-image.jpg', '2005.03.20', 'M', '-x-', '-x-', '-x-', '-x-', '-x-', '-x-', '-x-', '-x-', '2017041132', '2017-18', 'nitin', '2017-04-29 10:43:00'),
(133, 'VINOD RANA', '-x-', '-x-', 'no-image.jpg', '2005.04.02', 'M', '-x-', '-x-', '-x-', '-x-', '-x-', '-x-', '-x-', '-x-', '2017041133', '2017-18', 'nitin', '2017-04-29 10:43:00'),
(134, 'CHANDAN SINGH ', '-x-', '-x-', 'no-image.jpg', '2005.03.18', 'M', '-x-', '-x-', '-x-', '-x-', '-x-', '-x-', '-x-', '-x-', '2017041134', '2017-18', 'nitin', '2017-04-29 10:43:00'),
(135, 'CHETAN BRIJWAL', '-x-', '-x-', 'no-image.jpg', '2005.03.23', 'M', '-x-', '-x-', '-x-', '-x-', '-x-', '-x-', '-x-', '-x-', '2017041135', '2017-18', 'nitin', '2017-04-29 10:43:00'),
(136, 'DEEPAK KUMAR', '-x-', '-x-', 'no-image.jpg', '2005.03.05', 'M', '-x-', '-x-', '-x-', '-x-', '-x-', '-x-', '-x-', '-x-', '2017041136', '2017-18', 'nitin', '2017-04-29 10:43:00'),
(137, 'GAJENDRA KUMAR', '-x-', '-x-', 'no-image.jpg', '2005.05.01', 'M', '-x-', '-x-', '-x-', '-x-', '-x-', '-x-', '-x-', '-x-', '2017041137', '2017-18', 'nitin', '2017-04-29 10:43:00'),
(138, 'GANESH SINGH NEGI', '-x-', '-x-', 'no-image.jpg', '2005.10.06', 'M', '-x-', '-x-', '-x-', '-x-', '-x-', '-x-', '-x-', '-x-', '2017041138', '2017-18', 'nitin', '2017-04-29 10:43:00'),
(139, 'GAURAV BAGARI', '-x-', '-x-', 'no-image.jpg', '2004.08.25', 'M', '-x-', '-x-', '-x-', '-x-', '-x-', '-x-', '-x-', '-x-', '2017041139', '2017-18', 'nitin', '2017-04-29 10:43:00'),
(140, 'HIMANSHU KUMAR', '-x-', '-x-', 'no-image.jpg', '2005.05.20', 'M', '-x-', '-x-', '-x-', '-x-', '-x-', '-x-', '-x-', '-x-', '2017041140', '2017-18', 'nitin', '2017-04-29 10:43:00'),
(141, 'ISHANT MEHRA', '-x-', '-x-', 'no-image.jpg', '2005.08.28', 'M', '-x-', '-x-', '-x-', '-x-', '-x-', '-x-', '-x-', '-x-', '2017041141', '2017-18', 'nitin', '2017-04-29 10:43:00'),
(142, 'JAGJIVAN BRIJWAL', '-x-', '-x-', 'no-image.jpg', '2005.04.04', 'M', '-x-', '-x-', '-x-', '-x-', '-x-', '-x-', '-x-', '-x-', '2017041142', '2017-18', 'nitin', '2017-04-29 10:43:00'),
(143, 'JEEVAN DHOKTI', '-x-', '-x-', 'no-image.jpg', '2005.06.30', 'M', '-x-', '-x-', '-x-', '-x-', '-x-', '-x-', '-x-', '-x-', '2017041143', '2017-18', 'nitin', '2017-04-29 10:43:00'),
(144, 'JITENDRA SINGH', '-x-', '-x-', 'no-image.jpg', '2005.04.03', 'M', '-x-', '-x-', '-x-', '-x-', '-x-', '-x-', '-x-', '-x-', '2017041144', '2017-18', 'nitin', '2017-04-29 10:43:00'),
(145, 'KAILASH MARTOLIYA', '-x-', '-x-', 'no-image.jpg', '2004.07.15', 'M', '-x-', '-x-', '-x-', '-x-', '-x-', '-x-', '-x-', '-x-', '2017041145', '2017-18', 'nitin', '2017-04-29 10:43:00'),
(146, 'KAMLESH DHOKTI', '-x-', '-x-', 'no-image.jpg', '2005.03.24', 'M', '-x-', '-x-', '-x-', '-x-', '-x-', '-x-', '-x-', '-x-', '2017041146', '2017-18', 'nitin', '2017-04-29 10:43:00'),
(147, 'KAMLESH JOSHI', '-x-', '-x-', 'no-image.jpg', '2004.02.03', 'M', '-x-', '-x-', '-x-', '-x-', '-x-', '-x-', '-x-', '-x-', '2017041147', '2017-18', 'nitin', '2017-04-29 10:43:00'),
(148, 'KAVINDRA SINGH IMLAL', '-x-', '-x-', 'no-image.jpg', '2005.07.27', 'M', '-x-', '-x-', '-x-', '-x-', '-x-', '-x-', '-x-', '-x-', '2017041148', '2017-18', 'nitin', '2017-04-29 10:43:00'),
(149, 'LOVERAJ KUMAR', '-x-', '-x-', 'no-image.jpg', '2005.01.13', 'M', '-x-', '-x-', '-x-', '-x-', '-x-', '-x-', '-x-', '-x-', '2017041149', '2017-18', 'nitin', '2017-04-29 10:43:00'),
(150, 'LOVERAJ LASPAL', '-x-', '-x-', 'no-image.jpg', '2005.05.01', 'M', '-x-', '-x-', '-x-', '-x-', '-x-', '-x-', '-x-', '-x-', '2017041150', '2017-18', 'nitin', '2017-04-29 10:43:00'),
(151, 'MANISH SINGH BORA', '-x-', '-x-', 'no-image.jpg', '2005.06.20', 'M', '-x-', '-x-', '-x-', '-x-', '-x-', '-x-', '-x-', '-x-', '2017041151', '2017-18', 'nitin', '2017-04-29 10:43:00'),
(152, 'MAYANK VERMA', '-x-', '-x-', 'no-image.jpg', '2005.04.25', 'M', '-x-', '-x-', '-x-', '-x-', '-x-', '-x-', '-x-', '-x-', '2017041152', '2017-18', 'nitin', '2017-04-29 10:43:00'),
(153, 'PANKAJ KUMAR', '-x-', '-x-', 'no-image.jpg', '2005.05.14', 'M', '-x-', '-x-', '-x-', '-x-', '-x-', '-x-', '-x-', '-x-', '2017041153', '2017-18', 'nitin', '2017-04-29 10:43:00'),
(154, 'PRADEEP PANT', '-x-', '-x-', 'no-image.jpg', '2005.09.15', 'M', '-x-', '-x-', '-x-', '-x-', '-x-', '-x-', '-x-', '-x-', '2017041154', '2017-18', 'nitin', '2017-04-29 10:43:00'),
(155, 'RAHUL BISHT', '-x-', '-x-', 'no-image.jpg', '2005.02.21', 'M', '-x-', '-x-', '-x-', '-x-', '-x-', '-x-', '-x-', '-x-', '2017041155', '2017-18', 'nitin', '2017-04-29 10:43:00'),
(156, 'RAHUL SINGH TOMKIYAL', '-x-', '-x-', 'no-image.jpg', '2004.03.08', 'M', '-x-', '-x-', '-x-', '-x-', '-x-', '-x-', '-x-', '-x-', '2017041156', '2017-18', 'nitin', '2017-04-29 10:43:00'),
(157, 'RAVI PALIWAL', '-x-', '-x-', 'no-image.jpg', '2004.04.07', 'M', '-x-', '-x-', '-x-', '-x-', '-x-', '-x-', '-x-', '-x-', '2017041157', '2017-18', 'nitin', '2017-04-29 10:43:00'),
(158, 'SIDDHARTH PANDEY', '-x-', '-x-', 'no-image.jpg', '2006.02.10', 'M', '-x-', '-x-', '-x-', '-x-', '-x-', '-x-', '-x-', '-x-', '2017041158', '2017-18', 'nitin', '2017-04-29 10:43:00'),
(159, 'VIVEK FARSWAN', '-x-', '-x-', 'no-image.jpg', '2005.04.01', 'M', '-x-', '-x-', '-x-', '-x-', '-x-', '-x-', '-x-', '-x-', '2017041159', '2017-18', 'nitin', '2017-04-29 10:43:00'),
(160, 'YOGESH JOSHI', '-x-', '-x-', 'no-image.jpg', '2005.03.08', 'M', '-x-', '-x-', '-x-', '-x-', '-x-', '-x-', '-x-', '-x-', '2017041160', '2017-18', 'nitin', '2017-04-29 10:43:00'),
(161, 'VIVEK MARTOLIYA', '-x-', '-x-', 'no-image.jpg', '2003.02.10', 'M', '-x-', '-x-', '-x-', '-x-', '-x-', '-x-', '-x-', '-x-', '2017041161', '2017-18', 'nitin', '2017-04-29 10:43:00'),
(162, 'MANISH SINGH BHAKUNI', '-x-', '-x-', 'no-image.jpg', '2005.10.22', 'M', '-x-', '-x-', '-x-', '-x-', '-x-', '-x-', '-x-', '-x-', '2017041162', '2017-18', 'nitin', '2017-04-29 10:43:00'),
(163, 'LOVERAJ PANWAR', '-x-', '-x-', 'no-image.jpg', '2005.01.05', 'M', '-x-', '-x-', '-x-', '-x-', '-x-', '-x-', '-x-', '-x-', '2017041163', '2017-18', 'nitin', '2017-04-29 10:43:00'),
(164, 'BHAWANA DHAPWAL', '-x-', '-x-', 'no-image.jpg', '2004.03.10', 'F', '-x-', '-x-', '-x-', '-x-', '-x-', '-x-', '-x-', '-x-', '2017041164', '2017-18', 'nitin', '2017-04-29 10:43:00'),
(165, 'DIYA RANA', '-x-', '-x-', 'no-image.jpg', '2005.09.22', 'F', '-x-', '-x-', '-x-', '-x-', '-x-', '-x-', '-x-', '-x-', '2017041165', '2017-18', 'nitin', '2017-04-29 10:43:00'),
(166, 'DIKSHA TOLIA', '-x-', '-x-', 'no-image.jpg', '2004.04.10', 'F', '-x-', '-x-', '-x-', '-x-', '-x-', '-x-', '-x-', '-x-', '2017041166', '2017-18', 'nitin', '2017-04-29 10:43:00'),
(167, 'ISHWARI ARYA', '-x-', '-x-', 'no-image.jpg', '2003.09.21', 'F', '-x-', '-x-', '-x-', '-x-', '-x-', '-x-', '-x-', '-x-', '2017041167', '2017-18', 'nitin', '2017-04-29 10:43:00'),
(168, 'POOJA PANDA', '-x-', '-x-', 'no-image.jpg', '2005.10.11', 'F', '-x-', '-x-', '-x-', '-x-', '-x-', '-x-', '-x-', '-x-', '2017041168', '2017-18', 'nitin', '2017-04-29 10:43:00'),
(169, 'RITU NIKHURPA', '-x-', '-x-', 'no-image.jpg', '2003.07.08', 'F', '-x-', '-x-', '-x-', '-x-', '-x-', '-x-', '-x-', '-x-', '2017041169', '2017-18', 'nitin', '2017-04-29 10:43:00'),
(170, 'SWETA NIKHURPA', '-x-', '-x-', 'no-image.jpg', '2004.06.02', 'F', '-x-', '-x-', '-x-', '-x-', '-x-', '-x-', '-x-', '-x-', '2017041170', '2017-18', 'nitin', '2017-04-29 10:43:00'),
(171, 'SUNITA PANCHPAL', '-x-', '-x-', 'no-image.jpg', '2004.08.02', 'F', '-x-', '-x-', '-x-', '-x-', '-x-', '-x-', '-x-', '-x-', '2017041171', '2017-18', 'nitin', '2017-04-29 10:43:00'),
(172, 'TRIPTI BISHT', '-x-', '-x-', 'no-image.jpg', '2005.04.08', 'F', '-x-', '-x-', '-x-', '-x-', '-x-', '-x-', '-x-', '-x-', '2017041172', '2017-18', 'nitin', '2017-04-29 10:43:00'),
(173, 'TANUJA NEGI', '-x-', '-x-', 'no-image.jpg', '2004.03.25', 'F', '-x-', '-x-', '-x-', '-x-', '-x-', '-x-', '-x-', '-x-', '2017041173', '2017-18', 'nitin', '2017-04-29 10:43:00'),
(174, 'AJAY DWIVEDI ', '-x-', '-x-', 'no-image.jpg', '2004.04.05', 'M', '-x-', '-x-', '-x-', '-x-', '-x-', '-x-', '-x-', '-x-', '2017041174', '2017-18', 'nitin', '2017-04-29 10:43:00'),
(175, 'BHUPENDRA DHAMI', '-x-', '-x-', 'no-image.jpg', '2003.08.18', 'M', '-x-', '-x-', '-x-', '-x-', '-x-', '-x-', '-x-', '-x-', '2017041175', '2017-18', 'nitin', '2017-04-29 10:43:00'),
(176, 'BHUPENDRA SINGH JAIMYAL', '-x-', '-x-', 'no-image.jpg', '2004.04.01', 'M', '-x-', '-x-', '-x-', '-x-', '-x-', '-x-', '-x-', '-x-', '2017041176', '2017-18', 'nitin', '2017-04-29 10:43:00'),
(177, 'BHUPENDRA MEHTA', '-x-', '-x-', 'no-image.jpg', '2004.03.12', 'M', '-x-', '-x-', '-x-', '-x-', '-x-', '-x-', '-x-', '-x-', '2017041177', '2017-18', 'nitin', '2017-04-29 10:43:00'),
(178, 'CHANDRABHANU', '-x-', '-x-', 'no-image.jpg', '2004.05.04', 'M', '-x-', '-x-', '-x-', '-x-', '-x-', '-x-', '-x-', '-x-', '2017041178', '2017-18', 'nitin', '2017-04-29 10:43:00'),
(179, 'DIVYANSHU TOMKIYAL', '-x-', '-x-', 'no-image.jpg', '2004.05.10', 'M', '-x-', '-x-', '-x-', '-x-', '-x-', '-x-', '-x-', '-x-', '2017041179', '2017-18', 'nitin', '2017-04-29 10:43:00'),
(180, 'GOVIND TOLIA', '-x-', '-x-', 'no-image.jpg', '2004.03.16', 'M', '-x-', '-x-', '-x-', '-x-', '-x-', '-x-', '-x-', '-x-', '2017041180', '2017-18', 'nitin', '2017-04-29 10:43:00'),
(181, 'HEMRAJ SINGH ', '-x-', '-x-', 'no-image.jpg', '2004.03.08', 'M', '-x-', '-x-', '-x-', '-x-', '-x-', '-x-', '-x-', '-x-', '2017041181', '2017-18', 'nitin', '2017-04-29 10:43:00'),
(182, 'JITENDRA KUMAR', '-x-', '-x-', 'no-image.jpg', '2004.03.10', 'M', '-x-', '-x-', '-x-', '-x-', '-x-', '-x-', '-x-', '-x-', '2017041182', '2017-18', 'nitin', '2017-04-29 10:43:00'),
(183, 'JEEVAN SINGH', '-x-', '-x-', 'no-image.jpg', '2004.03.15', 'M', '-x-', '-x-', '-x-', '-x-', '-x-', '-x-', '-x-', '-x-', '2017041183', '2017-18', 'nitin', '2017-04-29 10:43:00'),
(184, 'JEEVAN TOLIA', '-x-', '-x-', 'no-image.jpg', '2004.03.15', 'M', '-x-', '-x-', '-x-', '-x-', '-x-', '-x-', '-x-', '-x-', '2017041184', '2017-18', 'nitin', '2017-04-29 10:43:00'),
(185, 'KARAN RAWAT', '-x-', '-x-', 'no-image.jpg', '2004.05.11', 'M', '-x-', '-x-', '-x-', '-x-', '-x-', '-x-', '-x-', '-x-', '2017041185', '2017-18', 'nitin', '2017-04-29 10:43:00'),
(186, 'NEERAJ PANA', '-x-', '-x-', 'no-image.jpg', '2004.03.02', 'M', '-x-', '-x-', '-x-', '-x-', '-x-', '-x-', '-x-', '-x-', '2017041186', '2017-18', 'nitin', '2017-04-29 10:43:00'),
(187, 'RAHUL KORANGA', '-x-', '-x-', 'no-image.jpg', '2004.03.02', 'M', '-x-', '-x-', '-x-', '-x-', '-x-', '-x-', '-x-', '-x-', '2017041187', '2017-18', 'nitin', '2017-04-29 10:43:00'),
(188, 'YOGESH KUMAR', '-x-', '-x-', 'no-image.jpg', '2004.04.18', 'M', '-x-', '-x-', '-x-', '-x-', '-x-', '-x-', '-x-', '-x-', '2017041188', '2017-18', 'nitin', '2017-04-29 10:43:00'),
(189, 'VIKRAM PANWAR', '-x-', '-x-', 'no-image.jpg', '2004.03.02', 'M', '-x-', '-x-', '-x-', '-x-', '-x-', '-x-', '-x-', '-x-', '2017041189', '2017-18', 'nitin', '2017-04-29 10:43:00'),
(190, 'GAURAV JIGYASU', '-x-', '-x-', 'no-image.jpg', '2007.08.21', 'M', '-x-', '-x-', '-x-', '-x-', '-x-', '-x-', '-x-', '-x-', '2017041190', '2017-18', 'nitin', '2017-04-29 10:43:00'),
(191, 'ANJALI ARYA', '-x-', '-x-', 'no-image.jpg', '2004.05.03', 'F', '-x-', '-x-', '-x-', '-x-', '-x-', '-x-', '-x-', '-x-', '2017041191', '2017-18', 'nitin', '2017-04-29 10:43:00'),
(192, 'YOGITA RAWAT', '-x-', '-x-', 'no-image.jpg', '2003.09.25', 'F', '-x-', '-x-', '-x-', '-x-', '-x-', '-x-', '-x-', '-x-', '2017041192', '2017-18', 'nitin', '2017-04-29 10:43:00'),
(193, 'GAURAV SINGH', '-x-', '-x-', 'no-image.jpg', '2004.02.13', 'M', '-x-', '-x-', '-x-', '-x-', '-x-', '-x-', '-x-', '-x-', '2017041193', '2017-18', 'nitin', '2017-04-29 10:43:00'),
(194, 'JITENDRA ', '-x-', '-x-', 'no-image.jpg', '2004.03.08', 'M', '-x-', '-x-', '-x-', '-x-', '-x-', '-x-', '-x-', '-x-', '2017041194', '2017-18', 'nitin', '2017-04-29 10:43:00'),
(195, 'NAVNEET DHARMSAKTU', '-x-', '-x-', 'no-image.jpg', '2002.05.13', 'M', '-x-', '-x-', '-x-', '-x-', '-x-', '-x-', '-x-', '-x-', '2017041195', '2017-18', 'nitin', '2017-04-29 10:43:00'),
(196, 'AJAY RAWAT', '-x-', '-x-', 'no-image.jpg', '2003.01.09', 'M', '-x-', '-x-', '-x-', '-x-', '-x-', '-x-', '-x-', '-x-', '2017041196', '2017-18', 'nitin', '2017-04-29 10:43:00'),
(197, 'AYUSHI NITWAL', '-x-', '-x-', 'no-image.jpg', '2004.03.25', 'F', '-x-', '-x-', '-x-', '-x-', '-x-', '-x-', '-x-', '-x-', '2017041197', '2017-18', 'nitin', '2017-04-29 10:43:00'),
(198, 'JAYA PANGTEY', '-x-', '-x-', 'no-image.jpg', '2003.06.02', 'F', '-x-', '-x-', '-x-', '-x-', '-x-', '-x-', '-x-', '-x-', '2017041198', '2017-18', 'nitin', '2017-04-29 10:43:00'),
(199, 'GANESH SINGH', '-x-', '-x-', 'no-image.jpg', '2004.04.10', 'M', '-x-', '-x-', '-x-', '-x-', '-x-', '-x-', '-x-', '-x-', '2017041199', '2017-18', 'nitin', '2017-04-29 10:43:00'),
(200, 'DIKSHA SORAGI', '-x-', '-x-', 'no-image.jpg', '2004.02.21', 'F', '-x-', '-x-', '-x-', '-x-', '-x-', '-x-', '-x-', '-x-', '2017041200', '2017-18', 'nitin', '2017-04-29 10:43:00'),
(201, 'POOJA VERMA', '-x-', '-x-', 'no-image.jpg', '2004.02.01', 'F', '-x-', '-x-', '-x-', '-x-', '-x-', '-x-', '-x-', '-x-', '2017041201', '2017-18', 'nitin', '2017-04-29 10:43:00'),
(202, 'ANJALI KORANGA', '-x-', '-x-', 'no-image.jpg', '2001.05.12', 'F', '-x-', '-x-', '-x-', '-x-', '-x-', '-x-', '-x-', '-x-', '2017041202', '2017-18', 'nitin', '2017-04-29 10:43:00'),
(203, 'BABITA NIKHURPA', '-x-', '-x-', 'no-image.jpg', '1999.09.27', 'F', '-x-', '-x-', '-x-', '-x-', '-x-', '-x-', '-x-', '-x-', '2017041203', '2017-18', 'nitin', '2017-04-29 10:43:00'),
(204, 'DIVYA SAYAL', '-x-', '-x-', 'no-image.jpg', '2001.05.02', 'F', '-x-', '-x-', '-x-', '-x-', '-x-', '-x-', '-x-', '-x-', '2017041204', '2017-18', 'nitin', '2017-04-29 10:43:00'),
(205, 'HEMA JOSHI', '-x-', '-x-', 'no-image.jpg', '2000.07.25', 'F', '-x-', '-x-', '-x-', '-x-', '-x-', '-x-', '-x-', '-x-', '2017041205', '2017-18', 'nitin', '2017-04-29 10:43:00'),
(206, 'KANCHAN GOSWAMI', '-x-', '-x-', 'no-image.jpg', '2000.01.15', 'F', '-x-', '-x-', '-x-', '-x-', '-x-', '-x-', '-x-', '-x-', '2017041206', '2017-18', 'nitin', '2017-04-29 10:43:00'),
(207, 'KANCHANA RILKOTIA', '-x-', '-x-', 'no-image.jpg', '1999.08.12', 'F', '-x-', '-x-', '-x-', '-x-', '-x-', '-x-', '-x-', '-x-', '2017041207', '2017-18', 'nitin', '2017-04-29 10:43:00'),
(208, 'KAVITA PINDIYAL', '-x-', '-x-', 'no-image.jpg', '1999.08.12', 'F', '-x-', '-x-', '-x-', '-x-', '-x-', '-x-', '-x-', '-x-', '2017041208', '2017-18', 'nitin', '2017-04-29 10:43:00'),
(209, 'KHEELA NEGI', '-x-', '-x-', 'no-image.jpg', '2000.05.04', 'F', '-x-', '-x-', '-x-', '-x-', '-x-', '-x-', '-x-', '-x-', '2017041209', '2017-18', 'nitin', '2017-04-29 10:43:00'),
(210, 'MAMTA CHIRAL', '-x-', '-x-', 'no-image.jpg', '2001.04.01', 'F', '-x-', '-x-', '-x-', '-x-', '-x-', '-x-', '-x-', '-x-', '2017041210', '2017-18', 'nitin', '2017-04-29 10:43:00'),
(211, 'MAMTA DANU', '-x-', '-x-', 'no-image.jpg', '1999.11.01', 'F', '-x-', '-x-', '-x-', '-x-', '-x-', '-x-', '-x-', '-x-', '2017041211', '2017-18', 'nitin', '2017-04-29 10:43:00'),
(212, 'MAYA MARTOLIYA', '-x-', '-x-', 'no-image.jpg', '2000.06.15', 'F', '-x-', '-x-', '-x-', '-x-', '-x-', '-x-', '-x-', '-x-', '2017041212', '2017-18', 'nitin', '2017-04-29 10:43:00'),
(213, 'MANSHI PANGTEY', '-x-', '-x-', 'no-image.jpg', '2001.12.27', 'F', '-x-', '-x-', '-x-', '-x-', '-x-', '-x-', '-x-', '-x-', '2017041213', '2017-18', 'nitin', '2017-04-29 10:43:00'),
(214, 'NEETU SEMIA', '-x-', '-x-', 'no-image.jpg', '2000.12.23', 'F', '-x-', '-x-', '-x-', '-x-', '-x-', '-x-', '-x-', '-x-', '2017041214', '2017-18', 'nitin', '2017-04-29 10:43:00'),
(215, 'PRIYANKA TRIPATHI', '-x-', '-x-', 'no-image.jpg', '2000.03.11', 'F', '-x-', '-x-', '-x-', '-x-', '-x-', '-x-', '-x-', '-x-', '2017041215', '2017-18', 'nitin', '2017-04-29 10:43:00'),
(216, 'RASHI SUMTYAL', '-x-', '-x-', 'no-image.jpg', '2001.07.05', 'F', '-x-', '-x-', '-x-', '-x-', '-x-', '-x-', '-x-', '-x-', '2017041216', '2017-18', 'nitin', '2017-04-29 10:43:00'),
(217, 'RAVEENA MARTOLIYA', '-x-', '-x-', 'no-image.jpg', '2001.06.28', 'F', '-x-', '-x-', '-x-', '-x-', '-x-', '-x-', '-x-', '-x-', '2017041217', '2017-18', 'nitin', '2017-04-29 10:43:00'),
(218, 'RITU RAWAT', '-x-', '-x-', 'no-image.jpg', '1999.12.06', 'F', '-x-', '-x-', '-x-', '-x-', '-x-', '-x-', '-x-', '-x-', '2017041218', '2017-18', 'nitin', '2017-04-29 10:43:00'),
(219, 'SANGEETA KOSHYARI', '-x-', '-x-', 'no-image.jpg', '2000.10.27', 'F', '-x-', '-x-', '-x-', '-x-', '-x-', '-x-', '-x-', '-x-', '2017041219', '2017-18', 'nitin', '2017-04-29 10:43:00'),
(220, 'BHUPENDRA KUNWAR', '-x-', '-x-', 'no-image.jpg', '1998.12.27', 'M', '-x-', '-x-', '-x-', '-x-', '-x-', '-x-', '-x-', '-x-', '2017041220', '2017-18', 'nitin', '2017-04-29 10:43:00'),
(221, 'DEEPAK SINGH BURFAL', '-x-', '-x-', 'no-image.jpg', '2000.12.01', 'M', '-x-', '-x-', '-x-', '-x-', '-x-', '-x-', '-x-', '-x-', '2017041221', '2017-18', 'nitin', '2017-04-29 10:43:00'),
(222, 'DEEPAK SINGH LASPAL', '-x-', '-x-', 'no-image.jpg', '2001.06.28', 'M', '-x-', '-x-', '-x-', '-x-', '-x-', '-x-', '-x-', '-x-', '2017041222', '2017-18', 'nitin', '2017-04-29 10:43:00'),
(223, 'DEEPAK SINGH MARTOLIYA', '-x-', '-x-', 'no-image.jpg', '2001.02.09', 'M', '-x-', '-x-', '-x-', '-x-', '-x-', '-x-', '-x-', '-x-', '2017041223', '2017-18', 'nitin', '2017-04-29 10:43:00'),
(224, 'DEEPAKANJ RAWAT', '-x-', '-x-', 'no-image.jpg', '2001.08.19', 'M', '-x-', '-x-', '-x-', '-x-', '-x-', '-x-', '-x-', '-x-', '2017041224', '2017-18', 'nitin', '2017-04-29 10:43:00'),
(225, 'DINESH SINGH BISHT', '-x-', '-x-', 'no-image.jpg', '2001.04.15', 'M', '-x-', '-x-', '-x-', '-x-', '-x-', '-x-', '-x-', '-x-', '2017041225', '2017-18', 'nitin', '2017-04-29 10:43:00'),
(226, 'GOPAL BHATT', '-x-', '-x-', 'no-image.jpg', '1999.08.27', 'M', '-x-', '-x-', '-x-', '-x-', '-x-', '-x-', '-x-', '-x-', '2017041226', '2017-18', 'nitin', '2017-04-29 10:43:00'),
(227, 'GAURAV DARIYAL', '-x-', '-x-', 'no-image.jpg', '2000.06.01', 'M', '-x-', '-x-', '-x-', '-x-', '-x-', '-x-', '-x-', '-x-', '2017041227', '2017-18', 'nitin', '2017-04-29 10:43:00'),
(228, 'GAURAV PANGTEY', '-x-', '-x-', 'no-image.jpg', '1998.12.29', 'M', '-x-', '-x-', '-x-', '-x-', '-x-', '-x-', '-x-', '-x-', '2017041228', '2017-18', 'nitin', '2017-04-29 10:43:00'),
(229, 'HIMANSHU DARIYAL', '-x-', '-x-', 'no-image.jpg', '2000.06.01', 'M', '-x-', '-x-', '-x-', '-x-', '-x-', '-x-', '-x-', '-x-', '2017041229', '2017-18', 'nitin', '2017-04-29 10:43:00'),
(230, 'HIMANSHU MARTOLIYA', '-x-', '-x-', 'no-image.jpg', '2000.07.02', 'M', '-x-', '-x-', '-x-', '-x-', '-x-', '-x-', '-x-', '-x-', '2017041230', '2017-18', 'nitin', '2017-04-29 10:43:00'),
(231, 'HIMANSHU SINGH PANGTEY', '-x-', '-x-', 'no-image.jpg', '2000.07.05', 'M', '-x-', '-x-', '-x-', '-x-', '-x-', '-x-', '-x-', '-x-', '2017041231', '2017-18', 'nitin', '2017-04-29 10:43:00'),
(232, 'HIMANSHU VERMA', '-x-', '-x-', 'no-image.jpg', '2000.06.06', 'M', '-x-', '-x-', '-x-', '-x-', '-x-', '-x-', '-x-', '-x-', '2017041232', '2017-18', 'nitin', '2017-04-29 10:43:00'),
(233, 'HIMANSHU KUMAR', '-x-', '-x-', 'no-image.jpg', '2001.04.01', 'M', '-x-', '-x-', '-x-', '-x-', '-x-', '-x-', '-x-', '-x-', '2017041233', '2017-18', 'nitin', '2017-04-29 10:43:00'),
(234, 'ISHWAR DHAPWAL', '-x-', '-x-', 'no-image.jpg', '2001.06.01', 'M', '-x-', '-x-', '-x-', '-x-', '-x-', '-x-', '-x-', '-x-', '2017041234', '2017-18', 'nitin', '2017-04-29 10:43:00'),
(235, 'ISHWAR SINGH PANCHPAL', '-x-', '-x-', 'no-image.jpg', '2001.03.26', 'M', '-x-', '-x-', '-x-', '-x-', '-x-', '-x-', '-x-', '-x-', '2017041235', '2017-18', 'nitin', '2017-04-29 10:43:00'),
(236, 'JITENDRA SINGH BURFAL', '-x-', '-x-', 'no-image.jpg', '2000.04.18', 'M', '-x-', '-x-', '-x-', '-x-', '-x-', '-x-', '-x-', '-x-', '2017041236', '2017-18', 'nitin', '2017-04-29 10:43:00'),
(237, 'JITENDRA SINGH DHAMI ', '-x-', '-x-', 'no-image.jpg', '2001.05.03', 'M', '-x-', '-x-', '-x-', '-x-', '-x-', '-x-', '-x-', '-x-', '2017041237', '2017-18', 'nitin', '2017-04-29 10:43:00'),
(238, 'KARTIKAY SINGH PANGTEY', '-x-', '-x-', 'no-image.jpg', '2001.07.02', 'M', '-x-', '-x-', '-x-', '-x-', '-x-', '-x-', '-x-', '-x-', '2017041238', '2017-18', 'nitin', '2017-04-29 10:43:00'),
(239, 'LAXMAN SINGH PAPRA', '-x-', '-x-', 'no-image.jpg', '2001.07.15', 'M', '-x-', '-x-', '-x-', '-x-', '-x-', '-x-', '-x-', '-x-', '2017041239', '2017-18', 'nitin', '2017-04-29 10:43:00'),
(240, 'LOVERAJ SINGH KUNWAR', '-x-', '-x-', 'no-image.jpg', '2001.06.12', 'M', '-x-', '-x-', '-x-', '-x-', '-x-', '-x-', '-x-', '-x-', '2017041240', '2017-18', 'nitin', '2017-04-29 10:43:00'),
(241, 'MANISH SINGH GWAL', '-x-', '-x-', 'no-image.jpg', '2002.01.22', 'M', '-x-', '-x-', '-x-', '-x-', '-x-', '-x-', '-x-', '-x-', '2017041241', '2017-18', 'nitin', '2017-04-29 10:43:00'),
(242, 'MANOJ KUMAR', '-x-', '-x-', 'no-image.jpg', '2000.10.27', 'M', '-x-', '-x-', '-x-', '-x-', '-x-', '-x-', '-x-', '-x-', '2017041242', '2017-18', 'nitin', '2017-04-29 10:43:00'),
(243, 'PRAKASH SINGH KARKI', '-x-', '-x-', 'no-image.jpg', '2001.05.01', 'M', '-x-', '-x-', '-x-', '-x-', '-x-', '-x-', '-x-', '-x-', '2017041243', '2017-18', 'nitin', '2017-04-29 10:43:00'),
(244, 'PRVEEN SINGH NEGI', '-x-', '-x-', 'no-image.jpg', '2002.07.02', 'M', '-x-', '-x-', '-x-', '-x-', '-x-', '-x-', '-x-', '-x-', '2017041244', '2017-18', 'nitin', '2017-04-29 10:43:00'),
(245, 'SANJEEV SINGH THAPRIYAL', '-x-', '-x-', 'no-image.jpg', '2001.01.02', 'M', '-x-', '-x-', '-x-', '-x-', '-x-', '-x-', '-x-', '-x-', '2017041245', '2017-18', 'nitin', '2017-04-29 10:43:00'),
(246, 'SANJAY RAM', '-x-', '-x-', 'no-image.jpg', '2000.07.01', 'M', '-x-', '-x-', '-x-', '-x-', '-x-', '-x-', '-x-', '-x-', '2017041246', '2017-18', 'nitin', '2017-04-29 10:43:00'),
(247, 'MUKESH CHANYAL', '-x-', '-x-', 'no-image.jpg', '2001.06.15', 'M', '-x-', '-x-', '-x-', '-x-', '-x-', '-x-', '-x-', '-x-', '2017041247', '2017-18', 'nitin', '2017-04-29 10:43:00'),
(248, 'UMESH CHANDRA JOSHI', '-x-', '-x-', 'no-image.jpg', '2002.09.05', 'M', '-x-', '-x-', '-x-', '-x-', '-x-', '-x-', '-x-', '-x-', '2017041248', '2017-18', 'nitin', '2017-04-29 10:43:00'),
(249, 'VINOD SINGH DHOKTI', '-x-', '-x-', 'no-image.jpg', '2000.03.03', 'M', '-x-', '-x-', '-x-', '-x-', '-x-', '-x-', '-x-', '-x-', '2017041249', '2017-18', 'nitin', '2017-04-29 10:43:00'),
(250, 'JITENDRA SINGH PANGTEY', '-x-', '-x-', 'no-image.jpg', '2000.11.23', 'M', '-x-', '-x-', '-x-', '-x-', '-x-', '-x-', '-x-', '-x-', '2017041250', '2017-18', 'nitin', '2017-04-29 10:43:00'),
(251, 'Rakesh', 'Chandra', 'Gupta', 'no-image.jpg', '2001-05-12', 'M', 'Suresh chandra Gupta', '-x-', '-x-', '-x-', '-x-', '-x-', '-x-', '-x-', '2017051251', '2017-18', 'nitin', '2017-05-05 07:01:43'),
(252, 'ANJALI NITWLA', '-x-', '-x-', 'no-image.jpg', '2003.03.19', 'F', '-x-', '-x-', '-x-', '-x-', '-x-', '-x-', '-x-', '-x-', '2017041251', '2017-18', 'nitin', '0000-00-00 00:00:00'),
(253, 'DIKSHA MEHTA', '-x-', '-x-', 'no-image.jpg', '2004.04.27', 'F', '-x-', '-x-', '-x-', '-x-', '-x-', '-x-', '-x-', '-x-', '2017041252', '2017-18', 'nitin', '0000-00-00 00:00:00'),
(254, 'HINA BRIJWAL ', '-x-', '-x-', 'no-image.jpg', '2007.07.28', 'F', '-x-', '-x-', '-x-', '-x-', '-x-', '-x-', '-x-', '-x-', '2017041253', '2017-18', 'nitin', '0000-00-00 00:00:00'),
(255, 'KIRAN DHAMI ', '-x-', '-x-', 'no-image.jpg', '2004.03.20', 'F', '-x-', '-x-', '-x-', '-x-', '-x-', '-x-', '-x-', '-x-', '2017041254', '2017-18', 'nitin', '0000-00-00 00:00:00'),
(256, 'NEHA SUMTYAL', '-x-', '-x-', 'no-image.jpg', '2006.12.11', 'F', '-x-', '-x-', '-x-', '-x-', '-x-', '-x-', '-x-', '-x-', '2017041255', '2017-18', 'nitin', '0000-00-00 00:00:00'),
(257, 'X', '-x-', '-x-', 'no-image.jpg', '0000.00.00', 'x', '-x-', '-x-', '-x-', '-x-', '-x-', '-x-', '-x-', '-x-', '2017041256', '2017-18', 'nitin', '0000-00-00 00:00:00'),
(258, 'POOJA RAWAT', '-x-', '-x-', 'no-image.jpg', '2004.04.10', 'F', '-x-', '-x-', '-x-', '-x-', '-x-', '-x-', '-x-', '-x-', '2017041257', '2017-18', 'nitin', '0000-00-00 00:00:00'),
(259, 'PRIYANKA NITWAL', '-x-', '-x-', 'no-image.jpg', '2004.03.15', 'F', '-x-', '-x-', '-x-', '-x-', '-x-', '-x-', '-x-', '-x-', '2017041258', '2017-18', 'nitin', '0000-00-00 00:00:00'),
(260, 'SHALINI NIKHURPA', '-x-', '-x-', 'no-image.jpg', '2004.06.02', 'F', '-x-', '-x-', '-x-', '-x-', '-x-', '-x-', '-x-', '-x-', '2017041259', '2017-18', 'nitin', '0000-00-00 00:00:00'),
(261, 'SHEELA', '-x-', '-x-', 'no-image.jpg', '2004.11.15', 'F', '-x-', '-x-', '-x-', '-x-', '-x-', '-x-', '-x-', '-x-', '2017041260', '2017-18', 'nitin', '0000-00-00 00:00:00'),
(262, 'SIYA SAYALA', '-x-', '-x-', 'no-image.jpg', '2003.11.01', 'F', '-x-', '-x-', '-x-', '-x-', '-x-', '-x-', '-x-', '-x-', '2017041261', '2017-18', 'nitin', '0000-00-00 00:00:00'),
(263, 'LUBNA NITWAL', '-x-', '-x-', 'no-image.jpg', '2004.10.05', 'F', '-x-', '-x-', '-x-', '-x-', '-x-', '-x-', '-x-', '-x-', '2017041262', '2017-18', 'nitin', '0000-00-00 00:00:00'),
(264, 'YOGITA PANDEY', '-x-', '-x-', 'no-image.jpg', '2003.05.17', 'F', '-x-', '-x-', '-x-', '-x-', '-x-', '-x-', '-x-', '-x-', '2017041263', '2017-18', 'nitin', '0000-00-00 00:00:00'),
(265, 'BHUPENDRA SINGH IMLAL', '-x-', '-x-', 'no-image.jpg', '2004.03.11', 'M', '-x-', '-x-', '-x-', '-x-', '-x-', '-x-', '-x-', '-x-', '2017041264', '2017-18', 'nitin', '0000-00-00 00:00:00'),
(266, 'CHANCHAL SINGH ', '-x-', '-x-', 'no-image.jpg', '2004.03.15', 'M', '-x-', '-x-', '-x-', '-x-', '-x-', '-x-', '-x-', '-x-', '2017041265', '2017-18', 'nitin', '0000-00-00 00:00:00'),
(267, 'CHANDRA MOHAN SINGH RANA', '-x-', '-x-', 'no-image.jpg', '2004.01.02', 'M', '-x-', '-x-', '-x-', '-x-', '-x-', '-x-', '-x-', '-x-', '2017041266', '2017-18', 'nitin', '0000-00-00 00:00:00'),
(268, 'DEEPAK SINGH RANA', '-x-', '-x-', 'no-image.jpg', '2003.08.25', 'M', '-x-', '-x-', '-x-', '-x-', '-x-', '-x-', '-x-', '-x-', '2017041267', '2017-18', 'nitin', '0000-00-00 00:00:00');
INSERT INTO `master_7_stud_personal` (`STUD_ID`, `FNAME`, `MNAME`, `LNAME`, `PHOTO_`, `DOB_`, `GENDER`, `FATHER`, `F_MOBILE`, `F_EMAIL`, `F_PROFESSION`, `MOTHER`, `M_MOBILE`, `M_EMAIL`, `M_PROFESSION`, `regid`, `SESSID`, `USERNAME_`, `DATE_`) VALUES
(269, 'DEVESH SINGH JESTHA', '-x-', '-x-', 'no-image.jpg', '2004.11.05', 'M', '-x-', '-x-', '-x-', '-x-', '-x-', '-x-', '-x-', '-x-', '2017041268', '2017-18', 'nitin', '0000-00-00 00:00:00'),
(270, 'HIMANSHU RAWAT', '-x-', '-x-', 'no-image.jpg', '2003.09.23', 'M', '-x-', '-x-', '-x-', '-x-', '-x-', '-x-', '-x-', '-x-', '2017041269', '2017-18', 'nitin', '0000-00-00 00:00:00'),
(271, 'HIMANSHU SINGH RAWAT', '-x-', '-x-', 'no-image.jpg', '2003.07.17', 'M', '-x-', '-x-', '-x-', '-x-', '-x-', '-x-', '-x-', '-x-', '2017041270', '2017-18', 'nitin', '0000-00-00 00:00:00'),
(272, 'HIMANSHU SHARMA', '-x-', '-x-', 'no-image.jpg', '2003.07.12', 'M', '-x-', '-x-', '-x-', '-x-', '-x-', '-x-', '-x-', '-x-', '2017041271', '2017-18', 'nitin', '0000-00-00 00:00:00'),
(273, 'JATIN SINGH BRIJWAL', '-x-', '-x-', 'no-image.jpg', '2004.01.19', 'M', '-x-', '-x-', '-x-', '-x-', '-x-', '-x-', '-x-', '-x-', '2017041272', '2017-18', 'nitin', '0000-00-00 00:00:00'),
(274, 'LAXMAN SINGH RINGWAL', '-x-', '-x-', 'no-image.jpg', '2004.03.12', 'M', '-x-', '-x-', '-x-', '-x-', '-x-', '-x-', '-x-', '-x-', '2017041273', '2017-18', 'nitin', '0000-00-00 00:00:00'),
(275, 'LOVERAJ CHIRAL', '-x-', '-x-', 'no-image.jpg', '2004.03.12', 'M', '-x-', '-x-', '-x-', '-x-', '-x-', '-x-', '-x-', '-x-', '2017041274', '2017-18', 'nitin', '0000-00-00 00:00:00'),
(276, 'NAVEEN SINGH RANA', '-x-', '-x-', 'no-image.jpg', '2005.02.11', 'M', '-x-', '-x-', '-x-', '-x-', '-x-', '-x-', '-x-', '-x-', '2017041275', '2017-18', 'nitin', '0000-00-00 00:00:00'),
(277, 'MAHESH PANWAR', '-x-', '-x-', 'no-image.jpg', '2004.05.01', 'M', '-x-', '-x-', '-x-', '-x-', '-x-', '-x-', '-x-', '-x-', '2017041276', '2017-18', 'nitin', '0000-00-00 00:00:00'),
(278, 'MUKESH SINGH SUMTYAL', '-x-', '-x-', 'no-image.jpg', '2004.04.23', 'M', '-x-', '-x-', '-x-', '-x-', '-x-', '-x-', '-x-', '-x-', '2017041277', '2017-18', 'nitin', '0000-00-00 00:00:00'),
(279, 'PANKAJ SINGH MAHAR', '-x-', '-x-', 'no-image.jpg', '2004.06.24', 'M', '-x-', '-x-', '-x-', '-x-', '-x-', '-x-', '-x-', '-x-', '2017041278', '2017-18', 'nitin', '0000-00-00 00:00:00'),
(280, 'PANKAJ KUMAR', '-x-', '-x-', 'no-image.jpg', '2003.04.14', 'M', '-x-', '-x-', '-x-', '-x-', '-x-', '-x-', '-x-', '-x-', '2017041279', '2017-18', 'nitin', '0000-00-00 00:00:00'),
(281, 'PANKAJ SINGH PANGTEY', '-x-', '-x-', 'no-image.jpg', '2004.03.05', 'M', '-x-', '-x-', '-x-', '-x-', '-x-', '-x-', '-x-', '-x-', '2017041280', '2017-18', 'nitin', '0000-00-00 00:00:00'),
(282, 'TIKENDRA SINGH BISHT ', '-x-', '-x-', 'no-image.jpg', '2004.03.28', 'M', '-x-', '-x-', '-x-', '-x-', '-x-', '-x-', '-x-', '-x-', '2017041281', '2017-18', 'nitin', '0000-00-00 00:00:00'),
(283, 'UMESH SINGH PANWAR', '-x-', '-x-', 'no-image.jpg', '2004.03.30', 'M', '-x-', '-x-', '-x-', '-x-', '-x-', '-x-', '-x-', '-x-', '2017041282', '2017-18', 'nitin', '0000-00-00 00:00:00'),
(284, 'VIKRAM SINGH', '-x-', '-x-', 'no-image.jpg', '2004.08.03', 'M', '-x-', '-x-', '-x-', '-x-', '-x-', '-x-', '-x-', '-x-', '2017041283', '2017-18', 'nitin', '0000-00-00 00:00:00'),
(285, 'VINOD SINGH NITWAL', '-x-', '-x-', 'no-image.jpg', '2003.09.03', 'M', '-x-', '-x-', '-x-', '-x-', '-x-', '-x-', '-x-', '-x-', '2017041284', '2017-18', 'nitin', '0000-00-00 00:00:00'),
(286, 'BHAWANA BAGARI', '-x-', '-x-', 'no-image.jpg', '2003.08.10', 'F', '-x-', '-x-', '-x-', '-x-', '-x-', '-x-', '-x-', '-x-', '2017041285', '2017-18', 'nitin', '0000-00-00 00:00:00'),
(287, 'CHITRA PANGTEY ', '-x-', '-x-', 'no-image.jpg', '2002.04.20', 'F', '-x-', '-x-', '-x-', '-x-', '-x-', '-x-', '-x-', '-x-', '2017041286', '2017-18', 'nitin', '0000-00-00 00:00:00'),
(288, 'DEEPIKA JANGPANGI', '-x-', '-x-', 'no-image.jpg', '2003.03.02', 'F', '-x-', '-x-', '-x-', '-x-', '-x-', '-x-', '-x-', '-x-', '2017041287', '2017-18', 'nitin', '0000-00-00 00:00:00'),
(289, 'DEEPTI KHALJHUNIA', '-x-', '-x-', 'no-image.jpg', '2002.05.18', 'F', '-x-', '-x-', '-x-', '-x-', '-x-', '-x-', '-x-', '-x-', '2017041288', '2017-18', 'nitin', '0000-00-00 00:00:00'),
(290, 'GARIMA', '-x-', '-x-', 'no-image.jpg', '2006.08.06', 'F', '-x-', '-x-', '-x-', '-x-', '-x-', '-x-', '-x-', '-x-', '2017041289', '2017-18', 'nitin', '0000-00-00 00:00:00'),
(291, 'HIMANI DWIVEDI', '-x-', '-x-', 'no-image.jpg', '2003.07.05', 'F', '-x-', '-x-', '-x-', '-x-', '-x-', '-x-', '-x-', '-x-', '2017041290', '2017-18', 'nitin', '0000-00-00 00:00:00'),
(292, 'ISHA DHAPWAL', '-x-', '-x-', 'no-image.jpg', '2003.03.30', 'F', '-x-', '-x-', '-x-', '-x-', '-x-', '-x-', '-x-', '-x-', '2017041291', '2017-18', 'nitin', '0000-00-00 00:00:00'),
(293, 'JYOTI MEHRA', '-x-', '-x-', 'no-image.jpg', '2003.12.07', 'F', '-x-', '-x-', '-x-', '-x-', '-x-', '-x-', '-x-', '-x-', '2017041292', '2017-18', 'nitin', '0000-00-00 00:00:00'),
(294, 'KAVITA PAPRA', '-x-', '-x-', 'no-image.jpg', '2003.04.16', 'F', '-x-', '-x-', '-x-', '-x-', '-x-', '-x-', '-x-', '-x-', '2017041293', '2017-18', 'nitin', '0000-00-00 00:00:00'),
(295, 'KOMAL VERMA', '-x-', '-x-', 'no-image.jpg', '2003.12.06', 'F', '-x-', '-x-', '-x-', '-x-', '-x-', '-x-', '-x-', '-x-', '2017041294', '2017-18', 'nitin', '0000-00-00 00:00:00'),
(296, 'MANISHA BHANDARI', '-x-', '-x-', 'no-image.jpg', '2003.04.09', 'F', '-x-', '-x-', '-x-', '-x-', '-x-', '-x-', '-x-', '-x-', '2017041295', '2017-18', 'nitin', '0000-00-00 00:00:00'),
(297, 'MANSI MARTOLIA', '-x-', '-x-', 'no-image.jpg', '2003.07.13', 'F', '-x-', '-x-', '-x-', '-x-', '-x-', '-x-', '-x-', '-x-', '2017041296', '2017-18', 'nitin', '0000-00-00 00:00:00'),
(298, 'SONIYA NEGI', '-x-', '-x-', 'no-image.jpg', '2003.02.03', 'F', '-x-', '-x-', '-x-', '-x-', '-x-', '-x-', '-x-', '-x-', '2017041297', '2017-18', 'nitin', '0000-00-00 00:00:00'),
(299, 'SUSHEELA LASPAL', '-x-', '-x-', 'no-image.jpg', '2002.12.05', 'F', '-x-', '-x-', '-x-', '-x-', '-x-', '-x-', '-x-', '-x-', '2017041298', '2017-18', 'nitin', '0000-00-00 00:00:00'),
(300, 'ABHISHEK SINGH RAWAT', '-x-', '-x-', 'no-image.jpg', '2003.03.24', 'M', '-x-', '-x-', '-x-', '-x-', '-x-', '-x-', '-x-', '-x-', '2017041299', '2017-18', 'nitin', '0000-00-00 00:00:00'),
(301, 'DEVRAJ SINGH ', '-x-', '-x-', 'no-image.jpg', '2002.08.29', 'M', '-x-', '-x-', '-x-', '-x-', '-x-', '-x-', '-x-', '-x-', '2017041300', '2017-18', 'nitin', '0000-00-00 00:00:00'),
(302, 'DURGESH SINGH DANU', '-x-', '-x-', 'no-image.jpg', '2002.07.06', 'M', '-x-', '-x-', '-x-', '-x-', '-x-', '-x-', '-x-', '-x-', '2017041301', '2017-18', 'nitin', '0000-00-00 00:00:00'),
(303, 'GAURAV SINGH PANDA', '-x-', '-x-', 'no-image.jpg', '2004.06.04', 'M', '-x-', '-x-', '-x-', '-x-', '-x-', '-x-', '-x-', '-x-', '2017041302', '2017-18', 'nitin', '0000-00-00 00:00:00'),
(304, 'GAURAV SINGH PANWAR', '-x-', '-x-', 'no-image.jpg', '2003.04.02', 'M', '-x-', '-x-', '-x-', '-x-', '-x-', '-x-', '-x-', '-x-', '2017041303', '2017-18', 'nitin', '0000-00-00 00:00:00'),
(305, 'GAURAV SINGH RANA', '-x-', '-x-', 'no-image.jpg', '2003.06.11', 'M', '-x-', '-x-', '-x-', '-x-', '-x-', '-x-', '-x-', '-x-', '2017041304', '2017-18', 'nitin', '0000-00-00 00:00:00'),
(306, 'GOVIND SINGH JAIMYAL', '-x-', '-x-', 'no-image.jpg', '2003.03.16', 'M', '-x-', '-x-', '-x-', '-x-', '-x-', '-x-', '-x-', '-x-', '2017041305', '2017-18', 'nitin', '0000-00-00 00:00:00'),
(307, 'ISHWAR SINGH KHATRI', '-x-', '-x-', 'no-image.jpg', '2003.04.01', 'M', '-x-', '-x-', '-x-', '-x-', '-x-', '-x-', '-x-', '-x-', '2017041306', '2017-18', 'nitin', '0000-00-00 00:00:00'),
(308, 'JITENDRA SINGH ', '-x-', '-x-', 'no-image.jpg', '2003.06.07', 'M', '-x-', '-x-', '-x-', '-x-', '-x-', '-x-', '-x-', '-x-', '2017041307', '2017-18', 'nitin', '0000-00-00 00:00:00'),
(309, 'KAPIL SINGH DHAMI', '-x-', '-x-', 'no-image.jpg', '2003.07.04', 'M', '-x-', '-x-', '-x-', '-x-', '-x-', '-x-', '-x-', '-x-', '2017041308', '2017-18', 'nitin', '0000-00-00 00:00:00'),
(310, 'KARAN SINGH TOLIA', '-x-', '-x-', 'no-image.jpg', '2001.06.05', 'M', '-x-', '-x-', '-x-', '-x-', '-x-', '-x-', '-x-', '-x-', '2017041309', '2017-18', 'nitin', '0000-00-00 00:00:00'),
(311, 'LOVERAJ SINGH RAWAT', '-x-', '-x-', 'no-image.jpg', '2003.04.10', 'M', '-x-', '-x-', '-x-', '-x-', '-x-', '-x-', '-x-', '-x-', '2017041310', '2017-18', 'nitin', '0000-00-00 00:00:00'),
(312, 'MANISH CHANDRA JOSHI', '-x-', '-x-', 'no-image.jpg', '2002.04.23', 'M', '-x-', '-x-', '-x-', '-x-', '-x-', '-x-', '-x-', '-x-', '2017041311', '2017-18', 'nitin', '0000-00-00 00:00:00'),
(313, 'MUKESH SINGH GHINGA', '-x-', '-x-', 'no-image.jpg', '2004.02.02', 'M', '-x-', '-x-', '-x-', '-x-', '-x-', '-x-', '-x-', '-x-', '2017041312', '2017-18', 'nitin', '0000-00-00 00:00:00'),
(314, 'MUKESH SINGH RAWAT', '-x-', '-x-', 'no-image.jpg', '2003.07.11', 'M', '-x-', '-x-', '-x-', '-x-', '-x-', '-x-', '-x-', '-x-', '2017041313', '2017-18', 'nitin', '0000-00-00 00:00:00'),
(315, 'NISHANT SINGH DEWALI', '-x-', '-x-', 'no-image.jpg', '2003.03.04', 'M', '-x-', '-x-', '-x-', '-x-', '-x-', '-x-', '-x-', '-x-', '2017041314', '2017-18', 'nitin', '0000-00-00 00:00:00'),
(316, 'PANKAJ SINGH DHOKTI', '-x-', '-x-', 'no-image.jpg', '2001.05.09', 'M', '-x-', '-x-', '-x-', '-x-', '-x-', '-x-', '-x-', '-x-', '2017041315', '2017-18', 'nitin', '0000-00-00 00:00:00'),
(317, 'PREMPRAKASH SINGH PANDA', '-x-', '-x-', 'no-image.jpg', '2003.01.15', 'M', '-x-', '-x-', '-x-', '-x-', '-x-', '-x-', '-x-', '-x-', '2017041316', '2017-18', 'nitin', '0000-00-00 00:00:00'),
(318, 'PRIYANSHU BORA', '-x-', '-x-', 'no-image.jpg', '2004.07.03', 'M', '-x-', '-x-', '-x-', '-x-', '-x-', '-x-', '-x-', '-x-', '2017041317', '2017-18', 'nitin', '0000-00-00 00:00:00'),
(319, 'RAHUL SINGH BISHT', '-x-', '-x-', 'no-image.jpg', '2003.03.12', 'M', '-x-', '-x-', '-x-', '-x-', '-x-', '-x-', '-x-', '-x-', '2017041318', '2017-18', 'nitin', '0000-00-00 00:00:00'),
(320, 'RAHUL SINGH', '-x-', '-x-', 'no-image.jpg', '2003.05.15', 'M', '-x-', '-x-', '-x-', '-x-', '-x-', '-x-', '-x-', '-x-', '2017041319', '2017-18', 'nitin', '0000-00-00 00:00:00'),
(321, 'RAJENDRA PRAKASH', '-x-', '-x-', 'no-image.jpg', '2002.07.08', 'M', '-x-', '-x-', '-x-', '-x-', '-x-', '-x-', '-x-', '-x-', '2017041320', '2017-18', 'nitin', '0000-00-00 00:00:00'),
(322, 'ROHIT SINGH GHINGA', '-x-', '-x-', 'no-image.jpg', '2003.07.01', 'M', '-x-', '-x-', '-x-', '-x-', '-x-', '-x-', '-x-', '-x-', '2017041321', '2017-18', 'nitin', '0000-00-00 00:00:00'),
(323, 'ROHIT SINGH DHOKTI', '-x-', '-x-', 'no-image.jpg', '2003.03.25', 'M', '-x-', '-x-', '-x-', '-x-', '-x-', '-x-', '-x-', '-x-', '2017041322', '2017-18', 'nitin', '0000-00-00 00:00:00'),
(324, 'CHANDRA MOHAN SINGH KHATRI', '-x-', '-x-', 'no-image.jpg', '2004.06.02', 'M', '-x-', '-x-', '-x-', '-x-', '-x-', '-x-', '-x-', '-x-', '2017041323', '2017-18', 'nitin', '0000-00-00 00:00:00'),
(325, 'SAMEER SINGH', '-x-', '-x-', 'no-image.jpg', '2003.04.06', 'M', '-x-', '-x-', '-x-', '-x-', '-x-', '-x-', '-x-', '-x-', '2017041324', '2017-18', 'nitin', '0000-00-00 00:00:00'),
(326, 'SANJAY SINGH DHAPWAL', '-x-', '-x-', 'no-image.jpg', '2002.04.01', 'M', '-x-', '-x-', '-x-', '-x-', '-x-', '-x-', '-x-', '-x-', '2017041325', '2017-18', 'nitin', '0000-00-00 00:00:00'),
(327, 'SANJAY SINGH RANA', '-x-', '-x-', 'no-image.jpg', '2003.03.23', 'M', '-x-', '-x-', '-x-', '-x-', '-x-', '-x-', '-x-', '-x-', '2017041326', '2017-18', 'nitin', '0000-00-00 00:00:00'),
(328, 'SAURABH DHOKTI', '-x-', '-x-', 'no-image.jpg', '2003.06.04', 'M', '-x-', '-x-', '-x-', '-x-', '-x-', '-x-', '-x-', '-x-', '2017041327', '2017-18', 'nitin', '0000-00-00 00:00:00'),
(329, 'TRILOK SINGH IMLAL', '-x-', '-x-', 'no-image.jpg', '2002.04.02', 'M', '-x-', '-x-', '-x-', '-x-', '-x-', '-x-', '-x-', '-x-', '2017041328', '2017-18', 'nitin', '0000-00-00 00:00:00'),
(330, 'VIRENDRA KUMAR', '-x-', '-x-', 'no-image.jpg', '2004.07.07', 'M', '-x-', '-x-', '-x-', '-x-', '-x-', '-x-', '-x-', '-x-', '2017041329', '2017-18', 'nitin', '0000-00-00 00:00:00'),
(331, 'VINOD SINGH MEHRA', '-x-', '-x-', 'no-image.jpg', '2003.03.05', 'M', '-x-', '-x-', '-x-', '-x-', '-x-', '-x-', '-x-', '-x-', '2017041330', '2017-18', 'nitin', '0000-00-00 00:00:00'),
(332, 'YASHDEEP', '-x-', '-x-', 'no-image.jpg', '2002.12.24', 'M', '-x-', '-x-', '-x-', '-x-', '-x-', '-x-', '-x-', '-x-', '2017041331', '2017-18', 'nitin', '0000-00-00 00:00:00'),
(333, 'YOGESH SINGH', '-x-', '-x-', 'no-image.jpg', '2003.03.04', 'M', '-x-', '-x-', '-x-', '-x-', '-x-', '-x-', '-x-', '-x-', '2017041332', '2017-18', 'nitin', '0000-00-00 00:00:00'),
(334, 'YOGESH SINGH FARSWAN', '-x-', '-x-', 'no-image.jpg', '2003.09.15', 'M', '-x-', '-x-', '-x-', '-x-', '-x-', '-x-', '-x-', '-x-', '2017041333', '2017-18', 'nitin', '0000-00-00 00:00:00'),
(335, 'KAVINDRA SINGH', '-x-', '-x-', 'no-image.jpg', '2003.01.04', 'M', '-x-', '-x-', '-x-', '-x-', '-x-', '-x-', '-x-', '-x-', '2017041334', '2017-18', 'nitin', '0000-00-00 00:00:00'),
(336, 'BHUPENDRA SINGH LUNTRI', '-x-', '-x-', 'no-image.jpg', '2004.11.15', 'M', '-x-', '-x-', '-x-', '-x-', '-x-', '-x-', '-x-', '-x-', '2017041335', '2017-18', 'nitin', '0000-00-00 00:00:00'),
(337, 'CHANDANI RAWAT', '-x-', '-x-', 'no-image.jpg', '2003.03.10', 'F', '-x-', '-x-', '-x-', '-x-', '-x-', '-x-', '-x-', '-x-', '2017041336', '2017-18', 'nitin', '0000-00-00 00:00:00'),
(338, 'CHETANA BHAKUNI', '-x-', '-x-', 'no-image.jpg', '2003.03.20', 'F', '-x-', '-x-', '-x-', '-x-', '-x-', '-x-', '-x-', '-x-', '2017041337', '2017-18', 'nitin', '0000-00-00 00:00:00'),
(339, 'DIVYA BAGARI ', '-x-', '-x-', 'no-image.jpg', '2003.03.09', 'F', '-x-', '-x-', '-x-', '-x-', '-x-', '-x-', '-x-', '-x-', '2017041338', '2017-18', 'nitin', '0000-00-00 00:00:00'),
(340, 'GARIMA BISHT', '-x-', '-x-', 'no-image.jpg', '2003.03.10', 'F', '-x-', '-x-', '-x-', '-x-', '-x-', '-x-', '-x-', '-x-', '2017041339', '2017-18', 'nitin', '0000-00-00 00:00:00'),
(341, 'KAVITA ARYA', '-x-', '-x-', 'no-image.jpg', '2003.02.13', 'F', '-x-', '-x-', '-x-', '-x-', '-x-', '-x-', '-x-', '-x-', '2017041340', '2017-18', 'nitin', '0000-00-00 00:00:00'),
(342, 'KANISHKA TOLIA', '-x-', '-x-', 'no-image.jpg', '2003.06.12', 'F', '-x-', '-x-', '-x-', '-x-', '-x-', '-x-', '-x-', '-x-', '2017041341', '2017-18', 'nitin', '0000-00-00 00:00:00'),
(343, 'MAHIMA RAUTELA', '-x-', '-x-', 'no-image.jpg', '2003.03.16', 'F', '-x-', '-x-', '-x-', '-x-', '-x-', '-x-', '-x-', '-x-', '2017041342', '2017-18', 'nitin', '0000-00-00 00:00:00'),
(344, 'RITU MARTOLIYA ', '-x-', '-x-', 'no-image.jpg', '2003.04.04', 'F', '-x-', '-x-', '-x-', '-x-', '-x-', '-x-', '-x-', '-x-', '2017041343', '2017-18', 'nitin', '0000-00-00 00:00:00'),
(345, 'SANGEETA PANGTEY', '-x-', '-x-', 'no-image.jpg', '2003.04.20', 'F', '-x-', '-x-', '-x-', '-x-', '-x-', '-x-', '-x-', '-x-', '2017041344', '2017-18', 'nitin', '0000-00-00 00:00:00'),
(346, 'NISHA VERMA', '-x-', '-x-', 'no-image.jpg', '2003.09.14', 'F', '-x-', '-x-', '-x-', '-x-', '-x-', '-x-', '-x-', '-x-', '2017041345', '2017-18', 'nitin', '0000-00-00 00:00:00'),
(347, 'KOMAL RAWAT', '-x-', '-x-', 'no-image.jpg', '2002.04.19', 'F', '-x-', '-x-', '-x-', '-x-', '-x-', '-x-', '-x-', '-x-', '2017041346', '2017-18', 'nitin', '0000-00-00 00:00:00'),
(348, 'BABITA KORANGA', '-x-', '-x-', 'no-image.jpg', '2003.03.26', 'F', '-x-', '-x-', '-x-', '-x-', '-x-', '-x-', '-x-', '-x-', '2017041347', '2017-18', 'nitin', '0000-00-00 00:00:00'),
(349, 'KARISHMA ', '-x-', '-x-', 'no-image.jpg', '2002.04.15', 'F', '-x-', '-x-', '-x-', '-x-', '-x-', '-x-', '-x-', '-x-', '2017041348', '2017-18', 'nitin', '0000-00-00 00:00:00'),
(350, 'DEEPIKA ARYA', '-x-', '-x-', 'no-image.jpg', '2002.04.15', 'F', '-x-', '-x-', '-x-', '-x-', '-x-', '-x-', '-x-', '-x-', '2017041349', '2017-18', 'nitin', '0000-00-00 00:00:00'),
(351, 'AKSHAY SINGH JESTHA', '-x-', '-x-', 'no-image.jpg', '2003.05.15', 'M', '-x-', '-x-', '-x-', '-x-', '-x-', '-x-', '-x-', '-x-', '2017041350', '2017-18', 'nitin', '0000-00-00 00:00:00'),
(352, 'DEEPANSHU BRIJWAL', '-x-', '-x-', 'no-image.jpg', '2001.06.16', 'M', '-x-', '-x-', '-x-', '-x-', '-x-', '-x-', '-x-', '-x-', '2017041351', '2017-18', 'nitin', '0000-00-00 00:00:00'),
(353, 'DEEPAK GIRI', '-x-', '-x-', 'no-image.jpg', '2003.05.12', 'M', '-x-', '-x-', '-x-', '-x-', '-x-', '-x-', '-x-', '-x-', '2017041352', '2017-18', 'nitin', '0000-00-00 00:00:00'),
(354, 'DEEPAK GOSWAMI', '-x-', '-x-', 'no-image.jpg', '2003.04.12', 'M', '-x-', '-x-', '-x-', '-x-', '-x-', '-x-', '-x-', '-x-', '2017041353', '2017-18', 'nitin', '0000-00-00 00:00:00'),
(355, 'DEEPAK SINGH NEGI', '-x-', '-x-', 'no-image.jpg', '2003.03.12', 'M', '-x-', '-x-', '-x-', '-x-', '-x-', '-x-', '-x-', '-x-', '2017041354', '2017-18', 'nitin', '0000-00-00 00:00:00'),
(356, 'DEEPAK SINGH PACHHAI', '-x-', '-x-', 'no-image.jpg', '2003.01.15', 'M', '-x-', '-x-', '-x-', '-x-', '-x-', '-x-', '-x-', '-x-', '2017041355', '2017-18', 'nitin', '0000-00-00 00:00:00'),
(357, 'DHEERAJ SINGH CHIRAL', '-x-', '-x-', 'no-image.jpg', '2003.01.15', 'M', '-x-', '-x-', '-x-', '-x-', '-x-', '-x-', '-x-', '-x-', '2017041356', '2017-18', 'nitin', '0000-00-00 00:00:00'),
(358, 'DEVENDRA SINGH PANWAR', '-x-', '-x-', 'no-image.jpg', '2002.11.11', 'M', '-x-', '-x-', '-x-', '-x-', '-x-', '-x-', '-x-', '-x-', '2017041357', '2017-18', 'nitin', '0000-00-00 00:00:00'),
(359, 'HIMANSHU JOSHI', '-x-', '-x-', 'no-image.jpg', '2002.05.28', 'M', '-x-', '-x-', '-x-', '-x-', '-x-', '-x-', '-x-', '-x-', '2017041358', '2017-18', 'nitin', '0000-00-00 00:00:00'),
(360, 'KRISHNA DOSAD', '-x-', '-x-', 'no-image.jpg', '2002.05.28', 'M', '-x-', '-x-', '-x-', '-x-', '-x-', '-x-', '-x-', '-x-', '2017041359', '2017-18', 'nitin', '0000-00-00 00:00:00'),
(361, 'LAXMAN SINGH PANWAR', '-x-', '-x-', 'no-image.jpg', '2003.07.01', 'M', '-x-', '-x-', '-x-', '-x-', '-x-', '-x-', '-x-', '-x-', '2017041360', '2017-18', 'nitin', '0000-00-00 00:00:00'),
(362, 'MANJEET KUMAR', '-x-', '-x-', 'no-image.jpg', '2002.04.18', 'M', '-x-', '-x-', '-x-', '-x-', '-x-', '-x-', '-x-', '-x-', '2017041361', '2017-18', 'nitin', '0000-00-00 00:00:00'),
(363, 'MANOJ SINGH KORNGA', '-x-', '-x-', 'no-image.jpg', '2003.04.01', 'M', '-x-', '-x-', '-x-', '-x-', '-x-', '-x-', '-x-', '-x-', '2017041362', '2017-18', 'nitin', '0000-00-00 00:00:00'),
(364, 'NEERAJ SINGH PANWAR', '-x-', '-x-', 'no-image.jpg', '2003.03.14', 'M', '-x-', '-x-', '-x-', '-x-', '-x-', '-x-', '-x-', '-x-', '2017041363', '2017-18', 'nitin', '0000-00-00 00:00:00'),
(365, 'LAXMAN SINGH PANA', '-x-', '-x-', 'no-image.jpg', '2002.03.06', 'M', '-x-', '-x-', '-x-', '-x-', '-x-', '-x-', '-x-', '-x-', '2017041364', '2017-18', 'nitin', '0000-00-00 00:00:00'),
(366, 'NITISH SINGH JANGPANGI', '-x-', '-x-', 'no-image.jpg', '2003.02.16', 'M', '-x-', '-x-', '-x-', '-x-', '-x-', '-x-', '-x-', '-x-', '2017041365', '2017-18', 'nitin', '0000-00-00 00:00:00'),
(367, 'NAVEEN SINGH PANCHPAL', '-x-', '-x-', 'no-image.jpg', '2003.06.02', 'M', '-x-', '-x-', '-x-', '-x-', '-x-', '-x-', '-x-', '-x-', '2017041366', '2017-18', 'nitin', '0000-00-00 00:00:00'),
(368, 'NITESH SINGH BISHT', '-x-', '-x-', 'no-image.jpg', '2003.02.16', 'M', '-x-', '-x-', '-x-', '-x-', '-x-', '-x-', '-x-', '-x-', '2017041367', '2017-18', 'nitin', '0000-00-00 00:00:00'),
(369, 'PAWAN SINGH KOSHIYARI', '-x-', '-x-', 'no-image.jpg', '2003.03.25', 'M', '-x-', '-x-', '-x-', '-x-', '-x-', '-x-', '-x-', '-x-', '2017041368', '2017-18', 'nitin', '0000-00-00 00:00:00'),
(370, 'PANKAJ SINGH TRIPATHI', '-x-', '-x-', 'no-image.jpg', '2002.02.05', 'M', '-x-', '-x-', '-x-', '-x-', '-x-', '-x-', '-x-', '-x-', '2017041369', '2017-18', 'nitin', '0000-00-00 00:00:00'),
(371, 'RAHUL SINGH SUMTYAL', '-x-', '-x-', 'no-image.jpg', '2004.06.21', 'M', '-x-', '-x-', '-x-', '-x-', '-x-', '-x-', '-x-', '-x-', '2017041370', '2017-18', 'nitin', '0000-00-00 00:00:00'),
(372, 'SHUBHAM JOSHI', '-x-', '-x-', 'no-image.jpg', '2003.07.27', 'M', '-x-', '-x-', '-x-', '-x-', '-x-', '-x-', '-x-', '-x-', '2017041371', '2017-18', 'nitin', '0000-00-00 00:00:00'),
(373, 'HIMANSHU BARFAL', '-x-', '-x-', 'no-image.jpg', '2003.03.20', 'M', '-x-', '-x-', '-x-', '-x-', '-x-', '-x-', '-x-', '-x-', '2017041372', '2017-18', 'nitin', '0000-00-00 00:00:00'),
(374, 'TRIBHUWAN SINGH MAHAR', '-x-', '-x-', 'no-image.jpg', '2003.01.27', 'M', '-x-', '-x-', '-x-', '-x-', '-x-', '-x-', '-x-', '-x-', '2017041373', '2017-18', 'nitin', '0000-00-00 00:00:00'),
(375, 'TARUN SINGH RALMAL', '-x-', '-x-', 'no-image.jpg', '2003.07.02', 'M', '-x-', '-x-', '-x-', '-x-', '-x-', '-x-', '-x-', '-x-', '2017041374', '2017-18', 'nitin', '0000-00-00 00:00:00'),
(376, 'GANESH SINGH DHAMI', '-x-', '-x-', 'no-image.jpg', '2003.10.15', 'M', '-x-', '-x-', '-x-', '-x-', '-x-', '-x-', '-x-', '-x-', '2017041375', '2017-18', 'nitin', '0000-00-00 00:00:00'),
(377, 'ROHIT PANCHPAL', '-x-', '-x-', 'no-image.jpg', '2004.03.15', 'M', '-x-', '-x-', '-x-', '-x-', '-x-', '-x-', '-x-', '-x-', '2017041376', '2017-18', 'nitin', '0000-00-00 00:00:00'),
(378, 'DHEERAJ SINGH BRIJWAL', '-x-', '-x-', 'no-image.jpg', '2002.07.16', 'M', '-x-', '-x-', '-x-', '-x-', '-x-', '-x-', '-x-', '-x-', '2017041377', '2017-18', 'nitin', '0000-00-00 00:00:00'),
(379, 'RAVINDRA SINGH MEHTA', '-x-', '-x-', 'no-image.jpg', '2004.02.24', 'M', '-x-', '-x-', '-x-', '-x-', '-x-', '-x-', '-x-', '-x-', '2017041378', '2017-18', 'nitin', '0000-00-00 00:00:00'),
(380, 'TRIBHUWAN SINGH MAPWAL', '-x-', '-x-', 'no-image.jpg', '2002.01.02', 'M', '-x-', '-x-', '-x-', '-x-', '-x-', '-x-', '-x-', '-x-', '2017041379', '2017-18', 'nitin', '0000-00-00 00:00:00'),
(381, 'KRISHNA SINGH DANU', '-x-', '-x-', 'no-image.jpg', '2003.12.14', 'M', '-x-', '-x-', '-x-', '-x-', '-x-', '-x-', '-x-', '-x-', '2017041380', '2017-18', 'nitin', '0000-00-00 00:00:00'),
(382, 'DINESH RAM', '-x-', '-x-', 'no-image.jpg', '2002.03.15', 'M', '-x-', '-x-', '-x-', '-x-', '-x-', '-x-', '-x-', '-x-', '2017041381', '2017-18', 'nitin', '0000-00-00 00:00:00'),
(383, 'MANISH PRAKASH', '-x-', '-x-', 'no-image.jpg', '2002.01.11', 'M', '-x-', '-x-', '-x-', '-x-', '-x-', '-x-', '-x-', '-x-', '2017041382', '2017-18', 'nitin', '0000-00-00 00:00:00'),
(384, 'MAYA MEHRA', '-x-', '-x-', 'no-image.jpg', '2003.03.17', 'F', '-x-', '-x-', '-x-', '-x-', '-x-', '-x-', '-x-', '-x-', '2017041383', '2017-18', 'nitin', '0000-00-00 00:00:00'),
(385, 'KIRAN FARSWAN', '-x-', '-x-', 'no-image.jpg', '2001.09.04', 'F', '-x-', '-x-', '-x-', '-x-', '-x-', '-x-', '-x-', '-x-', '2017041384', '2017-18', 'nitin', '0000-00-00 00:00:00'),
(386, 'PRATYUSHA NIKHURPA', '-x-', '-x-', 'no-image.jpg', '2001.09.22', 'F', '-x-', '-x-', '-x-', '-x-', '-x-', '-x-', '-x-', '-x-', '2017041385', '2017-18', 'nitin', '0000-00-00 00:00:00'),
(387, 'RAMESWARI MARTOLIA', '-x-', '-x-', 'no-image.jpg', '2001.11.03', 'F', '-x-', '-x-', '-x-', '-x-', '-x-', '-x-', '-x-', '-x-', '2017041386', '2017-18', 'nitin', '0000-00-00 00:00:00'),
(388, 'REKHA PANWAR', '-x-', '-x-', 'no-image.jpg', '2001.02.04', 'F', '-x-', '-x-', '-x-', '-x-', '-x-', '-x-', '-x-', '-x-', '2017041387', '2017-18', 'nitin', '0000-00-00 00:00:00'),
(389, 'ABHILASH SINGH BAGARI', '-x-', '-x-', 'no-image.jpg', '2001.03.02', 'M', '-x-', '-x-', '-x-', '-x-', '-x-', '-x-', '-x-', '-x-', '2017041388', '2017-18', 'nitin', '0000-00-00 00:00:00'),
(390, 'AJAY PRAKESH', '-x-', '-x-', 'no-image.jpg', '2001.06.12', 'M', '-x-', '-x-', '-x-', '-x-', '-x-', '-x-', '-x-', '-x-', '2017041389', '2017-18', 'nitin', '0000-00-00 00:00:00'),
(391, 'ARJUN SINGH BISHT', '-x-', '-x-', 'no-image.jpg', '2000.06.28', 'M', '-x-', '-x-', '-x-', '-x-', '-x-', '-x-', '-x-', '-x-', '2017041390', '2017-18', 'nitin', '0000-00-00 00:00:00'),
(392, 'BHAWESH JOSHI ', '-x-', '-x-', 'no-image.jpg', '2001.10.15', 'M', '-x-', '-x-', '-x-', '-x-', '-x-', '-x-', '-x-', '-x-', '2017041391', '2017-18', 'nitin', '0000-00-00 00:00:00'),
(393, 'BHUPENDRA SINGH MARTOLIYA', '-x-', '-x-', 'no-image.jpg', '2001.06.27', 'M', '-x-', '-x-', '-x-', '-x-', '-x-', '-x-', '-x-', '-x-', '2017041392', '2017-18', 'nitin', '0000-00-00 00:00:00'),
(394, 'VIRENDRA SINGH KHATRI', '-x-', '-x-', 'no-image.jpg', '2001.06.04', 'M', '-x-', '-x-', '-x-', '-x-', '-x-', '-x-', '-x-', '-x-', '2017041393', '2017-18', 'nitin', '0000-00-00 00:00:00'),
(395, 'DEEPAK SINGH BRIJWAL', '-x-', '-x-', 'no-image.jpg', '2001.03.02', 'M', '-x-', '-x-', '-x-', '-x-', '-x-', '-x-', '-x-', '-x-', '2017041394', '2017-18', 'nitin', '0000-00-00 00:00:00'),
(396, 'DINESH SINGH RAWAT', '-x-', '-x-', 'no-image.jpg', '2001.07.05', 'M', '-x-', '-x-', '-x-', '-x-', '-x-', '-x-', '-x-', '-x-', '2017041395', '2017-18', 'nitin', '0000-00-00 00:00:00'),
(397, 'GANESH SINGH SORAGI', '-x-', '-x-', 'no-image.jpg', '2000.06.16', 'M', '-x-', '-x-', '-x-', '-x-', '-x-', '-x-', '-x-', '-x-', '2017041396', '2017-18', 'nitin', '0000-00-00 00:00:00'),
(398, 'GAURAV SINGH DHARAMSHATU', '-x-', '-x-', 'no-image.jpg', '2002.04.25', 'M', '-x-', '-x-', '-x-', '-x-', '-x-', '-x-', '-x-', '-x-', '2017041397', '2017-18', 'nitin', '0000-00-00 00:00:00'),
(399, 'JATIN SINGH ', '-x-', '-x-', 'no-image.jpg', '2001.05.04', 'M', '-x-', '-x-', '-x-', '-x-', '-x-', '-x-', '-x-', '-x-', '2017041398', '2017-18', 'nitin', '0000-00-00 00:00:00'),
(400, 'JEEWAN CHANDRA DIVEDI', '-x-', '-x-', 'no-image.jpg', '2001.05.01', 'M', '-x-', '-x-', '-x-', '-x-', '-x-', '-x-', '-x-', '-x-', '2017041399', '2017-18', 'nitin', '0000-00-00 00:00:00'),
(401, 'JITENDRA SINGH BOTHAYAL', '-x-', '-x-', 'no-image.jpg', '2000.08.20', 'M', '-x-', '-x-', '-x-', '-x-', '-x-', '-x-', '-x-', '-x-', '2017041400', '2017-18', 'nitin', '0000-00-00 00:00:00'),
(402, 'HEMRAJ SINGH ', '-x-', '-x-', 'no-image.jpg', '2001.06.17', 'M', '-x-', '-x-', '-x-', '-x-', '-x-', '-x-', '-x-', '-x-', '2017041401', '2017-18', 'nitin', '0000-00-00 00:00:00'),
(403, 'HIMANSHU KUMAR ', '-x-', '-x-', 'no-image.jpg', '2001.06.26', 'M', '-x-', '-x-', '-x-', '-x-', '-x-', '-x-', '-x-', '-x-', '2017041402', '2017-18', 'nitin', '0000-00-00 00:00:00'),
(404, 'LOVRAJ SING ', '-x-', '-x-', 'no-image.jpg', '1999.12.16', 'M', '-x-', '-x-', '-x-', '-x-', '-x-', '-x-', '-x-', '-x-', '2017041403', '2017-18', 'nitin', '0000-00-00 00:00:00'),
(405, 'LOVRAJ SINGH JESTHA', '-x-', '-x-', 'no-image.jpg', '1999.12.29', 'M', '-x-', '-x-', '-x-', '-x-', '-x-', '-x-', '-x-', '-x-', '2017041404', '2017-18', 'nitin', '0000-00-00 00:00:00'),
(406, 'LAXMAN SINGH DARIYAL', '-x-', '-x-', 'no-image.jpg', '2001.07.15', 'M', '-x-', '-x-', '-x-', '-x-', '-x-', '-x-', '-x-', '-x-', '2017041405', '2017-18', 'nitin', '0000-00-00 00:00:00'),
(407, 'LOKESH KUMAR ', '-x-', '-x-', 'no-image.jpg', '2001.09.27', 'M', '-x-', '-x-', '-x-', '-x-', '-x-', '-x-', '-x-', '-x-', '2017041406', '2017-18', 'nitin', '0000-00-00 00:00:00'),
(408, 'MAHIMANT RAM ', '-x-', '-x-', 'no-image.jpg', '1999.07.01', 'M', '-x-', '-x-', '-x-', '-x-', '-x-', '-x-', '-x-', '-x-', '2017041407', '2017-18', 'nitin', '0000-00-00 00:00:00'),
(409, 'MANISH SINGH NEGI', '-x-', '-x-', 'no-image.jpg', '2001.04.15', 'M', '-x-', '-x-', '-x-', '-x-', '-x-', '-x-', '-x-', '-x-', '2017041408', '2017-18', 'nitin', '0000-00-00 00:00:00'),
(410, 'MANMOHAN SINGH MEHRA', '-x-', '-x-', 'no-image.jpg', '2000.05.13', 'M', '-x-', '-x-', '-x-', '-x-', '-x-', '-x-', '-x-', '-x-', '2017041409', '2017-18', 'nitin', '0000-00-00 00:00:00'),
(411, 'MAYANK SINGH DHAPWAL', '-x-', '-x-', 'no-image.jpg', '2000.11.10', 'M', '-x-', '-x-', '-x-', '-x-', '-x-', '-x-', '-x-', '-x-', '2017041410', '2017-18', 'nitin', '0000-00-00 00:00:00'),
(412, 'NARESH SINGH BHANDARI', '-x-', '-x-', 'no-image.jpg', '2001.12.21', 'M', '-x-', '-x-', '-x-', '-x-', '-x-', '-x-', '-x-', '-x-', '2017041411', '2017-18', 'nitin', '0000-00-00 00:00:00'),
(413, 'PANKAJ KUMAR', '-x-', '-x-', 'no-image.jpg', '2002.04.10', 'M', '-x-', '-x-', '-x-', '-x-', '-x-', '-x-', '-x-', '-x-', '2017041412', '2017-18', 'nitin', '0000-00-00 00:00:00'),
(414, 'PANKAJ SINGH JESTHA', '-x-', '-x-', 'no-image.jpg', '1999.10.12', 'M', '-x-', '-x-', '-x-', '-x-', '-x-', '-x-', '-x-', '-x-', '2017041413', '2017-18', 'nitin', '0000-00-00 00:00:00'),
(415, 'RAHUL RAITO', '-x-', '-x-', 'no-image.jpg', '1999.03.15', 'M', '-x-', '-x-', '-x-', '-x-', '-x-', '-x-', '-x-', '-x-', '2017041414', '2017-18', 'nitin', '0000-00-00 00:00:00'),
(416, 'RAJENDRA SINGH ', '-x-', '-x-', 'no-image.jpg', '2006.04.03', 'M', '-x-', '-x-', '-x-', '-x-', '-x-', '-x-', '-x-', '-x-', '2017041415', '2017-18', 'nitin', '0000-00-00 00:00:00'),
(417, 'RAJENDRA SINGH BHANDARI', '-x-', '-x-', 'no-image.jpg', '2001.12.05', 'M', '-x-', '-x-', '-x-', '-x-', '-x-', '-x-', '-x-', '-x-', '2017041416', '2017-18', 'nitin', '0000-00-00 00:00:00'),
(418, 'RAJESH JOSHI', '-x-', '-x-', 'no-image.jpg', '2001.07.05', 'M', '-x-', '-x-', '-x-', '-x-', '-x-', '-x-', '-x-', '-x-', '2017041417', '2017-18', 'nitin', '0000-00-00 00:00:00'),
(419, 'RAKESH SINGH ', '-x-', '-x-', 'no-image.jpg', '2003.09.06', 'M', '-x-', '-x-', '-x-', '-x-', '-x-', '-x-', '-x-', '-x-', '2017041418', '2017-18', 'nitin', '0000-00-00 00:00:00'),
(420, 'RISHABH SINGH JESTHA', '-x-', '-x-', 'no-image.jpg', '2000.01.03', 'M', '-x-', '-x-', '-x-', '-x-', '-x-', '-x-', '-x-', '-x-', '2017041419', '2017-18', 'nitin', '0000-00-00 00:00:00'),
(421, 'ROHIT PANT', '-x-', '-x-', 'no-image.jpg', '2002.09.02', 'M', '-x-', '-x-', '-x-', '-x-', '-x-', '-x-', '-x-', '-x-', '2017041420', '2017-18', 'nitin', '0000-00-00 00:00:00'),
(422, 'SACHIN SINGH GHEENGA', '-x-', '-x-', 'no-image.jpg', '2001.07.05', 'M', '-x-', '-x-', '-x-', '-x-', '-x-', '-x-', '-x-', '-x-', '2017041421', '2017-18', 'nitin', '0000-00-00 00:00:00'),
(423, 'SAGAR SINGH DHOKTI', '-x-', '-x-', 'no-image.jpg', '2000.07.12', 'M', '-x-', '-x-', '-x-', '-x-', '-x-', '-x-', '-x-', '-x-', '2017041422', '2017-18', 'nitin', '0000-00-00 00:00:00'),
(424, 'SUNIL SINGH NIKHURPA ', '-x-', '-x-', 'no-image.jpg', '2001.06.15', 'M', '-x-', '-x-', '-x-', '-x-', '-x-', '-x-', '-x-', '-x-', '2017041423', '2017-18', 'nitin', '0000-00-00 00:00:00'),
(425, 'SURAJ SINGH', '-x-', '-x-', 'no-image.jpg', '2001.06.04', 'M', '-x-', '-x-', '-x-', '-x-', '-x-', '-x-', '-x-', '-x-', '2017041424', '2017-18', 'nitin', '0000-00-00 00:00:00'),
(426, 'SURAJ SINGH BHANDARI', '-x-', '-x-', 'no-image.jpg', '2001.07.26', 'M', '-x-', '-x-', '-x-', '-x-', '-x-', '-x-', '-x-', '-x-', '2017041425', '2017-18', 'nitin', '0000-00-00 00:00:00'),
(427, 'VIKRAM SINGH GANGHARIA', '-x-', '-x-', 'no-image.jpg', '1999.04.26', 'M', '-x-', '-x-', '-x-', '-x-', '-x-', '-x-', '-x-', '-x-', '2017041426', '2017-18', 'nitin', '0000-00-00 00:00:00'),
(428, 'VINOD SINGH DHAPWAL', '-x-', '-x-', 'no-image.jpg', '1999.09.30', 'M', '-x-', '-x-', '-x-', '-x-', '-x-', '-x-', '-x-', '-x-', '2017041427', '2017-18', 'nitin', '0000-00-00 00:00:00'),
(460, 'Nitin Deepak Mathur', '-x-', '-x-', 'no-image.jpg', '22-08-2017', 'M', '', '', '', '', '', '', '', '', '2017081428', '2017-18', 'nitin', '2017-08-22 18:25:21'),
(461, 'Nitin Deepak Mathur', '-x-', '-x-', '2017081429.jpg', '22-08-2017', 'M', '', '', '', '', '', '', '', '', '2017081429', '2017-18', 'nitin', '2017-10-22 07:44:22'),
(462, 'Nitin Deepak Mathur', '-x-', '-x-', 'no-image.jpg', '22-08-2017', 'M', '', '', '', '', '', '', '', '', '2017081430', '2017-18', 'nitin', '2017-08-22 18:25:23'),
(463, 'Nitin Deepak Mathur', '-x-', '-x-', 'no-image.jpg', '22-08-2017', 'M', '', '', '', '', '', '', '', '', '2017081431', '2017-18', 'nitin', '2017-08-22 18:25:39'),
(464, 'Nitin Deepak Mathur', '-x-', '-x-', 'no-image.jpg', '22-08-2017', 'M', '', '', '', '', '', '', '', '', '2017081432', '2017-18', 'nitin', '2017-08-22 18:25:40'),
(465, 'Nitin Deepak Mathur', '-x-', '-x-', 'no-image.jpg', '22-08-2017', 'M', '', '', '', '', '', '', '', '', '2017081433', '2017-18', 'nitin', '2017-08-22 18:25:41'),
(466, 'Nitin Deepak Mathur', '-x-', '-x-', 'no-image.jpg', '22-08-2017', 'M', '', '', '', '', '', '', '', '', '2017081434', '2017-18', 'nitin', '2017-08-22 18:25:41'),
(467, 'Nitin Deepak Mathur', '-x-', '-x-', 'no-image.jpg', '22-08-2017', 'M', '', '', '', '', '', '', '', '', '2017081435', '2017-18', 'nitin', '2017-08-22 18:25:41'),
(468, 'Nitin Deepak Mathur', '-x-', '-x-', 'no-image.jpg', '22-08-2017', 'M', '', '', '', '', '', '', '', '', '2017081436', '2017-18', 'nitin', '2017-08-22 18:25:41'),
(469, 'Nitin Deepak Mathur', '-x-', '-x-', 'no-image.jpg', '22-08-2017', 'M', '', '', '', '', '', '', '', '', '2017081437', '2017-18', 'nitin', '2017-08-22 18:25:42'),
(470, 'Nitin Deepak Mathur', '-x-', '-x-', 'no-image.jpg', '22-08-2017', 'M', '', '', 'x@gmail.com', '', '', '', 'y@gmail.com', '', '2017081438', '2017-18', 'nitin', '2017-08-22 18:26:00'),
(471, 'Nitin Deepak Mathur', '-x-', '-x-', 'no-image.jpg', '22-08-2017', 'M', '', '', 'x@gmail.com', '', '', '', 'y@gmail.com', '', '2017081439', '2017-18', 'nitin', '2017-08-22 18:26:02'),
(472, 'Nitin Deepak Mathur', '-x-', '-x-', 'no-image.jpg', '22-08-2017', 'M', '', '', 'x@gmail.com', '', '', '', 'y@gmail.com', '', '2017081440', '2017-18', 'nitin', '2017-08-22 18:26:02'),
(473, 'Nitin Deepak Mathur', '-x-', '-x-', 'no-image.jpg', '22-08-2017', 'M', '', '', 'x@gmail.com', '', '', '', 'y@gmail.com', '', '2017081441', '2017-18', 'nitin', '2017-08-27 08:43:28'),
(474, 'Naveen Singh', '-x-', '-x-', 'no-image.jpg', '23-08-2017', 'M', '', '', '', '', '', '', '', '', '2017081442', '2017-18', 'nitin', '2017-08-22 18:38:56'),
(475, 'Gagan Pant', '-x-', '-x-', 'no-image.jpg', '23-08-2017', 'M', '', '', '', '', '', '', '', '', '2017081443', '2017-18', 'nitin', '2017-08-27 06:19:38'),
(476, 'asd', '-x-', '-x-', 'no-image.jpg', '23-08-2017', 'M', '', '', '', '', '', '', '', '', '2017081444', '2017-18', 'nitin', '2017-08-22 18:36:20'),
(477, 'Naveen Tewari', '-x-', '-x-', 'no-image.jpg', '23-08-2017', 'M', 'Naveen', '9874563214', 'papa@gmail.com', 'Service', '', '', '', '', '2017081445', '2017-18', 'nitin', '2017-08-27 11:54:15'),
(478, 'Sundari Kaur', '-x-', '-x-', 'no-image.jpg', '23-08-2017', 'F', '', '', '', '', '', '', '', '', '2017081446', '2017-18', 'nitin', '2017-08-27 06:45:02'),
(479, 'Vihaan Mathur', '-x-', '-x-', '2017081447.JPG', '05/29/2014', 'M', '', '', '', '', '', '', '', '', '2017081447', '2017-18', 'nitin', '2017-08-27 09:49:59'),
(480, 'Neeraj Punetha', '-x-', '-x-', '', '29-08-2017', 'M', '', '', '', '', '', '', '', '', '2017081448', '2017-18', 'nitin', '2017-08-29 08:30:57'),
(481, 'Umesh', '-x-', '-x-', '2017101449.png', '07/15/1999', 'M', '', '', '', '', '', '', '', '', '2017101449', '2017-18', 'nitin', '2017-10-20 11:18:16'),
(482, 'raani', '-x-', '-x-', '', '20-10-2017', 'F', '', '', '', '', '', '', '', '', '2017101450', '2017-18', 'nitin', '2017-10-20 11:18:43');

-- --------------------------------------------------------

--
-- Table structure for table `master_8_stud_academics`
--

CREATE TABLE `master_8_stud_academics` (
  `AC_ID` int(15) NOT NULL,
  `DOA` varchar(50) DEFAULT NULL,
  `CLASS_OF_ADMISSION` int(15) NOT NULL COMMENT 'ClassSessID from class_2_in_session',
  `STATUS_OF_ADMISSION` tinyint(1) NOT NULL COMMENT '0 means modification is possible and 1 means no changes from now',
  `ANY_REMARK` text NOT NULL,
  `regid` varchar(25) NOT NULL,
  `SESSID` varchar(20) NOT NULL,
  `USERNAME_` varchar(40) NOT NULL,
  `DATE_` timestamp NULL DEFAULT CURRENT_TIMESTAMP,
  `DOL` varchar(50) DEFAULT NULL COMMENT 'Date of Left School',
  `STATUS_` tinyint(1) NOT NULL DEFAULT '1' COMMENT '1 for exists and 0 for left school'
) ENGINE=InnoDB DEFAULT CHARSET=utf8;

--
-- Dumping data for table `master_8_stud_academics`
--

INSERT INTO `master_8_stud_academics` (`AC_ID`, `DOA`, `CLASS_OF_ADMISSION`, `STATUS_OF_ADMISSION`, `ANY_REMARK`, `regid`, `SESSID`, `USERNAME_`, `DATE_`, `DOL`, `STATUS_`) VALUES
(1, '1/0/1900 0:00', 406, 0, '-x-', '2017041001', '2017-18', 'nitin', '2017-10-20 09:50:00', NULL, 1),
(2, '1/1/1900 0:00', 406, 1, '-x-', '2017041002', '2017-18', 'nitin', '0000-00-00 00:00:00', NULL, 1),
(3, '1/2/1900 0:00', 406, 0, '-x-', '2017041003', '2017-18', 'nitin', '2017-10-22 07:44:59', NULL, 1),
(4, '1/3/1900 0:00', 406, 0, '-x-', '2017041004', '2017-18', 'nitin', '2017-10-20 08:56:59', NULL, 1),
(5, '1/4/1900 0:00', 406, 0, '-x-', '2017041005', '2017-18', 'nitin', '2017-10-20 08:59:09', NULL, 1),
(6, '1/5/1900 0:00', 406, 1, '-x-', '2017041006', '2017-18', 'nitin', '0000-00-00 00:00:00', NULL, 1),
(7, '1/6/1900 0:00', 406, 0, '-x-', '2017041007', '2017-18', 'nitin', '2017-10-20 10:02:03', NULL, 1),
(8, '1/7/1900 0:00', 406, 1, '-x-', '2017041008', '2017-18', 'nitin', '0000-00-00 00:00:00', NULL, 1),
(9, '1/8/1900 0:00', 406, 1, '-x-', '2017041009', '2017-18', 'nitin', '0000-00-00 00:00:00', NULL, 1),
(10, '1/9/1900 0:00', 406, 1, '-x-', '2017041010', '2017-18', 'nitin', '0000-00-00 00:00:00', NULL, 1),
(11, '1/10/1900 0:00', 406, 1, '-x-', '2017041011', '2017-18', 'nitin', '0000-00-00 00:00:00', NULL, 1),
(12, '1/11/1900 0:00', 406, 1, '-x-', '2017041012', '2017-18', 'nitin', '0000-00-00 00:00:00', NULL, 1),
(13, '1/12/1900 0:00', 406, 1, '-x-', '2017041013', '2017-18', 'nitin', '0000-00-00 00:00:00', NULL, 1),
(14, '1/13/1900 0:00', 406, 1, '-x-', '2017041014', '2017-18', 'nitin', '0000-00-00 00:00:00', NULL, 1),
(15, '1/14/1900 0:00', 406, 1, '-x-', '2017041015', '2017-18', 'nitin', '0000-00-00 00:00:00', NULL, 1),
(16, '1/15/1900 0:00', 406, 1, '-x-', '2017041016', '2017-18', 'nitin', '0000-00-00 00:00:00', NULL, 1),
(17, '1/16/1900 0:00', 406, 1, '-x-', '2017041017', '2017-18', 'nitin', '0000-00-00 00:00:00', NULL, 1),
(18, '1/17/1900 0:00', 406, 1, '-x-', '2017041018', '2017-18', 'nitin', '0000-00-00 00:00:00', NULL, 1),
(19, '1/18/1900 0:00', 406, 1, '-x-', '2017041019', '2017-18', 'nitin', '0000-00-00 00:00:00', NULL, 1),
(20, '1/19/1900 0:00', 406, 1, '-x-', '2017041020', '2017-18', 'nitin', '0000-00-00 00:00:00', NULL, 1),
(21, '1/20/1900 0:00', 406, 1, '-x-', '2017041021', '2017-18', 'nitin', '0000-00-00 00:00:00', NULL, 1),
(22, '1/21/1900 0:00', 406, 1, '-x-', '2017041022', '2017-18', 'nitin', '0000-00-00 00:00:00', NULL, 1),
(23, '1/22/1900 0:00', 406, 1, '-x-', '2017041023', '2017-18', 'nitin', '0000-00-00 00:00:00', NULL, 1),
(24, '1/23/1900 0:00', 406, 1, '-x-', '2017041024', '2017-18', 'nitin', '0000-00-00 00:00:00', NULL, 1),
(25, '1/24/1900 0:00', 406, 0, '-x-', '2017041025', '2017-18', 'nitin', '2017-10-20 10:03:48', NULL, 1),
(26, '1/25/1900 0:00', 406, 1, '-x-', '2017041026', '2017-18', 'nitin', '0000-00-00 00:00:00', NULL, 1),
(27, '1/26/1900 0:00', 406, 1, '-x-', '2017041027', '2017-18', 'nitin', '0000-00-00 00:00:00', NULL, 1),
(28, '1/27/1900 0:00', 406, 1, '-x-', '2017041028', '2017-18', 'nitin', '0000-00-00 00:00:00', NULL, 1),
(29, '1/28/1900 0:00', 406, 1, '-x-', '2017041029', '2017-18', 'nitin', '0000-00-00 00:00:00', NULL, 1),
(30, '1/29/1900 0:00', 406, 1, '-x-', '2017041030', '2017-18', 'nitin', '0000-00-00 00:00:00', NULL, 1),
(31, '1/30/1900 0:00', 406, 1, '-x-', '2017041031', '2017-18', 'nitin', '0000-00-00 00:00:00', NULL, 1),
(32, '1/31/1900 0:00', 406, 1, '-x-', '2017041032', '2017-18', 'nitin', '0000-00-00 00:00:00', NULL, 1),
(33, '2/1/1900 0:00', 406, 1, '-x-', '2017041033', '2017-18', 'nitin', '0000-00-00 00:00:00', NULL, 1),
(34, '2/2/1900 0:00', 406, 1, '-x-', '2017041034', '2017-18', 'nitin', '0000-00-00 00:00:00', NULL, 1),
(35, '2/3/1900 0:00', 406, 1, '-x-', '2017041035', '2017-18', 'nitin', '0000-00-00 00:00:00', NULL, 1),
(36, '2/4/1900 0:00', 406, 1, '-x-', '2017041036', '2017-18', 'nitin', '0000-00-00 00:00:00', NULL, 1),
(37, '2/5/1900 0:00', 406, 1, '-x-', '2017041037', '2017-18', 'nitin', '0000-00-00 00:00:00', NULL, 1),
(38, '2/6/1900 0:00', 406, 1, '-x-', '2017041038', '2017-18', 'nitin', '0000-00-00 00:00:00', NULL, 1),
(39, '2/7/1900 0:00', 406, 1, '-x-', '2017041039', '2017-18', 'nitin', '0000-00-00 00:00:00', NULL, 1),
(40, '2/8/1900 0:00', 406, 1, '-x-', '2017041040', '2017-18', 'nitin', '0000-00-00 00:00:00', NULL, 1),
(41, '2/9/1900 0:00', 405, 1, '-x-', '2017041041', '2017-18', 'nitin', '0000-00-00 00:00:00', NULL, 1),
(42, '2/10/1900 0:00', 405, 1, '-x-', '2017041042', '2017-18', 'nitin', '0000-00-00 00:00:00', NULL, 1),
(43, '2/11/1900 0:00', 405, 1, '-x-', '2017041043', '2017-18', 'nitin', '0000-00-00 00:00:00', NULL, 1),
(44, '2/12/1900 0:00', 405, 1, '-x-', '2017041044', '2017-18', 'nitin', '0000-00-00 00:00:00', NULL, 1),
(45, '2/13/1900 0:00', 405, 1, '-x-', '2017041045', '2017-18', 'nitin', '0000-00-00 00:00:00', NULL, 1),
(46, '2/14/1900 0:00', 405, 1, '-x-', '2017041046', '2017-18', 'nitin', '0000-00-00 00:00:00', NULL, 1),
(47, '2/15/1900 0:00', 405, 1, '-x-', '2017041047', '2017-18', 'nitin', '0000-00-00 00:00:00', NULL, 1),
(48, '2/16/1900 0:00', 405, 1, '-x-', '2017041048', '2017-18', 'nitin', '0000-00-00 00:00:00', NULL, 1),
(49, '2/17/1900 0:00', 405, 1, '-x-', '2017041049', '2017-18', 'nitin', '0000-00-00 00:00:00', NULL, 1),
(50, '2/18/1900 0:00', 405, 1, '-x-', '2017041050', '2017-18', 'nitin', '0000-00-00 00:00:00', NULL, 1),
(51, '2/19/1900 0:00', 405, 1, '-x-', '2017041051', '2017-18', 'nitin', '0000-00-00 00:00:00', NULL, 1),
(52, '2/20/1900 0:00', 405, 1, '-x-', '2017041052', '2017-18', 'nitin', '0000-00-00 00:00:00', NULL, 1),
(53, '2/21/1900 0:00', 405, 1, '-x-', '2017041053', '2017-18', 'nitin', '0000-00-00 00:00:00', NULL, 1),
(54, '2/22/1900 0:00', 405, 1, '-x-', '2017041054', '2017-18', 'nitin', '0000-00-00 00:00:00', NULL, 1),
(55, '2/23/1900 0:00', 405, 1, '-x-', '2017041055', '2017-18', 'nitin', '0000-00-00 00:00:00', NULL, 1),
(56, '2/24/1900 0:00', 405, 1, '-x-', '2017041056', '2017-18', 'nitin', '0000-00-00 00:00:00', NULL, 1),
(57, '2/25/1900 0:00', 405, 1, '-x-', '2017041057', '2017-18', 'nitin', '0000-00-00 00:00:00', NULL, 1),
(58, '2/26/1900 0:00', 405, 1, '-x-', '2017041058', '2017-18', 'nitin', '0000-00-00 00:00:00', NULL, 1),
(59, '2/27/1900 0:00', 405, 1, '-x-', '2017041059', '2017-18', 'nitin', '0000-00-00 00:00:00', NULL, 1),
(60, '2/28/1900 0:00', 405, 1, '-x-', '2017041060', '2017-18', 'nitin', '0000-00-00 00:00:00', NULL, 1),
(61, '2/29/1900 0:00', 405, 1, '-x-', '2017041061', '2017-18', 'nitin', '0000-00-00 00:00:00', NULL, 1),
(62, '3/1/1900 0:00', 405, 1, '-x-', '2017041062', '2017-18', 'nitin', '0000-00-00 00:00:00', NULL, 1),
(63, '3/2/1900 0:00', 405, 1, '-x-', '2017041063', '2017-18', 'nitin', '0000-00-00 00:00:00', NULL, 1),
(64, '3/3/1900 0:00', 405, 1, '-x-', '2017041064', '2017-18', 'nitin', '0000-00-00 00:00:00', NULL, 1),
(65, '3/4/1900 0:00', 405, 1, '-x-', '2017041065', '2017-18', 'nitin', '0000-00-00 00:00:00', NULL, 1),
(66, '3/5/1900 0:00', 405, 1, '-x-', '2017041066', '2017-18', 'nitin', '0000-00-00 00:00:00', NULL, 1),
(67, '3/6/1900 0:00', 405, 1, '-x-', '2017041067', '2017-18', 'nitin', '0000-00-00 00:00:00', NULL, 1),
(68, '3/7/1900 0:00', 405, 1, '-x-', '2017041068', '2017-18', 'nitin', '0000-00-00 00:00:00', NULL, 1),
(69, '3/8/1900 0:00', 405, 1, '-x-', '2017041069', '2017-18', 'nitin', '0000-00-00 00:00:00', NULL, 1),
(70, '3/9/1900 0:00', 405, 1, '-x-', '2017041070', '2017-18', 'nitin', '0000-00-00 00:00:00', NULL, 1),
(71, '3/10/1900 0:00', 405, 1, '-x-', '2017041071', '2017-18', 'nitin', '0000-00-00 00:00:00', NULL, 1),
(72, '3/11/1900 0:00', 405, 1, '-x-', '2017041072', '2017-18', 'nitin', '0000-00-00 00:00:00', NULL, 1),
(73, '3/12/1900 0:00', 405, 1, '-x-', '2017041073', '2017-18', 'nitin', '0000-00-00 00:00:00', NULL, 1),
(74, '3/13/1900 0:00', 405, 1, '-x-', '2017041074', '2017-18', 'nitin', '0000-00-00 00:00:00', NULL, 1),
(75, '3/14/1900 0:00', 405, 1, '-x-', '2017041075', '2017-18', 'nitin', '0000-00-00 00:00:00', NULL, 1),
(76, '3/15/1900 0:00', 405, 1, '-x-', '2017041076', '2017-18', 'nitin', '0000-00-00 00:00:00', NULL, 1),
(77, '3/16/1900 0:00', 405, 1, '-x-', '2017041077', '2017-18', 'nitin', '0000-00-00 00:00:00', NULL, 1),
(78, '3/17/1900 0:00', 405, 1, '-x-', '2017041078', '2017-18', 'nitin', '0000-00-00 00:00:00', NULL, 1),
(79, '3/18/1900 0:00', 405, 1, '-x-', '2017041079', '2017-18', 'nitin', '0000-00-00 00:00:00', NULL, 1),
(80, '3/19/1900 0:00', 405, 1, '-x-', '2017041080', '2017-18', 'nitin', '0000-00-00 00:00:00', NULL, 1),
(81, '3/20/1900 0:00', 405, 1, '-x-', '2017041081', '2017-18', 'nitin', '0000-00-00 00:00:00', NULL, 1),
(82, '3/21/1900 0:00', 407, 1, '-x-', '2017041082', '2017-18', 'nitin', '0000-00-00 00:00:00', NULL, 1),
(83, '3/22/1900 0:00', 407, 1, '-x-', '2017041083', '2017-18', 'nitin', '0000-00-00 00:00:00', NULL, 1),
(84, '3/23/1900 0:00', 407, 1, '-x-', '2017041084', '2017-18', 'nitin', '0000-00-00 00:00:00', NULL, 1),
(85, '3/24/1900 0:00', 407, 1, '-x-', '2017041085', '2017-18', 'nitin', '0000-00-00 00:00:00', NULL, 1),
(86, '3/25/1900 0:00', 407, 1, '-x-', '2017041086', '2017-18', 'nitin', '0000-00-00 00:00:00', NULL, 1),
(87, '3/26/1900 0:00', 407, 1, '-x-', '2017041087', '2017-18', 'nitin', '0000-00-00 00:00:00', NULL, 1),
(88, '3/27/1900 0:00', 407, 1, '-x-', '2017041088', '2017-18', 'nitin', '0000-00-00 00:00:00', NULL, 1),
(89, '3/28/1900 0:00', 407, 1, '-x-', '2017041089', '2017-18', 'nitin', '0000-00-00 00:00:00', NULL, 1),
(90, '3/29/1900 0:00', 407, 1, '-x-', '2017041090', '2017-18', 'nitin', '0000-00-00 00:00:00', NULL, 1),
(91, '3/30/1900 0:00', 407, 1, '-x-', '2017041091', '2017-18', 'nitin', '0000-00-00 00:00:00', NULL, 1),
(92, '3/31/1900 0:00', 407, 1, '-x-', '2017041092', '2017-18', 'nitin', '0000-00-00 00:00:00', NULL, 1),
(93, '4/1/1900 0:00', 407, 1, '-x-', '2017041093', '2017-18', 'nitin', '0000-00-00 00:00:00', NULL, 1),
(94, '4/2/1900 0:00', 407, 1, '-x-', '2017041094', '2017-18', 'nitin', '0000-00-00 00:00:00', NULL, 1),
(95, '4/3/1900 0:00', 407, 1, '-x-', '2017041095', '2017-18', 'nitin', '0000-00-00 00:00:00', NULL, 1),
(96, '4/4/1900 0:00', 407, 1, '-x-', '2017041096', '2017-18', 'nitin', '0000-00-00 00:00:00', NULL, 1),
(97, '4/5/1900 0:00', 407, 1, '-x-', '2017041097', '2017-18', 'nitin', '0000-00-00 00:00:00', NULL, 1),
(98, '4/6/1900 0:00', 407, 1, '-x-', '2017041098', '2017-18', 'nitin', '0000-00-00 00:00:00', NULL, 1),
(99, '4/7/1900 0:00', 407, 1, '-x-', '2017041099', '2017-18', 'nitin', '0000-00-00 00:00:00', NULL, 1),
(100, '4/8/1900 0:00', 407, 1, '-x-', '2017041100', '2017-18', 'nitin', '0000-00-00 00:00:00', NULL, 1),
(101, '4/9/1900 0:00', 407, 1, '-x-', '2017041101', '2017-18', 'nitin', '0000-00-00 00:00:00', NULL, 1),
(102, '4/10/1900 0:00', 407, 1, '-x-', '2017041102', '2017-18', 'nitin', '0000-00-00 00:00:00', NULL, 1),
(103, '4/11/1900 0:00', 407, 1, '-x-', '2017041103', '2017-18', 'nitin', '0000-00-00 00:00:00', NULL, 1),
(104, '4/12/1900 0:00', 407, 1, '-x-', '2017041104', '2017-18', 'nitin', '0000-00-00 00:00:00', NULL, 1),
(105, '4/13/1900 0:00', 407, 1, '-x-', '2017041105', '2017-18', 'nitin', '0000-00-00 00:00:00', NULL, 1),
(106, '4/14/1900 0:00', 407, 1, '-x-', '2017041106', '2017-18', 'nitin', '0000-00-00 00:00:00', NULL, 1),
(107, '4/15/1900 0:00', 407, 1, '-x-', '2017041107', '2017-18', 'nitin', '0000-00-00 00:00:00', NULL, 1),
(108, '4/16/1900 0:00', 407, 1, '-x-', '2017041108', '2017-18', 'nitin', '0000-00-00 00:00:00', NULL, 1),
(109, '4/17/1900 0:00', 407, 1, '-x-', '2017041109', '2017-18', 'nitin', '0000-00-00 00:00:00', NULL, 1),
(110, '4/18/1900 0:00', 407, 1, '-x-', '2017041110', '2017-18', 'nitin', '0000-00-00 00:00:00', NULL, 1),
(111, '4/19/1900 0:00', 407, 1, '-x-', '2017041111', '2017-18', 'nitin', '0000-00-00 00:00:00', NULL, 1),
(112, '4/20/1900 0:00', 407, 1, '-x-', '2017041112', '2017-18', 'nitin', '0000-00-00 00:00:00', NULL, 1),
(113, '4/21/1900 0:00', 407, 1, '-x-', '2017041113', '2017-18', 'nitin', '0000-00-00 00:00:00', NULL, 1),
(114, '4/22/1900 0:00', 407, 1, '-x-', '2017041114', '2017-18', 'nitin', '0000-00-00 00:00:00', NULL, 1),
(115, '4/23/1900 0:00', 407, 1, '-x-', '2017041115', '2017-18', 'nitin', '0000-00-00 00:00:00', NULL, 1),
(116, '4/24/1900 0:00', 407, 1, '-x-', '2017041116', '2017-18', 'nitin', '0000-00-00 00:00:00', NULL, 1),
(117, '4/25/1900 0:00', 407, 1, '-x-', '2017041117', '2017-18', 'nitin', '0000-00-00 00:00:00', NULL, 1),
(118, '4/26/1900 0:00', 407, 1, '-x-', '2017041118', '2017-18', 'nitin', '0000-00-00 00:00:00', NULL, 1),
(119, '4/27/1900 0:00', 407, 1, '-x-', '2017041119', '2017-18', 'nitin', '0000-00-00 00:00:00', NULL, 1),
(120, '4/28/1900 0:00', 407, 1, '-x-', '2017041120', '2017-18', 'nitin', '0000-00-00 00:00:00', NULL, 1),
(121, '4/29/1900 0:00', 407, 1, '-x-', '2017041121', '2017-18', 'nitin', '0000-00-00 00:00:00', NULL, 1),
(122, '4/30/1900 0:00', 407, 1, '-x-', '2017041122', '2017-18', 'nitin', '0000-00-00 00:00:00', NULL, 1),
(123, '5/1/1900 0:00', 408, 1, '-x-', '2017041123', '2017-18', 'nitin', '0000-00-00 00:00:00', NULL, 1),
(124, '5/2/1900 0:00', 408, 1, '-x-', '2017041124', '2017-18', 'nitin', '0000-00-00 00:00:00', NULL, 1),
(125, '5/3/1900 0:00', 408, 1, '-x-', '2017041125', '2017-18', 'nitin', '0000-00-00 00:00:00', NULL, 1),
(126, '5/4/1900 0:00', 408, 1, '-x-', '2017041126', '2017-18', 'nitin', '0000-00-00 00:00:00', NULL, 1),
(127, '5/5/1900 0:00', 408, 1, '-x-', '2017041127', '2017-18', 'nitin', '0000-00-00 00:00:00', NULL, 1),
(128, '5/6/1900 0:00', 408, 1, '-x-', '2017041128', '2017-18', 'nitin', '0000-00-00 00:00:00', NULL, 1),
(129, '5/7/1900 0:00', 408, 1, '-x-', '2017041129', '2017-18', 'nitin', '0000-00-00 00:00:00', NULL, 1),
(130, '5/8/1900 0:00', 408, 1, '-x-', '2017041130', '2017-18', 'nitin', '0000-00-00 00:00:00', NULL, 1),
(131, '5/9/1900 0:00', 408, 1, '-x-', '2017041131', '2017-18', 'nitin', '0000-00-00 00:00:00', NULL, 1),
(132, '5/10/1900 0:00', 408, 1, '-x-', '2017041132', '2017-18', 'nitin', '0000-00-00 00:00:00', NULL, 1),
(133, '5/11/1900 0:00', 408, 1, '-x-', '2017041133', '2017-18', 'nitin', '0000-00-00 00:00:00', NULL, 1),
(134, '5/12/1900 0:00', 408, 1, '-x-', '2017041134', '2017-18', 'nitin', '0000-00-00 00:00:00', NULL, 1),
(135, '5/13/1900 0:00', 408, 1, '-x-', '2017041135', '2017-18', 'nitin', '0000-00-00 00:00:00', NULL, 1),
(136, '5/14/1900 0:00', 408, 1, '-x-', '2017041136', '2017-18', 'nitin', '0000-00-00 00:00:00', NULL, 1),
(137, '5/15/1900 0:00', 408, 1, '-x-', '2017041137', '2017-18', 'nitin', '0000-00-00 00:00:00', NULL, 1),
(138, '5/16/1900 0:00', 408, 1, '-x-', '2017041138', '2017-18', 'nitin', '0000-00-00 00:00:00', NULL, 1),
(139, '5/17/1900 0:00', 408, 1, '-x-', '2017041139', '2017-18', 'nitin', '0000-00-00 00:00:00', NULL, 1),
(140, '5/18/1900 0:00', 408, 1, '-x-', '2017041140', '2017-18', 'nitin', '0000-00-00 00:00:00', NULL, 1),
(141, '5/19/1900 0:00', 408, 1, '-x-', '2017041141', '2017-18', 'nitin', '0000-00-00 00:00:00', NULL, 1),
(142, '5/20/1900 0:00', 408, 1, '-x-', '2017041142', '2017-18', 'nitin', '0000-00-00 00:00:00', NULL, 1),
(143, '5/21/1900 0:00', 408, 1, '-x-', '2017041143', '2017-18', 'nitin', '0000-00-00 00:00:00', NULL, 1),
(144, '5/22/1900 0:00', 408, 1, '-x-', '2017041144', '2017-18', 'nitin', '0000-00-00 00:00:00', NULL, 1),
(145, '5/23/1900 0:00', 408, 1, '-x-', '2017041145', '2017-18', 'nitin', '0000-00-00 00:00:00', NULL, 1),
(146, '5/24/1900 0:00', 408, 1, '-x-', '2017041146', '2017-18', 'nitin', '0000-00-00 00:00:00', NULL, 1),
(147, '5/25/1900 0:00', 408, 1, '-x-', '2017041147', '2017-18', 'nitin', '0000-00-00 00:00:00', NULL, 1),
(148, '5/26/1900 0:00', 408, 1, '-x-', '2017041148', '2017-18', 'nitin', '0000-00-00 00:00:00', NULL, 1),
(149, '5/27/1900 0:00', 408, 1, '-x-', '2017041149', '2017-18', 'nitin', '0000-00-00 00:00:00', NULL, 1),
(150, '5/28/1900 0:00', 408, 1, '-x-', '2017041150', '2017-18', 'nitin', '0000-00-00 00:00:00', NULL, 1),
(151, '5/29/1900 0:00', 408, 1, '-x-', '2017041151', '2017-18', 'nitin', '0000-00-00 00:00:00', NULL, 1),
(152, '5/30/1900 0:00', 408, 1, '-x-', '2017041152', '2017-18', 'nitin', '0000-00-00 00:00:00', NULL, 1),
(153, '5/31/1900 0:00', 408, 1, '-x-', '2017041153', '2017-18', 'nitin', '0000-00-00 00:00:00', NULL, 1),
(154, '6/1/1900 0:00', 408, 1, '-x-', '2017041154', '2017-18', 'nitin', '0000-00-00 00:00:00', NULL, 1),
(155, '6/2/1900 0:00', 408, 1, '-x-', '2017041155', '2017-18', 'nitin', '0000-00-00 00:00:00', NULL, 1),
(156, '6/3/1900 0:00', 408, 1, '-x-', '2017041156', '2017-18', 'nitin', '0000-00-00 00:00:00', NULL, 1),
(157, '6/4/1900 0:00', 408, 1, '-x-', '2017041157', '2017-18', 'nitin', '0000-00-00 00:00:00', NULL, 1),
(158, '6/5/1900 0:00', 408, 1, '-x-', '2017041158', '2017-18', 'nitin', '0000-00-00 00:00:00', NULL, 1),
(159, '6/6/1900 0:00', 408, 1, '-x-', '2017041159', '2017-18', 'nitin', '0000-00-00 00:00:00', NULL, 1),
(160, '6/7/1900 0:00', 408, 1, '-x-', '2017041160', '2017-18', 'nitin', '0000-00-00 00:00:00', NULL, 1),
(161, '6/8/1900 0:00', 408, 1, '-x-', '2017041161', '2017-18', 'nitin', '0000-00-00 00:00:00', NULL, 1),
(162, '6/9/1900 0:00', 408, 1, '-x-', '2017041162', '2017-18', 'nitin', '0000-00-00 00:00:00', NULL, 1),
(163, '6/10/1900 0:00', 408, 1, '-x-', '2017041163', '2017-18', 'nitin', '0000-00-00 00:00:00', NULL, 1),
(164, '6/11/1900 0:00', 409, 1, '-x-', '2017041164', '2017-18', 'nitin', '0000-00-00 00:00:00', NULL, 1),
(165, '6/12/1900 0:00', 409, 1, '-x-', '2017041165', '2017-18', 'nitin', '0000-00-00 00:00:00', NULL, 1),
(166, '6/13/1900 0:00', 409, 1, '-x-', '2017041166', '2017-18', 'nitin', '0000-00-00 00:00:00', NULL, 1),
(167, '6/14/1900 0:00', 409, 1, '-x-', '2017041167', '2017-18', 'nitin', '0000-00-00 00:00:00', NULL, 1),
(168, '6/15/1900 0:00', 409, 1, '-x-', '2017041168', '2017-18', 'nitin', '0000-00-00 00:00:00', NULL, 1),
(169, '6/16/1900 0:00', 409, 1, '-x-', '2017041169', '2017-18', 'nitin', '0000-00-00 00:00:00', NULL, 1),
(170, '6/17/1900 0:00', 409, 1, '-x-', '2017041170', '2017-18', 'nitin', '0000-00-00 00:00:00', NULL, 1),
(171, '6/18/1900 0:00', 409, 1, '-x-', '2017041171', '2017-18', 'nitin', '0000-00-00 00:00:00', NULL, 1),
(172, '6/19/1900 0:00', 409, 1, '-x-', '2017041172', '2017-18', 'nitin', '0000-00-00 00:00:00', NULL, 1),
(173, '6/20/1900 0:00', 409, 1, '-x-', '2017041173', '2017-18', 'nitin', '0000-00-00 00:00:00', NULL, 1),
(174, '6/21/1900 0:00', 409, 1, '-x-', '2017041174', '2017-18', 'nitin', '0000-00-00 00:00:00', NULL, 1),
(175, '6/22/1900 0:00', 409, 1, '-x-', '2017041175', '2017-18', 'nitin', '0000-00-00 00:00:00', NULL, 1),
(176, '6/23/1900 0:00', 409, 1, '-x-', '2017041176', '2017-18', 'nitin', '0000-00-00 00:00:00', NULL, 1),
(177, '6/24/1900 0:00', 409, 1, '-x-', '2017041177', '2017-18', 'nitin', '0000-00-00 00:00:00', NULL, 1),
(178, '6/25/1900 0:00', 409, 1, '-x-', '2017041178', '2017-18', 'nitin', '0000-00-00 00:00:00', NULL, 1),
(179, '6/26/1900 0:00', 409, 1, '-x-', '2017041179', '2017-18', 'nitin', '0000-00-00 00:00:00', NULL, 1),
(180, '6/27/1900 0:00', 409, 1, '-x-', '2017041180', '2017-18', 'nitin', '0000-00-00 00:00:00', NULL, 1),
(181, '6/28/1900 0:00', 409, 1, '-x-', '2017041181', '2017-18', 'nitin', '0000-00-00 00:00:00', NULL, 1),
(182, '6/29/1900 0:00', 409, 1, '-x-', '2017041182', '2017-18', 'nitin', '0000-00-00 00:00:00', NULL, 1),
(183, '6/30/1900 0:00', 409, 1, '-x-', '2017041183', '2017-18', 'nitin', '0000-00-00 00:00:00', NULL, 1),
(184, '7/1/1900 0:00', 409, 1, '-x-', '2017041184', '2017-18', 'nitin', '0000-00-00 00:00:00', NULL, 1),
(185, '7/2/1900 0:00', 409, 1, '-x-', '2017041185', '2017-18', 'nitin', '0000-00-00 00:00:00', NULL, 1),
(186, '7/3/1900 0:00', 409, 1, '-x-', '2017041186', '2017-18', 'nitin', '0000-00-00 00:00:00', NULL, 1),
(187, '7/4/1900 0:00', 409, 1, '-x-', '2017041187', '2017-18', 'nitin', '0000-00-00 00:00:00', NULL, 1),
(188, '7/5/1900 0:00', 409, 1, '-x-', '2017041188', '2017-18', 'nitin', '0000-00-00 00:00:00', NULL, 1),
(189, '7/6/1900 0:00', 409, 1, '-x-', '2017041189', '2017-18', 'nitin', '0000-00-00 00:00:00', NULL, 1),
(190, '7/7/1900 0:00', 409, 1, '-x-', '2017041190', '2017-18', 'nitin', '0000-00-00 00:00:00', NULL, 1),
(191, '7/8/1900 0:00', 409, 1, '-x-', '2017041191', '2017-18', 'nitin', '0000-00-00 00:00:00', NULL, 1),
(192, '7/9/1900 0:00', 409, 1, '-x-', '2017041192', '2017-18', 'nitin', '0000-00-00 00:00:00', NULL, 1),
(193, '7/10/1900 0:00', 409, 1, '-x-', '2017041193', '2017-18', 'nitin', '0000-00-00 00:00:00', NULL, 1),
(194, '7/11/1900 0:00', 409, 1, '-x-', '2017041194', '2017-18', 'nitin', '0000-00-00 00:00:00', NULL, 1),
(195, '7/12/1900 0:00', 409, 1, '-x-', '2017041195', '2017-18', 'nitin', '0000-00-00 00:00:00', NULL, 1),
(196, '7/13/1900 0:00', 409, 1, '-x-', '2017041196', '2017-18', 'nitin', '0000-00-00 00:00:00', NULL, 1),
(197, '7/14/1900 0:00', 409, 1, '-x-', '2017041197', '2017-18', 'nitin', '0000-00-00 00:00:00', NULL, 1),
(198, '7/15/1900 0:00', 409, 1, '-x-', '2017041198', '2017-18', 'nitin', '0000-00-00 00:00:00', NULL, 1),
(199, '7/16/1900 0:00', 409, 1, '-x-', '2017041199', '2017-18', 'nitin', '0000-00-00 00:00:00', NULL, 1),
(200, '7/17/1900 0:00', 409, 1, '-x-', '2017041200', '2017-18', 'nitin', '0000-00-00 00:00:00', NULL, 1),
(201, '7/18/1900 0:00', 409, 1, '-x-', '2017041201', '2017-18', 'nitin', '0000-00-00 00:00:00', NULL, 1),
(202, '7/19/1900 0:00', 391, 1, '-x-', '2017041202', '2017-18', 'nitin', '0000-00-00 00:00:00', NULL, 1),
(203, '7/20/1900 0:00', 391, 1, '-x-', '2017041203', '2017-18', 'nitin', '0000-00-00 00:00:00', NULL, 1),
(204, '7/21/1900 0:00', 391, 1, '-x-', '2017041204', '2017-18', 'nitin', '0000-00-00 00:00:00', NULL, 1),
(205, '7/22/1900 0:00', 391, 1, '-x-', '2017041205', '2017-18', 'nitin', '0000-00-00 00:00:00', NULL, 1),
(206, '7/23/1900 0:00', 391, 1, '-x-', '2017041206', '2017-18', 'nitin', '0000-00-00 00:00:00', NULL, 1),
(207, '7/24/1900 0:00', 391, 1, '-x-', '2017041207', '2017-18', 'nitin', '0000-00-00 00:00:00', NULL, 1),
(208, '7/25/1900 0:00', 391, 1, '-x-', '2017041208', '2017-18', 'nitin', '0000-00-00 00:00:00', NULL, 1),
(209, '7/26/1900 0:00', 391, 1, '-x-', '2017041209', '2017-18', 'nitin', '0000-00-00 00:00:00', NULL, 1),
(210, '7/27/1900 0:00', 391, 1, '-x-', '2017041210', '2017-18', 'nitin', '0000-00-00 00:00:00', NULL, 1),
(211, '7/28/1900 0:00', 391, 1, '-x-', '2017041211', '2017-18', 'nitin', '0000-00-00 00:00:00', NULL, 1),
(212, '7/29/1900 0:00', 391, 1, '-x-', '2017041212', '2017-18', 'nitin', '0000-00-00 00:00:00', NULL, 1),
(213, '7/30/1900 0:00', 391, 1, '-x-', '2017041213', '2017-18', 'nitin', '0000-00-00 00:00:00', NULL, 1),
(214, '7/31/1900 0:00', 391, 1, '-x-', '2017041214', '2017-18', 'nitin', '0000-00-00 00:00:00', NULL, 1),
(215, '8/1/1900 0:00', 391, 1, '-x-', '2017041215', '2017-18', 'nitin', '0000-00-00 00:00:00', NULL, 1),
(216, '8/2/1900 0:00', 391, 1, '-x-', '2017041216', '2017-18', 'nitin', '0000-00-00 00:00:00', NULL, 1),
(217, '8/3/1900 0:00', 391, 1, '-x-', '2017041217', '2017-18', 'nitin', '0000-00-00 00:00:00', NULL, 1),
(218, '8/4/1900 0:00', 391, 1, '-x-', '2017041218', '2017-18', 'nitin', '0000-00-00 00:00:00', NULL, 1),
(219, '8/5/1900 0:00', 391, 1, '-x-', '2017041219', '2017-18', 'nitin', '0000-00-00 00:00:00', NULL, 1),
(220, '8/6/1900 0:00', 391, 1, '-x-', '2017041220', '2017-18', 'nitin', '0000-00-00 00:00:00', NULL, 1),
(221, '8/7/1900 0:00', 391, 1, '-x-', '2017041221', '2017-18', 'nitin', '0000-00-00 00:00:00', NULL, 1),
(222, '8/8/1900 0:00', 391, 1, '-x-', '2017041222', '2017-18', 'nitin', '0000-00-00 00:00:00', NULL, 1),
(223, '8/9/1900 0:00', 391, 1, '-x-', '2017041223', '2017-18', 'nitin', '0000-00-00 00:00:00', NULL, 1),
(224, '8/10/1900 0:00', 391, 1, '-x-', '2017041224', '2017-18', 'nitin', '0000-00-00 00:00:00', NULL, 1),
(225, '8/11/1900 0:00', 391, 1, '-x-', '2017041225', '2017-18', 'nitin', '0000-00-00 00:00:00', NULL, 1),
(226, '8/12/1900 0:00', 391, 1, '-x-', '2017041226', '2017-18', 'nitin', '0000-00-00 00:00:00', NULL, 1),
(227, '8/13/1900 0:00', 391, 1, '-x-', '2017041227', '2017-18', 'nitin', '0000-00-00 00:00:00', NULL, 1),
(228, '8/14/1900 0:00', 391, 1, '-x-', '2017041228', '2017-18', 'nitin', '0000-00-00 00:00:00', NULL, 1),
(229, '8/15/1900 0:00', 391, 1, '-x-', '2017041229', '2017-18', 'nitin', '0000-00-00 00:00:00', NULL, 1),
(230, '8/16/1900 0:00', 391, 1, '-x-', '2017041230', '2017-18', 'nitin', '0000-00-00 00:00:00', NULL, 1),
(231, '8/17/1900 0:00', 391, 1, '-x-', '2017041231', '2017-18', 'nitin', '0000-00-00 00:00:00', NULL, 1),
(232, '8/18/1900 0:00', 391, 1, '-x-', '2017041232', '2017-18', 'nitin', '0000-00-00 00:00:00', NULL, 1),
(233, '8/19/1900 0:00', 391, 1, '-x-', '2017041233', '2017-18', 'nitin', '0000-00-00 00:00:00', NULL, 1),
(234, '8/20/1900 0:00', 391, 1, '-x-', '2017041234', '2017-18', 'nitin', '0000-00-00 00:00:00', NULL, 1),
(235, '8/21/1900 0:00', 391, 1, '-x-', '2017041235', '2017-18', 'nitin', '0000-00-00 00:00:00', NULL, 1),
(236, '8/22/1900 0:00', 391, 1, '-x-', '2017041236', '2017-18', 'nitin', '0000-00-00 00:00:00', NULL, 1),
(237, '8/23/1900 0:00', 391, 1, '-x-', '2017041237', '2017-18', 'nitin', '0000-00-00 00:00:00', NULL, 1),
(238, '8/24/1900 0:00', 391, 1, '-x-', '2017041238', '2017-18', 'nitin', '0000-00-00 00:00:00', NULL, 1),
(239, '8/25/1900 0:00', 391, 1, '-x-', '2017041239', '2017-18', 'nitin', '0000-00-00 00:00:00', NULL, 1),
(240, '8/26/1900 0:00', 391, 1, '-x-', '2017041240', '2017-18', 'nitin', '0000-00-00 00:00:00', NULL, 1),
(241, '8/27/1900 0:00', 391, 1, '-x-', '2017041241', '2017-18', 'nitin', '0000-00-00 00:00:00', NULL, 1),
(242, '8/28/1900 0:00', 391, 1, '-x-', '2017041242', '2017-18', 'nitin', '0000-00-00 00:00:00', NULL, 1),
(243, '8/29/1900 0:00', 391, 1, '-x-', '2017041243', '2017-18', 'nitin', '0000-00-00 00:00:00', NULL, 1),
(244, '8/30/1900 0:00', 391, 1, '-x-', '2017041244', '2017-18', 'nitin', '0000-00-00 00:00:00', NULL, 1),
(245, '8/31/1900 0:00', 391, 1, '-x-', '2017041245', '2017-18', 'nitin', '0000-00-00 00:00:00', NULL, 1),
(246, '9/1/1900 0:00', 391, 1, '-x-', '2017041246', '2017-18', 'nitin', '0000-00-00 00:00:00', NULL, 1),
(247, '9/2/1900 0:00', 391, 1, '-x-', '2017041247', '2017-18', 'nitin', '0000-00-00 00:00:00', NULL, 1),
(248, '9/3/1900 0:00', 391, 1, '-x-', '2017041248', '2017-18', 'nitin', '0000-00-00 00:00:00', NULL, 1),
(249, '9/4/1900 0:00', 391, 1, '-x-', '2017041249', '2017-18', 'nitin', '0000-00-00 00:00:00', NULL, 1),
(250, '9/5/1900 0:00', 391, 1, '-x-', '2017041250', '2017-18', 'nitin', '0000-00-00 00:00:00', NULL, 1),
(251, '2017-05-05 12:31:43', 409, 1, '-x-', '2017051251', '2017-18', 'nitin', '2017-05-05 07:01:43', NULL, 1),
(252, '1/0/1900 0:00', 425, 1, '-x-', '2017041251', '2017-18', 'nitin', '0000-00-00 00:00:00', NULL, 1),
(253, '1/1/1900 0:00', 425, 1, '-x-', '2017041252', '2017-18', 'nitin', '0000-00-00 00:00:00', NULL, 1),
(254, '1/2/1900 0:00', 425, 1, '-x-', '2017041253', '2017-18', 'nitin', '0000-00-00 00:00:00', NULL, 1),
(255, '1/3/1900 0:00', 425, 1, '-x-', '2017041254', '2017-18', 'nitin', '0000-00-00 00:00:00', NULL, 1),
(256, '1/4/1900 0:00', 425, 1, '-x-', '2017041255', '2017-18', 'nitin', '0000-00-00 00:00:00', NULL, 1),
(257, '1/5/1900 0:00', 425, 1, '-x-', '2017041256', '2017-18', 'nitin', '0000-00-00 00:00:00', NULL, 1),
(258, '1/6/1900 0:00', 425, 1, '-x-', '2017041257', '2017-18', 'nitin', '0000-00-00 00:00:00', NULL, 1),
(259, '1/7/1900 0:00', 425, 1, '-x-', '2017041258', '2017-18', 'nitin', '0000-00-00 00:00:00', NULL, 1),
(260, '1/8/1900 0:00', 425, 1, '-x-', '2017041259', '2017-18', 'nitin', '0000-00-00 00:00:00', NULL, 1),
(261, '1/9/1900 0:00', 425, 1, '-x-', '2017041260', '2017-18', 'nitin', '0000-00-00 00:00:00', NULL, 1),
(262, '1/10/1900 0:00', 425, 1, '-x-', '2017041261', '2017-18', 'nitin', '0000-00-00 00:00:00', NULL, 1),
(263, '1/11/1900 0:00', 425, 1, '-x-', '2017041262', '2017-18', 'nitin', '0000-00-00 00:00:00', NULL, 1),
(264, '1/12/1900 0:00', 425, 1, '-x-', '2017041263', '2017-18', 'nitin', '0000-00-00 00:00:00', NULL, 1),
(265, '1/13/1900 0:00', 425, 1, '-x-', '2017041264', '2017-18', 'nitin', '0000-00-00 00:00:00', NULL, 1),
(266, '1/14/1900 0:00', 425, 1, '-x-', '2017041265', '2017-18', 'nitin', '0000-00-00 00:00:00', NULL, 1),
(267, '1/15/1900 0:00', 425, 1, '-x-', '2017041266', '2017-18', 'nitin', '0000-00-00 00:00:00', NULL, 1),
(268, '1/16/1900 0:00', 425, 1, '-x-', '2017041267', '2017-18', 'nitin', '0000-00-00 00:00:00', NULL, 1),
(269, '1/17/1900 0:00', 425, 1, '-x-', '2017041268', '2017-18', 'nitin', '0000-00-00 00:00:00', NULL, 1),
(270, '1/18/1900 0:00', 425, 1, '-x-', '2017041269', '2017-18', 'nitin', '0000-00-00 00:00:00', NULL, 1),
(271, '1/19/1900 0:00', 425, 1, '-x-', '2017041270', '2017-18', 'nitin', '0000-00-00 00:00:00', NULL, 1),
(272, '1/20/1900 0:00', 425, 1, '-x-', '2017041271', '2017-18', 'nitin', '0000-00-00 00:00:00', NULL, 1),
(273, '1/21/1900 0:00', 425, 1, '-x-', '2017041272', '2017-18', 'nitin', '0000-00-00 00:00:00', NULL, 1),
(274, '1/22/1900 0:00', 425, 1, '-x-', '2017041273', '2017-18', 'nitin', '0000-00-00 00:00:00', NULL, 1),
(275, '1/23/1900 0:00', 425, 1, '-x-', '2017041274', '2017-18', 'nitin', '0000-00-00 00:00:00', NULL, 1),
(276, '1/24/1900 0:00', 425, 1, '-x-', '2017041275', '2017-18', 'nitin', '0000-00-00 00:00:00', NULL, 1),
(277, '1/25/1900 0:00', 425, 1, '-x-', '2017041276', '2017-18', 'nitin', '0000-00-00 00:00:00', NULL, 1),
(278, '1/26/1900 0:00', 425, 1, '-x-', '2017041277', '2017-18', 'nitin', '0000-00-00 00:00:00', NULL, 1),
(279, '1/27/1900 0:00', 425, 1, '-x-', '2017041278', '2017-18', 'nitin', '0000-00-00 00:00:00', NULL, 1),
(280, '1/28/1900 0:00', 425, 1, '-x-', '2017041279', '2017-18', 'nitin', '0000-00-00 00:00:00', NULL, 1),
(281, '1/29/1900 0:00', 425, 1, '-x-', '2017041280', '2017-18', 'nitin', '0000-00-00 00:00:00', NULL, 1),
(282, '1/30/1900 0:00', 425, 1, '-x-', '2017041281', '2017-18', 'nitin', '0000-00-00 00:00:00', NULL, 1),
(283, '1/31/1900 0:00', 425, 1, '-x-', '2017041282', '2017-18', 'nitin', '0000-00-00 00:00:00', NULL, 1),
(284, '2/1/1900 0:00', 425, 1, '-x-', '2017041283', '2017-18', 'nitin', '0000-00-00 00:00:00', NULL, 1),
(285, '2/2/1900 0:00', 425, 1, '-x-', '2017041284', '2017-18', 'nitin', '0000-00-00 00:00:00', NULL, 1),
(286, '2/3/1900 0:00', 422, 1, '-x-', '2017041285', '2017-18', 'nitin', '0000-00-00 00:00:00', NULL, 1),
(287, '2/4/1900 0:00', 422, 1, '-x-', '2017041286', '2017-18', 'nitin', '0000-00-00 00:00:00', NULL, 1),
(288, '2/5/1900 0:00', 422, 1, '-x-', '2017041287', '2017-18', 'nitin', '0000-00-00 00:00:00', NULL, 1),
(289, '2/6/1900 0:00', 422, 1, '-x-', '2017041288', '2017-18', 'nitin', '0000-00-00 00:00:00', NULL, 1),
(290, '2/7/1900 0:00', 422, 1, '-x-', '2017041289', '2017-18', 'nitin', '0000-00-00 00:00:00', NULL, 1),
(291, '2/8/1900 0:00', 422, 1, '-x-', '2017041290', '2017-18', 'nitin', '0000-00-00 00:00:00', NULL, 1),
(292, '2/9/1900 0:00', 422, 1, '-x-', '2017041291', '2017-18', 'nitin', '0000-00-00 00:00:00', NULL, 1),
(293, '2/10/1900 0:00', 422, 1, '-x-', '2017041292', '2017-18', 'nitin', '0000-00-00 00:00:00', NULL, 1),
(294, '2/11/1900 0:00', 422, 1, '-x-', '2017041293', '2017-18', 'nitin', '0000-00-00 00:00:00', NULL, 1),
(295, '2/12/1900 0:00', 422, 1, '-x-', '2017041294', '2017-18', 'nitin', '0000-00-00 00:00:00', NULL, 1),
(296, '2/13/1900 0:00', 422, 1, '-x-', '2017041295', '2017-18', 'nitin', '0000-00-00 00:00:00', NULL, 1),
(297, '2/14/1900 0:00', 422, 1, '-x-', '2017041296', '2017-18', 'nitin', '0000-00-00 00:00:00', NULL, 1),
(298, '2/15/1900 0:00', 422, 1, '-x-', '2017041297', '2017-18', 'nitin', '0000-00-00 00:00:00', NULL, 1),
(299, '2/16/1900 0:00', 422, 1, '-x-', '2017041298', '2017-18', 'nitin', '0000-00-00 00:00:00', NULL, 1),
(300, '2/17/1900 0:00', 422, 1, '-x-', '2017041299', '2017-18', 'nitin', '0000-00-00 00:00:00', NULL, 1),
(301, '2/18/1900 0:00', 422, 1, '-x-', '2017041300', '2017-18', 'nitin', '0000-00-00 00:00:00', NULL, 1),
(302, '2/19/1900 0:00', 422, 1, '-x-', '2017041301', '2017-18', 'nitin', '0000-00-00 00:00:00', NULL, 1),
(303, '2/20/1900 0:00', 422, 1, '-x-', '2017041302', '2017-18', 'nitin', '0000-00-00 00:00:00', NULL, 1),
(304, '2/21/1900 0:00', 422, 1, '-x-', '2017041303', '2017-18', 'nitin', '0000-00-00 00:00:00', NULL, 1),
(305, '2/22/1900 0:00', 422, 1, '-x-', '2017041304', '2017-18', 'nitin', '0000-00-00 00:00:00', NULL, 1),
(306, '2/23/1900 0:00', 422, 1, '-x-', '2017041305', '2017-18', 'nitin', '0000-00-00 00:00:00', NULL, 1),
(307, '2/24/1900 0:00', 422, 1, '-x-', '2017041306', '2017-18', 'nitin', '0000-00-00 00:00:00', NULL, 1),
(308, '2/25/1900 0:00', 422, 1, '-x-', '2017041307', '2017-18', 'nitin', '0000-00-00 00:00:00', NULL, 1),
(309, '2/26/1900 0:00', 422, 1, '-x-', '2017041308', '2017-18', 'nitin', '0000-00-00 00:00:00', NULL, 1),
(310, '2/27/1900 0:00', 422, 1, '-x-', '2017041309', '2017-18', 'nitin', '0000-00-00 00:00:00', NULL, 1),
(311, '2/28/1900 0:00', 422, 1, '-x-', '2017041310', '2017-18', 'nitin', '0000-00-00 00:00:00', NULL, 1),
(312, '2/29/1900 0:00', 422, 1, '-x-', '2017041311', '2017-18', 'nitin', '0000-00-00 00:00:00', NULL, 1),
(313, '3/1/1900 0:00', 422, 1, '-x-', '2017041312', '2017-18', 'nitin', '0000-00-00 00:00:00', NULL, 1),
(314, '3/2/1900 0:00', 422, 1, '-x-', '2017041313', '2017-18', 'nitin', '0000-00-00 00:00:00', NULL, 1),
(315, '3/3/1900 0:00', 422, 1, '-x-', '2017041314', '2017-18', 'nitin', '0000-00-00 00:00:00', NULL, 1),
(316, '3/4/1900 0:00', 422, 1, '-x-', '2017041315', '2017-18', 'nitin', '0000-00-00 00:00:00', NULL, 1),
(317, '3/5/1900 0:00', 422, 1, '-x-', '2017041316', '2017-18', 'nitin', '0000-00-00 00:00:00', NULL, 1),
(318, '3/6/1900 0:00', 422, 1, '-x-', '2017041317', '2017-18', 'nitin', '0000-00-00 00:00:00', NULL, 1),
(319, '3/7/1900 0:00', 422, 1, '-x-', '2017041318', '2017-18', 'nitin', '0000-00-00 00:00:00', NULL, 1),
(320, '3/8/1900 0:00', 422, 1, '-x-', '2017041319', '2017-18', 'nitin', '0000-00-00 00:00:00', NULL, 1),
(321, '3/9/1900 0:00', 422, 1, '-x-', '2017041320', '2017-18', 'nitin', '0000-00-00 00:00:00', NULL, 1),
(322, '3/10/1900 0:00', 422, 1, '-x-', '2017041321', '2017-18', 'nitin', '0000-00-00 00:00:00', NULL, 1),
(323, '3/11/1900 0:00', 422, 1, '-x-', '2017041322', '2017-18', 'nitin', '0000-00-00 00:00:00', NULL, 1),
(324, '3/12/1900 0:00', 422, 1, '-x-', '2017041323', '2017-18', 'nitin', '0000-00-00 00:00:00', NULL, 1),
(325, '3/13/1900 0:00', 422, 1, '-x-', '2017041324', '2017-18', 'nitin', '0000-00-00 00:00:00', NULL, 1),
(326, '3/14/1900 0:00', 422, 1, '-x-', '2017041325', '2017-18', 'nitin', '0000-00-00 00:00:00', NULL, 1),
(327, '3/15/1900 0:00', 422, 1, '-x-', '2017041326', '2017-18', 'nitin', '0000-00-00 00:00:00', NULL, 1),
(328, '3/16/1900 0:00', 422, 1, '-x-', '2017041327', '2017-18', 'nitin', '0000-00-00 00:00:00', NULL, 1),
(329, '3/17/1900 0:00', 422, 1, '-x-', '2017041328', '2017-18', 'nitin', '0000-00-00 00:00:00', NULL, 1),
(330, '3/18/1900 0:00', 422, 1, '-x-', '2017041329', '2017-18', 'nitin', '0000-00-00 00:00:00', NULL, 1),
(331, '3/19/1900 0:00', 422, 1, '-x-', '2017041330', '2017-18', 'nitin', '0000-00-00 00:00:00', NULL, 1),
(332, '3/20/1900 0:00', 422, 1, '-x-', '2017041331', '2017-18', 'nitin', '0000-00-00 00:00:00', NULL, 1),
(333, '3/21/1900 0:00', 422, 1, '-x-', '2017041332', '2017-18', 'nitin', '0000-00-00 00:00:00', NULL, 1),
(334, '3/22/1900 0:00', 422, 1, '-x-', '2017041333', '2017-18', 'nitin', '0000-00-00 00:00:00', NULL, 1),
(335, '3/23/1900 0:00', 422, 1, '-x-', '2017041334', '2017-18', 'nitin', '0000-00-00 00:00:00', NULL, 1),
(336, '3/24/1900 0:00', 422, 1, '-x-', '2017041335', '2017-18', 'nitin', '0000-00-00 00:00:00', NULL, 1),
(337, '3/25/1900 0:00', 423, 1, '-x-', '2017041336', '2017-18', 'nitin', '0000-00-00 00:00:00', NULL, 1),
(338, '3/26/1900 0:00', 423, 1, '-x-', '2017041337', '2017-18', 'nitin', '0000-00-00 00:00:00', NULL, 1),
(339, '3/27/1900 0:00', 423, 1, '-x-', '2017041338', '2017-18', 'nitin', '0000-00-00 00:00:00', NULL, 1),
(340, '3/28/1900 0:00', 423, 1, '-x-', '2017041339', '2017-18', 'nitin', '0000-00-00 00:00:00', NULL, 1),
(341, '3/29/1900 0:00', 423, 1, '-x-', '2017041340', '2017-18', 'nitin', '0000-00-00 00:00:00', NULL, 1),
(342, '3/30/1900 0:00', 423, 1, '-x-', '2017041341', '2017-18', 'nitin', '0000-00-00 00:00:00', NULL, 1),
(343, '3/31/1900 0:00', 423, 1, '-x-', '2017041342', '2017-18', 'nitin', '0000-00-00 00:00:00', NULL, 1),
(344, '4/1/1900 0:00', 423, 1, '-x-', '2017041343', '2017-18', 'nitin', '0000-00-00 00:00:00', NULL, 1),
(345, '4/2/1900 0:00', 423, 1, '-x-', '2017041344', '2017-18', 'nitin', '0000-00-00 00:00:00', NULL, 1),
(346, '4/3/1900 0:00', 423, 1, '-x-', '2017041345', '2017-18', 'nitin', '0000-00-00 00:00:00', NULL, 1),
(347, '4/4/1900 0:00', 423, 1, '-x-', '2017041346', '2017-18', 'nitin', '0000-00-00 00:00:00', NULL, 1),
(348, '4/5/1900 0:00', 423, 1, '-x-', '2017041347', '2017-18', 'nitin', '0000-00-00 00:00:00', NULL, 1),
(349, '4/6/1900 0:00', 423, 1, '-x-', '2017041348', '2017-18', 'nitin', '0000-00-00 00:00:00', NULL, 1),
(350, '4/7/1900 0:00', 423, 1, '-x-', '2017041349', '2017-18', 'nitin', '0000-00-00 00:00:00', NULL, 1),
(351, '4/8/1900 0:00', 423, 1, '-x-', '2017041350', '2017-18', 'nitin', '0000-00-00 00:00:00', NULL, 1),
(352, '4/9/1900 0:00', 423, 1, '-x-', '2017041351', '2017-18', 'nitin', '0000-00-00 00:00:00', NULL, 1),
(353, '4/10/1900 0:00', 423, 1, '-x-', '2017041352', '2017-18', 'nitin', '0000-00-00 00:00:00', NULL, 1),
(354, '4/11/1900 0:00', 423, 1, '-x-', '2017041353', '2017-18', 'nitin', '0000-00-00 00:00:00', NULL, 1),
(355, '4/12/1900 0:00', 423, 1, '-x-', '2017041354', '2017-18', 'nitin', '0000-00-00 00:00:00', NULL, 1),
(356, '4/13/1900 0:00', 423, 1, '-x-', '2017041355', '2017-18', 'nitin', '0000-00-00 00:00:00', NULL, 1),
(357, '4/14/1900 0:00', 423, 1, '-x-', '2017041356', '2017-18', 'nitin', '0000-00-00 00:00:00', NULL, 1),
(358, '4/15/1900 0:00', 423, 1, '-x-', '2017041357', '2017-18', 'nitin', '0000-00-00 00:00:00', NULL, 1),
(359, '4/16/1900 0:00', 423, 1, '-x-', '2017041358', '2017-18', 'nitin', '0000-00-00 00:00:00', NULL, 1),
(360, '4/17/1900 0:00', 423, 1, '-x-', '2017041359', '2017-18', 'nitin', '0000-00-00 00:00:00', NULL, 1),
(361, '4/18/1900 0:00', 423, 1, '-x-', '2017041360', '2017-18', 'nitin', '0000-00-00 00:00:00', NULL, 1),
(362, '4/19/1900 0:00', 423, 1, '-x-', '2017041361', '2017-18', 'nitin', '0000-00-00 00:00:00', NULL, 1),
(363, '4/20/1900 0:00', 423, 1, '-x-', '2017041362', '2017-18', 'nitin', '0000-00-00 00:00:00', NULL, 1),
(364, '4/21/1900 0:00', 423, 1, '-x-', '2017041363', '2017-18', 'nitin', '0000-00-00 00:00:00', NULL, 1),
(365, '4/22/1900 0:00', 423, 1, '-x-', '2017041364', '2017-18', 'nitin', '0000-00-00 00:00:00', NULL, 1),
(366, '4/23/1900 0:00', 423, 1, '-x-', '2017041365', '2017-18', 'nitin', '0000-00-00 00:00:00', NULL, 1),
(367, '4/24/1900 0:00', 423, 1, '-x-', '2017041366', '2017-18', 'nitin', '0000-00-00 00:00:00', NULL, 1),
(368, '4/25/1900 0:00', 423, 1, '-x-', '2017041367', '2017-18', 'nitin', '0000-00-00 00:00:00', NULL, 1),
(369, '4/26/1900 0:00', 423, 1, '-x-', '2017041368', '2017-18', 'nitin', '0000-00-00 00:00:00', NULL, 1),
(370, '4/27/1900 0:00', 423, 1, '-x-', '2017041369', '2017-18', 'nitin', '0000-00-00 00:00:00', NULL, 1),
(371, '4/28/1900 0:00', 423, 1, '-x-', '2017041370', '2017-18', 'nitin', '0000-00-00 00:00:00', NULL, 1),
(372, '4/29/1900 0:00', 423, 1, '-x-', '2017041371', '2017-18', 'nitin', '0000-00-00 00:00:00', NULL, 1),
(373, '4/30/1900 0:00', 423, 1, '-x-', '2017041372', '2017-18', 'nitin', '0000-00-00 00:00:00', NULL, 1),
(374, '5/1/1900 0:00', 423, 1, '-x-', '2017041373', '2017-18', 'nitin', '0000-00-00 00:00:00', NULL, 1),
(375, '5/2/1900 0:00', 423, 1, '-x-', '2017041374', '2017-18', 'nitin', '0000-00-00 00:00:00', NULL, 1),
(376, '5/3/1900 0:00', 423, 1, '-x-', '2017041375', '2017-18', 'nitin', '0000-00-00 00:00:00', NULL, 1),
(377, '5/4/1900 0:00', 423, 1, '-x-', '2017041376', '2017-18', 'nitin', '0000-00-00 00:00:00', NULL, 1),
(378, '5/5/1900 0:00', 423, 1, '-x-', '2017041377', '2017-18', 'nitin', '0000-00-00 00:00:00', NULL, 1),
(379, '5/6/1900 0:00', 423, 1, '-x-', '2017041378', '2017-18', 'nitin', '0000-00-00 00:00:00', NULL, 1),
(380, '5/7/1900 0:00', 423, 1, '-x-', '2017041379', '2017-18', 'nitin', '0000-00-00 00:00:00', NULL, 1),
(381, '5/8/1900 0:00', 423, 1, '-x-', '2017041380', '2017-18', 'nitin', '0000-00-00 00:00:00', NULL, 1),
(382, '5/9/1900 0:00', 423, 1, '-x-', '2017041381', '2017-18', 'nitin', '0000-00-00 00:00:00', NULL, 1),
(383, '5/10/1900 0:00', 423, 1, '-x-', '2017041382', '2017-18', 'nitin', '0000-00-00 00:00:00', NULL, 1),
(384, '5/11/1900 0:00', 423, 1, '-x-', '2017041383', '2017-18', 'nitin', '0000-00-00 00:00:00', NULL, 1),
(385, '5/12/1900 0:00', 424, 1, '-x-', '2017041384', '2017-18', 'nitin', '0000-00-00 00:00:00', NULL, 1),
(386, '5/13/1900 0:00', 424, 1, '-x-', '2017041385', '2017-18', 'nitin', '0000-00-00 00:00:00', NULL, 1),
(387, '5/14/1900 0:00', 424, 1, '-x-', '2017041386', '2017-18', 'nitin', '0000-00-00 00:00:00', NULL, 1),
(388, '5/15/1900 0:00', 424, 1, '-x-', '2017041387', '2017-18', 'nitin', '0000-00-00 00:00:00', NULL, 1),
(389, '5/16/1900 0:00', 424, 1, '-x-', '2017041388', '2017-18', 'nitin', '0000-00-00 00:00:00', NULL, 1),
(390, '5/17/1900 0:00', 424, 1, '-x-', '2017041389', '2017-18', 'nitin', '0000-00-00 00:00:00', NULL, 1),
(391, '5/18/1900 0:00', 424, 1, '-x-', '2017041390', '2017-18', 'nitin', '0000-00-00 00:00:00', NULL, 1),
(392, '5/19/1900 0:00', 424, 1, '-x-', '2017041391', '2017-18', 'nitin', '0000-00-00 00:00:00', NULL, 1),
(393, '5/20/1900 0:00', 424, 1, '-x-', '2017041392', '2017-18', 'nitin', '0000-00-00 00:00:00', NULL, 1),
(394, '5/21/1900 0:00', 424, 1, '-x-', '2017041393', '2017-18', 'nitin', '0000-00-00 00:00:00', NULL, 1),
(395, '5/22/1900 0:00', 424, 1, '-x-', '2017041394', '2017-18', 'nitin', '0000-00-00 00:00:00', NULL, 1),
(396, '5/23/1900 0:00', 424, 1, '-x-', '2017041395', '2017-18', 'nitin', '0000-00-00 00:00:00', NULL, 1),
(397, '5/24/1900 0:00', 424, 1, '-x-', '2017041396', '2017-18', 'nitin', '0000-00-00 00:00:00', NULL, 1),
(398, '5/25/1900 0:00', 424, 1, '-x-', '2017041397', '2017-18', 'nitin', '0000-00-00 00:00:00', NULL, 1),
(399, '5/26/1900 0:00', 424, 1, '-x-', '2017041398', '2017-18', 'nitin', '0000-00-00 00:00:00', NULL, 1),
(400, '5/27/1900 0:00', 424, 1, '-x-', '2017041399', '2017-18', 'nitin', '0000-00-00 00:00:00', NULL, 1),
(401, '5/28/1900 0:00', 424, 1, '-x-', '2017041400', '2017-18', 'nitin', '0000-00-00 00:00:00', NULL, 1),
(402, '5/29/1900 0:00', 424, 1, '-x-', '2017041401', '2017-18', 'nitin', '0000-00-00 00:00:00', NULL, 1),
(403, '5/30/1900 0:00', 424, 1, '-x-', '2017041402', '2017-18', 'nitin', '0000-00-00 00:00:00', NULL, 1),
(404, '5/31/1900 0:00', 424, 1, '-x-', '2017041403', '2017-18', 'nitin', '0000-00-00 00:00:00', NULL, 1),
(405, '6/1/1900 0:00', 424, 1, '-x-', '2017041404', '2017-18', 'nitin', '0000-00-00 00:00:00', NULL, 1),
(406, '6/2/1900 0:00', 424, 1, '-x-', '2017041405', '2017-18', 'nitin', '0000-00-00 00:00:00', NULL, 1),
(407, '6/3/1900 0:00', 424, 1, '-x-', '2017041406', '2017-18', 'nitin', '0000-00-00 00:00:00', NULL, 1),
(408, '6/4/1900 0:00', 424, 1, '-x-', '2017041407', '2017-18', 'nitin', '0000-00-00 00:00:00', NULL, 1),
(409, '6/5/1900 0:00', 424, 1, '-x-', '2017041408', '2017-18', 'nitin', '0000-00-00 00:00:00', NULL, 1),
(410, '6/6/1900 0:00', 424, 1, '-x-', '2017041409', '2017-18', 'nitin', '0000-00-00 00:00:00', NULL, 1),
(411, '6/7/1900 0:00', 424, 1, '-x-', '2017041410', '2017-18', 'nitin', '0000-00-00 00:00:00', NULL, 1),
(412, '6/8/1900 0:00', 424, 1, '-x-', '2017041411', '2017-18', 'nitin', '0000-00-00 00:00:00', NULL, 1),
(413, '6/9/1900 0:00', 424, 1, '-x-', '2017041412', '2017-18', 'nitin', '0000-00-00 00:00:00', NULL, 1),
(414, '6/10/1900 0:00', 424, 1, '-x-', '2017041413', '2017-18', 'nitin', '0000-00-00 00:00:00', NULL, 1),
(415, '6/11/1900 0:00', 424, 1, '-x-', '2017041414', '2017-18', 'nitin', '0000-00-00 00:00:00', NULL, 1),
(416, '6/12/1900 0:00', 424, 1, '-x-', '2017041415', '2017-18', 'nitin', '0000-00-00 00:00:00', NULL, 1),
(417, '6/13/1900 0:00', 424, 1, '-x-', '2017041416', '2017-18', 'nitin', '0000-00-00 00:00:00', NULL, 1),
(418, '6/14/1900 0:00', 424, 1, '-x-', '2017041417', '2017-18', 'nitin', '0000-00-00 00:00:00', NULL, 1),
(419, '6/15/1900 0:00', 424, 1, '-x-', '2017041418', '2017-18', 'nitin', '0000-00-00 00:00:00', NULL, 1),
(420, '6/16/1900 0:00', 424, 1, '-x-', '2017041419', '2017-18', 'nitin', '0000-00-00 00:00:00', NULL, 1),
(421, '6/17/1900 0:00', 424, 1, '-x-', '2017041420', '2017-18', 'nitin', '0000-00-00 00:00:00', NULL, 1),
(422, '6/18/1900 0:00', 424, 1, '-x-', '2017041421', '2017-18', 'nitin', '0000-00-00 00:00:00', NULL, 1),
(423, '6/19/1900 0:00', 424, 1, '-x-', '2017041422', '2017-18', 'nitin', '0000-00-00 00:00:00', NULL, 1),
(424, '6/20/1900 0:00', 424, 1, '-x-', '2017041423', '2017-18', 'nitin', '0000-00-00 00:00:00', NULL, 1),
(425, '6/21/1900 0:00', 424, 1, '-x-', '2017041424', '2017-18', 'nitin', '0000-00-00 00:00:00', NULL, 1),
(426, '6/22/1900 0:00', 424, 1, '-x-', '2017041425', '2017-18', 'nitin', '0000-00-00 00:00:00', NULL, 1),
(427, '6/23/1900 0:00', 424, 1, '-x-', '2017041426', '2017-18', 'nitin', '0000-00-00 00:00:00', NULL, 1),
(428, '6/24/1900 0:00', 424, 1, '-x-', '2017041427', '2017-18', 'nitin', '0000-00-00 00:00:00', NULL, 1),
(481, '22-08-2017', 405, 0, '-x-', '2017081428', '2017-18', 'nitin', '2017-08-22 18:25:21', NULL, 1),
(482, '22-08-2017', 405, 0, '-x-', '2017081429', '2017-18', 'nitin', '2017-10-22 07:44:22', NULL, 1),
(483, '22-08-2017', 405, 0, '-x-', '2017081430', '2017-18', 'nitin', '2017-08-22 18:25:23', NULL, 1),
(484, '22-08-2017', 405, 0, '-x-', '2017081431', '2017-18', 'nitin', '2017-08-22 18:25:39', NULL, 1),
(485, '22-08-2017', 405, 0, '-x-', '2017081432', '2017-18', 'nitin', '2017-08-22 18:25:40', NULL, 1),
(486, '22-08-2017', 405, 0, '-x-', '2017081433', '2017-18', 'nitin', '2017-08-22 18:25:41', NULL, 1),
(487, '22-08-2017', 405, 0, '-x-', '2017081434', '2017-18', 'nitin', '2017-08-22 18:25:41', NULL, 1),
(488, '22-08-2017', 405, 0, '-x-', '2017081435', '2017-18', 'nitin', '2017-08-22 18:25:41', NULL, 1),
(489, '22-08-2017', 405, 0, '-x-', '2017081436', '2017-18', 'nitin', '2017-08-22 18:25:41', NULL, 1),
(490, '22-08-2017', 405, 0, '-x-', '2017081437', '2017-18', 'nitin', '2017-08-22 18:25:42', NULL, 1),
(491, '22-08-2017', 405, 0, '-x-', '2017081438', '2017-18', 'nitin', '2017-08-22 18:26:00', NULL, 1),
(492, '22-08-2017', 405, 0, '-x-', '2017081439', '2017-18', 'nitin', '2017-08-22 18:26:02', NULL, 1),
(493, '22-08-2017', 405, 0, '-x-', '2017081440', '2017-18', 'nitin', '2017-08-22 18:26:02', NULL, 1),
(494, '22-08-2017', 405, 0, '-x-', '2017081441', '2017-18', 'nitin', '2017-08-27 08:43:28', NULL, 1),
(495, '23-08-2017', 405, 0, '-x-', '2017081442', '2017-18', 'nitin', '2017-08-22 18:38:56', NULL, 1),
(496, '23-08-2017', 406, 0, '-x-', '2017081443', '2017-18', 'nitin', '2017-08-27 06:19:38', NULL, 1),
(497, '23-08-2017', 406, 0, '-x-', '2017081444', '2017-18', 'nitin', '2017-08-22 18:36:20', NULL, 1),
(498, '23-08-2017', 391, 0, '-x-', '2017081445', '2017-18', 'nitin', '2017-08-27 11:54:15', NULL, 1),
(499, '23-08-2017', 391, 0, '-x-', '2017081446', '2017-18', 'nitin', '2017-08-27 06:45:02', NULL, 1),
(500, '27-08-2017', 391, 0, '-x-', '2017081447', '2017-18', 'nitin', '2017-08-27 09:49:59', NULL, 1),
(501, '29-08-2017', 405, 0, '-x-', '2017081448', '2017-18', 'nitin', '2017-08-29 08:30:57', NULL, 1),
(502, '10/20/2017', 425, 0, '-x-', '2017101449', '2017-18', 'nitin', '2017-10-20 11:18:16', NULL, 1),
(503, '20-10-2017', 425, 0, '-x-', '2017101450', '2017-18', 'nitin', '2017-10-20 11:18:43', NULL, 1);

-- --------------------------------------------------------

--
-- Table structure for table `master_9_stud_address`
--

CREATE TABLE `master_9_stud_address` (
  `ADDRID` int(15) NOT NULL,
  `STREET_1` text NOT NULL,
  `CITY_` varchar(25) NOT NULL,
  `PIN_` varchar(8) NOT NULL,
  `DISTT_` varchar(20) NOT NULL,
  `STATE_` varchar(50) NOT NULL,
  `COUNTRY_` varchar(25) NOT NULL,
  `DOC_` varchar(50) NOT NULL,
  `STATUS` tinyint(1) NOT NULL COMMENT 'TRUE/FALSE OR 1/0',
  `ADDRESS_STATUS` varchar(25) NOT NULL COMMENT 'PERMANENT/LG/CORRESPONDANCE',
  `regid` varchar(25) NOT NULL,
  `SESSID` varchar(20) NOT NULL,
  `USERNAME_` varchar(40) NOT NULL,
  `DATE_` timestamp NOT NULL DEFAULT CURRENT_TIMESTAMP
) ENGINE=InnoDB DEFAULT CHARSET=utf8;

--
-- Dumping data for table `master_9_stud_address`
--

INSERT INTO `master_9_stud_address` (`ADDRID`, `STREET_1`, `CITY_`, `PIN_`, `DISTT_`, `STATE_`, `COUNTRY_`, `DOC_`, `STATUS`, `ADDRESS_STATUS`, `regid`, `SESSID`, `USERNAME_`, `DATE_`) VALUES
(1, 'as', '', '', '', 'MAHARASHTRA', 'INDIA', '2017-04-29 16:13:00', 1, 'PERMANENT', '2017041001', '2017-18', 'nitin', '2017-10-20 09:50:00'),
(2, 'as', '', '', '', 'MAHARASHTRA', 'INDIA', '2017-04-29 16:13:00', 1, 'PERMANENT', '2017041001', '2017-18', 'nitin', '2017-10-20 09:50:00'),
(3, 'VILLAGE  KOTAKHARIK', 'MUNSYARI', '262555', '-x-', 'UL', 'India', '2017-04-29 16:13:00', 1, 'PERMANENT', '2017041002', '2017-18', 'nitin', '0000-00-00 00:00:00'),
(4, 'VILLAGE  KOTAKHARIK', 'MUNSYARI', '262555', '-x-', 'UL', 'India', '2017-04-29 16:13:00', 1, 'CORRESPONDANCE', '2017041002', '2017-18', 'nitin', '0000-00-00 00:00:00'),
(5, 'VILLAGE TANGA SERA', 'MUNSYARI', '262554', '-x-', 'UTTARAKHAND', 'India', '2017-04-29 16:13:00', 1, 'PERMANENT', '2017041003', '2017-18', 'nitin', '2017-10-22 07:44:59'),
(6, 'VILLAGE TANGA SERA', 'MUNSYARI', '-x-', '262554', 'UTTARAKHAND', 'India', '2017-04-29 16:13:00', 1, 'CORRESPONDANCE', '2017041003', '2017-18', 'nitin', '2017-10-22 07:44:59'),
(7, 'VILLAGE TANGA SERA', 'MUNSYARI', '-x-', '262554', 'UTTARAKHAND', 'India', '2017-04-29 16:13:00', 1, 'PERMANENT', '2017041004', '2017-18', 'nitin', '2017-10-20 08:56:59'),
(8, 'VILLAGE TANGA SERA', 'MUNSYARI', '262554', '-x-', 'UTTARAKHAND', 'India', '2017-04-29 16:13:00', 1, 'CORRESPONDANCE', '2017041004', '2017-18', 'nitin', '2017-10-20 08:56:59'),
(9, 'VILLAGE BUNGA', 'MUNSYARI', '-x-', '262554', 'UTTARAKHAND', 'India', '2017-04-29 16:13:00', 1, 'PERMANENT', '2017041005', '2017-18', 'nitin', '2017-10-20 08:59:09'),
(10, 'VILLAGE BUNGA', 'MUNSYARI', '-x-', '262554', 'UTTARAKHAND', 'India', '2017-04-29 16:13:00', 1, 'CORRESPONDANCE', '2017041005', '2017-18', 'nitin', '2017-10-20 08:59:09'),
(11, 'VILLAGE  GINI ', 'MUNSYARI', '262554', '-x-', 'UL', 'India', '2017-04-29 16:13:00', 1, 'PERMANENT', '2017041006', '2017-18', 'nitin', '0000-00-00 00:00:00'),
(12, 'VILLAGE  GINI ', 'MUNSYARI', '262554', '-x-', 'UL', 'India', '2017-04-29 16:13:00', 1, 'CORRESPONDANCE', '2017041006', '2017-18', 'nitin', '0000-00-00 00:00:00'),
(13, 'VILLAGE SARMOLI ', 'MUNSYARI', '262554', '-x-', 'UTTARAKHAND', 'India', '2017-04-29 16:13:00', 1, 'PERMANENT', '2017041007', '2017-18', 'nitin', '2017-10-20 10:02:03'),
(14, 'VILLAGE SARMOLI ', 'MUNSYARI', '262554', '-x-', 'UTTARAKHAND', 'India', '2017-04-29 16:13:00', 1, 'CORRESPONDANCE', '2017041007', '2017-18', 'nitin', '2017-10-20 10:02:03'),
(15, 'VILLAGE MALLA GHORPATTA', 'MUNSYARI', '262554', '-x-', 'UL', 'India', '2017-04-29 16:13:00', 1, 'PERMANENT', '2017041008', '2017-18', 'nitin', '0000-00-00 00:00:00'),
(16, 'VILLAGE MALLA GHORPATTA', 'MUNSYARI', '262554', '-x-', 'UL', 'India', '2017-04-29 16:13:00', 1, 'CORRESPONDANCE', '2017041008', '2017-18', 'nitin', '0000-00-00 00:00:00'),
(17, 'VILLAGE SERASURAIDHAR', 'MUNSYARI', '262554', '-x-', 'UL', 'India', '2017-04-29 16:13:00', 1, 'PERMANENT', '2017041009', '2017-18', 'nitin', '0000-00-00 00:00:00'),
(18, 'VILLAGE SERASURAIDHAR', 'MUNSYARI', '262554', '-x-', 'UL', 'India', '2017-04-29 16:13:00', 1, 'CORRESPONDANCE', '2017041009', '2017-18', 'nitin', '0000-00-00 00:00:00'),
(19, 'VILLAGE HARKOTE ', 'MUNSYARI', '262554', '-x-', 'UL', 'India', '2017-04-29 16:13:00', 1, 'PERMANENT', '2017041010', '2017-18', 'nitin', '0000-00-00 00:00:00'),
(20, 'VILLAGE HARKOTE ', 'MUNSYARI', '262554', '-x-', 'UL', 'India', '2017-04-29 16:13:00', 1, 'CORRESPONDANCE', '2017041010', '2017-18', 'nitin', '0000-00-00 00:00:00'),
(21, 'VILLAGE SURING', 'MUNSYARI', '262554', '-x-', 'UL', 'India', '2017-04-29 16:13:00', 1, 'PERMANENT', '2017041011', '2017-18', 'nitin', '0000-00-00 00:00:00'),
(22, 'VILLAGE SURING', 'MUNSYARI', '262554', '-x-', 'UL', 'India', '2017-04-29 16:13:00', 1, 'CORRESPONDANCE', '2017041011', '2017-18', 'nitin', '0000-00-00 00:00:00'),
(23, 'VILLAGE SURING', 'MUNSYARI', '262554', '-x-', 'UL', 'India', '2017-04-29 16:13:00', 1, 'PERMANENT', '2017041012', '2017-18', 'nitin', '0000-00-00 00:00:00'),
(24, 'VILLAGE SURING', 'MUNSYARI', '262554', '-x-', 'UL', 'India', '2017-04-29 16:13:00', 1, 'CORRESPONDANCE', '2017041012', '2017-18', 'nitin', '0000-00-00 00:00:00'),
(25, 'VILLAGE SURING', 'MUNSYARI', '262554', '-x-', 'UL', 'India', '2017-04-29 16:13:00', 1, 'PERMANENT', '2017041013', '2017-18', 'nitin', '0000-00-00 00:00:00'),
(26, 'VILLAGE SURING', 'MUNSYARI', '262554', '-x-', 'UL', 'India', '2017-04-29 16:13:00', 1, 'CORRESPONDANCE', '2017041013', '2017-18', 'nitin', '0000-00-00 00:00:00'),
(27, 'VILLAGE HARKOTE ', 'MUNSYARI', '262554', '-x-', 'UL', 'India', '2017-04-29 16:13:00', 1, 'PERMANENT', '2017041014', '2017-18', 'nitin', '0000-00-00 00:00:00'),
(28, 'VILLAGE HARKOTE ', 'MUNSYARI', '262554', '-x-', 'UL', 'India', '2017-04-29 16:13:00', 1, 'CORRESPONDANCE', '2017041014', '2017-18', 'nitin', '0000-00-00 00:00:00'),
(29, 'VILLAGE SURING', 'MUNSYARI', '262554', '-x-', 'UL', 'India', '2017-04-29 16:13:00', 1, 'PERMANENT', '2017041015', '2017-18', 'nitin', '0000-00-00 00:00:00'),
(30, 'VILLAGE SURING', 'MUNSYARI', '262554', '-x-', 'UL', 'India', '2017-04-29 16:13:00', 1, 'CORRESPONDANCE', '2017041015', '2017-18', 'nitin', '0000-00-00 00:00:00'),
(31, 'VILLAGE HARKOTE ', 'MUNSYARI', '262554', '-x-', 'UL', 'India', '2017-04-29 16:13:00', 1, 'PERMANENT', '2017041016', '2017-18', 'nitin', '0000-00-00 00:00:00'),
(32, 'VILLAGE HARKOTE ', 'MUNSYARI', '262554', '-x-', 'UL', 'India', '2017-04-29 16:13:00', 1, 'CORRESPONDANCE', '2017041016', '2017-18', 'nitin', '0000-00-00 00:00:00'),
(33, 'VILLAGE DHUNAMANI', 'MUNSYARI', '262554', '-x-', 'UL', 'India', '2017-04-29 16:13:00', 1, 'PERMANENT', '2017041017', '2017-18', 'nitin', '0000-00-00 00:00:00'),
(34, 'VILLAGE DHUNAMANI', 'MUNSYARI', '262554', '-x-', 'UL', 'India', '2017-04-29 16:13:00', 1, 'CORRESPONDANCE', '2017041017', '2017-18', 'nitin', '0000-00-00 00:00:00'),
(35, 'VILLAGE DHUNAMANI', 'MUNSYARI', '262554', '-x-', 'UL', 'India', '2017-04-29 16:13:00', 1, 'PERMANENT', '2017041018', '2017-18', 'nitin', '0000-00-00 00:00:00'),
(36, 'VILLAGE DHUNAMANI', 'MUNSYARI', '262554', '-x-', 'UL', 'India', '2017-04-29 16:13:00', 1, 'CORRESPONDANCE', '2017041018', '2017-18', 'nitin', '0000-00-00 00:00:00'),
(37, 'VILLAGE SAIPOLU', 'MUNSYARI', '262554', '-x-', 'UL', 'India', '2017-04-29 16:13:00', 1, 'PERMANENT', '2017041019', '2017-18', 'nitin', '0000-00-00 00:00:00'),
(38, 'VILLAGE SAIPOLU', 'MUNSYARI', '262554', '-x-', 'UL', 'India', '2017-04-29 16:13:00', 1, 'CORRESPONDANCE', '2017041019', '2017-18', 'nitin', '0000-00-00 00:00:00'),
(39, 'VILLAGE JOSHA', 'MUNSYARI', '262554', '-x-', 'UL', 'India', '2017-04-29 16:13:00', 1, 'PERMANENT', '2017041020', '2017-18', 'nitin', '0000-00-00 00:00:00'),
(40, 'VILLAGE JOSHA', 'MUNSYARI', '262554', '-x-', 'UL', 'India', '2017-04-29 16:13:00', 1, 'CORRESPONDANCE', '2017041020', '2017-18', 'nitin', '0000-00-00 00:00:00'),
(41, 'VILLAGE PAPRI', 'MUNSYARI', '262554', '-x-', 'UL', 'India', '2017-04-29 16:13:00', 1, 'PERMANENT', '2017041021', '2017-18', 'nitin', '0000-00-00 00:00:00'),
(42, 'VILLAGE PAPRI', 'MUNSYARI', '262554', '-x-', 'UL', 'India', '2017-04-29 16:13:00', 1, 'CORRESPONDANCE', '2017041021', '2017-18', 'nitin', '0000-00-00 00:00:00'),
(43, 'VILLAGE CHAUNA', 'MUNSYARI', '262554', '-x-', 'UL', 'India', '2017-04-29 16:13:00', 1, 'PERMANENT', '2017041022', '2017-18', 'nitin', '0000-00-00 00:00:00'),
(44, 'VILLAGE CHAUNA', 'MUNSYARI', '262554', '-x-', 'UL', 'India', '2017-04-29 16:13:00', 1, 'CORRESPONDANCE', '2017041022', '2017-18', 'nitin', '0000-00-00 00:00:00'),
(45, 'VILLAGE BONA', 'MUNSYARI', '262554', '-x-', 'UL', 'India', '2017-04-29 16:13:00', 1, 'PERMANENT', '2017041023', '2017-18', 'nitin', '0000-00-00 00:00:00'),
(46, 'VILLAGE BONA', 'MUNSYARI', '262554', '-x-', 'UL', 'India', '2017-04-29 16:13:00', 1, 'CORRESPONDANCE', '2017041023', '2017-18', 'nitin', '0000-00-00 00:00:00'),
(47, 'VILLAGE HARKOTE ', 'MUNSYARI', '262554', '-x-', 'UL', 'India', '2017-04-29 16:13:00', 1, 'PERMANENT', '2017041024', '2017-18', 'nitin', '0000-00-00 00:00:00'),
(48, 'VILLAGE HARKOTE ', 'MUNSYARI', '262554', '-x-', 'UL', 'India', '2017-04-29 16:13:00', 1, 'CORRESPONDANCE', '2017041024', '2017-18', 'nitin', '0000-00-00 00:00:00'),
(49, 'VILLAGE TOMIK', 'MUNSYARI', '262554', '-x-', 'UTTARAKHAND', 'India', '2017-04-29 16:13:00', 1, 'PERMANENT', '2017041025', '2017-18', 'nitin', '2017-10-20 10:03:48'),
(50, 'VILLAGE TOMIK', 'MUNSYARI', '262554', '-x-', 'UTTARAKHAND', 'India', '2017-04-29 16:13:00', 1, 'CORRESPONDANCE', '2017041025', '2017-18', 'nitin', '2017-10-20 10:03:48'),
(51, 'VILLAGE HARKOTE ', 'MUNSYARI', '262554', '-x-', 'UL', 'India', '2017-04-29 16:13:00', 1, 'PERMANENT', '2017041026', '2017-18', 'nitin', '0000-00-00 00:00:00'),
(52, 'VILLAGE HARKOTE ', 'MUNSYARI', '262554', '-x-', 'UL', 'India', '2017-04-29 16:13:00', 1, 'CORRESPONDANCE', '2017041026', '2017-18', 'nitin', '0000-00-00 00:00:00'),
(53, 'VILLAGE QUIRIJIMIYA', 'MUNSYARI', '262554', '-x-', 'UL', 'India', '2017-04-29 16:13:00', 1, 'PERMANENT', '2017041027', '2017-18', 'nitin', '0000-00-00 00:00:00'),
(54, 'VILLAGE QUIRIJIMIYA', 'MUNSYARI', '262554', '-x-', 'UL', 'India', '2017-04-29 16:13:00', 1, 'CORRESPONDANCE', '2017041027', '2017-18', 'nitin', '0000-00-00 00:00:00'),
(55, 'VILLAGE SELA', 'MUNSYARI', '262554', '-x-', 'UL', 'India', '2017-04-29 16:13:00', 1, 'PERMANENT', '2017041028', '2017-18', 'nitin', '0000-00-00 00:00:00'),
(56, 'VILLAGE SELA', 'MUNSYARI', '262554', '-x-', 'UL', 'India', '2017-04-29 16:13:00', 1, 'CORRESPONDANCE', '2017041028', '2017-18', 'nitin', '0000-00-00 00:00:00'),
(57, 'VILLAGE TOMIK', 'MUNSYARI', '262554', '-x-', 'UL', 'India', '2017-04-29 16:13:00', 1, 'PERMANENT', '2017041029', '2017-18', 'nitin', '0000-00-00 00:00:00'),
(58, 'VILLAGE TOMIK', 'MUNSYARI', '262554', '-x-', 'UL', 'India', '2017-04-29 16:13:00', 1, 'CORRESPONDANCE', '2017041029', '2017-18', 'nitin', '0000-00-00 00:00:00'),
(59, 'VILLAGE DAFA', 'BALA', '262554', '-x-', 'UL', 'India', '2017-04-29 16:13:00', 1, 'PERMANENT', '2017041030', '2017-18', 'nitin', '0000-00-00 00:00:00'),
(60, 'VILLAGE DAFA', 'BALA', '262554', '-x-', 'UL', 'India', '2017-04-29 16:13:00', 1, 'CORRESPONDANCE', '2017041030', '2017-18', 'nitin', '0000-00-00 00:00:00'),
(61, 'VILLAGE SARMOLI ', 'MUNSYARI', '262554', '-x-', 'UL', 'India', '2017-04-29 16:13:00', 1, 'PERMANENT', '2017041031', '2017-18', 'nitin', '0000-00-00 00:00:00'),
(62, 'VILLAGE SARMOLI ', 'MUNSYARI', '262554', '-x-', 'UL', 'India', '2017-04-29 16:13:00', 1, 'CORRESPONDANCE', '2017041031', '2017-18', 'nitin', '0000-00-00 00:00:00'),
(63, 'VILLAGE PAPRI', 'MUNSYARI', '262554', '-x-', 'UL', 'India', '2017-04-29 16:13:00', 1, 'PERMANENT', '2017041032', '2017-18', 'nitin', '0000-00-00 00:00:00'),
(64, 'VILLAGE PAPRI', 'MUNSYARI', '262554', '-x-', 'UL', 'India', '2017-04-29 16:13:00', 1, 'CORRESPONDANCE', '2017041032', '2017-18', 'nitin', '0000-00-00 00:00:00'),
(65, 'VILLAGE PAPRI', 'MUNSYARI', '262554', '-x-', 'UL', 'India', '2017-04-29 16:13:00', 1, 'PERMANENT', '2017041033', '2017-18', 'nitin', '0000-00-00 00:00:00'),
(66, 'VILLAGE PAPRI', 'MUNSYARI', '262554', '-x-', 'UL', 'India', '2017-04-29 16:13:00', 1, 'CORRESPONDANCE', '2017041033', '2017-18', 'nitin', '0000-00-00 00:00:00'),
(67, 'VILLAGE JAINTI', 'MUNSYARI', '262554', '-x-', 'UL', 'India', '2017-04-29 16:13:00', 1, 'PERMANENT', '2017041034', '2017-18', 'nitin', '0000-00-00 00:00:00'),
(68, 'VILLAGE JAINTI', 'MUNSYARI', '262554', '-x-', 'UL', 'India', '2017-04-29 16:13:00', 1, 'CORRESPONDANCE', '2017041034', '2017-18', 'nitin', '0000-00-00 00:00:00'),
(69, 'VILLAGE BUNGA', 'MUNSYARI', '262554', '-x-', 'UL', 'India', '2017-04-29 16:13:00', 1, 'PERMANENT', '2017041035', '2017-18', 'nitin', '0000-00-00 00:00:00'),
(70, 'VILLAGE BUNGA', 'MUNSYARI', '262554', '-x-', 'UL', 'India', '2017-04-29 16:13:00', 1, 'CORRESPONDANCE', '2017041035', '2017-18', 'nitin', '0000-00-00 00:00:00'),
(71, 'VILLAGE DHEELAM', 'MUNSYARI', '262554', '-x-', 'UL', 'India', '2017-04-29 16:13:00', 1, 'PERMANENT', '2017041036', '2017-18', 'nitin', '0000-00-00 00:00:00'),
(72, 'VILLAGE DHEELAM', 'MUNSYARI', '262554', '-x-', 'UL', 'India', '2017-04-29 16:13:00', 1, 'CORRESPONDANCE', '2017041036', '2017-18', 'nitin', '0000-00-00 00:00:00'),
(73, 'VILLAGE BARNIYAGAON', 'MUNSYARI', '262554', '-x-', 'UL', 'India', '2017-04-29 16:13:00', 1, 'PERMANENT', '2017041037', '2017-18', 'nitin', '0000-00-00 00:00:00'),
(74, 'VILLAGE BARNIYAGAON', 'MUNSYARI', '262554', '-x-', 'UL', 'India', '2017-04-29 16:13:00', 1, 'CORRESPONDANCE', '2017041037', '2017-18', 'nitin', '0000-00-00 00:00:00'),
(75, 'VILLAGE BUNGA', 'MUNSYARI', '262554', '-x-', 'UL', 'India', '2017-04-29 16:13:00', 1, 'PERMANENT', '2017041038', '2017-18', 'nitin', '0000-00-00 00:00:00'),
(76, 'VILLAGE BUNGA', 'MUNSYARI', '262554', '-x-', 'UL', 'India', '2017-04-29 16:13:00', 1, 'CORRESPONDANCE', '2017041038', '2017-18', 'nitin', '0000-00-00 00:00:00'),
(77, 'VILLAGE ALAM', 'MUNSYARI', '262554', '-x-', 'UL', 'India', '2017-04-29 16:13:00', 1, 'PERMANENT', '2017041039', '2017-18', 'nitin', '0000-00-00 00:00:00'),
(78, 'VILLAGE ALAM', 'MUNSYARI', '262554', '-x-', 'UL', 'India', '2017-04-29 16:13:00', 1, 'CORRESPONDANCE', '2017041039', '2017-18', 'nitin', '0000-00-00 00:00:00'),
(79, 'x', 'x', '0', '-x-', 'UL', 'India', '2017-04-29 16:13:00', 1, 'PERMANENT', '2017041040', '2017-18', 'nitin', '0000-00-00 00:00:00'),
(80, 'x', 'x', '0', '-x-', 'UL', 'India', '2017-04-29 16:13:00', 1, 'CORRESPONDANCE', '2017041040', '2017-18', 'nitin', '0000-00-00 00:00:00'),
(81, 'VILLAGE PATO', 'MUNSYARI', '262554', '-x-', 'UL', 'India', '2017-04-29 16:13:00', 1, 'PERMANENT', '2017041041', '2017-18', 'nitin', '0000-00-00 00:00:00'),
(82, 'VILLAGE PATO', 'MUNSYARI', '262554', '-x-', 'UL', 'India', '2017-04-29 16:13:00', 1, 'CORRESPONDANCE', '2017041041', '2017-18', 'nitin', '0000-00-00 00:00:00'),
(83, 'VILLAGE BONA', 'MUNSYARI', '262555', '-x-', 'UL', 'India', '2017-04-29 16:13:00', 1, 'PERMANENT', '2017041042', '2017-18', 'nitin', '0000-00-00 00:00:00'),
(84, 'VILLAGE BONA', 'MUNSYARI', '262555', '-x-', 'UL', 'India', '2017-04-29 16:13:00', 1, 'CORRESPONDANCE', '2017041042', '2017-18', 'nitin', '0000-00-00 00:00:00'),
(85, 'VILLAGE SAIPOLU', 'MUNSYARI', '262554', '-x-', 'UL', 'India', '2017-04-29 16:13:00', 1, 'PERMANENT', '2017041043', '2017-18', 'nitin', '0000-00-00 00:00:00'),
(86, 'VILLAGE SAIPOLU', 'MUNSYARI', '262554', '-x-', 'UL', 'India', '2017-04-29 16:13:00', 1, 'CORRESPONDANCE', '2017041043', '2017-18', 'nitin', '0000-00-00 00:00:00'),
(87, 'VILLAGE DHUNAMANI', 'MUNSYARI', '262554', '-x-', 'UL', 'India', '2017-04-29 16:13:00', 1, 'PERMANENT', '2017041044', '2017-18', 'nitin', '0000-00-00 00:00:00'),
(88, 'VILLAGE DHUNAMANI', 'MUNSYARI', '262554', '-x-', 'UL', 'India', '2017-04-29 16:13:00', 1, 'CORRESPONDANCE', '2017041044', '2017-18', 'nitin', '0000-00-00 00:00:00'),
(89, 'VILLAGE QUIRIJIMIYA', 'MUNSYARI', '262554', '-x-', 'UL', 'India', '2017-04-29 16:13:00', 1, 'PERMANENT', '2017041045', '2017-18', 'nitin', '0000-00-00 00:00:00'),
(90, 'VILLAGE QUIRIJIMIYA', 'MUNSYARI', '262554', '-x-', 'UL', 'India', '2017-04-29 16:13:00', 1, 'CORRESPONDANCE', '2017041045', '2017-18', 'nitin', '0000-00-00 00:00:00'),
(91, 'VILLAGE DHURATOLI', 'MUNSYARI', '262554', '-x-', 'UL', 'India', '2017-04-29 16:13:00', 1, 'PERMANENT', '2017041046', '2017-18', 'nitin', '0000-00-00 00:00:00'),
(92, 'VILLAGE DHURATOLI', 'MUNSYARI', '262554', '-x-', 'UL', 'India', '2017-04-29 16:13:00', 1, 'CORRESPONDANCE', '2017041046', '2017-18', 'nitin', '0000-00-00 00:00:00'),
(93, 'VILLAGE ALAM', 'MUNSYARI', '262554', '-x-', 'UL', 'India', '2017-04-29 16:13:00', 1, 'PERMANENT', '2017041047', '2017-18', 'nitin', '0000-00-00 00:00:00'),
(94, 'VILLAGE ALAM', 'MUNSYARI', '262554', '-x-', 'UL', 'India', '2017-04-29 16:13:00', 1, 'CORRESPONDANCE', '2017041047', '2017-18', 'nitin', '0000-00-00 00:00:00'),
(95, 'VILLAGE BUNGA', 'MUNSYARI', '262554', '-x-', 'UL', 'India', '2017-04-29 16:13:00', 1, 'PERMANENT', '2017041048', '2017-18', 'nitin', '0000-00-00 00:00:00'),
(96, 'VILLAGE BUNGA', 'MUNSYARI', '262554', '-x-', 'UL', 'India', '2017-04-29 16:13:00', 1, 'CORRESPONDANCE', '2017041048', '2017-18', 'nitin', '0000-00-00 00:00:00'),
(97, 'VILLAGE UCHHAITI', 'MUNSYARI', '262554', '-x-', 'UL', 'India', '2017-04-29 16:13:00', 1, 'PERMANENT', '2017041049', '2017-18', 'nitin', '0000-00-00 00:00:00'),
(98, 'VILLAGE UCHHAITI', 'MUNSYARI', '262554', '-x-', 'UL', 'India', '2017-04-29 16:13:00', 1, 'CORRESPONDANCE', '2017041049', '2017-18', 'nitin', '0000-00-00 00:00:00'),
(99, 'MALLA GHORPATTA', 'MUNSYARI', '262554', '-x-', 'UL', 'India', '2017-04-29 16:13:00', 1, 'PERMANENT', '2017041050', '2017-18', 'nitin', '0000-00-00 00:00:00'),
(100, 'MALLA GHORPATTA', 'MUNSYARI', '262554', '-x-', 'UL', 'India', '2017-04-29 16:13:00', 1, 'CORRESPONDANCE', '2017041050', '2017-18', 'nitin', '0000-00-00 00:00:00'),
(101, 'VILLAGE TANGA', 'MUNSYARI', '262554', '-x-', 'UL', 'India', '2017-04-29 16:13:00', 1, 'PERMANENT', '2017041051', '2017-18', 'nitin', '0000-00-00 00:00:00'),
(102, 'VILLAGE TANGA', 'MUNSYARI', '262554', '-x-', 'UL', 'India', '2017-04-29 16:13:00', 1, 'CORRESPONDANCE', '2017041051', '2017-18', 'nitin', '0000-00-00 00:00:00'),
(103, 'VILLAGE RINGU', 'MUNSYARI', '262554', '-x-', 'UL', 'India', '2017-04-29 16:13:00', 1, 'PERMANENT', '2017041052', '2017-18', 'nitin', '0000-00-00 00:00:00'),
(104, 'VILLAGE RINGU', 'MUNSYARI', '262554', '-x-', 'UL', 'India', '2017-04-29 16:13:00', 1, 'CORRESPONDANCE', '2017041052', '2017-18', 'nitin', '0000-00-00 00:00:00'),
(105, 'VILLAGE LEELAM', 'MUNSYARI', '262554', '-x-', 'UL', 'India', '2017-04-29 16:13:00', 1, 'PERMANENT', '2017041053', '2017-18', 'nitin', '0000-00-00 00:00:00'),
(106, 'VILLAGE LEELAM', 'MUNSYARI', '262554', '-x-', 'UL', 'India', '2017-04-29 16:13:00', 1, 'CORRESPONDANCE', '2017041053', '2017-18', 'nitin', '0000-00-00 00:00:00'),
(107, 'VILLAGE BARNIYAGAON', 'MUNSYARI', '262554', '-x-', 'UL', 'India', '2017-04-29 16:13:00', 1, 'PERMANENT', '2017041054', '2017-18', 'nitin', '0000-00-00 00:00:00'),
(108, 'VILLAGE BARNIYAGAON', 'MUNSYARI', '262554', '-x-', 'UL', 'India', '2017-04-29 16:13:00', 1, 'CORRESPONDANCE', '2017041054', '2017-18', 'nitin', '0000-00-00 00:00:00'),
(109, 'VILLAGE HARKOTE ', 'MUNSYARI', '262554', '-x-', 'UL', 'India', '2017-04-29 16:13:00', 1, 'PERMANENT', '2017041055', '2017-18', 'nitin', '0000-00-00 00:00:00'),
(110, 'VILLAGE HARKOTE ', 'MUNSYARI', '262554', '-x-', 'UL', 'India', '2017-04-29 16:13:00', 1, 'CORRESPONDANCE', '2017041055', '2017-18', 'nitin', '0000-00-00 00:00:00'),
(111, 'VILLAGE SARMOLI ', 'MUNSYARI', '262554', '-x-', 'UL', 'India', '2017-04-29 16:13:00', 1, 'PERMANENT', '2017041056', '2017-18', 'nitin', '0000-00-00 00:00:00'),
(112, 'VILLAGE SARMOLI ', 'MUNSYARI', '262554', '-x-', 'UL', 'India', '2017-04-29 16:13:00', 1, 'CORRESPONDANCE', '2017041056', '2017-18', 'nitin', '0000-00-00 00:00:00'),
(113, 'VILLAGE RANTHI', 'DHARCHULA', '262545', '-x-', 'UL', 'India', '2017-04-29 16:13:00', 1, 'PERMANENT', '2017041057', '2017-18', 'nitin', '0000-00-00 00:00:00'),
(114, 'VILLAGE RANTHI', 'DHARCHULA', '262545', '-x-', 'UL', 'India', '2017-04-29 16:13:00', 1, 'CORRESPONDANCE', '2017041057', '2017-18', 'nitin', '0000-00-00 00:00:00'),
(115, 'VILLAGE SHANKHDHURA', 'MUNSYARI', '262554', '-x-', 'UL', 'India', '2017-04-29 16:13:00', 1, 'PERMANENT', '2017041058', '2017-18', 'nitin', '0000-00-00 00:00:00'),
(116, 'VILLAGE SHANKHDHURA', 'MUNSYARI', '262554', '-x-', 'UL', 'India', '2017-04-29 16:13:00', 1, 'CORRESPONDANCE', '2017041058', '2017-18', 'nitin', '0000-00-00 00:00:00'),
(117, 'VILLAGE MALLA GHORPATTA', 'MUNSYARI', '262554', '-x-', 'UL', 'India', '2017-04-29 16:13:00', 1, 'PERMANENT', '2017041059', '2017-18', 'nitin', '0000-00-00 00:00:00'),
(118, 'VILLAGE MALLA GHORPATTA', 'MUNSYARI', '262554', '-x-', 'UL', 'India', '2017-04-29 16:13:00', 1, 'CORRESPONDANCE', '2017041059', '2017-18', 'nitin', '0000-00-00 00:00:00'),
(119, 'VILLAGE SENAR', 'MUNSYARI', '262554', '-x-', 'UL', 'India', '2017-04-29 16:13:00', 1, 'PERMANENT', '2017041060', '2017-18', 'nitin', '0000-00-00 00:00:00'),
(120, 'VILLAGE SENAR', 'MUNSYARI', '262554', '-x-', 'UL', 'India', '2017-04-29 16:13:00', 1, 'CORRESPONDANCE', '2017041060', '2017-18', 'nitin', '0000-00-00 00:00:00'),
(121, 'VILLAGE MATENA', 'MUNSYARI', '262554', '-x-', 'UL', 'India', '2017-04-29 16:13:00', 1, 'PERMANENT', '2017041061', '2017-18', 'nitin', '0000-00-00 00:00:00'),
(122, 'VILLAGE MATENA', 'MUNSYARI', '262554', '-x-', 'UL', 'India', '2017-04-29 16:13:00', 1, 'CORRESPONDANCE', '2017041061', '2017-18', 'nitin', '0000-00-00 00:00:00'),
(123, 'VILLAGE CHAUNA', 'MUNSYARI', '262554', '-x-', 'UL', 'India', '2017-04-29 16:13:00', 1, 'PERMANENT', '2017041062', '2017-18', 'nitin', '0000-00-00 00:00:00'),
(124, 'VILLAGE CHAUNA', 'MUNSYARI', '262554', '-x-', 'UL', 'India', '2017-04-29 16:13:00', 1, 'CORRESPONDANCE', '2017041062', '2017-18', 'nitin', '0000-00-00 00:00:00'),
(125, 'VILLAGE SAMKOTE', 'MUNSYARI', '262554', '-x-', 'UL', 'India', '2017-04-29 16:13:00', 1, 'PERMANENT', '2017041063', '2017-18', 'nitin', '0000-00-00 00:00:00'),
(126, 'VILLAGE SAMKOTE', 'MUNSYARI', '262554', '-x-', 'UL', 'India', '2017-04-29 16:13:00', 1, 'CORRESPONDANCE', '2017041063', '2017-18', 'nitin', '0000-00-00 00:00:00'),
(127, 'VILLAGE PATO', 'MUNSYARI', '262554', '-x-', 'UL', 'India', '2017-04-29 16:13:00', 1, 'PERMANENT', '2017041064', '2017-18', 'nitin', '0000-00-00 00:00:00'),
(128, 'VILLAGE PATO', 'MUNSYARI', '262554', '-x-', 'UL', 'India', '2017-04-29 16:13:00', 1, 'CORRESPONDANCE', '2017041064', '2017-18', 'nitin', '0000-00-00 00:00:00'),
(129, 'VILLAGE LOADH', 'MUNSYARI', '262554', '-x-', 'UL', 'India', '2017-04-29 16:13:00', 1, 'PERMANENT', '2017041065', '2017-18', 'nitin', '0000-00-00 00:00:00'),
(130, 'VILLAGE LOADH', 'MUNSYARI', '262554', '-x-', 'UL', 'India', '2017-04-29 16:13:00', 1, 'CORRESPONDANCE', '2017041065', '2017-18', 'nitin', '0000-00-00 00:00:00'),
(131, 'VILLAGE BUNGA', 'MUNSYARI', '262554', '-x-', 'UL', 'India', '2017-04-29 16:13:00', 1, 'PERMANENT', '2017041066', '2017-18', 'nitin', '0000-00-00 00:00:00'),
(132, 'VILLAGE BUNGA', 'MUNSYARI', '262554', '-x-', 'UL', 'India', '2017-04-29 16:13:00', 1, 'CORRESPONDANCE', '2017041066', '2017-18', 'nitin', '0000-00-00 00:00:00'),
(133, 'VILLAGE BHADELI', 'MUNSYARI', '262554', '-x-', 'UL', 'India', '2017-04-29 16:13:00', 1, 'PERMANENT', '2017041067', '2017-18', 'nitin', '0000-00-00 00:00:00'),
(134, 'VILLAGE BHADELI', 'MUNSYARI', '262554', '-x-', 'UL', 'India', '2017-04-29 16:13:00', 1, 'CORRESPONDANCE', '2017041067', '2017-18', 'nitin', '0000-00-00 00:00:00'),
(135, 'VILLAGE TALLA GHORPATTA', 'MUNSYARI', '262554', '-x-', 'UL', 'India', '2017-04-29 16:13:00', 1, 'PERMANENT', '2017041068', '2017-18', 'nitin', '0000-00-00 00:00:00'),
(136, 'VILLAGE TALLA GHORPATTA', 'MUNSYARI', '262554', '-x-', 'UL', 'India', '2017-04-29 16:13:00', 1, 'CORRESPONDANCE', '2017041068', '2017-18', 'nitin', '0000-00-00 00:00:00'),
(137, 'VILLAGE SAMKOTE', 'MUNSYARI', '262554', '-x-', 'UL', 'India', '2017-04-29 16:13:00', 1, 'PERMANENT', '2017041069', '2017-18', 'nitin', '0000-00-00 00:00:00'),
(138, 'VILLAGE SAMKOTE', 'MUNSYARI', '262554', '-x-', 'UL', 'India', '2017-04-29 16:13:00', 1, 'CORRESPONDANCE', '2017041069', '2017-18', 'nitin', '0000-00-00 00:00:00'),
(139, 'VILLAGE MALLA GHORPATTA', 'MUNSYARI', '262555', '-x-', 'UL', 'India', '2017-04-29 16:13:00', 1, 'PERMANENT', '2017041070', '2017-18', 'nitin', '0000-00-00 00:00:00'),
(140, 'VILLAGE MALLA GHORPATTA', 'MUNSYARI', '262555', '-x-', 'UL', 'India', '2017-04-29 16:13:00', 1, 'CORRESPONDANCE', '2017041070', '2017-18', 'nitin', '0000-00-00 00:00:00'),
(141, 'VILLAGE DOKULA', 'MUNSYARI', '262554', '-x-', 'UL', 'India', '2017-04-29 16:13:00', 1, 'PERMANENT', '2017041071', '2017-18', 'nitin', '0000-00-00 00:00:00'),
(142, 'VILLAGE DOKULA', 'MUNSYARI', '262554', '-x-', 'UL', 'India', '2017-04-29 16:13:00', 1, 'CORRESPONDANCE', '2017041071', '2017-18', 'nitin', '0000-00-00 00:00:00'),
(143, 'VILLAGE SAMKOTE', 'MUNSYARI', '262555', '-x-', 'UL', 'India', '2017-04-29 16:13:00', 1, 'PERMANENT', '2017041072', '2017-18', 'nitin', '0000-00-00 00:00:00'),
(144, 'VILLAGE SAMKOTE', 'MUNSYARI', '262555', '-x-', 'UL', 'India', '2017-04-29 16:13:00', 1, 'CORRESPONDANCE', '2017041072', '2017-18', 'nitin', '0000-00-00 00:00:00'),
(145, 'VILLAGE FALYATI', 'MUNSYARI', '262554', '-x-', 'UL', 'India', '2017-04-29 16:13:00', 1, 'PERMANENT', '2017041073', '2017-18', 'nitin', '0000-00-00 00:00:00'),
(146, 'VILLAGE FALYATI', 'MUNSYARI', '262554', '-x-', 'UL', 'India', '2017-04-29 16:13:00', 1, 'CORRESPONDANCE', '2017041073', '2017-18', 'nitin', '0000-00-00 00:00:00'),
(147, 'VILLAGE QUIRIJIMIYA', 'MUNSYARI', '262554', '-x-', 'UL', 'India', '2017-04-29 16:13:00', 1, 'PERMANENT', '2017041074', '2017-18', 'nitin', '0000-00-00 00:00:00'),
(148, 'VILLAGE QUIRIJIMIYA', 'MUNSYARI', '262554', '-x-', 'UL', 'India', '2017-04-29 16:13:00', 1, 'CORRESPONDANCE', '2017041074', '2017-18', 'nitin', '0000-00-00 00:00:00'),
(149, 'VILLAGE BHALIYA', 'PITHORAGARH', '262501', '-x-', 'UL', 'India', '2017-04-29 16:13:00', 1, 'PERMANENT', '2017041075', '2017-18', 'nitin', '0000-00-00 00:00:00'),
(150, 'VILLAGE BHALIYA', 'PITHORAGARH', '262501', '-x-', 'UL', 'India', '2017-04-29 16:13:00', 1, 'CORRESPONDANCE', '2017041075', '2017-18', 'nitin', '0000-00-00 00:00:00'),
(151, 'VILLAGE BONA', 'MUNSYARI', '262554', '-x-', 'UL', 'India', '2017-04-29 16:13:00', 1, 'PERMANENT', '2017041076', '2017-18', 'nitin', '0000-00-00 00:00:00'),
(152, 'VILLAGE BONA', 'MUNSYARI', '262554', '-x-', 'UL', 'India', '2017-04-29 16:13:00', 1, 'CORRESPONDANCE', '2017041076', '2017-18', 'nitin', '0000-00-00 00:00:00'),
(153, 'VILLAGE SURAIDHAR', 'MUNSYARI', '262554', '-x-', 'UL', 'India', '2017-04-29 16:13:00', 1, 'PERMANENT', '2017041077', '2017-18', 'nitin', '0000-00-00 00:00:00'),
(154, 'VILLAGE SURAIDHAR', 'MUNSYARI', '262554', '-x-', 'UL', 'India', '2017-04-29 16:13:00', 1, 'CORRESPONDANCE', '2017041077', '2017-18', 'nitin', '0000-00-00 00:00:00'),
(155, 'VILLAGE JAMTARI', 'DHARCHULA', '262544', '-x-', 'UL', 'India', '2017-04-29 16:13:00', 1, 'PERMANENT', '2017041078', '2017-18', 'nitin', '0000-00-00 00:00:00'),
(156, 'VILLAGE JAMTARI', 'DHARCHULA', '262544', '-x-', 'UL', 'India', '2017-04-29 16:13:00', 1, 'CORRESPONDANCE', '2017041078', '2017-18', 'nitin', '0000-00-00 00:00:00'),
(157, 'VILLAGE JAMTARI', 'DHARCHULA', '262544', '-x-', 'UL', 'India', '2017-04-29 16:13:00', 1, 'PERMANENT', '2017041079', '2017-18', 'nitin', '0000-00-00 00:00:00'),
(158, 'VILLAGE JAMTARI', 'DHARCHULA', '262544', '-x-', 'UL', 'India', '2017-04-29 16:13:00', 1, 'CORRESPONDANCE', '2017041079', '2017-18', 'nitin', '0000-00-00 00:00:00'),
(159, 'VILLAGE HARKOTE ', 'MUNSYARI', '262554', '-x-', 'UL', 'India', '2017-04-29 16:13:00', 1, 'PERMANENT', '2017041080', '2017-18', 'nitin', '0000-00-00 00:00:00'),
(160, 'VILLAGE HARKOTE ', 'MUNSYARI', '262554', '-x-', 'UL', 'India', '2017-04-29 16:13:00', 1, 'CORRESPONDANCE', '2017041080', '2017-18', 'nitin', '0000-00-00 00:00:00'),
(161, 'VILLAGE MALLA GHORPATTA', 'MUNSYARI', '262554', '-x-', 'UL', 'India', '2017-04-29 16:13:00', 1, 'PERMANENT', '2017041081', '2017-18', 'nitin', '0000-00-00 00:00:00'),
(162, 'VILLAGE MALLA GHORPATTA', 'MUNSYARI', '262554', '-x-', 'UL', 'India', '2017-04-29 16:13:00', 1, 'CORRESPONDANCE', '2017041081', '2017-18', 'nitin', '0000-00-00 00:00:00'),
(163, 'VILLAGE MALLA GHORPATTA', 'MUNSYARI', '262554', '-x-', 'UL', 'India', '2017-04-29 16:13:00', 1, 'PERMANENT', '2017041082', '2017-18', 'nitin', '0000-00-00 00:00:00'),
(164, 'VILLAGE MALLA GHORPATTA', 'MUNSYARI', '262554', '-x-', 'UL', 'India', '2017-04-29 16:13:00', 1, 'CORRESPONDANCE', '2017041082', '2017-18', 'nitin', '0000-00-00 00:00:00'),
(165, 'VILLAGE BONA', 'MUNSYARI', '262554', '-x-', 'UL', 'India', '2017-04-29 16:13:00', 1, 'PERMANENT', '2017041083', '2017-18', 'nitin', '0000-00-00 00:00:00'),
(166, 'VILLAGE BONA', 'MUNSYARI', '262554', '-x-', 'UL', 'India', '2017-04-29 16:13:00', 1, 'CORRESPONDANCE', '2017041083', '2017-18', 'nitin', '0000-00-00 00:00:00'),
(167, 'VILLAGE BUIE', 'MUNSYARI', '262554', '-x-', 'UL', 'India', '2017-04-29 16:13:00', 1, 'PERMANENT', '2017041084', '2017-18', 'nitin', '0000-00-00 00:00:00'),
(168, 'VILLAGE BUIE', 'MUNSYARI', '262554', '-x-', 'UL', 'India', '2017-04-29 16:13:00', 1, 'CORRESPONDANCE', '2017041084', '2017-18', 'nitin', '0000-00-00 00:00:00'),
(169, 'VILLAGE DHAPA', 'MUNSYARI', '262554', '-x-', 'UL', 'India', '2017-04-29 16:13:00', 1, 'PERMANENT', '2017041085', '2017-18', 'nitin', '0000-00-00 00:00:00'),
(170, 'VILLAGE DHAPA', 'MUNSYARI', '262554', '-x-', 'UL', 'India', '2017-04-29 16:13:00', 1, 'CORRESPONDANCE', '2017041085', '2017-18', 'nitin', '0000-00-00 00:00:00'),
(171, 'VILLAGE CHAUNA', 'MUNSYARI', '262554', '-x-', 'UL', 'India', '2017-04-29 16:13:00', 1, 'PERMANENT', '2017041086', '2017-18', 'nitin', '0000-00-00 00:00:00'),
(172, 'VILLAGE CHAUNA', 'MUNSYARI', '262554', '-x-', 'UL', 'India', '2017-04-29 16:13:00', 1, 'CORRESPONDANCE', '2017041086', '2017-18', 'nitin', '0000-00-00 00:00:00'),
(173, 'VILLAGE SEVILA', 'MUNSYARI', '262554', '-x-', 'UL', 'India', '2017-04-29 16:13:00', 1, 'PERMANENT', '2017041087', '2017-18', 'nitin', '0000-00-00 00:00:00'),
(174, 'VILLAGE SEVILA', 'MUNSYARI', '262554', '-x-', 'UL', 'India', '2017-04-29 16:13:00', 1, 'CORRESPONDANCE', '2017041087', '2017-18', 'nitin', '0000-00-00 00:00:00'),
(175, 'VILLAGE PATO', 'MUNSYARI', '262554', '-x-', 'UL', 'India', '2017-04-29 16:13:00', 1, 'PERMANENT', '2017041088', '2017-18', 'nitin', '0000-00-00 00:00:00'),
(176, 'VILLAGE PATO', 'MUNSYARI', '262554', '-x-', 'UL', 'India', '2017-04-29 16:13:00', 1, 'CORRESPONDANCE', '2017041088', '2017-18', 'nitin', '0000-00-00 00:00:00'),
(177, 'VILLAGE SAIPOLU', 'MUNSYARI', '262554', '-x-', 'UL', 'India', '2017-04-29 16:13:00', 1, 'PERMANENT', '2017041089', '2017-18', 'nitin', '0000-00-00 00:00:00'),
(178, 'VILLAGE SAIPOLU', 'MUNSYARI', '262554', '-x-', 'UL', 'India', '2017-04-29 16:13:00', 1, 'CORRESPONDANCE', '2017041089', '2017-18', 'nitin', '0000-00-00 00:00:00'),
(179, 'VILLAGE HARKOTE ', 'MUNSYARI', '262554', '-x-', 'UL', 'India', '2017-04-29 16:13:00', 1, 'PERMANENT', '2017041090', '2017-18', 'nitin', '0000-00-00 00:00:00'),
(180, 'VILLAGE HARKOTE ', 'MUNSYARI', '262554', '-x-', 'UL', 'India', '2017-04-29 16:13:00', 1, 'CORRESPONDANCE', '2017041090', '2017-18', 'nitin', '0000-00-00 00:00:00'),
(181, 'VILLAGE SEVILA', 'MUNSYARI', '262554', '-x-', 'UL', 'India', '2017-04-29 16:13:00', 1, 'PERMANENT', '2017041091', '2017-18', 'nitin', '0000-00-00 00:00:00'),
(182, 'VILLAGE SEVILA', 'MUNSYARI', '262554', '-x-', 'UL', 'India', '2017-04-29 16:13:00', 1, 'CORRESPONDANCE', '2017041091', '2017-18', 'nitin', '0000-00-00 00:00:00'),
(183, 'VILLAGE GIRGAON', 'MUNSYARI', '262554', '-x-', 'UL', 'India', '2017-04-29 16:13:00', 1, 'PERMANENT', '2017041092', '2017-18', 'nitin', '0000-00-00 00:00:00'),
(184, 'VILLAGE GIRGAON', 'MUNSYARI', '262554', '-x-', 'UL', 'India', '2017-04-29 16:13:00', 1, 'CORRESPONDANCE', '2017041092', '2017-18', 'nitin', '0000-00-00 00:00:00'),
(185, 'VILLAGE SAIPOLU', 'MUNSYARI', '262554', '-x-', 'UL', 'India', '2017-04-29 16:13:00', 1, 'PERMANENT', '2017041093', '2017-18', 'nitin', '0000-00-00 00:00:00'),
(186, 'VILLAGE SAIPOLU', 'MUNSYARI', '262554', '-x-', 'UL', 'India', '2017-04-29 16:13:00', 1, 'CORRESPONDANCE', '2017041093', '2017-18', 'nitin', '0000-00-00 00:00:00'),
(187, 'VILLAGE MALLA GHORPATTA', 'MUNSYARI', '262554', '-x-', 'UL', 'India', '2017-04-29 16:13:00', 1, 'PERMANENT', '2017041094', '2017-18', 'nitin', '0000-00-00 00:00:00'),
(188, 'VILLAGE MALLA GHORPATTA', 'MUNSYARI', '262554', '-x-', 'UL', 'India', '2017-04-29 16:13:00', 1, 'CORRESPONDANCE', '2017041094', '2017-18', 'nitin', '0000-00-00 00:00:00'),
(189, 'VILLAGE BUNGA', 'MUNSYARI', '262554', '-x-', 'UL', 'India', '2017-04-29 16:13:00', 1, 'PERMANENT', '2017041095', '2017-18', 'nitin', '0000-00-00 00:00:00'),
(190, 'VILLAGE BUNGA', 'MUNSYARI', '262554', '-x-', 'UL', 'India', '2017-04-29 16:13:00', 1, 'CORRESPONDANCE', '2017041095', '2017-18', 'nitin', '0000-00-00 00:00:00'),
(191, 'VILLAGE RINGU', 'MUNSYARI', '262554', '-x-', 'UL', 'India', '2017-04-29 16:13:00', 1, 'PERMANENT', '2017041096', '2017-18', 'nitin', '0000-00-00 00:00:00'),
(192, 'VILLAGE RINGU', 'MUNSYARI', '262554', '-x-', 'UL', 'India', '2017-04-29 16:13:00', 1, 'CORRESPONDANCE', '2017041096', '2017-18', 'nitin', '0000-00-00 00:00:00'),
(193, 'VILLAGE DHURATOLI', 'MUNSYARI', '262554', '-x-', 'UL', 'India', '2017-04-29 16:13:00', 1, 'PERMANENT', '2017041097', '2017-18', 'nitin', '0000-00-00 00:00:00'),
(194, 'VILLAGE DHURATOLI', 'MUNSYARI', '262554', '-x-', 'UL', 'India', '2017-04-29 16:13:00', 1, 'CORRESPONDANCE', '2017041097', '2017-18', 'nitin', '0000-00-00 00:00:00'),
(195, 'VILLAGE BUIE', 'MUNSYARI', '262554', '-x-', 'UL', 'India', '2017-04-29 16:13:00', 1, 'PERMANENT', '2017041098', '2017-18', 'nitin', '0000-00-00 00:00:00'),
(196, 'VILLAGE BUIE', 'MUNSYARI', '262554', '-x-', 'UL', 'India', '2017-04-29 16:13:00', 1, 'CORRESPONDANCE', '2017041098', '2017-18', 'nitin', '0000-00-00 00:00:00'),
(197, 'VILLAGE HARKOTE ', 'MUNSYARI', '262554', '-x-', 'UL', 'India', '2017-04-29 16:13:00', 1, 'PERMANENT', '2017041099', '2017-18', 'nitin', '0000-00-00 00:00:00'),
(198, 'VILLAGE HARKOTE ', 'MUNSYARI', '262554', '-x-', 'UL', 'India', '2017-04-29 16:13:00', 1, 'CORRESPONDANCE', '2017041099', '2017-18', 'nitin', '0000-00-00 00:00:00'),
(199, 'VILLAGE KULTHAM', 'MUNSYARI', '262554', '-x-', 'UL', 'India', '2017-04-29 16:13:00', 1, 'PERMANENT', '2017041100', '2017-18', 'nitin', '0000-00-00 00:00:00'),
(200, 'VILLAGE KULTHAM', 'MUNSYARI', '262554', '-x-', 'UL', 'India', '2017-04-29 16:13:00', 1, 'CORRESPONDANCE', '2017041100', '2017-18', 'nitin', '0000-00-00 00:00:00'),
(201, 'VILLAGE BONA', 'MUNSYARI', '262554', '-x-', 'UL', 'India', '2017-04-29 16:13:00', 1, 'PERMANENT', '2017041101', '2017-18', 'nitin', '0000-00-00 00:00:00'),
(202, 'VILLAGE BONA', 'MUNSYARI', '262554', '-x-', 'UL', 'India', '2017-04-29 16:13:00', 1, 'CORRESPONDANCE', '2017041101', '2017-18', 'nitin', '0000-00-00 00:00:00'),
(203, 'VILLAGE SHAMBHUGHAT', 'MUNSYARI', '262554', '-x-', 'UL', 'India', '2017-04-29 16:13:00', 1, 'PERMANENT', '2017041102', '2017-18', 'nitin', '0000-00-00 00:00:00'),
(204, 'VILLAGE SHAMBHUGHAT', 'MUNSYARI', '262554', '-x-', 'UL', 'India', '2017-04-29 16:13:00', 1, 'CORRESPONDANCE', '2017041102', '2017-18', 'nitin', '0000-00-00 00:00:00'),
(205, 'VILLAGE BUNGA', 'MUNSYARI', '262554', '-x-', 'UL', 'India', '2017-04-29 16:13:00', 1, 'PERMANENT', '2017041103', '2017-18', 'nitin', '0000-00-00 00:00:00'),
(206, 'VILLAGE BUNGA', 'MUNSYARI', '262554', '-x-', 'UL', 'India', '2017-04-29 16:13:00', 1, 'CORRESPONDANCE', '2017041103', '2017-18', 'nitin', '0000-00-00 00:00:00'),
(207, 'VILLAGE SURING', 'MUNSYARI', '262554', '-x-', 'UL', 'India', '2017-04-29 16:13:00', 1, 'PERMANENT', '2017041104', '2017-18', 'nitin', '0000-00-00 00:00:00'),
(208, 'VILLAGE SURING', 'MUNSYARI', '262554', '-x-', 'UL', 'India', '2017-04-29 16:13:00', 1, 'CORRESPONDANCE', '2017041104', '2017-18', 'nitin', '0000-00-00 00:00:00'),
(209, 'VILLAGE BASANTKOTE', 'MUNSYARI', '262554', '-x-', 'UL', 'India', '2017-04-29 16:13:00', 1, 'PERMANENT', '2017041105', '2017-18', 'nitin', '0000-00-00 00:00:00'),
(210, 'VILLAGE BASANTKOTE', 'MUNSYARI', '262554', '-x-', 'UL', 'India', '2017-04-29 16:13:00', 1, 'CORRESPONDANCE', '2017041105', '2017-18', 'nitin', '0000-00-00 00:00:00'),
(211, 'VILLAGE KHASIABARA', 'MUNSYARI', '262554', '-x-', 'UL', 'India', '2017-04-29 16:13:00', 1, 'PERMANENT', '2017041106', '2017-18', 'nitin', '0000-00-00 00:00:00'),
(212, 'VILLAGE KHASIABARA', 'MUNSYARI', '262554', '-x-', 'UL', 'India', '2017-04-29 16:13:00', 1, 'CORRESPONDANCE', '2017041106', '2017-18', 'nitin', '0000-00-00 00:00:00'),
(213, 'VILLAGE IMLA', 'MUNSYARI', '262554', '-x-', 'UL', 'India', '2017-04-29 16:13:00', 1, 'PERMANENT', '2017041107', '2017-18', 'nitin', '0000-00-00 00:00:00'),
(214, 'VILLAGE IMLA', 'MUNSYARI', '262554', '-x-', 'UL', 'India', '2017-04-29 16:13:00', 1, 'CORRESPONDANCE', '2017041107', '2017-18', 'nitin', '0000-00-00 00:00:00'),
(215, 'VILLAGE BARNIYAGAON', 'MUNSYARI', '262554', '-x-', 'UL', 'India', '2017-04-29 16:13:00', 1, 'PERMANENT', '2017041108', '2017-18', 'nitin', '0000-00-00 00:00:00'),
(216, 'VILLAGE BARNIYAGAON', 'MUNSYARI', '262554', '-x-', 'UL', 'India', '2017-04-29 16:13:00', 1, 'CORRESPONDANCE', '2017041108', '2017-18', 'nitin', '0000-00-00 00:00:00'),
(217, 'VILLAGE SAIPOLU', 'MUNSYARI', '262554', '-x-', 'UL', 'India', '2017-04-29 16:13:00', 1, 'PERMANENT', '2017041109', '2017-18', 'nitin', '0000-00-00 00:00:00'),
(218, 'VILLAGE SAIPOLU', 'MUNSYARI', '262554', '-x-', 'UL', 'India', '2017-04-29 16:13:00', 1, 'CORRESPONDANCE', '2017041109', '2017-18', 'nitin', '0000-00-00 00:00:00'),
(219, 'VILLAGE CHETICHIMLA', 'MUNSYARI', '262554', '-x-', 'UL', 'India', '2017-04-29 16:13:00', 1, 'PERMANENT', '2017041110', '2017-18', 'nitin', '0000-00-00 00:00:00'),
(220, 'VILLAGE CHETICHIMLA', 'MUNSYARI', '262554', '-x-', 'UL', 'India', '2017-04-29 16:13:00', 1, 'CORRESPONDANCE', '2017041110', '2017-18', 'nitin', '0000-00-00 00:00:00'),
(221, 'VILLAGE TALLA DUMMAR', 'MUNSYARI', '262554', '-x-', 'UL', 'India', '2017-04-29 16:13:00', 1, 'PERMANENT', '2017041111', '2017-18', 'nitin', '0000-00-00 00:00:00'),
(222, 'VILLAGE TALLA DUMMAR', 'MUNSYARI', '262554', '-x-', 'UL', 'India', '2017-04-29 16:13:00', 1, 'CORRESPONDANCE', '2017041111', '2017-18', 'nitin', '0000-00-00 00:00:00'),
(223, 'VILLAGE SAIPOLU', 'MUNSYARI', '262554', '-x-', 'UL', 'India', '2017-04-29 16:13:00', 1, 'PERMANENT', '2017041112', '2017-18', 'nitin', '0000-00-00 00:00:00'),
(224, 'VILLAGE SAIPOLU', 'MUNSYARI', '262554', '-x-', 'UL', 'India', '2017-04-29 16:13:00', 1, 'CORRESPONDANCE', '2017041112', '2017-18', 'nitin', '0000-00-00 00:00:00'),
(225, 'VILLAGE BERINAG', 'BERINAG', '262554', '-x-', 'UL', 'India', '2017-04-29 16:13:00', 1, 'PERMANENT', '2017041113', '2017-18', 'nitin', '0000-00-00 00:00:00'),
(226, 'VILLAGE BERINAG', 'BERINAG', '262554', '-x-', 'UL', 'India', '2017-04-29 16:13:00', 1, 'CORRESPONDANCE', '2017041113', '2017-18', 'nitin', '0000-00-00 00:00:00'),
(227, 'VILLAGE SAIPOLU', 'MUNSYARI', '262554', '-x-', 'UL', 'India', '2017-04-29 16:13:00', 1, 'PERMANENT', '2017041114', '2017-18', 'nitin', '0000-00-00 00:00:00'),
(228, 'VILLAGE SAIPOLU', 'MUNSYARI', '262554', '-x-', 'UL', 'India', '2017-04-29 16:13:00', 1, 'CORRESPONDANCE', '2017041114', '2017-18', 'nitin', '0000-00-00 00:00:00'),
(229, 'VILLAGE TOMIK', 'MUNSYARI', '262554', '-x-', 'UL', 'India', '2017-04-29 16:13:00', 1, 'PERMANENT', '2017041115', '2017-18', 'nitin', '0000-00-00 00:00:00'),
(230, 'VILLAGE TOMIK', 'MUNSYARI', '262554', '-x-', 'UL', 'India', '2017-04-29 16:13:00', 1, 'CORRESPONDANCE', '2017041115', '2017-18', 'nitin', '0000-00-00 00:00:00'),
(231, 'VILLAGE PAINKUTI', 'MUNSYARI', '262501', '-x-', 'UL', 'India', '2017-04-29 16:13:00', 1, 'PERMANENT', '2017041116', '2017-18', 'nitin', '0000-00-00 00:00:00'),
(232, 'VILLAGE PAINKUTI', 'MUNSYARI', '262501', '-x-', 'UL', 'India', '2017-04-29 16:13:00', 1, 'CORRESPONDANCE', '2017041116', '2017-18', 'nitin', '0000-00-00 00:00:00'),
(233, 'VILLAGE SARMOLI', 'MUNSYARI', '262554', '-x-', 'UL', 'India', '2017-04-29 16:13:00', 1, 'PERMANENT', '2017041117', '2017-18', 'nitin', '0000-00-00 00:00:00'),
(234, 'VILLAGE SARMOLI', 'MUNSYARI', '262554', '-x-', 'UL', 'India', '2017-04-29 16:13:00', 1, 'CORRESPONDANCE', '2017041117', '2017-18', 'nitin', '0000-00-00 00:00:00'),
(235, 'VILLAGE MATENA', 'MUNSYARI', '262554', '-x-', 'UL', 'India', '2017-04-29 16:13:00', 1, 'PERMANENT', '2017041118', '2017-18', 'nitin', '0000-00-00 00:00:00'),
(236, 'VILLAGE MATENA', 'MUNSYARI', '262554', '-x-', 'UL', 'India', '2017-04-29 16:13:00', 1, 'CORRESPONDANCE', '2017041118', '2017-18', 'nitin', '0000-00-00 00:00:00'),
(237, 'VILLAGE KHASIABARA', 'MUNSYARI', '262554', '-x-', 'UL', 'India', '2017-04-29 16:13:00', 1, 'PERMANENT', '2017041119', '2017-18', 'nitin', '0000-00-00 00:00:00'),
(238, 'VILLAGE KHASIABARA', 'MUNSYARI', '262554', '-x-', 'UL', 'India', '2017-04-29 16:13:00', 1, 'CORRESPONDANCE', '2017041119', '2017-18', 'nitin', '0000-00-00 00:00:00'),
(239, 'VILLAGE SURING', 'MUNSYARI', '262554', '-x-', 'UL', 'India', '2017-04-29 16:13:00', 1, 'PERMANENT', '2017041120', '2017-18', 'nitin', '0000-00-00 00:00:00'),
(240, 'VILLAGE SURING', 'MUNSYARI', '262554', '-x-', 'UL', 'India', '2017-04-29 16:13:00', 1, 'CORRESPONDANCE', '2017041120', '2017-18', 'nitin', '0000-00-00 00:00:00'),
(241, 'VILLAGE KHASIABARA', 'MUNSYARI', '262554', '-x-', 'UL', 'India', '2017-04-29 16:13:00', 1, 'PERMANENT', '2017041121', '2017-18', 'nitin', '0000-00-00 00:00:00'),
(242, 'VILLAGE KHASIABARA', 'MUNSYARI', '262554', '-x-', 'UL', 'India', '2017-04-29 16:13:00', 1, 'CORRESPONDANCE', '2017041121', '2017-18', 'nitin', '0000-00-00 00:00:00'),
(243, 'VILLAGE SAMKOTE', 'MUNSYARI', '262554', '-x-', 'UL', 'India', '2017-04-29 16:13:00', 1, 'PERMANENT', '2017041122', '2017-18', 'nitin', '0000-00-00 00:00:00'),
(244, 'VILLAGE SAMKOTE', 'MUNSYARI', '262554', '-x-', 'UL', 'India', '2017-04-29 16:13:00', 1, 'CORRESPONDANCE', '2017041122', '2017-18', 'nitin', '0000-00-00 00:00:00'),
(245, 'PAPDEV PAUN', 'PITHORAGARH', '262554', '-x-', 'UL', 'India', '2017-04-29 16:13:00', 1, 'PERMANENT', '2017041123', '2017-18', 'nitin', '0000-00-00 00:00:00'),
(246, 'PAPDEV PAUN', 'PITHORAGARH', '262554', '-x-', 'UL', 'India', '2017-04-29 16:13:00', 1, 'CORRESPONDANCE', '2017041123', '2017-18', 'nitin', '0000-00-00 00:00:00'),
(247, 'TALLA GHORAPATTA', 'MUNSYARI', '262554', '-x-', 'UL', 'India', '2017-04-29 16:13:00', 1, 'PERMANENT', '2017041124', '2017-18', 'nitin', '0000-00-00 00:00:00'),
(248, 'TALLA GHORAPATTA', 'MUNSYARI', '262554', '-x-', 'UL', 'India', '2017-04-29 16:13:00', 1, 'CORRESPONDANCE', '2017041124', '2017-18', 'nitin', '0000-00-00 00:00:00'),
(249, 'SURING', 'MUNSYARI', '262554', '-x-', 'UL', 'India', '2017-04-29 16:13:00', 1, 'PERMANENT', '2017041125', '2017-18', 'nitin', '0000-00-00 00:00:00'),
(250, 'SURING', 'MUNSYARI', '262554', '-x-', 'UL', 'India', '2017-04-29 16:13:00', 1, 'CORRESPONDANCE', '2017041125', '2017-18', 'nitin', '0000-00-00 00:00:00'),
(251, 'GIRGAON', 'MUNSYARI', '262554', '-x-', 'UL', 'India', '2017-04-29 16:13:00', 1, 'PERMANENT', '2017041126', '2017-18', 'nitin', '0000-00-00 00:00:00'),
(252, 'GIRGAON', 'MUNSYARI', '262554', '-x-', 'UL', 'India', '2017-04-29 16:13:00', 1, 'CORRESPONDANCE', '2017041126', '2017-18', 'nitin', '0000-00-00 00:00:00'),
(253, 'DUMMAR', 'MUNSYARI', '262554', '-x-', 'UL', 'India', '2017-04-29 16:13:00', 1, 'PERMANENT', '2017041127', '2017-18', 'nitin', '0000-00-00 00:00:00'),
(254, 'DUMMAR', 'MUNSYARI', '262554', '-x-', 'UL', 'India', '2017-04-29 16:13:00', 1, 'CORRESPONDANCE', '2017041127', '2017-18', 'nitin', '0000-00-00 00:00:00'),
(255, 'RINGU', 'MUNSYARI', '262554', '-x-', 'UL', 'India', '2017-04-29 16:13:00', 1, 'PERMANENT', '2017041128', '2017-18', 'nitin', '0000-00-00 00:00:00'),
(256, 'RINGU', 'MUNSYARI', '262554', '-x-', 'UL', 'India', '2017-04-29 16:13:00', 1, 'CORRESPONDANCE', '2017041128', '2017-18', 'nitin', '0000-00-00 00:00:00'),
(257, 'DHEELAM', 'MUNSYARI', '262554', '-x-', 'UL', 'India', '2017-04-29 16:13:00', 1, 'PERMANENT', '2017041129', '2017-18', 'nitin', '0000-00-00 00:00:00'),
(258, 'DHEELAM', 'MUNSYARI', '262554', '-x-', 'UL', 'India', '2017-04-29 16:13:00', 1, 'CORRESPONDANCE', '2017041129', '2017-18', 'nitin', '0000-00-00 00:00:00'),
(259, 'SHANKHDHURA', 'MUNSYARI', '262554', '-x-', 'UL', 'India', '2017-04-29 16:13:00', 1, 'PERMANENT', '2017041130', '2017-18', 'nitin', '0000-00-00 00:00:00'),
(260, 'SHANKHDHURA', 'MUNSYARI', '262554', '-x-', 'UL', 'India', '2017-04-29 16:13:00', 1, 'CORRESPONDANCE', '2017041130', '2017-18', 'nitin', '0000-00-00 00:00:00'),
(261, 'RANTHI', 'MUNSYARI', '262554', '-x-', 'UL', 'India', '2017-04-29 16:13:00', 1, 'PERMANENT', '2017041131', '2017-18', 'nitin', '0000-00-00 00:00:00'),
(262, 'RANTHI', 'MUNSYARI', '262554', '-x-', 'UL', 'India', '2017-04-29 16:13:00', 1, 'CORRESPONDANCE', '2017041131', '2017-18', 'nitin', '0000-00-00 00:00:00'),
(263, 'VILLAGE SEVILA', 'MUNSYARI', '262554', '-x-', 'UL', 'India', '2017-04-29 16:13:00', 1, 'PERMANENT', '2017041132', '2017-18', 'nitin', '0000-00-00 00:00:00'),
(264, 'VILLAGE SEVILA', 'MUNSYARI', '262554', '-x-', 'UL', 'India', '2017-04-29 16:13:00', 1, 'CORRESPONDANCE', '2017041132', '2017-18', 'nitin', '0000-00-00 00:00:00'),
(265, 'VILLAGE GIRGAON', 'MUNSYARI', '262554', '-x-', 'UL', 'India', '2017-04-29 16:13:00', 1, 'PERMANENT', '2017041133', '2017-18', 'nitin', '0000-00-00 00:00:00'),
(266, 'VILLAGE GIRGAON', 'MUNSYARI', '262554', '-x-', 'UL', 'India', '2017-04-29 16:13:00', 1, 'CORRESPONDANCE', '2017041133', '2017-18', 'nitin', '0000-00-00 00:00:00'),
(267, 'VILLAGE SAIPOLU', 'MUNSYARI', '262554', '-x-', 'UL', 'India', '2017-04-29 16:13:00', 1, 'PERMANENT', '2017041134', '2017-18', 'nitin', '0000-00-00 00:00:00'),
(268, 'VILLAGE SAIPOLU', 'MUNSYARI', '262554', '-x-', 'UL', 'India', '2017-04-29 16:13:00', 1, 'CORRESPONDANCE', '2017041134', '2017-18', 'nitin', '0000-00-00 00:00:00'),
(269, 'VILLAGE MALLA GHORPATTA', 'MUNSYARI', '262554', '-x-', 'UL', 'India', '2017-04-29 16:13:00', 1, 'PERMANENT', '2017041135', '2017-18', 'nitin', '0000-00-00 00:00:00'),
(270, 'VILLAGE MALLA GHORPATTA', 'MUNSYARI', '262554', '-x-', 'UL', 'India', '2017-04-29 16:13:00', 1, 'CORRESPONDANCE', '2017041135', '2017-18', 'nitin', '0000-00-00 00:00:00'),
(271, 'VILLAGE BUNGA', 'MUNSYARI', '262554', '-x-', 'UL', 'India', '2017-04-29 16:13:00', 1, 'PERMANENT', '2017041136', '2017-18', 'nitin', '0000-00-00 00:00:00'),
(272, 'VILLAGE BUNGA', 'MUNSYARI', '262554', '-x-', 'UL', 'India', '2017-04-29 16:13:00', 1, 'CORRESPONDANCE', '2017041136', '2017-18', 'nitin', '0000-00-00 00:00:00'),
(273, 'VILLAGE RINGU', 'MUNSYARI', '262554', '-x-', 'UL', 'India', '2017-04-29 16:13:00', 1, 'PERMANENT', '2017041137', '2017-18', 'nitin', '0000-00-00 00:00:00'),
(274, 'VILLAGE RINGU', 'MUNSYARI', '262554', '-x-', 'UL', 'India', '2017-04-29 16:13:00', 1, 'CORRESPONDANCE', '2017041137', '2017-18', 'nitin', '0000-00-00 00:00:00'),
(275, 'VILLAGE DHURATOLI', 'MUNSYARI', '262554', '-x-', 'UL', 'India', '2017-04-29 16:13:00', 1, 'PERMANENT', '2017041138', '2017-18', 'nitin', '0000-00-00 00:00:00'),
(276, 'VILLAGE DHURATOLI', 'MUNSYARI', '262554', '-x-', 'UL', 'India', '2017-04-29 16:13:00', 1, 'CORRESPONDANCE', '2017041138', '2017-18', 'nitin', '0000-00-00 00:00:00'),
(277, 'VILLAGE BUIE', 'MUNSYARI', '262554', '-x-', 'UL', 'India', '2017-04-29 16:13:00', 1, 'PERMANENT', '2017041139', '2017-18', 'nitin', '0000-00-00 00:00:00'),
(278, 'VILLAGE BUIE', 'MUNSYARI', '262554', '-x-', 'UL', 'India', '2017-04-29 16:13:00', 1, 'CORRESPONDANCE', '2017041139', '2017-18', 'nitin', '0000-00-00 00:00:00'),
(279, 'VILLAGE HARKOTE ', 'MUNSYARI', '262554', '-x-', 'UL', 'India', '2017-04-29 16:13:00', 1, 'PERMANENT', '2017041140', '2017-18', 'nitin', '0000-00-00 00:00:00'),
(280, 'VILLAGE HARKOTE ', 'MUNSYARI', '262554', '-x-', 'UL', 'India', '2017-04-29 16:13:00', 1, 'CORRESPONDANCE', '2017041140', '2017-18', 'nitin', '0000-00-00 00:00:00'),
(281, 'VILLAGE KULTHAM', 'MUNSYARI', '262554', '-x-', 'UL', 'India', '2017-04-29 16:13:00', 1, 'PERMANENT', '2017041141', '2017-18', 'nitin', '0000-00-00 00:00:00'),
(282, 'VILLAGE KULTHAM', 'MUNSYARI', '262554', '-x-', 'UL', 'India', '2017-04-29 16:13:00', 1, 'CORRESPONDANCE', '2017041141', '2017-18', 'nitin', '0000-00-00 00:00:00'),
(283, 'VILLAGE BONA', 'MUNSYARI', '262554', '-x-', 'UL', 'India', '2017-04-29 16:13:00', 1, 'PERMANENT', '2017041142', '2017-18', 'nitin', '0000-00-00 00:00:00'),
(284, 'VILLAGE BONA', 'MUNSYARI', '262554', '-x-', 'UL', 'India', '2017-04-29 16:13:00', 1, 'CORRESPONDANCE', '2017041142', '2017-18', 'nitin', '0000-00-00 00:00:00'),
(285, 'VILLAGE SHAMBHUGHAT', 'MUNSYARI', '262554', '-x-', 'UL', 'India', '2017-04-29 16:13:00', 1, 'PERMANENT', '2017041143', '2017-18', 'nitin', '0000-00-00 00:00:00'),
(286, 'VILLAGE SHAMBHUGHAT', 'MUNSYARI', '262554', '-x-', 'UL', 'India', '2017-04-29 16:13:00', 1, 'CORRESPONDANCE', '2017041143', '2017-18', 'nitin', '0000-00-00 00:00:00'),
(287, 'VILLAGE BUNGA', 'MUNSYARI', '262554', '-x-', 'UL', 'India', '2017-04-29 16:13:00', 1, 'PERMANENT', '2017041144', '2017-18', 'nitin', '0000-00-00 00:00:00'),
(288, 'VILLAGE BUNGA', 'MUNSYARI', '262554', '-x-', 'UL', 'India', '2017-04-29 16:13:00', 1, 'CORRESPONDANCE', '2017041144', '2017-18', 'nitin', '0000-00-00 00:00:00'),
(289, 'VILLAGE SURING', 'MUNSYARI', '262554', '-x-', 'UL', 'India', '2017-04-29 16:13:00', 1, 'PERMANENT', '2017041145', '2017-18', 'nitin', '0000-00-00 00:00:00'),
(290, 'VILLAGE SURING', 'MUNSYARI', '262554', '-x-', 'UL', 'India', '2017-04-29 16:13:00', 1, 'CORRESPONDANCE', '2017041145', '2017-18', 'nitin', '0000-00-00 00:00:00'),
(291, 'VILLAGE BASANTKOTE', 'MUNSYARI', '262554', '-x-', 'UL', 'India', '2017-04-29 16:13:00', 1, 'PERMANENT', '2017041146', '2017-18', 'nitin', '0000-00-00 00:00:00'),
(292, 'VILLAGE BASANTKOTE', 'MUNSYARI', '262554', '-x-', 'UL', 'India', '2017-04-29 16:13:00', 1, 'CORRESPONDANCE', '2017041146', '2017-18', 'nitin', '0000-00-00 00:00:00'),
(293, 'VILLAGE KHASIABARA', 'MUNSYARI', '262554', '-x-', 'UL', 'India', '2017-04-29 16:13:00', 1, 'PERMANENT', '2017041147', '2017-18', 'nitin', '0000-00-00 00:00:00'),
(294, 'VILLAGE KHASIABARA', 'MUNSYARI', '262554', '-x-', 'UL', 'India', '2017-04-29 16:13:00', 1, 'CORRESPONDANCE', '2017041147', '2017-18', 'nitin', '0000-00-00 00:00:00'),
(295, 'VILLAGE IMLA', 'MUNSYARI', '262554', '-x-', 'UL', 'India', '2017-04-29 16:13:00', 1, 'PERMANENT', '2017041148', '2017-18', 'nitin', '0000-00-00 00:00:00'),
(296, 'VILLAGE IMLA', 'MUNSYARI', '262554', '-x-', 'UL', 'India', '2017-04-29 16:13:00', 1, 'CORRESPONDANCE', '2017041148', '2017-18', 'nitin', '0000-00-00 00:00:00'),
(297, 'VILLAGE BARNIYAGAON', 'MUNSYARI', '262554', '-x-', 'UL', 'India', '2017-04-29 16:13:00', 1, 'PERMANENT', '2017041149', '2017-18', 'nitin', '0000-00-00 00:00:00'),
(298, 'VILLAGE BARNIYAGAON', 'MUNSYARI', '262554', '-x-', 'UL', 'India', '2017-04-29 16:13:00', 1, 'CORRESPONDANCE', '2017041149', '2017-18', 'nitin', '0000-00-00 00:00:00'),
(299, 'VILLAGE SAIPOLU', 'MUNSYARI', '262554', '-x-', 'UL', 'India', '2017-04-29 16:13:00', 1, 'PERMANENT', '2017041150', '2017-18', 'nitin', '0000-00-00 00:00:00');
INSERT INTO `master_9_stud_address` (`ADDRID`, `STREET_1`, `CITY_`, `PIN_`, `DISTT_`, `STATE_`, `COUNTRY_`, `DOC_`, `STATUS`, `ADDRESS_STATUS`, `regid`, `SESSID`, `USERNAME_`, `DATE_`) VALUES
(300, 'VILLAGE SAIPOLU', 'MUNSYARI', '262554', '-x-', 'UL', 'India', '2017-04-29 16:13:00', 1, 'CORRESPONDANCE', '2017041150', '2017-18', 'nitin', '0000-00-00 00:00:00'),
(301, 'VILLAGE CHETICHIMLA', 'MUNSYARI', '262554', '-x-', 'UL', 'India', '2017-04-29 16:13:00', 1, 'PERMANENT', '2017041151', '2017-18', 'nitin', '0000-00-00 00:00:00'),
(302, 'VILLAGE CHETICHIMLA', 'MUNSYARI', '262554', '-x-', 'UL', 'India', '2017-04-29 16:13:00', 1, 'CORRESPONDANCE', '2017041151', '2017-18', 'nitin', '0000-00-00 00:00:00'),
(303, 'VILLAGE TALLA DUMMAR', 'MUNSYARI', '262554', '-x-', 'UL', 'India', '2017-04-29 16:13:00', 1, 'PERMANENT', '2017041152', '2017-18', 'nitin', '0000-00-00 00:00:00'),
(304, 'VILLAGE TALLA DUMMAR', 'MUNSYARI', '262554', '-x-', 'UL', 'India', '2017-04-29 16:13:00', 1, 'CORRESPONDANCE', '2017041152', '2017-18', 'nitin', '0000-00-00 00:00:00'),
(305, 'VILLAGE SAIPOLU', 'MUNSYARI', '262554', '-x-', 'UL', 'India', '2017-04-29 16:13:00', 1, 'PERMANENT', '2017041153', '2017-18', 'nitin', '0000-00-00 00:00:00'),
(306, 'VILLAGE SAIPOLU', 'MUNSYARI', '262554', '-x-', 'UL', 'India', '2017-04-29 16:13:00', 1, 'CORRESPONDANCE', '2017041153', '2017-18', 'nitin', '0000-00-00 00:00:00'),
(307, 'VILLAGE BERINAG', 'BERINAG', '262554', '-x-', 'UL', 'India', '2017-04-29 16:13:00', 1, 'PERMANENT', '2017041154', '2017-18', 'nitin', '0000-00-00 00:00:00'),
(308, 'VILLAGE BERINAG', 'BERINAG', '262554', '-x-', 'UL', 'India', '2017-04-29 16:13:00', 1, 'CORRESPONDANCE', '2017041154', '2017-18', 'nitin', '0000-00-00 00:00:00'),
(309, 'VILLAGE SAIPOLU', 'MUNSYARI', '262554', '-x-', 'UL', 'India', '2017-04-29 16:13:00', 1, 'PERMANENT', '2017041155', '2017-18', 'nitin', '0000-00-00 00:00:00'),
(310, 'VILLAGE SAIPOLU', 'MUNSYARI', '262554', '-x-', 'UL', 'India', '2017-04-29 16:13:00', 1, 'CORRESPONDANCE', '2017041155', '2017-18', 'nitin', '0000-00-00 00:00:00'),
(311, 'VILLAGE TOMIK', 'MUNSYARI', '262554', '-x-', 'UL', 'India', '2017-04-29 16:13:00', 1, 'PERMANENT', '2017041156', '2017-18', 'nitin', '0000-00-00 00:00:00'),
(312, 'VILLAGE TOMIK', 'MUNSYARI', '262554', '-x-', 'UL', 'India', '2017-04-29 16:13:00', 1, 'CORRESPONDANCE', '2017041156', '2017-18', 'nitin', '0000-00-00 00:00:00'),
(313, 'VILLAGE PAINKUTI', 'MUNSYARI', '262501', '-x-', 'UL', 'India', '2017-04-29 16:13:00', 1, 'PERMANENT', '2017041157', '2017-18', 'nitin', '0000-00-00 00:00:00'),
(314, 'VILLAGE PAINKUTI', 'MUNSYARI', '262501', '-x-', 'UL', 'India', '2017-04-29 16:13:00', 1, 'CORRESPONDANCE', '2017041157', '2017-18', 'nitin', '0000-00-00 00:00:00'),
(315, 'VILLAGE SARMOLI', 'MUNSYARI', '262554', '-x-', 'UL', 'India', '2017-04-29 16:13:00', 1, 'PERMANENT', '2017041158', '2017-18', 'nitin', '0000-00-00 00:00:00'),
(316, 'VILLAGE SARMOLI', 'MUNSYARI', '262554', '-x-', 'UL', 'India', '2017-04-29 16:13:00', 1, 'CORRESPONDANCE', '2017041158', '2017-18', 'nitin', '0000-00-00 00:00:00'),
(317, 'VILLAGE MATENA', 'MUNSYARI', '262554', '-x-', 'UL', 'India', '2017-04-29 16:13:00', 1, 'PERMANENT', '2017041159', '2017-18', 'nitin', '0000-00-00 00:00:00'),
(318, 'VILLAGE MATENA', 'MUNSYARI', '262554', '-x-', 'UL', 'India', '2017-04-29 16:13:00', 1, 'CORRESPONDANCE', '2017041159', '2017-18', 'nitin', '0000-00-00 00:00:00'),
(319, 'VILLAGE KHASIABARA', 'MUNSYARI', '262554', '-x-', 'UL', 'India', '2017-04-29 16:13:00', 1, 'PERMANENT', '2017041160', '2017-18', 'nitin', '0000-00-00 00:00:00'),
(320, 'VILLAGE KHASIABARA', 'MUNSYARI', '262554', '-x-', 'UL', 'India', '2017-04-29 16:13:00', 1, 'CORRESPONDANCE', '2017041160', '2017-18', 'nitin', '0000-00-00 00:00:00'),
(321, 'VILLAGE SURING', 'MUNSYARI', '262554', '-x-', 'UL', 'India', '2017-04-29 16:13:00', 1, 'PERMANENT', '2017041161', '2017-18', 'nitin', '0000-00-00 00:00:00'),
(322, 'VILLAGE SURING', 'MUNSYARI', '262554', '-x-', 'UL', 'India', '2017-04-29 16:13:00', 1, 'CORRESPONDANCE', '2017041161', '2017-18', 'nitin', '0000-00-00 00:00:00'),
(323, 'VILLAGE KHASIABARA', 'MUNSYARI', '262554', '-x-', 'UL', 'India', '2017-04-29 16:13:00', 1, 'PERMANENT', '2017041162', '2017-18', 'nitin', '0000-00-00 00:00:00'),
(324, 'VILLAGE KHASIABARA', 'MUNSYARI', '262554', '-x-', 'UL', 'India', '2017-04-29 16:13:00', 1, 'CORRESPONDANCE', '2017041162', '2017-18', 'nitin', '0000-00-00 00:00:00'),
(325, 'VILLAGE SAMKOTE', 'MUNSYARI', '262554', '-x-', 'UL', 'India', '2017-04-29 16:13:00', 1, 'PERMANENT', '2017041163', '2017-18', 'nitin', '0000-00-00 00:00:00'),
(326, 'VILLAGE SAMKOTE', 'MUNSYARI', '262554', '-x-', 'UL', 'India', '2017-04-29 16:13:00', 1, 'CORRESPONDANCE', '2017041163', '2017-18', 'nitin', '0000-00-00 00:00:00'),
(327, 'VILLAGE LEELAM', 'MUNSYARI', '262554', '-x-', 'UL', 'India', '2017-04-29 16:13:00', 1, 'PERMANENT', '2017041164', '2017-18', 'nitin', '0000-00-00 00:00:00'),
(328, 'VILLAGE LEELAM', 'MUNSYARI', '262554', '-x-', 'UL', 'India', '2017-04-29 16:13:00', 1, 'CORRESPONDANCE', '2017041164', '2017-18', 'nitin', '0000-00-00 00:00:00'),
(329, 'VILLAGE BUNGA', 'MUNSYARI', '262554', '-x-', 'UL', 'India', '2017-04-29 16:13:00', 1, 'PERMANENT', '2017041165', '2017-18', 'nitin', '0000-00-00 00:00:00'),
(330, 'VILLAGE BUNGA', 'MUNSYARI', '262554', '-x-', 'UL', 'India', '2017-04-29 16:13:00', 1, 'CORRESPONDANCE', '2017041165', '2017-18', 'nitin', '0000-00-00 00:00:00'),
(331, 'VILLAGE DHEELAM', 'MUNSYARI', '262554', '-x-', 'UL', 'India', '2017-04-29 16:13:00', 1, 'PERMANENT', '2017041166', '2017-18', 'nitin', '0000-00-00 00:00:00'),
(332, 'VILLAGE DHEELAM', 'MUNSYARI', '262554', '-x-', 'UL', 'India', '2017-04-29 16:13:00', 1, 'CORRESPONDANCE', '2017041166', '2017-18', 'nitin', '0000-00-00 00:00:00'),
(333, 'VILLAGE TANGA', 'MUNSYARI', '262554', '-x-', 'UL', 'India', '2017-04-29 16:13:00', 1, 'PERMANENT', '2017041167', '2017-18', 'nitin', '0000-00-00 00:00:00'),
(334, 'VILLAGE TANGA', 'MUNSYARI', '262554', '-x-', 'UL', 'India', '2017-04-29 16:13:00', 1, 'CORRESPONDANCE', '2017041167', '2017-18', 'nitin', '0000-00-00 00:00:00'),
(335, 'VILLAGE TALLA GHORPATTA', 'MUNSYARI', '262554', '-x-', 'UL', 'India', '2017-04-29 16:13:00', 1, 'PERMANENT', '2017041168', '2017-18', 'nitin', '0000-00-00 00:00:00'),
(336, 'VILLAGE TALLA GHORPATTA', 'MUNSYARI', '262554', '-x-', 'UL', 'India', '2017-04-29 16:13:00', 1, 'CORRESPONDANCE', '2017041168', '2017-18', 'nitin', '0000-00-00 00:00:00'),
(337, 'VILLAGE NANASEM', 'MUNSYARI', '262554', '-x-', 'UL', 'India', '2017-04-29 16:13:00', 1, 'PERMANENT', '2017041169', '2017-18', 'nitin', '0000-00-00 00:00:00'),
(338, 'VILLAGE NANASEM', 'MUNSYARI', '262554', '-x-', 'UL', 'India', '2017-04-29 16:13:00', 1, 'CORRESPONDANCE', '2017041169', '2017-18', 'nitin', '0000-00-00 00:00:00'),
(339, 'VILLAGE NANASEM', 'MUNSYARI', '262554', '-x-', 'UL', 'India', '2017-04-29 16:13:00', 1, 'PERMANENT', '2017041170', '2017-18', 'nitin', '0000-00-00 00:00:00'),
(340, 'VILLAGE NANASEM', 'MUNSYARI', '262554', '-x-', 'UL', 'India', '2017-04-29 16:13:00', 1, 'CORRESPONDANCE', '2017041170', '2017-18', 'nitin', '0000-00-00 00:00:00'),
(341, 'VILLAGE BONA', 'MUNSYARI', '262554', '-x-', 'UL', 'India', '2017-04-29 16:13:00', 1, 'PERMANENT', '2017041171', '2017-18', 'nitin', '0000-00-00 00:00:00'),
(342, 'VILLAGE BONA', 'MUNSYARI', '262554', '-x-', 'UL', 'India', '2017-04-29 16:13:00', 1, 'CORRESPONDANCE', '2017041171', '2017-18', 'nitin', '0000-00-00 00:00:00'),
(343, 'VILLAGE SEVILA', 'MUNSYARI', '262554', '-x-', 'UL', 'India', '2017-04-29 16:13:00', 1, 'PERMANENT', '2017041172', '2017-18', 'nitin', '0000-00-00 00:00:00'),
(344, 'VILLAGE SEVILA', 'MUNSYARI', '262554', '-x-', 'UL', 'India', '2017-04-29 16:13:00', 1, 'CORRESPONDANCE', '2017041172', '2017-18', 'nitin', '0000-00-00 00:00:00'),
(345, 'VILLAGE SERA', 'MUNSYARI', '262554', '-x-', 'UL', 'India', '2017-04-29 16:13:00', 1, 'PERMANENT', '2017041173', '2017-18', 'nitin', '0000-00-00 00:00:00'),
(346, 'VILLAGE SERA', 'MUNSYARI', '262554', '-x-', 'UL', 'India', '2017-04-29 16:13:00', 1, 'CORRESPONDANCE', '2017041173', '2017-18', 'nitin', '0000-00-00 00:00:00'),
(347, 'VILLAGE SEVILA', 'MUNSYARI', '262554', '-x-', 'UL', 'India', '2017-04-29 16:13:00', 1, 'PERMANENT', '2017041174', '2017-18', 'nitin', '0000-00-00 00:00:00'),
(348, 'VILLAGE SEVILA', 'MUNSYARI', '262554', '-x-', 'UL', 'India', '2017-04-29 16:13:00', 1, 'CORRESPONDANCE', '2017041174', '2017-18', 'nitin', '0000-00-00 00:00:00'),
(349, 'VILLAGE TALLA GHORPATTA', 'MUNSYARI', '262554', '-x-', 'UL', 'India', '2017-04-29 16:13:00', 1, 'PERMANENT', '2017041175', '2017-18', 'nitin', '0000-00-00 00:00:00'),
(350, 'VILLAGE TALLA GHORPATTA', 'MUNSYARI', '262554', '-x-', 'UL', 'India', '2017-04-29 16:13:00', 1, 'CORRESPONDANCE', '2017041175', '2017-18', 'nitin', '0000-00-00 00:00:00'),
(351, 'VILLAGE NAMIK', 'MUNSYARI', '262554', '-x-', 'UL', 'India', '2017-04-29 16:13:00', 1, 'PERMANENT', '2017041176', '2017-18', 'nitin', '0000-00-00 00:00:00'),
(352, 'VILLAGE NAMIK', 'MUNSYARI', '262554', '-x-', 'UL', 'India', '2017-04-29 16:13:00', 1, 'CORRESPONDANCE', '2017041176', '2017-18', 'nitin', '0000-00-00 00:00:00'),
(353, 'VILLAGE FALYATI', 'MUNSYARI', '262554', '-x-', 'UL', 'India', '2017-04-29 16:13:00', 1, 'PERMANENT', '2017041177', '2017-18', 'nitin', '0000-00-00 00:00:00'),
(354, 'VILLAGE FALYATI', 'MUNSYARI', '262554', '-x-', 'UL', 'India', '2017-04-29 16:13:00', 1, 'CORRESPONDANCE', '2017041177', '2017-18', 'nitin', '0000-00-00 00:00:00'),
(355, 'VILLAGE GINI', 'MUNSYARI', '262554', '-x-', 'UL', 'India', '2017-04-29 16:13:00', 1, 'PERMANENT', '2017041178', '2017-18', 'nitin', '0000-00-00 00:00:00'),
(356, 'VILLAGE GINI', 'MUNSYARI', '262554', '-x-', 'UL', 'India', '2017-04-29 16:13:00', 1, 'CORRESPONDANCE', '2017041178', '2017-18', 'nitin', '0000-00-00 00:00:00'),
(357, 'VILLAGE GOLFA', 'MUNSYARI', '262554', '-x-', 'UL', 'India', '2017-04-29 16:13:00', 1, 'PERMANENT', '2017041179', '2017-18', 'nitin', '0000-00-00 00:00:00'),
(358, 'VILLAGE GOLFA', 'MUNSYARI', '262554', '-x-', 'UL', 'India', '2017-04-29 16:13:00', 1, 'CORRESPONDANCE', '2017041179', '2017-18', 'nitin', '0000-00-00 00:00:00'),
(359, 'VILLAGE PATO', 'MUNSYARI', '262554', '-x-', 'UL', 'India', '2017-04-29 16:13:00', 1, 'PERMANENT', '2017041180', '2017-18', 'nitin', '0000-00-00 00:00:00'),
(360, 'VILLAGE PATO', 'MUNSYARI', '262554', '-x-', 'UL', 'India', '2017-04-29 16:13:00', 1, 'CORRESPONDANCE', '2017041180', '2017-18', 'nitin', '0000-00-00 00:00:00'),
(361, 'VILLAGE CHETI', 'MUNSYARI', '262554', '-x-', 'UL', 'India', '2017-04-29 16:13:00', 1, 'PERMANENT', '2017041181', '2017-18', 'nitin', '0000-00-00 00:00:00'),
(362, 'VILLAGE CHETI', 'MUNSYARI', '262554', '-x-', 'UL', 'India', '2017-04-29 16:13:00', 1, 'CORRESPONDANCE', '2017041181', '2017-18', 'nitin', '0000-00-00 00:00:00'),
(363, 'VILLAGE SAIPOLU', 'MUNSYARI', '262554', '-x-', 'UL', 'India', '2017-04-29 16:13:00', 1, 'PERMANENT', '2017041182', '2017-18', 'nitin', '0000-00-00 00:00:00'),
(364, 'VILLAGE SAIPOLU', 'MUNSYARI', '262554', '-x-', 'UL', 'India', '2017-04-29 16:13:00', 1, 'CORRESPONDANCE', '2017041182', '2017-18', 'nitin', '0000-00-00 00:00:00'),
(365, 'VILLAGE DHAMIKURA', 'MUNSYARI', '262554', '-x-', 'UL', 'India', '2017-04-29 16:13:00', 1, 'PERMANENT', '2017041183', '2017-18', 'nitin', '0000-00-00 00:00:00'),
(366, 'VILLAGE DHAMIKURA', 'MUNSYARI', '262554', '-x-', 'UL', 'India', '2017-04-29 16:13:00', 1, 'CORRESPONDANCE', '2017041183', '2017-18', 'nitin', '0000-00-00 00:00:00'),
(367, 'VILLAGE PATO', 'MUNSYARI', '262554', '-x-', 'UL', 'India', '2017-04-29 16:13:00', 1, 'PERMANENT', '2017041184', '2017-18', 'nitin', '0000-00-00 00:00:00'),
(368, 'VILLAGE PATO', 'MUNSYARI', '262554', '-x-', 'UL', 'India', '2017-04-29 16:13:00', 1, 'CORRESPONDANCE', '2017041184', '2017-18', 'nitin', '0000-00-00 00:00:00'),
(369, 'VILLAGE BADANI', 'MUNSYARI', '262554', '-x-', 'UL', 'India', '2017-04-29 16:13:00', 1, 'PERMANENT', '2017041185', '2017-18', 'nitin', '0000-00-00 00:00:00'),
(370, 'VILLAGE BADANI', 'MUNSYARI', '262554', '-x-', 'UL', 'India', '2017-04-29 16:13:00', 1, 'CORRESPONDANCE', '2017041185', '2017-18', 'nitin', '0000-00-00 00:00:00'),
(371, 'VILLAGE NANASEM', 'MUNSYARI', '262554', '-x-', 'UL', 'India', '2017-04-29 16:13:00', 1, 'PERMANENT', '2017041186', '2017-18', 'nitin', '0000-00-00 00:00:00'),
(372, 'VILLAGE NANASEM', 'MUNSYARI', '262554', '-x-', 'UL', 'India', '2017-04-29 16:13:00', 1, 'CORRESPONDANCE', '2017041186', '2017-18', 'nitin', '0000-00-00 00:00:00'),
(373, 'VILLAGE BUNGA', 'MUNSYARI', '262554', '-x-', 'UL', 'India', '2017-04-29 16:13:00', 1, 'PERMANENT', '2017041187', '2017-18', 'nitin', '0000-00-00 00:00:00'),
(374, 'VILLAGE BUNGA', 'MUNSYARI', '262554', '-x-', 'UL', 'India', '2017-04-29 16:13:00', 1, 'CORRESPONDANCE', '2017041187', '2017-18', 'nitin', '0000-00-00 00:00:00'),
(375, 'VILLAGE SELA', 'MUNSYARI', '262554', '-x-', 'UL', 'India', '2017-04-29 16:13:00', 1, 'PERMANENT', '2017041188', '2017-18', 'nitin', '0000-00-00 00:00:00'),
(376, 'VILLAGE SELA', 'MUNSYARI', '262554', '-x-', 'UL', 'India', '2017-04-29 16:13:00', 1, 'CORRESPONDANCE', '2017041188', '2017-18', 'nitin', '0000-00-00 00:00:00'),
(377, 'VILLAGE KOTA', 'MUNSYARI', '262554', '-x-', 'UL', 'India', '2017-04-29 16:13:00', 1, 'PERMANENT', '2017041189', '2017-18', 'nitin', '0000-00-00 00:00:00'),
(378, 'VILLAGE KOTA', 'MUNSYARI', '262554', '-x-', 'UL', 'India', '2017-04-29 16:13:00', 1, 'CORRESPONDANCE', '2017041189', '2017-18', 'nitin', '0000-00-00 00:00:00'),
(379, 'VILLAGE CHAKDAH', 'U.P.', '262554', '-x-', 'UL', 'India', '2017-04-29 16:13:00', 1, 'PERMANENT', '2017041190', '2017-18', 'nitin', '0000-00-00 00:00:00'),
(380, 'VILLAGE CHAKDAH', 'U.P.', '262554', '-x-', 'UL', 'India', '2017-04-29 16:13:00', 1, 'CORRESPONDANCE', '2017041190', '2017-18', 'nitin', '0000-00-00 00:00:00'),
(381, 'VILLAGE MATENA', 'MUNSYARI', '262554', '-x-', 'UL', 'India', '2017-04-29 16:13:00', 1, 'PERMANENT', '2017041191', '2017-18', 'nitin', '0000-00-00 00:00:00'),
(382, 'VILLAGE MATENA', 'MUNSYARI', '262554', '-x-', 'UL', 'India', '2017-04-29 16:13:00', 1, 'CORRESPONDANCE', '2017041191', '2017-18', 'nitin', '0000-00-00 00:00:00'),
(383, 'VILLAGE JAINTI', 'MUNSYARI', '262554', '-x-', 'UL', 'India', '2017-04-29 16:13:00', 1, 'PERMANENT', '2017041192', '2017-18', 'nitin', '0000-00-00 00:00:00'),
(384, 'VILLAGE JAINTI', 'MUNSYARI', '262554', '-x-', 'UL', 'India', '2017-04-29 16:13:00', 1, 'CORRESPONDANCE', '2017041192', '2017-18', 'nitin', '0000-00-00 00:00:00'),
(385, 'VILLAGE NANASEM', 'MUNSYARI', '262554', '-x-', 'UL', 'India', '2017-04-29 16:13:00', 1, 'PERMANENT', '2017041193', '2017-18', 'nitin', '0000-00-00 00:00:00'),
(386, 'VILLAGE NANASEM', 'MUNSYARI', '262554', '-x-', 'UL', 'India', '2017-04-29 16:13:00', 1, 'CORRESPONDANCE', '2017041193', '2017-18', 'nitin', '0000-00-00 00:00:00'),
(387, 'VILLAGE PAPARI', 'MUNSYARI', '262554', '-x-', 'UL', 'India', '2017-04-29 16:13:00', 1, 'PERMANENT', '2017041194', '2017-18', 'nitin', '0000-00-00 00:00:00'),
(388, 'VILLAGE PAPARI', 'MUNSYARI', '262554', '-x-', 'UL', 'India', '2017-04-29 16:13:00', 1, 'CORRESPONDANCE', '2017041194', '2017-18', 'nitin', '0000-00-00 00:00:00'),
(389, 'VILLAGE BUNGA', 'MUNSYARI', '262554', '-x-', 'UL', 'India', '2017-04-29 16:13:00', 1, 'PERMANENT', '2017041195', '2017-18', 'nitin', '0000-00-00 00:00:00'),
(390, 'VILLAGE BUNGA', 'MUNSYARI', '262554', '-x-', 'UL', 'India', '2017-04-29 16:13:00', 1, 'CORRESPONDANCE', '2017041195', '2017-18', 'nitin', '0000-00-00 00:00:00'),
(391, 'VILLAGE BALOTA', 'MUNSYARI', '262554', '-x-', 'UL', 'India', '2017-04-29 16:13:00', 1, 'PERMANENT', '2017041196', '2017-18', 'nitin', '0000-00-00 00:00:00'),
(392, 'VILLAGE BALOTA', 'MUNSYARI', '262554', '-x-', 'UL', 'India', '2017-04-29 16:13:00', 1, 'CORRESPONDANCE', '2017041196', '2017-18', 'nitin', '0000-00-00 00:00:00'),
(393, 'VILLAGE BUNGA', 'MUNSYARI', '262554', '-x-', 'UL', 'India', '2017-04-29 16:13:00', 1, 'PERMANENT', '2017041197', '2017-18', 'nitin', '0000-00-00 00:00:00'),
(394, 'VILLAGE BUNGA', 'MUNSYARI', '262554', '-x-', 'UL', 'India', '2017-04-29 16:13:00', 1, 'CORRESPONDANCE', '2017041197', '2017-18', 'nitin', '0000-00-00 00:00:00'),
(395, 'VILLAGE DHAMIKURA', 'MUNSYARI', '262554', '-x-', 'UL', 'India', '2017-04-29 16:13:00', 1, 'PERMANENT', '2017041198', '2017-18', 'nitin', '0000-00-00 00:00:00'),
(396, 'VILLAGE DHAMIKURA', 'MUNSYARI', '262554', '-x-', 'UL', 'India', '2017-04-29 16:13:00', 1, 'CORRESPONDANCE', '2017041198', '2017-18', 'nitin', '0000-00-00 00:00:00'),
(397, 'VILLAGE SAIPOLU', 'MUNSYARI', '262554', '-x-', 'UL', 'India', '2017-04-29 16:13:00', 1, 'PERMANENT', '2017041199', '2017-18', 'nitin', '0000-00-00 00:00:00'),
(398, 'VILLAGE SAIPOLU', 'MUNSYARI', '262554', '-x-', 'UL', 'India', '2017-04-29 16:13:00', 1, 'CORRESPONDANCE', '2017041199', '2017-18', 'nitin', '0000-00-00 00:00:00'),
(399, 'VILLAGE SENAR', 'MUNSYARI', '262554', '-x-', 'UL', 'India', '2017-04-29 16:13:00', 1, 'PERMANENT', '2017041200', '2017-18', 'nitin', '0000-00-00 00:00:00'),
(400, 'VILLAGE SENAR', 'MUNSYARI', '262554', '-x-', 'UL', 'India', '2017-04-29 16:13:00', 1, 'CORRESPONDANCE', '2017041200', '2017-18', 'nitin', '0000-00-00 00:00:00'),
(401, 'VILLAGE SHISKHAN', 'BAGESWAR', '262554', '-x-', 'UL', 'India', '2017-04-29 16:13:00', 1, 'PERMANENT', '2017041201', '2017-18', 'nitin', '0000-00-00 00:00:00'),
(402, 'VILLAGE SHISKHAN', 'BAGESWAR', '262554', '-x-', 'UL', 'India', '2017-04-29 16:13:00', 1, 'CORRESPONDANCE', '2017041201', '2017-18', 'nitin', '0000-00-00 00:00:00'),
(403, 'VILLAGE SAIPOLU', 'MUNSYARI', '262554', '-x-', 'UL', 'India', '2017-04-29 16:13:00', 1, 'PERMANENT', '2017041202', '2017-18', 'nitin', '0000-00-00 00:00:00'),
(404, 'VILLAGE SAIPOLU', 'MUNSYARI', '262554', '-x-', 'UL', 'India', '2017-04-29 16:13:00', 1, 'CORRESPONDANCE', '2017041202', '2017-18', 'nitin', '0000-00-00 00:00:00'),
(405, 'VILLAGE NANASEM', 'MUNSYARI', '262554', '-x-', 'UL', 'India', '2017-04-29 16:13:00', 1, 'PERMANENT', '2017041203', '2017-18', 'nitin', '0000-00-00 00:00:00'),
(406, 'VILLAGE NANASEM', 'MUNSYARI', '262554', '-x-', 'UL', 'India', '2017-04-29 16:13:00', 1, 'CORRESPONDANCE', '2017041203', '2017-18', 'nitin', '0000-00-00 00:00:00'),
(407, 'VILLAGE PAINKUTI', 'MUNSYARI', '262554', '-x-', 'UL', 'India', '2017-04-29 16:13:00', 1, 'PERMANENT', '2017041204', '2017-18', 'nitin', '0000-00-00 00:00:00'),
(408, 'VILLAGE PAINKUTI', 'MUNSYARI', '262554', '-x-', 'UL', 'India', '2017-04-29 16:13:00', 1, 'CORRESPONDANCE', '2017041204', '2017-18', 'nitin', '0000-00-00 00:00:00'),
(409, 'VILLAGE DHURATOLI', 'MUNSYARI', '262554', '-x-', 'UL', 'India', '2017-04-29 16:13:00', 1, 'PERMANENT', '2017041205', '2017-18', 'nitin', '0000-00-00 00:00:00'),
(410, 'VILLAGE DHURATOLI', 'MUNSYARI', '262554', '-x-', 'UL', 'India', '2017-04-29 16:13:00', 1, 'CORRESPONDANCE', '2017041205', '2017-18', 'nitin', '0000-00-00 00:00:00'),
(411, 'VILLAGE BUNGA', 'MUNSYARI', '262554', '-x-', 'UL', 'India', '2017-04-29 16:13:00', 1, 'PERMANENT', '2017041206', '2017-18', 'nitin', '0000-00-00 00:00:00'),
(412, 'VILLAGE BUNGA', 'MUNSYARI', '262554', '-x-', 'UL', 'India', '2017-04-29 16:13:00', 1, 'CORRESPONDANCE', '2017041206', '2017-18', 'nitin', '0000-00-00 00:00:00'),
(413, 'VILLAGE NANASEM', 'MUNSYARI', '262554', '-x-', 'UL', 'India', '2017-04-29 16:13:00', 1, 'PERMANENT', '2017041207', '2017-18', 'nitin', '0000-00-00 00:00:00'),
(414, 'VILLAGE NANASEM', 'MUNSYARI', '262554', '-x-', 'UL', 'India', '2017-04-29 16:13:00', 1, 'CORRESPONDANCE', '2017041207', '2017-18', 'nitin', '0000-00-00 00:00:00'),
(415, 'VILLAGE SARMOLI ', 'MUNSYARI', '262554', '-x-', 'UL', 'India', '2017-04-29 16:13:00', 1, 'PERMANENT', '2017041208', '2017-18', 'nitin', '0000-00-00 00:00:00'),
(416, 'VILLAGE SARMOLI ', 'MUNSYARI', '262554', '-x-', 'UL', 'India', '2017-04-29 16:13:00', 1, 'CORRESPONDANCE', '2017041208', '2017-18', 'nitin', '0000-00-00 00:00:00'),
(417, 'VILLAGE SERAGHAT', 'MUNSYARI', '262554', '-x-', 'UL', 'India', '2017-04-29 16:13:00', 1, 'PERMANENT', '2017041209', '2017-18', 'nitin', '0000-00-00 00:00:00'),
(418, 'VILLAGE SERAGHAT', 'MUNSYARI', '262554', '-x-', 'UL', 'India', '2017-04-29 16:13:00', 1, 'CORRESPONDANCE', '2017041209', '2017-18', 'nitin', '0000-00-00 00:00:00'),
(419, 'VILLAGE CHAUNA', 'MUNSYARI', '262554', '-x-', 'UL', 'India', '2017-04-29 16:13:00', 1, 'PERMANENT', '2017041210', '2017-18', 'nitin', '0000-00-00 00:00:00'),
(420, 'VILLAGE CHAUNA', 'MUNSYARI', '262554', '-x-', 'UL', 'India', '2017-04-29 16:13:00', 1, 'CORRESPONDANCE', '2017041210', '2017-18', 'nitin', '0000-00-00 00:00:00'),
(421, 'VILLAGE MALON', 'MUNSYARI', '262555', '-x-', 'UL', 'India', '2017-04-29 16:13:00', 1, 'PERMANENT', '2017041211', '2017-18', 'nitin', '0000-00-00 00:00:00'),
(422, 'VILLAGE MALON', 'MUNSYARI', '262555', '-x-', 'UL', 'India', '2017-04-29 16:13:00', 1, 'CORRESPONDANCE', '2017041211', '2017-18', 'nitin', '0000-00-00 00:00:00'),
(423, 'VILLAGE SURING', 'MUNSYARI', '262554', '-x-', 'UL', 'India', '2017-04-29 16:13:00', 1, 'PERMANENT', '2017041212', '2017-18', 'nitin', '0000-00-00 00:00:00'),
(424, 'VILLAGE SURING', 'MUNSYARI', '262554', '-x-', 'UL', 'India', '2017-04-29 16:13:00', 1, 'CORRESPONDANCE', '2017041212', '2017-18', 'nitin', '0000-00-00 00:00:00'),
(425, 'VILLAGE BUNGA', 'MUNSYARI', '262554', '-x-', 'UL', 'India', '2017-04-29 16:13:00', 1, 'PERMANENT', '2017041213', '2017-18', 'nitin', '0000-00-00 00:00:00'),
(426, 'VILLAGE BUNGA', 'MUNSYARI', '262554', '-x-', 'UL', 'India', '2017-04-29 16:13:00', 1, 'CORRESPONDANCE', '2017041213', '2017-18', 'nitin', '0000-00-00 00:00:00'),
(427, 'VILLAGE HARKOTE ', 'MUNSYARI', '262554', '-x-', 'UL', 'India', '2017-04-29 16:13:00', 1, 'PERMANENT', '2017041214', '2017-18', 'nitin', '0000-00-00 00:00:00'),
(428, 'VILLAGE HARKOTE ', 'MUNSYARI', '262554', '-x-', 'UL', 'India', '2017-04-29 16:13:00', 1, 'CORRESPONDANCE', '2017041214', '2017-18', 'nitin', '0000-00-00 00:00:00'),
(429, 'VILLAGE SEVILA', 'MUNSYARI', '262554', '-x-', 'UL', 'India', '2017-04-29 16:13:00', 1, 'PERMANENT', '2017041215', '2017-18', 'nitin', '0000-00-00 00:00:00'),
(430, 'VILLAGE SEVILA', 'MUNSYARI', '262554', '-x-', 'UL', 'India', '2017-04-29 16:13:00', 1, 'CORRESPONDANCE', '2017041215', '2017-18', 'nitin', '0000-00-00 00:00:00'),
(431, 'VILLAGE NANASEM', 'MUNSYARI', '262554', '-x-', 'UL', 'India', '2017-04-29 16:13:00', 1, 'PERMANENT', '2017041216', '2017-18', 'nitin', '0000-00-00 00:00:00'),
(432, 'VILLAGE NANASEM', 'MUNSYARI', '262554', '-x-', 'UL', 'India', '2017-04-29 16:13:00', 1, 'CORRESPONDANCE', '2017041216', '2017-18', 'nitin', '0000-00-00 00:00:00'),
(433, 'VILLAGE BALA', 'MUNSYARI', '262554', '-x-', 'UL', 'India', '2017-04-29 16:13:00', 1, 'PERMANENT', '2017041217', '2017-18', 'nitin', '0000-00-00 00:00:00'),
(434, 'VILLAGE BALA', 'MUNSYARI', '262554', '-x-', 'UL', 'India', '2017-04-29 16:13:00', 1, 'CORRESPONDANCE', '2017041217', '2017-18', 'nitin', '0000-00-00 00:00:00'),
(435, 'VILLAGE FAPA', 'MUNSYARI', '262554', '-x-', 'UL', 'India', '2017-04-29 16:13:00', 1, 'PERMANENT', '2017041218', '2017-18', 'nitin', '0000-00-00 00:00:00'),
(436, 'VILLAGE FAPA', 'MUNSYARI', '262554', '-x-', 'UL', 'India', '2017-04-29 16:13:00', 1, 'CORRESPONDANCE', '2017041218', '2017-18', 'nitin', '0000-00-00 00:00:00'),
(437, 'VILLAGE UCHHAITI', 'MUNSYARI', '262554', '-x-', 'UL', 'India', '2017-04-29 16:13:00', 1, 'PERMANENT', '2017041219', '2017-18', 'nitin', '0000-00-00 00:00:00'),
(438, 'VILLAGE UCHHAITI', 'MUNSYARI', '262554', '-x-', 'UL', 'India', '2017-04-29 16:13:00', 1, 'CORRESPONDANCE', '2017041219', '2017-18', 'nitin', '0000-00-00 00:00:00'),
(439, 'VILLAGE FAPA', 'MUNSYARI', '262554', '-x-', 'UL', 'India', '2017-04-29 16:13:00', 1, 'PERMANENT', '2017041220', '2017-18', 'nitin', '0000-00-00 00:00:00'),
(440, 'VILLAGE FAPA', 'MUNSYARI', '262554', '-x-', 'UL', 'India', '2017-04-29 16:13:00', 1, 'CORRESPONDANCE', '2017041220', '2017-18', 'nitin', '0000-00-00 00:00:00'),
(441, 'VILLAGE MALLA GHORPATTA', 'MUNSYARI', '262554', '-x-', 'UL', 'India', '2017-04-29 16:13:00', 1, 'PERMANENT', '2017041221', '2017-18', 'nitin', '0000-00-00 00:00:00'),
(442, 'VILLAGE MALLA GHORPATTA', 'MUNSYARI', '262554', '-x-', 'UL', 'India', '2017-04-29 16:13:00', 1, 'CORRESPONDANCE', '2017041221', '2017-18', 'nitin', '0000-00-00 00:00:00'),
(443, 'VILLAGE DHAPA', 'MUNSYARI', '262554', '-x-', 'UL', 'India', '2017-04-29 16:13:00', 1, 'PERMANENT', '2017041222', '2017-18', 'nitin', '0000-00-00 00:00:00'),
(444, 'VILLAGE DHAPA', 'MUNSYARI', '262554', '-x-', 'UL', 'India', '2017-04-29 16:13:00', 1, 'CORRESPONDANCE', '2017041222', '2017-18', 'nitin', '0000-00-00 00:00:00'),
(445, 'VILLAGE QUIRIJIMIYA', 'MUNSYARI', '262554', '-x-', 'UL', 'India', '2017-04-29 16:13:00', 1, 'PERMANENT', '2017041223', '2017-18', 'nitin', '0000-00-00 00:00:00'),
(446, 'VILLAGE QUIRIJIMIYA', 'MUNSYARI', '262554', '-x-', 'UL', 'India', '2017-04-29 16:13:00', 1, 'CORRESPONDANCE', '2017041223', '2017-18', 'nitin', '0000-00-00 00:00:00'),
(447, 'VILLAGE QUIRIJIMIYA', 'MUNSYARI', '262554', '-x-', 'UL', 'India', '2017-04-29 16:13:00', 1, 'PERMANENT', '2017041224', '2017-18', 'nitin', '0000-00-00 00:00:00'),
(448, 'VILLAGE QUIRIJIMIYA', 'MUNSYARI', '262554', '-x-', 'UL', 'India', '2017-04-29 16:13:00', 1, 'CORRESPONDANCE', '2017041224', '2017-18', 'nitin', '0000-00-00 00:00:00'),
(449, 'VILLAGE SAIPOLU', 'MUNSYARI', '262554', '-x-', 'UL', 'India', '2017-04-29 16:13:00', 1, 'PERMANENT', '2017041225', '2017-18', 'nitin', '0000-00-00 00:00:00'),
(450, 'VILLAGE SAIPOLU', 'MUNSYARI', '262554', '-x-', 'UL', 'India', '2017-04-29 16:13:00', 1, 'CORRESPONDANCE', '2017041225', '2017-18', 'nitin', '0000-00-00 00:00:00'),
(451, 'VILLAGE BUNGA', 'MUNSYARI', '262554', '-x-', 'UL', 'India', '2017-04-29 16:13:00', 1, 'PERMANENT', '2017041226', '2017-18', 'nitin', '0000-00-00 00:00:00'),
(452, 'VILLAGE BUNGA', 'MUNSYARI', '262554', '-x-', 'UL', 'India', '2017-04-29 16:13:00', 1, 'CORRESPONDANCE', '2017041226', '2017-18', 'nitin', '0000-00-00 00:00:00'),
(453, 'VILLAGE PATO', 'MUNSYARI', '262554', '-x-', 'UL', 'India', '2017-04-29 16:13:00', 1, 'PERMANENT', '2017041227', '2017-18', 'nitin', '0000-00-00 00:00:00'),
(454, 'VILLAGE PATO', 'MUNSYARI', '262554', '-x-', 'UL', 'India', '2017-04-29 16:13:00', 1, 'CORRESPONDANCE', '2017041227', '2017-18', 'nitin', '0000-00-00 00:00:00'),
(455, 'VILLAGE SENAR', 'MUNSYARI', '262554', '-x-', 'UL', 'India', '2017-04-29 16:13:00', 1, 'PERMANENT', '2017041228', '2017-18', 'nitin', '0000-00-00 00:00:00'),
(456, 'VILLAGE SENAR', 'MUNSYARI', '262554', '-x-', 'UL', 'India', '2017-04-29 16:13:00', 1, 'CORRESPONDANCE', '2017041228', '2017-18', 'nitin', '0000-00-00 00:00:00'),
(457, 'VILLAGE PATO', 'MUNSYARI', '262554', '-x-', 'UL', 'India', '2017-04-29 16:13:00', 1, 'PERMANENT', '2017041229', '2017-18', 'nitin', '0000-00-00 00:00:00'),
(458, 'VILLAGE PATO', 'MUNSYARI', '262554', '-x-', 'UL', 'India', '2017-04-29 16:13:00', 1, 'CORRESPONDANCE', '2017041229', '2017-18', 'nitin', '0000-00-00 00:00:00'),
(459, 'VILLAGE QUIRIJIMIYA', 'MUNSYARI', '262554', '-x-', 'UL', 'India', '2017-04-29 16:13:00', 1, 'PERMANENT', '2017041230', '2017-18', 'nitin', '0000-00-00 00:00:00'),
(460, 'VILLAGE QUIRIJIMIYA', 'MUNSYARI', '262554', '-x-', 'UL', 'India', '2017-04-29 16:13:00', 1, 'CORRESPONDANCE', '2017041230', '2017-18', 'nitin', '0000-00-00 00:00:00'),
(461, 'VILLAGE BUNGA', 'MUNSYARI', '262554', '-x-', 'UL', 'India', '2017-04-29 16:13:00', 1, 'PERMANENT', '2017041231', '2017-18', 'nitin', '0000-00-00 00:00:00'),
(462, 'VILLAGE BUNGA', 'MUNSYARI', '262554', '-x-', 'UL', 'India', '2017-04-29 16:13:00', 1, 'CORRESPONDANCE', '2017041231', '2017-18', 'nitin', '0000-00-00 00:00:00'),
(463, 'VILLAGE PAPDEV', 'PITHORAGARH', '262501', '-x-', 'UL', 'India', '2017-04-29 16:13:00', 1, 'PERMANENT', '2017041232', '2017-18', 'nitin', '0000-00-00 00:00:00'),
(464, 'VILLAGE PAPDEV', 'PITHORAGARH', '262501', '-x-', 'UL', 'India', '2017-04-29 16:13:00', 1, 'CORRESPONDANCE', '2017041232', '2017-18', 'nitin', '0000-00-00 00:00:00'),
(465, 'VILLAGE DAKHIM', 'MUNSYARI', '262555', '-x-', 'UL', 'India', '2017-04-29 16:13:00', 1, 'PERMANENT', '2017041233', '2017-18', 'nitin', '0000-00-00 00:00:00'),
(466, 'VILLAGE DAKHIM', 'MUNSYARI', '262555', '-x-', 'UL', 'India', '2017-04-29 16:13:00', 1, 'CORRESPONDANCE', '2017041233', '2017-18', 'nitin', '0000-00-00 00:00:00'),
(467, 'VILLAGE NAYABASTI', 'DIDIHAT', '262551', '-x-', 'UL', 'India', '2017-04-29 16:13:00', 1, 'PERMANENT', '2017041234', '2017-18', 'nitin', '0000-00-00 00:00:00'),
(468, 'VILLAGE NAYABASTI', 'DIDIHAT', '262551', '-x-', 'UL', 'India', '2017-04-29 16:13:00', 1, 'CORRESPONDANCE', '2017041234', '2017-18', 'nitin', '0000-00-00 00:00:00'),
(469, 'VILLAGE BONA', 'MUNSYARI', '262554', '-x-', 'UL', 'India', '2017-04-29 16:13:00', 1, 'PERMANENT', '2017041235', '2017-18', 'nitin', '0000-00-00 00:00:00'),
(470, 'VILLAGE BONA', 'MUNSYARI', '262554', '-x-', 'UL', 'India', '2017-04-29 16:13:00', 1, 'CORRESPONDANCE', '2017041235', '2017-18', 'nitin', '0000-00-00 00:00:00'),
(471, 'VILLAGE DARATI', 'MUNSYARI', '262554', '-x-', 'UL', 'India', '2017-04-29 16:13:00', 1, 'PERMANENT', '2017041236', '2017-18', 'nitin', '0000-00-00 00:00:00'),
(472, 'VILLAGE DARATI', 'MUNSYARI', '262554', '-x-', 'UL', 'India', '2017-04-29 16:13:00', 1, 'CORRESPONDANCE', '2017041236', '2017-18', 'nitin', '0000-00-00 00:00:00'),
(473, 'VILLAGE ALAM', 'MUNSYARI', '262554', '-x-', 'UL', 'India', '2017-04-29 16:13:00', 1, 'PERMANENT', '2017041237', '2017-18', 'nitin', '0000-00-00 00:00:00'),
(474, 'VILLAGE ALAM', 'MUNSYARI', '262554', '-x-', 'UL', 'India', '2017-04-29 16:13:00', 1, 'CORRESPONDANCE', '2017041237', '2017-18', 'nitin', '0000-00-00 00:00:00'),
(475, 'VILLAGE BUNGA', 'MUNSYARI', '262554', '-x-', 'UL', 'India', '2017-04-29 16:13:00', 1, 'PERMANENT', '2017041238', '2017-18', 'nitin', '0000-00-00 00:00:00'),
(476, 'VILLAGE BUNGA', 'MUNSYARI', '262554', '-x-', 'UL', 'India', '2017-04-29 16:13:00', 1, 'CORRESPONDANCE', '2017041238', '2017-18', 'nitin', '0000-00-00 00:00:00'),
(477, 'VILLAGE BARNIYAGAON', 'MUNSYARI', '262554', '-x-', 'UL', 'India', '2017-04-29 16:13:00', 1, 'PERMANENT', '2017041239', '2017-18', 'nitin', '0000-00-00 00:00:00'),
(478, 'VILLAGE BARNIYAGAON', 'MUNSYARI', '262554', '-x-', 'UL', 'India', '2017-04-29 16:13:00', 1, 'CORRESPONDANCE', '2017041239', '2017-18', 'nitin', '0000-00-00 00:00:00'),
(479, 'VILLAGE FAPA', 'MUNSYARI', '262544', '-x-', 'UL', 'India', '2017-04-29 16:13:00', 1, 'PERMANENT', '2017041240', '2017-18', 'nitin', '0000-00-00 00:00:00'),
(480, 'VILLAGE FAPA', 'MUNSYARI', '262544', '-x-', 'UL', 'India', '2017-04-29 16:13:00', 1, 'CORRESPONDANCE', '2017041240', '2017-18', 'nitin', '0000-00-00 00:00:00'),
(481, 'VILLAGE PATO', 'MUNSYARI', '262554', '-x-', 'UL', 'India', '2017-04-29 16:13:00', 1, 'PERMANENT', '2017041241', '2017-18', 'nitin', '0000-00-00 00:00:00'),
(482, 'VILLAGE PATO', 'MUNSYARI', '262554', '-x-', 'UL', 'India', '2017-04-29 16:13:00', 1, 'CORRESPONDANCE', '2017041241', '2017-18', 'nitin', '0000-00-00 00:00:00'),
(483, 'VILLAGE BARNIYAGAON', 'MUNSYARI', '262554', '-x-', 'UL', 'India', '2017-04-29 16:13:00', 1, 'PERMANENT', '2017041242', '2017-18', 'nitin', '0000-00-00 00:00:00'),
(484, 'VILLAGE BARNIYAGAON', 'MUNSYARI', '262554', '-x-', 'UL', 'India', '2017-04-29 16:13:00', 1, 'CORRESPONDANCE', '2017041242', '2017-18', 'nitin', '0000-00-00 00:00:00'),
(485, 'VILLAGE DARKOTE', 'MUNSYARI', '262554', '-x-', 'UL', 'India', '2017-04-29 16:13:00', 1, 'PERMANENT', '2017041243', '2017-18', 'nitin', '0000-00-00 00:00:00'),
(486, 'VILLAGE DARKOTE', 'MUNSYARI', '262554', '-x-', 'UL', 'India', '2017-04-29 16:13:00', 1, 'CORRESPONDANCE', '2017041243', '2017-18', 'nitin', '0000-00-00 00:00:00'),
(487, 'VILLAGE DHURATOLI', 'MUNSYARI', '262554', '-x-', 'UL', 'India', '2017-04-29 16:13:00', 1, 'PERMANENT', '2017041244', '2017-18', 'nitin', '0000-00-00 00:00:00'),
(488, 'VILLAGE DHURATOLI', 'MUNSYARI', '262554', '-x-', 'UL', 'India', '2017-04-29 16:13:00', 1, 'CORRESPONDANCE', '2017041244', '2017-18', 'nitin', '0000-00-00 00:00:00'),
(489, 'VILLAGE SEVILA', 'MUNSYARI', '262554', '-x-', 'UL', 'India', '2017-04-29 16:13:00', 1, 'PERMANENT', '2017041245', '2017-18', 'nitin', '0000-00-00 00:00:00'),
(490, 'VILLAGE SEVILA', 'MUNSYARI', '262554', '-x-', 'UL', 'India', '2017-04-29 16:13:00', 1, 'CORRESPONDANCE', '2017041245', '2017-18', 'nitin', '0000-00-00 00:00:00'),
(491, 'VILLAGE TALLA DUMMAR', 'MUNSYARI', '262554', '-x-', 'UL', 'India', '2017-04-29 16:13:00', 1, 'PERMANENT', '2017041246', '2017-18', 'nitin', '0000-00-00 00:00:00'),
(492, 'VILLAGE TALLA DUMMAR', 'MUNSYARI', '262554', '-x-', 'UL', 'India', '2017-04-29 16:13:00', 1, 'CORRESPONDANCE', '2017041246', '2017-18', 'nitin', '0000-00-00 00:00:00'),
(493, 'VILLAGE LEELABHAT', 'MUNSYARI', '262551', '-x-', 'UL', 'India', '2017-04-29 16:13:00', 1, 'PERMANENT', '2017041247', '2017-18', 'nitin', '0000-00-00 00:00:00'),
(494, 'VILLAGE LEELABHAT', 'MUNSYARI', '262551', '-x-', 'UL', 'India', '2017-04-29 16:13:00', 1, 'CORRESPONDANCE', '2017041247', '2017-18', 'nitin', '0000-00-00 00:00:00'),
(495, 'VILLAGE KHASIABARA', 'MUNSYARI', '262554', '-x-', 'UL', 'India', '2017-04-29 16:13:00', 1, 'PERMANENT', '2017041248', '2017-18', 'nitin', '0000-00-00 00:00:00'),
(496, 'VILLAGE KHASIABARA', 'MUNSYARI', '262554', '-x-', 'UL', 'India', '2017-04-29 16:13:00', 1, 'CORRESPONDANCE', '2017041248', '2017-18', 'nitin', '0000-00-00 00:00:00'),
(497, 'VILLAGE TALLA DUMMAR', 'MUNSYARI', '262554', '-x-', 'UL', 'India', '2017-04-29 16:13:00', 1, 'PERMANENT', '2017041249', '2017-18', 'nitin', '0000-00-00 00:00:00'),
(498, 'VILLAGE TALLA DUMMAR', 'MUNSYARI', '262554', '-x-', 'UL', 'India', '2017-04-29 16:13:00', 1, 'CORRESPONDANCE', '2017041249', '2017-18', 'nitin', '0000-00-00 00:00:00'),
(499, 'VILLAGE MADKOTE', 'MUNSYARI', '262554', '-x-', 'UL', 'India', '2017-04-29 16:13:00', 1, 'PERMANENT', '2017041250', '2017-18', 'nitin', '0000-00-00 00:00:00'),
(500, 'VILLAGE MADKOTE', 'MUNSYARI', '262554', '-x-', 'UL', 'India', '2017-04-29 16:13:00', 1, 'CORRESPONDANCE', '2017041250', '2017-18', 'nitin', '0000-00-00 00:00:00'),
(501, 'Ram Nagar post - Ram Nagar', 'Ram Nagar', '263158', '-x-', 'UL', 'India', '2017-05-05 12:31:43', 1, 'CORRESPONDANCE', '2017051251', '2017-18', 'nitin', '2017-05-05 07:01:43'),
(502, '-x-', '-x-', '-x-', '-x-', 'UL', 'India', '2017-05-05 12:31:43', 1, 'PERMANENT', '2017051251', '2017-18', 'nitin', '2017-05-05 07:01:43'),
(503, 'VILLAGE SHANKHDHURA', 'MUNSYARI', '262554', '-x-', 'UL', 'India', '4/29/2017 16:13', 1, 'PERMANENT', '2017041251', '2017-18', 'nitin', '0000-00-00 00:00:00'),
(504, 'VILLAGE SHANKHDHURA', 'MUNSYARI', '262554', '-x-', 'UL', 'India', '4/29/2017 16:13', 1, 'CORRESPONDANCE', '2017041251', '2017-18', 'nitin', '0000-00-00 00:00:00'),
(505, 'VILLAGE  SELA', 'MUNSYARI', '262554', '-x-', 'UL', 'India', '4/29/2017 16:13', 1, 'PERMANENT', '2017041252', '2017-18', 'nitin', '0000-00-00 00:00:00'),
(506, 'VILLAGE  SELA', 'MUNSYARI', '262554', '-x-', 'UL', 'India', '4/29/2017 16:13', 1, 'CORRESPONDANCE', '2017041252', '2017-18', 'nitin', '0000-00-00 00:00:00'),
(507, 'VILLAGE BUNGA', 'MUNSYARI', '262554', '-x-', 'UL', 'India', '4/29/2017 16:13', 1, 'PERMANENT', '2017041253', '2017-18', 'nitin', '0000-00-00 00:00:00'),
(508, 'VILLAGE BUNGA', 'MUNSYARI', '262554', '-x-', 'UL', 'India', '4/29/2017 16:13', 1, 'CORRESPONDANCE', '2017041253', '2017-18', 'nitin', '0000-00-00 00:00:00'),
(509, 'VILLAGE JOSHA', 'MUNSYARI', '262554', '-x-', 'UL', 'India', '4/29/2017 16:13', 1, 'PERMANENT', '2017041254', '2017-18', 'nitin', '0000-00-00 00:00:00'),
(510, 'VILLAGE JOSHA', 'MUNSYARI', '262554', '-x-', 'UL', 'India', '4/29/2017 16:13', 1, 'CORRESPONDANCE', '2017041254', '2017-18', 'nitin', '0000-00-00 00:00:00'),
(511, 'VILLAGE SARMOLI ', 'MUNSYARI', '262554', '-x-', 'UL', 'India', '4/29/2017 16:13', 1, 'PERMANENT', '2017041255', '2017-18', 'nitin', '0000-00-00 00:00:00'),
(512, 'VILLAGE SARMOLI ', 'MUNSYARI', '262554', '-x-', 'UL', 'India', '4/29/2017 16:13', 1, 'CORRESPONDANCE', '2017041255', '2017-18', 'nitin', '0000-00-00 00:00:00'),
(513, 'x', 'x', '262554', '-x-', 'UL', 'India', '4/29/2017 16:13', 1, 'PERMANENT', '2017041256', '2017-18', 'nitin', '0000-00-00 00:00:00'),
(514, 'x', 'x', '262554', '-x-', 'UL', 'India', '4/29/2017 16:13', 1, 'CORRESPONDANCE', '2017041256', '2017-18', 'nitin', '0000-00-00 00:00:00'),
(515, 'VILLAGE GIRGAON', 'MUNSYARI', '262554', '-x-', 'UL', 'India', '4/29/2017 16:13', 1, 'PERMANENT', '2017041257', '2017-18', 'nitin', '0000-00-00 00:00:00'),
(516, 'VILLAGE GIRGAON', 'MUNSYARI', '262554', '-x-', 'UL', 'India', '4/29/2017 16:13', 1, 'CORRESPONDANCE', '2017041257', '2017-18', 'nitin', '0000-00-00 00:00:00'),
(517, 'VILLAGE SARMOLI ', 'MUNSYARI', '262554', '-x-', 'UL', 'India', '4/29/2017 16:13', 1, 'PERMANENT', '2017041258', '2017-18', 'nitin', '0000-00-00 00:00:00'),
(518, 'VILLAGE SARMOLI ', 'MUNSYARI', '262554', '-x-', 'UL', 'India', '4/29/2017 16:13', 1, 'CORRESPONDANCE', '2017041258', '2017-18', 'nitin', '0000-00-00 00:00:00'),
(519, 'VILLAGE NANASEM', 'MUNSYARI', '262554', '-x-', 'UL', 'India', '4/29/2017 16:13', 1, 'PERMANENT', '2017041259', '2017-18', 'nitin', '0000-00-00 00:00:00'),
(520, 'VILLAGE NANASEM', 'MUNSYARI', '262554', '-x-', 'UL', 'India', '4/29/2017 16:13', 1, 'CORRESPONDANCE', '2017041259', '2017-18', 'nitin', '0000-00-00 00:00:00'),
(521, 'VILLAGE JOSHA', 'MUNSYARI', '262554', '-x-', 'UL', 'India', '4/29/2017 16:13', 1, 'PERMANENT', '2017041260', '2017-18', 'nitin', '0000-00-00 00:00:00'),
(522, 'VILLAGE JOSHA', 'MUNSYARI', '262554', '-x-', 'UL', 'India', '4/29/2017 16:13', 1, 'CORRESPONDANCE', '2017041260', '2017-18', 'nitin', '0000-00-00 00:00:00'),
(523, 'VILLAGE PAINKUTI', 'MUNSYARI', '262554', '-x-', 'UL', 'India', '4/29/2017 16:13', 1, 'PERMANENT', '2017041261', '2017-18', 'nitin', '0000-00-00 00:00:00'),
(524, 'VILLAGE PAINKUTI', 'MUNSYARI', '262554', '-x-', 'UL', 'India', '4/29/2017 16:13', 1, 'CORRESPONDANCE', '2017041261', '2017-18', 'nitin', '0000-00-00 00:00:00'),
(525, 'VILLAGE NANASEM', 'MUNSYARI', '262554', '-x-', 'UL', 'India', '4/29/2017 16:13', 1, 'PERMANENT', '2017041262', '2017-18', 'nitin', '0000-00-00 00:00:00'),
(526, 'VILLAGE NANASEM', 'MUNSYARI', '262554', '-x-', 'UL', 'India', '4/29/2017 16:13', 1, 'CORRESPONDANCE', '2017041262', '2017-18', 'nitin', '0000-00-00 00:00:00'),
(527, 'VILLAGE MALLAGHORPATTA', 'MUNSYARI', '262554', '-x-', 'UL', 'India', '4/29/2017 16:13', 1, 'PERMANENT', '2017041263', '2017-18', 'nitin', '0000-00-00 00:00:00'),
(528, 'VILLAGE MALLAGHORPATTA', 'MUNSYARI', '262554', '-x-', 'UL', 'India', '4/29/2017 16:13', 1, 'CORRESPONDANCE', '2017041263', '2017-18', 'nitin', '0000-00-00 00:00:00'),
(529, 'VILLAGE IMLA', 'MUNSYARI', '262554', '-x-', 'UL', 'India', '4/29/2017 16:13', 1, 'PERMANENT', '2017041264', '2017-18', 'nitin', '0000-00-00 00:00:00'),
(530, 'VILLAGE IMLA', 'MUNSYARI', '262554', '-x-', 'UL', 'India', '4/29/2017 16:13', 1, 'CORRESPONDANCE', '2017041264', '2017-18', 'nitin', '0000-00-00 00:00:00'),
(531, 'VILLAGE SAMKOTE', 'MUNSYARI', '262554', '-x-', 'UL', 'India', '4/29/2017 16:13', 1, 'PERMANENT', '2017041265', '2017-18', 'nitin', '0000-00-00 00:00:00'),
(532, 'VILLAGE SAMKOTE', 'MUNSYARI', '262554', '-x-', 'UL', 'India', '4/29/2017 16:13', 1, 'CORRESPONDANCE', '2017041265', '2017-18', 'nitin', '0000-00-00 00:00:00'),
(533, 'VILLAGE MADALKIYA', 'MUNSYARI', '262554', '-x-', 'UL', 'India', '4/29/2017 16:13', 1, 'PERMANENT', '2017041266', '2017-18', 'nitin', '0000-00-00 00:00:00'),
(534, 'VILLAGE MADALKIYA', 'MUNSYARI', '262554', '-x-', 'UL', 'India', '4/29/2017 16:13', 1, 'CORRESPONDANCE', '2017041266', '2017-18', 'nitin', '0000-00-00 00:00:00'),
(535, 'VILLAGE MADALKIYA', 'MUNSYARI', '262554', '-x-', 'UL', 'India', '4/29/2017 16:13', 1, 'PERMANENT', '2017041267', '2017-18', 'nitin', '0000-00-00 00:00:00'),
(536, 'VILLAGE MADALKIYA', 'MUNSYARI', '262554', '-x-', 'UL', 'India', '4/29/2017 16:13', 1, 'CORRESPONDANCE', '2017041267', '2017-18', 'nitin', '0000-00-00 00:00:00'),
(537, 'VILLAGE PAPRI', 'MUNSYARI', '262554', '-x-', 'UL', 'India', '4/29/2017 16:13', 1, 'PERMANENT', '2017041268', '2017-18', 'nitin', '0000-00-00 00:00:00'),
(538, 'VILLAGE PAPRI', 'MUNSYARI', '262554', '-x-', 'UL', 'India', '4/29/2017 16:13', 1, 'CORRESPONDANCE', '2017041268', '2017-18', 'nitin', '0000-00-00 00:00:00'),
(539, 'VILLAGE JAINTI', 'MUNSYARI', '262554', '-x-', 'UL', 'India', '4/29/2017 16:13', 1, 'PERMANENT', '2017041269', '2017-18', 'nitin', '0000-00-00 00:00:00'),
(540, 'VILLAGE JAINTI', 'MUNSYARI', '262554', '-x-', 'UL', 'India', '4/29/2017 16:13', 1, 'CORRESPONDANCE', '2017041269', '2017-18', 'nitin', '0000-00-00 00:00:00'),
(541, 'VILLAGE KHAINOLI CHAMOLI', 'MUNSYARI', '262554', '-x-', 'UL', 'India', '4/29/2017 16:13', 1, 'PERMANENT', '2017041270', '2017-18', 'nitin', '0000-00-00 00:00:00'),
(542, 'VILLAGE KHAINOLI CHAMOLI', 'MUNSYARI', '262554', '-x-', 'UL', 'India', '4/29/2017 16:13', 1, 'CORRESPONDANCE', '2017041270', '2017-18', 'nitin', '0000-00-00 00:00:00'),
(543, 'VILLAGE SEVILA', 'MUNSYARI', '262554', '-x-', 'UL', 'India', '4/29/2017 16:13', 1, 'PERMANENT', '2017041271', '2017-18', 'nitin', '0000-00-00 00:00:00'),
(544, 'VILLAGE SEVILA', 'MUNSYARI', '262554', '-x-', 'UL', 'India', '4/29/2017 16:13', 1, 'CORRESPONDANCE', '2017041271', '2017-18', 'nitin', '0000-00-00 00:00:00'),
(545, 'VILLAGE CHAUNA', 'MUNSYARI', '262554', '-x-', 'UL', 'India', '4/29/2017 16:13', 1, 'PERMANENT', '2017041272', '2017-18', 'nitin', '0000-00-00 00:00:00'),
(546, 'VILLAGE CHAUNA', 'MUNSYARI', '262554', '-x-', 'UL', 'India', '4/29/2017 16:13', 1, 'CORRESPONDANCE', '2017041272', '2017-18', 'nitin', '0000-00-00 00:00:00'),
(547, 'VILLAGE RINGU', 'MUNSYARI', '262554', '-x-', 'UL', 'India', '4/29/2017 16:13', 1, 'PERMANENT', '2017041273', '2017-18', 'nitin', '0000-00-00 00:00:00'),
(548, 'VILLAGE RINGU', 'MUNSYARI', '262554', '-x-', 'UL', 'India', '4/29/2017 16:13', 1, 'CORRESPONDANCE', '2017041273', '2017-18', 'nitin', '0000-00-00 00:00:00'),
(549, 'VILLAGE CHAUNA', 'MUNSYARI', '262554', '-x-', 'UL', 'India', '4/29/2017 16:13', 1, 'PERMANENT', '2017041274', '2017-18', 'nitin', '0000-00-00 00:00:00'),
(550, 'VILLAGE CHAUNA', 'MUNSYARI', '262554', '-x-', 'UL', 'India', '4/29/2017 16:13', 1, 'CORRESPONDANCE', '2017041274', '2017-18', 'nitin', '0000-00-00 00:00:00'),
(551, 'VILLAGE KAPKOTE', 'MUNSYARI', '262554', '-x-', 'UL', 'India', '4/29/2017 16:13', 1, 'PERMANENT', '2017041275', '2017-18', 'nitin', '0000-00-00 00:00:00'),
(552, 'VILLAGE KAPKOTE', 'MUNSYARI', '262554', '-x-', 'UL', 'India', '4/29/2017 16:13', 1, 'CORRESPONDANCE', '2017041275', '2017-18', 'nitin', '0000-00-00 00:00:00'),
(553, 'VILLAGE SAMKOTE', 'MUNSYARI', '262554', '-x-', 'UL', 'India', '4/29/2017 16:13', 1, 'PERMANENT', '2017041276', '2017-18', 'nitin', '0000-00-00 00:00:00'),
(554, 'VILLAGE SAMKOTE', 'MUNSYARI', '262554', '-x-', 'UL', 'India', '4/29/2017 16:13', 1, 'CORRESPONDANCE', '2017041276', '2017-18', 'nitin', '0000-00-00 00:00:00'),
(555, 'VILLAGE SARMOLI ', 'MUNSYARI', '262554', '-x-', 'UL', 'India', '4/29/2017 16:13', 1, 'PERMANENT', '2017041277', '2017-18', 'nitin', '0000-00-00 00:00:00'),
(556, 'VILLAGE SARMOLI ', 'MUNSYARI', '262554', '-x-', 'UL', 'India', '4/29/2017 16:13', 1, 'CORRESPONDANCE', '2017041277', '2017-18', 'nitin', '0000-00-00 00:00:00'),
(557, 'VILLAGE SAMKOTE', 'MUNSYARI', '262554', '-x-', 'UL', 'India', '4/29/2017 16:13', 1, 'PERMANENT', '2017041278', '2017-18', 'nitin', '0000-00-00 00:00:00'),
(558, 'VILLAGE SAMKOTE', 'MUNSYARI', '262554', '-x-', 'UL', 'India', '4/29/2017 16:13', 1, 'CORRESPONDANCE', '2017041278', '2017-18', 'nitin', '0000-00-00 00:00:00'),
(559, 'TALLA GHORPATTA', 'MUNSYARI', '262554', '-x-', 'UL', 'India', '4/29/2017 16:13', 1, 'PERMANENT', '2017041279', '2017-18', 'nitin', '0000-00-00 00:00:00'),
(560, 'TALLA GHORPATTA', 'MUNSYARI', '262554', '-x-', 'UL', 'India', '4/29/2017 16:13', 1, 'CORRESPONDANCE', '2017041279', '2017-18', 'nitin', '0000-00-00 00:00:00'),
(561, 'VILLAGE SARMOLI ', 'MUNSYARI', '262554', '-x-', 'UL', 'India', '4/29/2017 16:13', 1, 'PERMANENT', '2017041280', '2017-18', 'nitin', '0000-00-00 00:00:00'),
(562, 'VILLAGE SARMOLI ', 'MUNSYARI', '262554', '-x-', 'UL', 'India', '4/29/2017 16:13', 1, 'CORRESPONDANCE', '2017041280', '2017-18', 'nitin', '0000-00-00 00:00:00'),
(563, 'VILLAGE BASBAGAR', 'MUNSYARI', '262554', '-x-', 'UL', 'India', '4/29/2017 16:13', 1, 'PERMANENT', '2017041281', '2017-18', 'nitin', '0000-00-00 00:00:00'),
(564, 'VILLAGE BASBAGAR', 'MUNSYARI', '262554', '-x-', 'UL', 'India', '4/29/2017 16:13', 1, 'CORRESPONDANCE', '2017041281', '2017-18', 'nitin', '0000-00-00 00:00:00'),
(565, 'VILLAGE SAMKOTE', 'MUNSYARI', '262554', '-x-', 'UL', 'India', '4/29/2017 16:13', 1, 'PERMANENT', '2017041282', '2017-18', 'nitin', '0000-00-00 00:00:00'),
(566, 'VILLAGE SAMKOTE', 'MUNSYARI', '262554', '-x-', 'UL', 'India', '4/29/2017 16:13', 1, 'CORRESPONDANCE', '2017041282', '2017-18', 'nitin', '0000-00-00 00:00:00'),
(567, 'VILLAGE SARMOLI ', 'MUNSYARI', '262554', '-x-', 'UL', 'India', '4/29/2017 16:13', 1, 'PERMANENT', '2017041283', '2017-18', 'nitin', '0000-00-00 00:00:00'),
(568, 'VILLAGE SARMOLI ', 'MUNSYARI', '262554', '-x-', 'UL', 'India', '4/29/2017 16:13', 1, 'CORRESPONDANCE', '2017041283', '2017-18', 'nitin', '0000-00-00 00:00:00'),
(569, 'VILLAGE JAINTI', 'MUNSYARI', '262554', '-x-', 'UL', 'India', '4/29/2017 16:13', 1, 'PERMANENT', '2017041284', '2017-18', 'nitin', '0000-00-00 00:00:00'),
(570, 'VILLAGE JAINTI', 'MUNSYARI', '262554', '-x-', 'UL', 'India', '4/29/2017 16:13', 1, 'CORRESPONDANCE', '2017041284', '2017-18', 'nitin', '0000-00-00 00:00:00'),
(571, 'VILLAGE BUIE LEELAM', 'MUNSYARI', '262554', '-x-', 'UL', 'India', '4/29/2017 16:13', 1, 'PERMANENT', '2017041285', '2017-18', 'nitin', '0000-00-00 00:00:00'),
(572, 'VILLAGE BUIE LEELAM', 'MUNSYARI', '262554', '-x-', 'UL', 'India', '4/29/2017 16:13', 1, 'CORRESPONDANCE', '2017041285', '2017-18', 'nitin', '0000-00-00 00:00:00'),
(573, 'VILLAGE SERA TANGA', 'MUNSYARI', '262555', '-x-', 'UL', 'India', '4/29/2017 16:13', 1, 'PERMANENT', '2017041286', '2017-18', 'nitin', '0000-00-00 00:00:00'),
(574, 'VILLAGE SERA TANGA', 'MUNSYARI', '262555', '-x-', 'UL', 'India', '4/29/2017 16:13', 1, 'CORRESPONDANCE', '2017041286', '2017-18', 'nitin', '0000-00-00 00:00:00'),
(575, 'VILLAGE BUNGA ', 'MUNSYARI', '262554', '-x-', 'UL', 'India', '4/29/2017 16:13', 1, 'PERMANENT', '2017041287', '2017-18', 'nitin', '0000-00-00 00:00:00'),
(576, 'VILLAGE BUNGA ', 'MUNSYARI', '262554', '-x-', 'UL', 'India', '4/29/2017 16:13', 1, 'CORRESPONDANCE', '2017041287', '2017-18', 'nitin', '0000-00-00 00:00:00'),
(577, 'VILLAGE HARKOTE', 'MUNSYARI', '262554', '-x-', 'UL', 'India', '4/29/2017 16:13', 1, 'PERMANENT', '2017041288', '2017-18', 'nitin', '0000-00-00 00:00:00'),
(578, 'VILLAGE HARKOTE', 'MUNSYARI', '262554', '-x-', 'UL', 'India', '4/29/2017 16:13', 1, 'CORRESPONDANCE', '2017041288', '2017-18', 'nitin', '0000-00-00 00:00:00'),
(579, 'CHAKDAH VAILMAR NAUTANVA', 'MUNSYARI', '262554', '-x-', 'UL', 'India', '4/29/2017 16:13', 1, 'PERMANENT', '2017041289', '2017-18', 'nitin', '0000-00-00 00:00:00'),
(580, 'CHAKDAH VAILMAR NAUTANVA', 'MUNSYARI', '262554', '-x-', 'UL', 'India', '4/29/2017 16:13', 1, 'CORRESPONDANCE', '2017041289', '2017-18', 'nitin', '0000-00-00 00:00:00'),
(581, 'VILLAGE SAIMLI ', 'QUITI', '262554', '-x-', 'UL', 'India', '4/29/2017 16:13', 1, 'PERMANENT', '2017041290', '2017-18', 'nitin', '0000-00-00 00:00:00'),
(582, 'VILLAGE SAIMLI ', 'QUITI', '262554', '-x-', 'UL', 'India', '4/29/2017 16:13', 1, 'CORRESPONDANCE', '2017041290', '2017-18', 'nitin', '0000-00-00 00:00:00'),
(583, 'VILLAGE DHAPA', 'MUNSYARI', '262554', '-x-', 'UL', 'India', '4/29/2017 16:13', 1, 'PERMANENT', '2017041291', '2017-18', 'nitin', '0000-00-00 00:00:00'),
(584, 'VILLAGE DHAPA', 'MUNSYARI', '262554', '-x-', 'UL', 'India', '4/29/2017 16:13', 1, 'CORRESPONDANCE', '2017041291', '2017-18', 'nitin', '0000-00-00 00:00:00'),
(585, 'VILLAGE SEVILA', 'MUNSYARI', '262554', '-x-', 'UL', 'India', '4/29/2017 16:13', 1, 'PERMANENT', '2017041292', '2017-18', 'nitin', '0000-00-00 00:00:00'),
(586, 'VILLAGE SEVILA', 'MUNSYARI', '262554', '-x-', 'UL', 'India', '4/29/2017 16:13', 1, 'CORRESPONDANCE', '2017041292', '2017-18', 'nitin', '0000-00-00 00:00:00'),
(587, 'VILLAGE PAPRI', 'MUNSYARI', '262554', '-x-', 'UL', 'India', '4/29/2017 16:13', 1, 'PERMANENT', '2017041293', '2017-18', 'nitin', '0000-00-00 00:00:00'),
(588, 'VILLAGE PAPRI', 'MUNSYARI', '262554', '-x-', 'UL', 'India', '4/29/2017 16:13', 1, 'CORRESPONDANCE', '2017041293', '2017-18', 'nitin', '0000-00-00 00:00:00'),
(589, 'VILLAGE PAWDEV PAUN', 'PITHORAGARH', '262554', '-x-', 'UL', 'India', '4/29/2017 16:13', 1, 'PERMANENT', '2017041294', '2017-18', 'nitin', '0000-00-00 00:00:00'),
(590, 'VILLAGE PAWDEV PAUN', 'PITHORAGARH', '262554', '-x-', 'UL', 'India', '4/29/2017 16:13', 1, 'CORRESPONDANCE', '2017041294', '2017-18', 'nitin', '0000-00-00 00:00:00'),
(591, 'VILLAGE DHUNAMANI', 'MUNSYARI', '262554', '-x-', 'UL', 'India', '4/29/2017 16:13', 1, 'PERMANENT', '2017041295', '2017-18', 'nitin', '0000-00-00 00:00:00'),
(592, 'VILLAGE DHUNAMANI', 'MUNSYARI', '262554', '-x-', 'UL', 'India', '4/29/2017 16:13', 1, 'CORRESPONDANCE', '2017041295', '2017-18', 'nitin', '0000-00-00 00:00:00'),
(593, 'VILLAGE BUNGA ', 'MUNSYARI', '262554', '-x-', 'UL', 'India', '4/29/2017 16:13', 1, 'PERMANENT', '2017041296', '2017-18', 'nitin', '0000-00-00 00:00:00'),
(594, 'VILLAGE BUNGA ', 'MUNSYARI', '262554', '-x-', 'UL', 'India', '4/29/2017 16:13', 1, 'CORRESPONDANCE', '2017041296', '2017-18', 'nitin', '0000-00-00 00:00:00'),
(595, 'VILLAGE HARKOTE', 'MUNSYARI', '262554', '-x-', 'UL', 'India', '4/29/2017 16:13', 1, 'PERMANENT', '2017041297', '2017-18', 'nitin', '0000-00-00 00:00:00'),
(596, 'VILLAGE HARKOTE', 'MUNSYARI', '262554', '-x-', 'UL', 'India', '4/29/2017 16:13', 1, 'CORRESPONDANCE', '2017041297', '2017-18', 'nitin', '0000-00-00 00:00:00'),
(597, 'VILLAGE SAIPOLU', 'MUNSYARI', '262554', '-x-', 'UL', 'India', '4/29/2017 16:13', 1, 'PERMANENT', '2017041298', '2017-18', 'nitin', '0000-00-00 00:00:00'),
(598, 'VILLAGE SAIPOLU', 'MUNSYARI', '262554', '-x-', 'UL', 'India', '4/29/2017 16:13', 1, 'CORRESPONDANCE', '2017041298', '2017-18', 'nitin', '0000-00-00 00:00:00'),
(599, 'VILLAGE JAINTI', 'MUNSYARI', '262554', '-x-', 'UL', 'India', '4/29/2017 16:13', 1, 'PERMANENT', '2017041299', '2017-18', 'nitin', '0000-00-00 00:00:00'),
(600, 'VILLAGE JAINTI', 'MUNSYARI', '262554', '-x-', 'UL', 'India', '4/29/2017 16:13', 1, 'CORRESPONDANCE', '2017041299', '2017-18', 'nitin', '0000-00-00 00:00:00');
INSERT INTO `master_9_stud_address` (`ADDRID`, `STREET_1`, `CITY_`, `PIN_`, `DISTT_`, `STATE_`, `COUNTRY_`, `DOC_`, `STATUS`, `ADDRESS_STATUS`, `regid`, `SESSID`, `USERNAME_`, `DATE_`) VALUES
(601, 'VILLAGE TOMIK', 'MUNSYARI', '262554', '-x-', 'UL', 'India', '4/29/2017 16:13', 1, 'PERMANENT', '2017041300', '2017-18', 'nitin', '0000-00-00 00:00:00'),
(602, 'VILLAGE TOMIK', 'MUNSYARI', '262554', '-x-', 'UL', 'India', '4/29/2017 16:13', 1, 'CORRESPONDANCE', '2017041300', '2017-18', 'nitin', '0000-00-00 00:00:00'),
(603, 'VILLAGE PYANGTI', 'MUNSYARI', '262554', '-x-', 'UL', 'India', '4/29/2017 16:13', 1, 'PERMANENT', '2017041301', '2017-18', 'nitin', '0000-00-00 00:00:00'),
(604, 'VILLAGE PYANGTI', 'MUNSYARI', '262554', '-x-', 'UL', 'India', '4/29/2017 16:13', 1, 'CORRESPONDANCE', '2017041301', '2017-18', 'nitin', '0000-00-00 00:00:00'),
(605, 'VILLAGE TALLA GHORPATTA', 'MUNSYARI', '262554', '-x-', 'UL', 'India', '4/29/2017 16:13', 1, 'PERMANENT', '2017041302', '2017-18', 'nitin', '0000-00-00 00:00:00'),
(606, 'VILLAGE TALLA GHORPATTA', 'MUNSYARI', '262554', '-x-', 'UL', 'India', '4/29/2017 16:13', 1, 'CORRESPONDANCE', '2017041302', '2017-18', 'nitin', '0000-00-00 00:00:00'),
(607, 'VILLAGE SAMKOTE', 'MUNSYARI', '262555', '-x-', 'UL', 'India', '4/29/2017 16:13', 1, 'PERMANENT', '2017041303', '2017-18', 'nitin', '0000-00-00 00:00:00'),
(608, 'VILLAGE SAMKOTE', 'MUNSYARI', '262555', '-x-', 'UL', 'India', '4/29/2017 16:13', 1, 'CORRESPONDANCE', '2017041303', '2017-18', 'nitin', '0000-00-00 00:00:00'),
(609, 'VILLAGE MADALKIYA', 'BALA', '262554', '-x-', 'UL', 'India', '4/29/2017 16:13', 1, 'PERMANENT', '2017041304', '2017-18', 'nitin', '0000-00-00 00:00:00'),
(610, 'VILLAGE MADALKIYA', 'BALA', '262554', '-x-', 'UL', 'India', '4/29/2017 16:13', 1, 'CORRESPONDANCE', '2017041304', '2017-18', 'nitin', '0000-00-00 00:00:00'),
(611, 'VILLAGE SEVILA', 'VILLAGE NAMIK', '262554', '-x-', 'UL', 'India', '4/29/2017 16:13', 1, 'PERMANENT', '2017041305', '2017-18', 'nitin', '0000-00-00 00:00:00'),
(612, 'VILLAGE SEVILA', 'VILLAGE NAMIK', '262554', '-x-', 'UL', 'India', '4/29/2017 16:13', 1, 'CORRESPONDANCE', '2017041305', '2017-18', 'nitin', '0000-00-00 00:00:00'),
(613, 'VILLAGE UCHAITI', 'MUNSYARI', '262554', '-x-', 'UL', 'India', '4/29/2017 16:13', 1, 'PERMANENT', '2017041306', '2017-18', 'nitin', '0000-00-00 00:00:00'),
(614, 'VILLAGE UCHAITI', 'MUNSYARI', '262554', '-x-', 'UL', 'India', '4/29/2017 16:13', 1, 'CORRESPONDANCE', '2017041306', '2017-18', 'nitin', '0000-00-00 00:00:00'),
(615, 'VILLAGE WALTHI', 'MUNSYARI', '262554', '-x-', 'UL', 'India', '4/29/2017 16:13', 1, 'PERMANENT', '2017041307', '2017-18', 'nitin', '0000-00-00 00:00:00'),
(616, 'VILLAGE WALTHI', 'MUNSYARI', '262554', '-x-', 'UL', 'India', '4/29/2017 16:13', 1, 'CORRESPONDANCE', '2017041307', '2017-18', 'nitin', '0000-00-00 00:00:00'),
(617, 'VILLAGE ALAM', 'MUNSYARI', '262554', '-x-', 'UL', 'India', '4/29/2017 16:13', 1, 'PERMANENT', '2017041308', '2017-18', 'nitin', '0000-00-00 00:00:00'),
(618, 'VILLAGE ALAM', 'MUNSYARI', '262554', '-x-', 'UL', 'India', '4/29/2017 16:13', 1, 'CORRESPONDANCE', '2017041308', '2017-18', 'nitin', '0000-00-00 00:00:00'),
(619, 'VILLAGE PATO', 'MUNSYARI', '262554', '-x-', 'UL', 'India', '4/29/2017 16:13', 1, 'PERMANENT', '2017041309', '2017-18', 'nitin', '0000-00-00 00:00:00'),
(620, 'VILLAGE PATO', 'MUNSYARI', '262554', '-x-', 'UL', 'India', '4/29/2017 16:13', 1, 'CORRESPONDANCE', '2017041309', '2017-18', 'nitin', '0000-00-00 00:00:00'),
(621, 'VILLAGE FAPA', 'MUNSYARI', '262554', '-x-', 'UL', 'India', '4/29/2017 16:13', 1, 'PERMANENT', '2017041310', '2017-18', 'nitin', '0000-00-00 00:00:00'),
(622, 'VILLAGE FAPA', 'MUNSYARI', '262554', '-x-', 'UL', 'India', '4/29/2017 16:13', 1, 'CORRESPONDANCE', '2017041310', '2017-18', 'nitin', '0000-00-00 00:00:00'),
(623, 'VILLAGE KHASIABARA', 'MUNSYARI', '262554', '-x-', 'UL', 'India', '4/29/2017 16:13', 1, 'PERMANENT', '2017041311', '2017-18', 'nitin', '0000-00-00 00:00:00'),
(624, 'VILLAGE KHASIABARA', 'MUNSYARI', '262554', '-x-', 'UL', 'India', '4/29/2017 16:13', 1, 'CORRESPONDANCE', '2017041311', '2017-18', 'nitin', '0000-00-00 00:00:00'),
(625, 'VILLAGE BUIE LEELAM', 'MUNSYARI', '262554', '-x-', 'UL', 'India', '4/29/2017 16:13', 1, 'PERMANENT', '2017041312', '2017-18', 'nitin', '0000-00-00 00:00:00'),
(626, 'VILLAGE BUIE LEELAM', 'MUNSYARI', '262554', '-x-', 'UL', 'India', '4/29/2017 16:13', 1, 'CORRESPONDANCE', '2017041312', '2017-18', 'nitin', '0000-00-00 00:00:00'),
(627, 'VILLAGE FAPA', 'MUNSYARI', '262554', '-x-', 'UL', 'India', '4/29/2017 16:13', 1, 'PERMANENT', '2017041313', '2017-18', 'nitin', '0000-00-00 00:00:00'),
(628, 'VILLAGE FAPA', 'MUNSYARI', '262554', '-x-', 'UL', 'India', '4/29/2017 16:13', 1, 'CORRESPONDANCE', '2017041313', '2017-18', 'nitin', '0000-00-00 00:00:00'),
(629, 'VILLAGE DHEELAM', 'MUNSYARI', '262554', '-x-', 'UL', 'India', '4/29/2017 16:13', 1, 'PERMANENT', '2017041314', '2017-18', 'nitin', '0000-00-00 00:00:00'),
(630, 'VILLAGE DHEELAM', 'MUNSYARI', '262554', '-x-', 'UL', 'India', '4/29/2017 16:13', 1, 'CORRESPONDANCE', '2017041314', '2017-18', 'nitin', '0000-00-00 00:00:00'),
(631, 'VILLAGE SHAMBHUGHAT', 'MUNSYARI', '262554', '-x-', 'UL', 'India', '4/29/2017 16:13', 1, 'PERMANENT', '2017041315', '2017-18', 'nitin', '0000-00-00 00:00:00'),
(632, 'VILLAGE SHAMBHUGHAT', 'MUNSYARI', '262554', '-x-', 'UL', 'India', '4/29/2017 16:13', 1, 'CORRESPONDANCE', '2017041315', '2017-18', 'nitin', '0000-00-00 00:00:00'),
(633, 'VILLAGE TALLA GHORPATTA', 'MUNSYARI', '262554', '-x-', 'UL', 'India', '4/29/2017 16:13', 1, 'PERMANENT', '2017041316', '2017-18', 'nitin', '0000-00-00 00:00:00'),
(634, 'VILLAGE TALLA GHORPATTA', 'MUNSYARI', '262554', '-x-', 'UL', 'India', '4/29/2017 16:13', 1, 'CORRESPONDANCE', '2017041316', '2017-18', 'nitin', '0000-00-00 00:00:00'),
(635, 'VILLAGE PAITNA', 'NAINITAL', '262554', '-x-', 'UL', 'India', '4/29/2017 16:13', 1, 'PERMANENT', '2017041317', '2017-18', 'nitin', '0000-00-00 00:00:00'),
(636, 'VILLAGE PAITNA', 'NAINITAL', '262554', '-x-', 'UL', 'India', '4/29/2017 16:13', 1, 'CORRESPONDANCE', '2017041317', '2017-18', 'nitin', '0000-00-00 00:00:00'),
(637, 'VILLAGE SEVILA', 'MUNSYARI', '262554', '-x-', 'UL', 'India', '4/29/2017 16:13', 1, 'PERMANENT', '2017041318', '2017-18', 'nitin', '0000-00-00 00:00:00'),
(638, 'VILLAGE SEVILA', 'MUNSYARI', '262554', '-x-', 'UL', 'India', '4/29/2017 16:13', 1, 'CORRESPONDANCE', '2017041318', '2017-18', 'nitin', '0000-00-00 00:00:00'),
(639, 'VILLAGE SAIDHURA', 'MUNSYARI', '262554', '-x-', 'UL', 'India', '4/29/2017 16:13', 1, 'PERMANENT', '2017041319', '2017-18', 'nitin', '0000-00-00 00:00:00'),
(640, 'VILLAGE SAIDHURA', 'MUNSYARI', '262554', '-x-', 'UL', 'India', '4/29/2017 16:13', 1, 'CORRESPONDANCE', '2017041319', '2017-18', 'nitin', '0000-00-00 00:00:00'),
(641, 'VILLAGE MATENA', 'MUNSYARI', '262554', '-x-', 'UL', 'India', '4/29/2017 16:13', 1, 'PERMANENT', '2017041320', '2017-18', 'nitin', '0000-00-00 00:00:00'),
(642, 'VILLAGE MATENA', 'MUNSYARI', '262554', '-x-', 'UL', 'India', '4/29/2017 16:13', 1, 'CORRESPONDANCE', '2017041320', '2017-18', 'nitin', '0000-00-00 00:00:00'),
(643, 'VILLAGE FALYATI', 'MUNSYARI', '262554', '-x-', 'UL', 'India', '4/29/2017 16:13', 1, 'PERMANENT', '2017041321', '2017-18', 'nitin', '0000-00-00 00:00:00'),
(644, 'VILLAGE FALYATI', 'MUNSYARI', '262554', '-x-', 'UL', 'India', '4/29/2017 16:13', 1, 'CORRESPONDANCE', '2017041321', '2017-18', 'nitin', '0000-00-00 00:00:00'),
(645, 'VILLAGE DHAPA', 'MUNSYARI', '262554', '-x-', 'UL', 'India', '4/29/2017 16:13', 1, 'PERMANENT', '2017041322', '2017-18', 'nitin', '0000-00-00 00:00:00'),
(646, 'VILLAGE DHAPA', 'MUNSYARI', '262554', '-x-', 'UL', 'India', '4/29/2017 16:13', 1, 'CORRESPONDANCE', '2017041322', '2017-18', 'nitin', '0000-00-00 00:00:00'),
(647, 'VILLAGE PAPRI', 'MUNSYARI', '262554', '-x-', 'UL', 'India', '4/29/2017 16:13', 1, 'PERMANENT', '2017041323', '2017-18', 'nitin', '0000-00-00 00:00:00'),
(648, 'VILLAGE PAPRI', 'MUNSYARI', '262554', '-x-', 'UL', 'India', '4/29/2017 16:13', 1, 'CORRESPONDANCE', '2017041323', '2017-18', 'nitin', '0000-00-00 00:00:00'),
(649, 'VILLAGE PANTO', 'MUNSYARI', '262554', '-x-', 'UL', 'India', '4/29/2017 16:13', 1, 'PERMANENT', '2017041324', '2017-18', 'nitin', '0000-00-00 00:00:00'),
(650, 'VILLAGE PANTO', 'MUNSYARI', '262554', '-x-', 'UL', 'India', '4/29/2017 16:13', 1, 'CORRESPONDANCE', '2017041324', '2017-18', 'nitin', '0000-00-00 00:00:00'),
(651, 'VILLAGE DHAPA', 'MUNSYARI', '262554', '-x-', 'UL', 'India', '4/29/2017 16:13', 1, 'PERMANENT', '2017041325', '2017-18', 'nitin', '0000-00-00 00:00:00'),
(652, 'VILLAGE DHAPA', 'MUNSYARI', '262554', '-x-', 'UL', 'India', '4/29/2017 16:13', 1, 'CORRESPONDANCE', '2017041325', '2017-18', 'nitin', '0000-00-00 00:00:00'),
(653, 'VILLAGE SHANKHDHURA', 'MUNSYARI', '262554', '-x-', 'UL', 'India', '4/29/2017 16:13', 1, 'PERMANENT', '2017041326', '2017-18', 'nitin', '0000-00-00 00:00:00'),
(654, 'VILLAGE SHANKHDHURA', 'MUNSYARI', '262554', '-x-', 'UL', 'India', '4/29/2017 16:13', 1, 'CORRESPONDANCE', '2017041326', '2017-18', 'nitin', '0000-00-00 00:00:00'),
(655, 'VILLAGE MALLA DUMMAR', 'MUNSYARI', '262554', '-x-', 'UL', 'India', '4/29/2017 16:13', 1, 'PERMANENT', '2017041327', '2017-18', 'nitin', '0000-00-00 00:00:00'),
(656, 'VILLAGE MALLA DUMMAR', 'MUNSYARI', '262554', '-x-', 'UL', 'India', '4/29/2017 16:13', 1, 'CORRESPONDANCE', '2017041327', '2017-18', 'nitin', '0000-00-00 00:00:00'),
(657, 'VILLAGE IMLA', 'MADKOTE', '262554', '-x-', 'UL', 'India', '4/29/2017 16:13', 1, 'PERMANENT', '2017041328', '2017-18', 'nitin', '0000-00-00 00:00:00'),
(658, 'VILLAGE IMLA', 'MADKOTE', '262554', '-x-', 'UL', 'India', '4/29/2017 16:13', 1, 'CORRESPONDANCE', '2017041328', '2017-18', 'nitin', '0000-00-00 00:00:00'),
(659, 'VILLAGE MINAL GAON', 'MUNSYARI', '262554', '-x-', 'UL', 'India', '4/29/2017 16:13', 1, 'PERMANENT', '2017041329', '2017-18', 'nitin', '0000-00-00 00:00:00'),
(660, 'VILLAGE MINAL GAON', 'MUNSYARI', '262554', '-x-', 'UL', 'India', '4/29/2017 16:13', 1, 'CORRESPONDANCE', '2017041329', '2017-18', 'nitin', '0000-00-00 00:00:00'),
(661, 'VILLAGE KULTHAM', 'MUNSYARI', '262554', '-x-', 'UL', 'India', '4/29/2017 16:13', 1, 'PERMANENT', '2017041330', '2017-18', 'nitin', '0000-00-00 00:00:00'),
(662, 'VILLAGE KULTHAM', 'MUNSYARI', '262554', '-x-', 'UL', 'India', '4/29/2017 16:13', 1, 'CORRESPONDANCE', '2017041330', '2017-18', 'nitin', '0000-00-00 00:00:00'),
(663, 'VILLAGE MALLA GHORPATTA', 'MUNSYARI', '262554', '-x-', 'UL', 'India', '4/29/2017 16:13', 1, 'PERMANENT', '2017041331', '2017-18', 'nitin', '0000-00-00 00:00:00'),
(664, 'VILLAGE MALLA GHORPATTA', 'MUNSYARI', '262554', '-x-', 'UL', 'India', '4/29/2017 16:13', 1, 'CORRESPONDANCE', '2017041331', '2017-18', 'nitin', '0000-00-00 00:00:00'),
(665, 'VILLAGE PAINKUTI', 'MUNSYARI', '262554', '-x-', 'UL', 'India', '4/29/2017 16:13', 1, 'PERMANENT', '2017041332', '2017-18', 'nitin', '0000-00-00 00:00:00'),
(666, 'VILLAGE PAINKUTI', 'MUNSYARI', '262554', '-x-', 'UL', 'India', '4/29/2017 16:13', 1, 'CORRESPONDANCE', '2017041332', '2017-18', 'nitin', '0000-00-00 00:00:00'),
(667, 'VILLAGE JOSHA', 'MUNSYARI', '262554', '-x-', 'UL', 'India', '4/29/2017 16:13', 1, 'PERMANENT', '2017041333', '2017-18', 'nitin', '0000-00-00 00:00:00'),
(668, 'VILLAGE JOSHA', 'MUNSYARI', '262554', '-x-', 'UL', 'India', '4/29/2017 16:13', 1, 'CORRESPONDANCE', '2017041333', '2017-18', 'nitin', '0000-00-00 00:00:00'),
(669, 'VILLAGE FAFA ', 'MUNSYARI', '262554', '-x-', 'UL', 'India', '4/29/2017 16:13', 1, 'PERMANENT', '2017041334', '2017-18', 'nitin', '0000-00-00 00:00:00'),
(670, 'VILLAGE FAFA ', 'MUNSYARI', '262554', '-x-', 'UL', 'India', '4/29/2017 16:13', 1, 'CORRESPONDANCE', '2017041334', '2017-18', 'nitin', '0000-00-00 00:00:00'),
(671, 'VILLAGE FAFA ', 'MUNSYARI', '262554', '-x-', 'UL', 'India', '4/29/2017 16:13', 1, 'PERMANENT', '2017041335', '2017-18', 'nitin', '0000-00-00 00:00:00'),
(672, 'VILLAGE FAFA ', 'MUNSYARI', '262554', '-x-', 'UL', 'India', '4/29/2017 16:13', 1, 'CORRESPONDANCE', '2017041335', '2017-18', 'nitin', '0000-00-00 00:00:00'),
(673, 'VILLAGE QUIRIJIMIYA', 'MUNSYARI', '262554', '-x-', 'UL', 'India', '4/29/2017 16:13', 1, 'PERMANENT', '2017041336', '2017-18', 'nitin', '0000-00-00 00:00:00'),
(674, 'VILLAGE QUIRIJIMIYA', 'MUNSYARI', '262554', '-x-', 'UL', 'India', '4/29/2017 16:13', 1, 'CORRESPONDANCE', '2017041336', '2017-18', 'nitin', '0000-00-00 00:00:00'),
(675, 'VILLAGE BEESHA', 'MUNSYARI', '262554', '-x-', 'UL', 'India', '4/29/2017 16:13', 1, 'PERMANENT', '2017041337', '2017-18', 'nitin', '0000-00-00 00:00:00'),
(676, 'VILLAGE BEESHA', 'MUNSYARI', '262554', '-x-', 'UL', 'India', '4/29/2017 16:13', 1, 'CORRESPONDANCE', '2017041337', '2017-18', 'nitin', '0000-00-00 00:00:00'),
(677, 'VILLAGE LENGA', 'MUNSYARI', '262554', '-x-', 'UL', 'India', '4/29/2017 16:13', 1, 'PERMANENT', '2017041338', '2017-18', 'nitin', '0000-00-00 00:00:00'),
(678, 'VILLAGE LENGA', 'MUNSYARI', '262554', '-x-', 'UL', 'India', '4/29/2017 16:13', 1, 'CORRESPONDANCE', '2017041338', '2017-18', 'nitin', '0000-00-00 00:00:00'),
(679, 'VILLAE SAIPOLU', 'MUNSYARI', '262554', '-x-', 'UL', 'India', '4/29/2017 16:13', 1, 'PERMANENT', '2017041339', '2017-18', 'nitin', '0000-00-00 00:00:00'),
(680, 'VILLAE SAIPOLU', 'MUNSYARI', '262554', '-x-', 'UL', 'India', '4/29/2017 16:13', 1, 'CORRESPONDANCE', '2017041339', '2017-18', 'nitin', '0000-00-00 00:00:00'),
(681, 'VILLAGE GARGHINYA', 'MUNSYARI', '262554', '-x-', 'UL', 'India', '4/29/2017 16:13', 1, 'PERMANENT', '2017041340', '2017-18', 'nitin', '0000-00-00 00:00:00'),
(682, 'VILLAGE GARGHINYA', 'MUNSYARI', '262554', '-x-', 'UL', 'India', '4/29/2017 16:13', 1, 'CORRESPONDANCE', '2017041340', '2017-18', 'nitin', '0000-00-00 00:00:00'),
(683, 'VILLAGE JAINTI', 'MUNSYARI', '262554', '-x-', 'UL', 'India', '4/29/2017 16:13', 1, 'PERMANENT', '2017041341', '2017-18', 'nitin', '0000-00-00 00:00:00'),
(684, 'VILLAGE JAINTI', 'MUNSYARI', '262554', '-x-', 'UL', 'India', '4/29/2017 16:13', 1, 'CORRESPONDANCE', '2017041341', '2017-18', 'nitin', '0000-00-00 00:00:00'),
(685, 'VILLAGE SARMOLI', 'MUNSYARI', '262554', '-x-', 'UL', 'India', '4/29/2017 16:13', 1, 'PERMANENT', '2017041342', '2017-18', 'nitin', '0000-00-00 00:00:00'),
(686, 'VILLAGE SARMOLI', 'MUNSYARI', '262554', '-x-', 'UL', 'India', '4/29/2017 16:13', 1, 'CORRESPONDANCE', '2017041342', '2017-18', 'nitin', '0000-00-00 00:00:00'),
(687, 'VILLAGE QUIRIJIMIYA', 'MUNSYARI', '262554', '-x-', 'UL', 'India', '4/29/2017 16:13', 1, 'PERMANENT', '2017041343', '2017-18', 'nitin', '0000-00-00 00:00:00'),
(688, 'VILLAGE QUIRIJIMIYA', 'MUNSYARI', '262554', '-x-', 'UL', 'India', '4/29/2017 16:13', 1, 'CORRESPONDANCE', '2017041343', '2017-18', 'nitin', '0000-00-00 00:00:00'),
(689, 'VILLAGE TANGA', 'MUNSYARI', '262554', '-x-', 'UL', 'India', '4/29/2017 16:13', 1, 'PERMANENT', '2017041344', '2017-18', 'nitin', '0000-00-00 00:00:00'),
(690, 'VILLAGE TANGA', 'MUNSYARI', '262554', '-x-', 'UL', 'India', '4/29/2017 16:13', 1, 'CORRESPONDANCE', '2017041344', '2017-18', 'nitin', '0000-00-00 00:00:00'),
(691, 'VILLAGE JAINTI', 'MUNSYARI', '262554', '-x-', 'UL', 'India', '4/29/2017 16:13', 1, 'PERMANENT', '2017041345', '2017-18', 'nitin', '0000-00-00 00:00:00'),
(692, 'VILLAGE JAINTI', 'MUNSYARI', '262554', '-x-', 'UL', 'India', '4/29/2017 16:13', 1, 'CORRESPONDANCE', '2017041345', '2017-18', 'nitin', '0000-00-00 00:00:00'),
(693, 'VILLAGE JAINTI', 'MUNSYARI', '262554', '-x-', 'UL', 'India', '4/29/2017 16:13', 1, 'PERMANENT', '2017041346', '2017-18', 'nitin', '0000-00-00 00:00:00'),
(694, 'VILLAGE JAINTI', 'MUNSYARI', '262554', '-x-', 'UL', 'India', '4/29/2017 16:13', 1, 'CORRESPONDANCE', '2017041346', '2017-18', 'nitin', '0000-00-00 00:00:00'),
(695, 'VILLAGE SAIPOLU', 'MUNSYARI', '262554', '-x-', 'UL', 'India', '4/29/2017 16:13', 1, 'PERMANENT', '2017041347', '2017-18', 'nitin', '0000-00-00 00:00:00'),
(696, 'VILLAGE SAIPOLU', 'MUNSYARI', '262554', '-x-', 'UL', 'India', '4/29/2017 16:13', 1, 'CORRESPONDANCE', '2017041347', '2017-18', 'nitin', '0000-00-00 00:00:00'),
(697, 'VILLAGE JOSHA', 'MUNSYARI', '262554', '-x-', 'UL', 'India', '4/29/2017 16:13', 1, 'PERMANENT', '2017041348', '2017-18', 'nitin', '0000-00-00 00:00:00'),
(698, 'VILLAGE JOSHA', 'MUNSYARI', '262554', '-x-', 'UL', 'India', '4/29/2017 16:13', 1, 'CORRESPONDANCE', '2017041348', '2017-18', 'nitin', '0000-00-00 00:00:00'),
(699, 'VILLAGE SARMOLI', 'MUNSYARI', '262554', '-x-', 'UL', 'India', '4/29/2017 16:13', 1, 'PERMANENT', '2017041349', '2017-18', 'nitin', '0000-00-00 00:00:00'),
(700, 'VILLAGE SARMOLI', 'MUNSYARI', '262554', '-x-', 'UL', 'India', '4/29/2017 16:13', 1, 'CORRESPONDANCE', '2017041349', '2017-18', 'nitin', '0000-00-00 00:00:00'),
(701, 'VILLAGE CHETICHIMLA', 'MUNSYARI', '262554', '-x-', 'UL', 'India', '4/29/2017 16:13', 1, 'PERMANENT', '2017041350', '2017-18', 'nitin', '0000-00-00 00:00:00'),
(702, 'VILLAGE CHETICHIMLA', 'MUNSYARI', '262554', '-x-', 'UL', 'India', '4/29/2017 16:13', 1, 'CORRESPONDANCE', '2017041350', '2017-18', 'nitin', '0000-00-00 00:00:00'),
(703, 'VILLAGE BUNGA', 'MUNSYARI', '262554', '-x-', 'UL', 'India', '4/29/2017 16:13', 1, 'PERMANENT', '2017041351', '2017-18', 'nitin', '0000-00-00 00:00:00'),
(704, 'VILLAGE BUNGA', 'MUNSYARI', '262554', '-x-', 'UL', 'India', '4/29/2017 16:13', 1, 'CORRESPONDANCE', '2017041351', '2017-18', 'nitin', '0000-00-00 00:00:00'),
(705, 'VILLAGE MALUPATI', 'MUNSYARI', '262554', '-x-', 'UL', 'India', '4/29/2017 16:13', 1, 'PERMANENT', '2017041352', '2017-18', 'nitin', '0000-00-00 00:00:00'),
(706, 'VILLAGE MALUPATI', 'MUNSYARI', '262554', '-x-', 'UL', 'India', '4/29/2017 16:13', 1, 'CORRESPONDANCE', '2017041352', '2017-18', 'nitin', '0000-00-00 00:00:00'),
(707, 'VILLAGE HARKOTE', 'MUNSYARI', '262554', '-x-', 'UL', 'India', '4/29/2017 16:13', 1, 'PERMANENT', '2017041353', '2017-18', 'nitin', '0000-00-00 00:00:00'),
(708, 'VILLAGE HARKOTE', 'MUNSYARI', '262554', '-x-', 'UL', 'India', '4/29/2017 16:13', 1, 'CORRESPONDANCE', '2017041353', '2017-18', 'nitin', '0000-00-00 00:00:00'),
(709, 'VILLAGE HARKOTE', 'MUNSYARI', '262555', '-x-', 'UL', 'India', '4/29/2017 16:13', 1, 'PERMANENT', '2017041354', '2017-18', 'nitin', '0000-00-00 00:00:00'),
(710, 'VILLAGE HARKOTE', 'MUNSYARI', '262555', '-x-', 'UL', 'India', '4/29/2017 16:13', 1, 'CORRESPONDANCE', '2017041354', '2017-18', 'nitin', '0000-00-00 00:00:00'),
(711, 'VILLAGE SARMOLI', 'MUNSYARI', '262554', '-x-', 'UL', 'India', '4/29/2017 16:13', 1, 'PERMANENT', '2017041355', '2017-18', 'nitin', '0000-00-00 00:00:00'),
(712, 'VILLAGE SARMOLI', 'MUNSYARI', '262554', '-x-', 'UL', 'India', '4/29/2017 16:13', 1, 'CORRESPONDANCE', '2017041355', '2017-18', 'nitin', '0000-00-00 00:00:00'),
(713, 'VILLAGE CHAUNA', 'MUNSYARI', '262554', '-x-', 'UL', 'India', '4/29/2017 16:13', 1, 'PERMANENT', '2017041356', '2017-18', 'nitin', '0000-00-00 00:00:00'),
(714, 'VILLAGE CHAUNA', 'MUNSYARI', '262554', '-x-', 'UL', 'India', '4/29/2017 16:13', 1, 'CORRESPONDANCE', '2017041356', '2017-18', 'nitin', '0000-00-00 00:00:00'),
(715, 'VILLAGE SAMKOTE', 'MUNSYARI', '262554', '-x-', 'UL', 'India', '4/29/2017 16:13', 1, 'PERMANENT', '2017041357', '2017-18', 'nitin', '0000-00-00 00:00:00'),
(716, 'VILLAGE SAMKOTE', 'MUNSYARI', '262554', '-x-', 'UL', 'India', '4/29/2017 16:13', 1, 'CORRESPONDANCE', '2017041357', '2017-18', 'nitin', '0000-00-00 00:00:00'),
(717, 'VILLAGE BUNGA', 'MUNSYARI', '262554', '-x-', 'UL', 'India', '4/29/2017 16:13', 1, 'PERMANENT', '2017041358', '2017-18', 'nitin', '0000-00-00 00:00:00'),
(718, 'VILLAGE BUNGA', 'MUNSYARI', '262554', '-x-', 'UL', 'India', '4/29/2017 16:13', 1, 'CORRESPONDANCE', '2017041358', '2017-18', 'nitin', '0000-00-00 00:00:00'),
(719, 'VILLAGE SEVILA', 'MUNSYARI', '262554', '-x-', 'UL', 'India', '4/29/2017 16:13', 1, 'PERMANENT', '2017041359', '2017-18', 'nitin', '0000-00-00 00:00:00'),
(720, 'VILLAGE SEVILA', 'MUNSYARI', '262554', '-x-', 'UL', 'India', '4/29/2017 16:13', 1, 'CORRESPONDANCE', '2017041359', '2017-18', 'nitin', '0000-00-00 00:00:00'),
(721, 'VILLAGE SAMKOTE', 'MUNSYARI', '262554', '-x-', 'UL', 'India', '4/29/2017 16:13', 1, 'PERMANENT', '2017041360', '2017-18', 'nitin', '0000-00-00 00:00:00'),
(722, 'VILLAGE SAMKOTE', 'MUNSYARI', '262554', '-x-', 'UL', 'India', '4/29/2017 16:13', 1, 'CORRESPONDANCE', '2017041360', '2017-18', 'nitin', '0000-00-00 00:00:00'),
(723, 'VILLAGE TALLA GHORPATTA', 'MUNSYARI', '262554', '-x-', 'UL', 'India', '4/29/2017 16:13', 1, 'PERMANENT', '2017041361', '2017-18', 'nitin', '0000-00-00 00:00:00'),
(724, 'VILLAGE TALLA GHORPATTA', 'MUNSYARI', '262554', '-x-', 'UL', 'India', '4/29/2017 16:13', 1, 'CORRESPONDANCE', '2017041361', '2017-18', 'nitin', '0000-00-00 00:00:00'),
(725, 'VILLAGE GIRGAON', 'MUNSYARI', '262554', '-x-', 'UL', 'India', '4/29/2017 16:13', 1, 'PERMANENT', '2017041362', '2017-18', 'nitin', '0000-00-00 00:00:00'),
(726, 'VILLAGE GIRGAON', 'MUNSYARI', '262554', '-x-', 'UL', 'India', '4/29/2017 16:13', 1, 'CORRESPONDANCE', '2017041362', '2017-18', 'nitin', '0000-00-00 00:00:00'),
(727, 'VILLAGE SAMKOTE', 'MUNSYARI', '262554', '-x-', 'UL', 'India', '4/29/2017 16:13', 1, 'PERMANENT', '2017041363', '2017-18', 'nitin', '0000-00-00 00:00:00'),
(728, 'VILLAGE SAMKOTE', 'MUNSYARI', '262554', '-x-', 'UL', 'India', '4/29/2017 16:13', 1, 'CORRESPONDANCE', '2017041363', '2017-18', 'nitin', '0000-00-00 00:00:00'),
(729, 'VILLAGE DHEELAM', 'MUNSYARI', '262554', '-x-', 'UL', 'India', '4/29/2017 16:13', 1, 'PERMANENT', '2017041364', '2017-18', 'nitin', '0000-00-00 00:00:00'),
(730, 'VILLAGE DHEELAM', 'MUNSYARI', '262554', '-x-', 'UL', 'India', '4/29/2017 16:13', 1, 'CORRESPONDANCE', '2017041364', '2017-18', 'nitin', '0000-00-00 00:00:00'),
(731, 'VILLAGE BUNGA', 'MUNSYARI', '262554', '-x-', 'UL', 'India', '4/29/2017 16:13', 1, 'PERMANENT', '2017041365', '2017-18', 'nitin', '0000-00-00 00:00:00'),
(732, 'VILLAGE BUNGA', 'MUNSYARI', '262554', '-x-', 'UL', 'India', '4/29/2017 16:13', 1, 'CORRESPONDANCE', '2017041365', '2017-18', 'nitin', '0000-00-00 00:00:00'),
(733, 'VILLAGE BUNGA', 'MUNSYARI', '262554', '-x-', 'UL', 'India', '4/29/2017 16:13', 1, 'PERMANENT', '2017041366', '2017-18', 'nitin', '0000-00-00 00:00:00'),
(734, 'VILLAGE BUNGA', 'MUNSYARI', '262554', '-x-', 'UL', 'India', '4/29/2017 16:13', 1, 'CORRESPONDANCE', '2017041366', '2017-18', 'nitin', '0000-00-00 00:00:00'),
(735, 'VILLAGE SAIPOLU', 'MUNSYARI', '262554', '-x-', 'UL', 'India', '4/29/2017 16:13', 1, 'PERMANENT', '2017041367', '2017-18', 'nitin', '0000-00-00 00:00:00'),
(736, 'VILLAGE SAIPOLU', 'MUNSYARI', '262554', '-x-', 'UL', 'India', '4/29/2017 16:13', 1, 'CORRESPONDANCE', '2017041367', '2017-18', 'nitin', '0000-00-00 00:00:00'),
(737, 'VILLAGE UCHHAITI', 'MUNSYARI', '262554', '-x-', 'UL', 'India', '4/29/2017 16:13', 1, 'PERMANENT', '2017041368', '2017-18', 'nitin', '0000-00-00 00:00:00'),
(738, 'VILLAGE UCHHAITI', 'MUNSYARI', '262554', '-x-', 'UL', 'India', '4/29/2017 16:13', 1, 'CORRESPONDANCE', '2017041368', '2017-18', 'nitin', '0000-00-00 00:00:00'),
(739, 'VILLAGE SERASURAI', 'MUNSYARI', '262554', '-x-', 'UL', 'India', '4/29/2017 16:13', 1, 'PERMANENT', '2017041369', '2017-18', 'nitin', '0000-00-00 00:00:00'),
(740, 'VILLAGE SERASURAI', 'MUNSYARI', '262554', '-x-', 'UL', 'India', '4/29/2017 16:13', 1, 'CORRESPONDANCE', '2017041369', '2017-18', 'nitin', '0000-00-00 00:00:00'),
(741, 'VILLAGE SARMOLI', 'MUNSYARI', '262554', '-x-', 'UL', 'India', '4/29/2017 16:13', 1, 'PERMANENT', '2017041370', '2017-18', 'nitin', '0000-00-00 00:00:00'),
(742, 'VILLAGE SARMOLI', 'MUNSYARI', '262554', '-x-', 'UL', 'India', '4/29/2017 16:13', 1, 'CORRESPONDANCE', '2017041370', '2017-18', 'nitin', '0000-00-00 00:00:00'),
(743, 'VILLAGE BASBAGAR', 'MUNSYARI', '262554', '-x-', 'UL', 'India', '4/29/2017 16:13', 1, 'PERMANENT', '2017041371', '2017-18', 'nitin', '0000-00-00 00:00:00'),
(744, 'VILLAGE BASBAGAR', 'MUNSYARI', '262554', '-x-', 'UL', 'India', '4/29/2017 16:13', 1, 'CORRESPONDANCE', '2017041371', '2017-18', 'nitin', '0000-00-00 00:00:00'),
(745, 'VILLAGE DARATI', 'MUNSYARI', '262554', '-x-', 'UL', 'India', '4/29/2017 16:13', 1, 'PERMANENT', '2017041372', '2017-18', 'nitin', '0000-00-00 00:00:00'),
(746, 'VILLAGE DARATI', 'MUNSYARI', '262554', '-x-', 'UL', 'India', '4/29/2017 16:13', 1, 'CORRESPONDANCE', '2017041372', '2017-18', 'nitin', '0000-00-00 00:00:00'),
(747, 'VILLAGE SAMKOTE', 'MUNSYARI', '262554', '-x-', 'UL', 'India', '4/29/2017 16:13', 1, 'PERMANENT', '2017041373', '2017-18', 'nitin', '0000-00-00 00:00:00'),
(748, 'VILLAGE SAMKOTE', 'MUNSYARI', '262554', '-x-', 'UL', 'India', '4/29/2017 16:13', 1, 'CORRESPONDANCE', '2017041373', '2017-18', 'nitin', '0000-00-00 00:00:00'),
(749, 'VILLAGE BUIE ', 'MUNSYARI', '262554', '-x-', 'UL', 'India', '4/29/2017 16:13', 1, 'PERMANENT', '2017041374', '2017-18', 'nitin', '0000-00-00 00:00:00'),
(750, 'VILLAGE BUIE ', 'MUNSYARI', '262554', '-x-', 'UL', 'India', '4/29/2017 16:13', 1, 'CORRESPONDANCE', '2017041374', '2017-18', 'nitin', '0000-00-00 00:00:00'),
(751, 'VILLAGE ALAM', 'MUNSYARI', '262554', '-x-', 'UL', 'India', '4/29/2017 16:13', 1, 'PERMANENT', '2017041375', '2017-18', 'nitin', '0000-00-00 00:00:00'),
(752, 'VILLAGE ALAM', 'MUNSYARI', '262554', '-x-', 'UL', 'India', '4/29/2017 16:13', 1, 'CORRESPONDANCE', '2017041375', '2017-18', 'nitin', '0000-00-00 00:00:00'),
(753, 'VILLAGE TALLA GHORPATTA', 'MUNSYARI', '262554', '-x-', 'UL', 'India', '4/29/2017 16:13', 1, 'PERMANENT', '2017041376', '2017-18', 'nitin', '0000-00-00 00:00:00'),
(754, 'VILLAGE TALLA GHORPATTA', 'MUNSYARI', '262554', '-x-', 'UL', 'India', '4/29/2017 16:13', 1, 'CORRESPONDANCE', '2017041376', '2017-18', 'nitin', '0000-00-00 00:00:00'),
(755, 'VILLAGE TALLA DUMMAR', 'MUNSYARI', '262554', '-x-', 'UL', 'India', '4/29/2017 16:13', 1, 'PERMANENT', '2017041377', '2017-18', 'nitin', '0000-00-00 00:00:00'),
(756, 'VILLAGE TALLA DUMMAR', 'MUNSYARI', '262554', '-x-', 'UL', 'India', '4/29/2017 16:13', 1, 'CORRESPONDANCE', '2017041377', '2017-18', 'nitin', '0000-00-00 00:00:00'),
(757, 'VILLAGE TALLA DUMMAR', 'MUNSYARI', '262554', '-x-', 'UL', 'India', '4/29/2017 16:13', 1, 'PERMANENT', '2017041378', '2017-18', 'nitin', '0000-00-00 00:00:00'),
(758, 'VILLAGE TALLA DUMMAR', 'MUNSYARI', '262554', '-x-', 'UL', 'India', '4/29/2017 16:13', 1, 'CORRESPONDANCE', '2017041378', '2017-18', 'nitin', '0000-00-00 00:00:00'),
(759, 'VILLAGE MAPWALBARA', 'MADKOTE', '262554', '-x-', 'UL', 'India', '4/29/2017 16:13', 1, 'PERMANENT', '2017041379', '2017-18', 'nitin', '0000-00-00 00:00:00'),
(760, 'VILLAGE MAPWALBARA', 'MADKOTE', '262554', '-x-', 'UL', 'India', '4/29/2017 16:13', 1, 'CORRESPONDANCE', '2017041379', '2017-18', 'nitin', '0000-00-00 00:00:00'),
(761, 'VILLAGE LEELAM', 'MUNSYARI', '262554', '-x-', 'UL', 'India', '4/29/2017 16:13', 1, 'PERMANENT', '2017041380', '2017-18', 'nitin', '0000-00-00 00:00:00'),
(762, 'VILLAGE LEELAM', 'MUNSYARI', '262554', '-x-', 'UL', 'India', '4/29/2017 16:13', 1, 'CORRESPONDANCE', '2017041380', '2017-18', 'nitin', '0000-00-00 00:00:00'),
(763, 'VILLAGE TALLA DUMMAR', 'MUNSYARI', '262554', '-x-', 'UL', 'India', '4/29/2017 16:13', 1, 'PERMANENT', '2017041381', '2017-18', 'nitin', '0000-00-00 00:00:00'),
(764, 'VILLAGE TALLA DUMMAR', 'MUNSYARI', '262554', '-x-', 'UL', 'India', '4/29/2017 16:13', 1, 'CORRESPONDANCE', '2017041381', '2017-18', 'nitin', '0000-00-00 00:00:00'),
(765, 'VILLAGE TALLA DUMMAR', 'MUNSYARI', '262554', '-x-', 'UL', 'India', '4/29/2017 16:13', 1, 'PERMANENT', '2017041382', '2017-18', 'nitin', '0000-00-00 00:00:00'),
(766, 'VILLAGE TALLA DUMMAR', 'MUNSYARI', '262554', '-x-', 'UL', 'India', '4/29/2017 16:13', 1, 'CORRESPONDANCE', '2017041382', '2017-18', 'nitin', '0000-00-00 00:00:00'),
(767, 'VILLAGE NAMJALA', 'MUNSYARI', '262554', '-x-', 'UL', 'India', '4/29/2017 16:13', 1, 'PERMANENT', '2017041383', '2017-18', 'nitin', '0000-00-00 00:00:00'),
(768, 'VILLAGE NAMJALA', 'MUNSYARI', '262554', '-x-', 'UL', 'India', '4/29/2017 16:13', 1, 'CORRESPONDANCE', '2017041383', '2017-18', 'nitin', '0000-00-00 00:00:00'),
(769, 'VILLAGE BHADELI', 'MUNSYARI', '262554', '-x-', 'UL', 'India', '4/29/2017 16:13', 1, 'PERMANENT', '2017041384', '2017-18', 'nitin', '0000-00-00 00:00:00'),
(770, 'VILLAGE BHADELI', 'MUNSYARI', '262554', '-x-', 'UL', 'India', '4/29/2017 16:13', 1, 'CORRESPONDANCE', '2017041384', '2017-18', 'nitin', '0000-00-00 00:00:00'),
(771, 'VILLAGE NANASEM', 'MUNSYARI', '262555', '-x-', 'UL', 'India', '4/29/2017 16:13', 1, 'PERMANENT', '2017041385', '2017-18', 'nitin', '0000-00-00 00:00:00'),
(772, 'VILLAGE NANASEM', 'MUNSYARI', '262555', '-x-', 'UL', 'India', '4/29/2017 16:13', 1, 'CORRESPONDANCE', '2017041385', '2017-18', 'nitin', '0000-00-00 00:00:00'),
(773, 'BUNGA', 'MUNSYARI', '262554', '-x-', 'UL', 'India', '4/29/2017 16:13', 1, 'PERMANENT', '2017041386', '2017-18', 'nitin', '0000-00-00 00:00:00'),
(774, 'BUNGA', 'MUNSYARI', '262554', '-x-', 'UL', 'India', '4/29/2017 16:13', 1, 'CORRESPONDANCE', '2017041386', '2017-18', 'nitin', '0000-00-00 00:00:00'),
(775, 'VILLAGE SAMKOTE', 'MUNSYARI', '262554', '-x-', 'UL', 'India', '4/29/2017 16:13', 1, 'PERMANENT', '2017041387', '2017-18', 'nitin', '0000-00-00 00:00:00'),
(776, 'VILLAGE SAMKOTE', 'MUNSYARI', '262554', '-x-', 'UL', 'India', '4/29/2017 16:13', 1, 'CORRESPONDANCE', '2017041387', '2017-18', 'nitin', '0000-00-00 00:00:00'),
(777, 'VILLAGE BUEI', 'MUNSYARI', '262554', '-x-', 'UL', 'India', '4/29/2017 16:13', 1, 'PERMANENT', '2017041388', '2017-18', 'nitin', '0000-00-00 00:00:00'),
(778, 'VILLAGE BUEI', 'MUNSYARI', '262554', '-x-', 'UL', 'India', '4/29/2017 16:13', 1, 'CORRESPONDANCE', '2017041388', '2017-18', 'nitin', '0000-00-00 00:00:00'),
(779, 'VILLAGE MATENA', 'MUNSYARI', '262554', '-x-', 'UL', 'India', '4/29/2017 16:13', 1, 'PERMANENT', '2017041389', '2017-18', 'nitin', '0000-00-00 00:00:00'),
(780, 'VILLAGE MATENA', 'MUNSYARI', '262554', '-x-', 'UL', 'India', '4/29/2017 16:13', 1, 'CORRESPONDANCE', '2017041389', '2017-18', 'nitin', '0000-00-00 00:00:00'),
(781, 'VILLAGE SARMOLI ', 'MUNSYARI', '262554', '-x-', 'UL', 'India', '4/29/2017 16:13', 1, 'PERMANENT', '2017041390', '2017-18', 'nitin', '0000-00-00 00:00:00'),
(782, 'VILLAGE SARMOLI ', 'MUNSYARI', '262554', '-x-', 'UL', 'India', '4/29/2017 16:13', 1, 'CORRESPONDANCE', '2017041390', '2017-18', 'nitin', '0000-00-00 00:00:00'),
(783, 'VILLAGE MASMOLI DIDIHAT', 'DIDIHAT', '262552', '-x-', 'UL', 'India', '4/29/2017 16:13', 1, 'PERMANENT', '2017041391', '2017-18', 'nitin', '0000-00-00 00:00:00'),
(784, 'VILLAGE MASMOLI DIDIHAT', 'DIDIHAT', '262552', '-x-', 'UL', 'India', '4/29/2017 16:13', 1, 'CORRESPONDANCE', '2017041391', '2017-18', 'nitin', '0000-00-00 00:00:00'),
(785, 'VILLAGE MAGAR BALA', 'MUNSYARI', '262553', '-x-', 'UL', 'India', '4/29/2017 16:13', 1, 'PERMANENT', '2017041392', '2017-18', 'nitin', '0000-00-00 00:00:00'),
(786, 'VILLAGE MAGAR BALA', 'MUNSYARI', '262553', '-x-', 'UL', 'India', '4/29/2017 16:13', 1, 'CORRESPONDANCE', '2017041392', '2017-18', 'nitin', '0000-00-00 00:00:00'),
(787, 'VILLAGE UCHHAITI', 'MUNSYARI', '262554', '-x-', 'UL', 'India', '4/29/2017 16:13', 1, 'PERMANENT', '2017041393', '2017-18', 'nitin', '0000-00-00 00:00:00'),
(788, 'VILLAGE UCHHAITI', 'MUNSYARI', '262554', '-x-', 'UL', 'India', '4/29/2017 16:13', 1, 'CORRESPONDANCE', '2017041393', '2017-18', 'nitin', '0000-00-00 00:00:00'),
(789, 'VILLAGE TALLA DUMMAR', 'MUNSYARI', '262554', '-x-', 'UL', 'India', '4/29/2017 16:13', 1, 'PERMANENT', '2017041394', '2017-18', 'nitin', '0000-00-00 00:00:00'),
(790, 'VILLAGE TALLA DUMMAR', 'MUNSYARI', '262554', '-x-', 'UL', 'India', '4/29/2017 16:13', 1, 'CORRESPONDANCE', '2017041394', '2017-18', 'nitin', '0000-00-00 00:00:00'),
(791, 'VILLAGE QUIRIJIMIYA', 'MUNSYARI', '262554', '-x-', 'UL', 'India', '4/29/2017 16:13', 1, 'PERMANENT', '2017041395', '2017-18', 'nitin', '0000-00-00 00:00:00'),
(792, 'VILLAGE QUIRIJIMIYA', 'MUNSYARI', '262554', '-x-', 'UL', 'India', '4/29/2017 16:13', 1, 'CORRESPONDANCE', '2017041395', '2017-18', 'nitin', '0000-00-00 00:00:00'),
(793, 'VILLAGE SENAR ', 'MUNSYARI', '262554', '-x-', 'UL', 'India', '4/29/2017 16:13', 1, 'PERMANENT', '2017041396', '2017-18', 'nitin', '0000-00-00 00:00:00'),
(794, 'VILLAGE SENAR ', 'MUNSYARI', '262554', '-x-', 'UL', 'India', '4/29/2017 16:13', 1, 'CORRESPONDANCE', '2017041396', '2017-18', 'nitin', '0000-00-00 00:00:00'),
(795, 'VILLAGE DARKOTE', 'MUNSYARI', '262554', '-x-', 'UL', 'India', '4/29/2017 16:13', 1, 'PERMANENT', '2017041397', '2017-18', 'nitin', '0000-00-00 00:00:00'),
(796, 'VILLAGE DARKOTE', 'MUNSYARI', '262554', '-x-', 'UL', 'India', '4/29/2017 16:13', 1, 'CORRESPONDANCE', '2017041397', '2017-18', 'nitin', '0000-00-00 00:00:00'),
(797, 'VILLAGE NANASEM', 'MUNSYARI', '262554', '-x-', 'UL', 'India', '4/29/2017 16:13', 1, 'PERMANENT', '2017041398', '2017-18', 'nitin', '0000-00-00 00:00:00'),
(798, 'VILLAGE NANASEM', 'MUNSYARI', '262554', '-x-', 'UL', 'India', '4/29/2017 16:13', 1, 'CORRESPONDANCE', '2017041398', '2017-18', 'nitin', '0000-00-00 00:00:00'),
(799, 'VILLAGE SEMALI', 'MUNSYARI', '262553', '-x-', 'UL', 'India', '4/29/2017 16:13', 1, 'PERMANENT', '2017041399', '2017-18', 'nitin', '0000-00-00 00:00:00'),
(800, 'VILLAGE SEMALI', 'MUNSYARI', '262553', '-x-', 'UL', 'India', '4/29/2017 16:13', 1, 'CORRESPONDANCE', '2017041399', '2017-18', 'nitin', '0000-00-00 00:00:00'),
(801, 'VILLAGE BOTHI', 'MUNSYARI', '262554', '-x-', 'UL', 'India', '4/29/2017 16:13', 1, 'PERMANENT', '2017041400', '2017-18', 'nitin', '0000-00-00 00:00:00'),
(802, 'VILLAGE BOTHI', 'MUNSYARI', '262554', '-x-', 'UL', 'India', '4/29/2017 16:13', 1, 'CORRESPONDANCE', '2017041400', '2017-18', 'nitin', '0000-00-00 00:00:00'),
(803, 'VILLAGE RINGU', 'MUNSYARI', '262554', '-x-', 'UL', 'India', '4/29/2017 16:13', 1, 'PERMANENT', '2017041401', '2017-18', 'nitin', '0000-00-00 00:00:00'),
(804, 'VILLAGE RINGU', 'MUNSYARI', '262554', '-x-', 'UL', 'India', '4/29/2017 16:13', 1, 'CORRESPONDANCE', '2017041401', '2017-18', 'nitin', '0000-00-00 00:00:00'),
(805, 'VILLAGE BALA', 'MUNSYARI', '262553', '-x-', 'UL', 'India', '4/29/2017 16:13', 1, 'PERMANENT', '2017041402', '2017-18', 'nitin', '0000-00-00 00:00:00'),
(806, 'VILLAGE BALA', 'MUNSYARI', '262553', '-x-', 'UL', 'India', '4/29/2017 16:13', 1, 'CORRESPONDANCE', '2017041402', '2017-18', 'nitin', '0000-00-00 00:00:00'),
(807, 'VILLAGE PHAPA', 'MUNSYARI', '262553', '-x-', 'UL', 'India', '4/29/2017 16:13', 1, 'PERMANENT', '2017041403', '2017-18', 'nitin', '0000-00-00 00:00:00'),
(808, 'VILLAGE PHAPA', 'MUNSYARI', '262553', '-x-', 'UL', 'India', '4/29/2017 16:13', 1, 'CORRESPONDANCE', '2017041403', '2017-18', 'nitin', '0000-00-00 00:00:00'),
(809, 'VILLAGE KAWADHAR', 'MUNSYARI', '262554', '-x-', 'UL', 'India', '4/29/2017 16:13', 1, 'PERMANENT', '2017041404', '2017-18', 'nitin', '0000-00-00 00:00:00'),
(810, 'VILLAGE KAWADHAR', 'MUNSYARI', '262554', '-x-', 'UL', 'India', '4/29/2017 16:13', 1, 'CORRESPONDANCE', '2017041404', '2017-18', 'nitin', '0000-00-00 00:00:00'),
(811, 'VILLAGE PATO', 'MUNSYARI', '262554', '-x-', 'UL', 'India', '4/29/2017 16:13', 1, 'PERMANENT', '2017041405', '2017-18', 'nitin', '0000-00-00 00:00:00'),
(812, 'VILLAGE PATO', 'MUNSYARI', '262554', '-x-', 'UL', 'India', '4/29/2017 16:13', 1, 'CORRESPONDANCE', '2017041405', '2017-18', 'nitin', '0000-00-00 00:00:00'),
(813, 'VILLAGE JAINTI', 'MUNSYARI', '262554', '-x-', 'UL', 'India', '4/29/2017 16:13', 1, 'PERMANENT', '2017041406', '2017-18', 'nitin', '0000-00-00 00:00:00'),
(814, 'VILLAGE JAINTI', 'MUNSYARI', '262554', '-x-', 'UL', 'India', '4/29/2017 16:13', 1, 'CORRESPONDANCE', '2017041406', '2017-18', 'nitin', '0000-00-00 00:00:00'),
(815, 'VILLAGE HOKARA', 'MUNSYARI', '262553', '-x-', 'UL', 'India', '4/29/2017 16:13', 1, 'PERMANENT', '2017041407', '2017-18', 'nitin', '0000-00-00 00:00:00'),
(816, 'VILLAGE HOKARA', 'MUNSYARI', '262553', '-x-', 'UL', 'India', '4/29/2017 16:13', 1, 'CORRESPONDANCE', '2017041407', '2017-18', 'nitin', '0000-00-00 00:00:00'),
(817, 'VILLAGE HARKOTE ', 'MUNSYARI', '262554', '-x-', 'UL', 'India', '4/29/2017 16:13', 1, 'PERMANENT', '2017041408', '2017-18', 'nitin', '0000-00-00 00:00:00'),
(818, 'VILLAGE HARKOTE ', 'MUNSYARI', '262554', '-x-', 'UL', 'India', '4/29/2017 16:13', 1, 'CORRESPONDANCE', '2017041408', '2017-18', 'nitin', '0000-00-00 00:00:00'),
(819, 'VILLAGE MALLA GHORPATTA', 'MUNSYARI', '262554', '-x-', 'UL', 'India', '4/29/2017 16:13', 1, 'PERMANENT', '2017041409', '2017-18', 'nitin', '0000-00-00 00:00:00'),
(820, 'VILLAGE MALLA GHORPATTA', 'MUNSYARI', '262554', '-x-', 'UL', 'India', '4/29/2017 16:13', 1, 'CORRESPONDANCE', '2017041409', '2017-18', 'nitin', '0000-00-00 00:00:00'),
(821, 'VILLAGE DHAPA', 'MUNSYARI', '262554', '-x-', 'UL', 'India', '4/29/2017 16:13', 1, 'PERMANENT', '2017041410', '2017-18', 'nitin', '0000-00-00 00:00:00'),
(822, 'VILLAGE DHAPA', 'MUNSYARI', '262554', '-x-', 'UL', 'India', '4/29/2017 16:13', 1, 'CORRESPONDANCE', '2017041410', '2017-18', 'nitin', '0000-00-00 00:00:00'),
(823, 'VILLAGE KUKRAULI DIDIHAT', 'MUNSYARI', '262552', '-x-', 'UL', 'India', '4/29/2017 16:13', 1, 'PERMANENT', '2017041411', '2017-18', 'nitin', '0000-00-00 00:00:00'),
(824, 'VILLAGE KUKRAULI DIDIHAT', 'MUNSYARI', '262552', '-x-', 'UL', 'India', '4/29/2017 16:13', 1, 'CORRESPONDANCE', '2017041411', '2017-18', 'nitin', '0000-00-00 00:00:00'),
(825, 'VILLAGE JAINTI', 'MUNSYARI', '262554', '-x-', 'UL', 'India', '4/29/2017 16:13', 1, 'PERMANENT', '2017041412', '2017-18', 'nitin', '0000-00-00 00:00:00'),
(826, 'VILLAGE JAINTI', 'MUNSYARI', '262554', '-x-', 'UL', 'India', '4/29/2017 16:13', 1, 'CORRESPONDANCE', '2017041412', '2017-18', 'nitin', '0000-00-00 00:00:00'),
(827, 'VILLAGE MATENA', 'MUNSYARI', '262554', '-x-', 'UL', 'India', '4/29/2017 16:13', 1, 'PERMANENT', '2017041413', '2017-18', 'nitin', '0000-00-00 00:00:00'),
(828, 'VILLAGE MATENA', 'MUNSYARI', '262554', '-x-', 'UL', 'India', '4/29/2017 16:13', 1, 'CORRESPONDANCE', '2017041413', '2017-18', 'nitin', '0000-00-00 00:00:00'),
(829, 'SATRA UREESA', 'MUNSYARI', '761214', '-x-', 'UL', 'India', '4/29/2017 16:13', 1, 'PERMANENT', '2017041414', '2017-18', 'nitin', '0000-00-00 00:00:00'),
(830, 'SATRA UREESA', 'MUNSYARI', '761214', '-x-', 'UL', 'India', '4/29/2017 16:13', 1, 'CORRESPONDANCE', '2017041414', '2017-18', 'nitin', '0000-00-00 00:00:00'),
(831, 'VILLAGE BARNIYAGAON', 'MUNSYARI', '262554', '-x-', 'UL', 'India', '4/29/2017 16:13', 1, 'PERMANENT', '2017041415', '2017-18', 'nitin', '0000-00-00 00:00:00'),
(832, 'VILLAGE BARNIYAGAON', 'MUNSYARI', '262554', '-x-', 'UL', 'India', '4/29/2017 16:13', 1, 'CORRESPONDANCE', '2017041415', '2017-18', 'nitin', '0000-00-00 00:00:00'),
(833, 'VILLAGE DHUNAMANI', 'MUNSYARI', '262554', '-x-', 'UL', 'India', '4/29/2017 16:13', 1, 'PERMANENT', '2017041416', '2017-18', 'nitin', '0000-00-00 00:00:00'),
(834, 'VILLAGE DHUNAMANI', 'MUNSYARI', '262554', '-x-', 'UL', 'India', '4/29/2017 16:13', 1, 'CORRESPONDANCE', '2017041416', '2017-18', 'nitin', '0000-00-00 00:00:00'),
(835, 'VILLAGE SERASURAIDHAR', 'MUNSYARI', '262554', '-x-', 'UL', 'India', '4/29/2017 16:13', 1, 'PERMANENT', '2017041417', '2017-18', 'nitin', '0000-00-00 00:00:00'),
(836, 'VILLAGE SERASURAIDHAR', 'MUNSYARI', '262554', '-x-', 'UL', 'India', '4/29/2017 16:13', 1, 'CORRESPONDANCE', '2017041417', '2017-18', 'nitin', '0000-00-00 00:00:00'),
(837, 'BHADELI', 'MUNSYARI', '262554', '-x-', 'UL', 'India', '4/29/2017 16:13', 1, 'PERMANENT', '2017041418', '2017-18', 'nitin', '0000-00-00 00:00:00'),
(838, 'BHADELI', 'MUNSYARI', '262554', '-x-', 'UL', 'India', '4/29/2017 16:13', 1, 'CORRESPONDANCE', '2017041418', '2017-18', 'nitin', '0000-00-00 00:00:00'),
(839, 'VILLAGE  TALLA GHORPATTA', 'MUNSYARI', '262554', '-x-', 'UL', 'India', '4/29/2017 16:13', 1, 'PERMANENT', '2017041419', '2017-18', 'nitin', '0000-00-00 00:00:00'),
(840, 'VILLAGE  TALLA GHORPATTA', 'MUNSYARI', '262554', '-x-', 'UL', 'India', '4/29/2017 16:13', 1, 'CORRESPONDANCE', '2017041419', '2017-18', 'nitin', '0000-00-00 00:00:00'),
(841, 'BARSAYAT BERINAG', 'BERINAG', '262552', '-x-', 'UL', 'India', '4/29/2017 16:13', 1, 'PERMANENT', '2017041420', '2017-18', 'nitin', '0000-00-00 00:00:00'),
(842, 'BARSAYAT BERINAG', 'BERINAG', '262552', '-x-', 'UL', 'India', '4/29/2017 16:13', 1, 'CORRESPONDANCE', '2017041420', '2017-18', 'nitin', '0000-00-00 00:00:00'),
(843, 'VILLAGE UCHHAITI', 'MUNSYARI', '262554', '-x-', 'UL', 'India', '4/29/2017 16:13', 1, 'PERMANENT', '2017041421', '2017-18', 'nitin', '0000-00-00 00:00:00'),
(844, 'VILLAGE UCHHAITI', 'MUNSYARI', '262554', '-x-', 'UL', 'India', '4/29/2017 16:13', 1, 'CORRESPONDANCE', '2017041421', '2017-18', 'nitin', '0000-00-00 00:00:00'),
(845, 'VILLAGE BASANTKOTE', 'MUNSYARI', '262554', '-x-', 'UL', 'India', '4/29/2017 16:13', 1, 'PERMANENT', '2017041422', '2017-18', 'nitin', '0000-00-00 00:00:00'),
(846, 'VILLAGE BASANTKOTE', 'MUNSYARI', '262554', '-x-', 'UL', 'India', '4/29/2017 16:13', 1, 'CORRESPONDANCE', '2017041422', '2017-18', 'nitin', '0000-00-00 00:00:00'),
(847, 'VILLAGE NANASEM', 'MUNSYARI', '262554', '-x-', 'UL', 'India', '4/29/2017 16:13', 1, 'PERMANENT', '2017041423', '2017-18', 'nitin', '0000-00-00 00:00:00'),
(848, 'VILLAGE NANASEM', 'MUNSYARI', '262554', '-x-', 'UL', 'India', '4/29/2017 16:13', 1, 'CORRESPONDANCE', '2017041423', '2017-18', 'nitin', '0000-00-00 00:00:00'),
(849, 'VILLAGE PATO', 'MUNSYARI', '262554', '-x-', 'UL', 'India', '4/29/2017 16:13', 1, 'PERMANENT', '2017041424', '2017-18', 'nitin', '0000-00-00 00:00:00'),
(850, 'VILLAGE PATO', 'MUNSYARI', '262554', '-x-', 'UL', 'India', '4/29/2017 16:13', 1, 'CORRESPONDANCE', '2017041424', '2017-18', 'nitin', '0000-00-00 00:00:00'),
(851, 'VILLAGE JOSHA', 'MUNSYARI', '262554', '-x-', 'UL', 'India', '4/29/2017 16:13', 1, 'PERMANENT', '2017041425', '2017-18', 'nitin', '0000-00-00 00:00:00'),
(852, 'VILLAGE JOSHA', 'MUNSYARI', '262554', '-x-', 'UL', 'India', '4/29/2017 16:13', 1, 'CORRESPONDANCE', '2017041425', '2017-18', 'nitin', '0000-00-00 00:00:00'),
(853, 'VILLAGE LEELAM', 'MUNSYARI', '262554', '-x-', 'UL', 'India', '4/29/2017 16:13', 1, 'PERMANENT', '2017041426', '2017-18', 'nitin', '0000-00-00 00:00:00'),
(854, 'VILLAGE LEELAM', 'MUNSYARI', '262554', '-x-', 'UL', 'India', '4/29/2017 16:13', 1, 'CORRESPONDANCE', '2017041426', '2017-18', 'nitin', '0000-00-00 00:00:00'),
(855, 'VILLAGE DHAPA', 'MUNSYARI', '262554', '-x-', 'UL', 'India', '4/29/2017 16:13', 1, 'PERMANENT', '2017041427', '2017-18', 'nitin', '0000-00-00 00:00:00'),
(856, 'VILLAGE DHAPA', 'MUNSYARI', '262554', '-x-', 'UL', 'India', '4/29/2017 16:13', 1, 'CORRESPONDANCE', '2017041427', '2017-18', 'nitin', '0000-00-00 00:00:00'),
(889, '', '', '', '', 'UTTARAKHAND', 'INDIA', '2017-08-22 23:55:21', 1, 'CORRESPONDANCE', '2017081428', '2017-18', 'nitin', '2017-08-22 18:25:21'),
(890, '', '', '', '', 'UTTARAKHAND', 'INDIA', '2017-08-22 23:55:21', 1, 'PERMANENT', '2017081428', '2017-18', 'nitin', '2017-08-22 18:25:21'),
(891, '', '', '', '', 'UTTARAKHAND', 'INDIA', '2017-08-22 23:55:23', 1, 'CORRESPONDANCE', '2017081429', '2017-18', 'nitin', '2017-10-22 07:44:22'),
(892, '', '', '', '', 'UTTARAKHAND', 'INDIA', '2017-08-22 23:55:23', 1, 'PERMANENT', '2017081429', '2017-18', 'nitin', '2017-10-22 07:44:22'),
(893, '', '', '', '', 'UTTARAKHAND', 'INDIA', '2017-08-22 23:55:23', 1, 'CORRESPONDANCE', '2017081430', '2017-18', 'nitin', '2017-08-22 18:25:23'),
(894, '', '', '', '', 'UTTARAKHAND', 'INDIA', '2017-08-22 23:55:23', 1, 'PERMANENT', '2017081430', '2017-18', 'nitin', '2017-08-22 18:25:23'),
(895, '', '', '', '', 'UTTARAKHAND', 'INDIA', '2017-08-22 23:55:39', 1, 'CORRESPONDANCE', '2017081431', '2017-18', 'nitin', '2017-08-22 18:25:39'),
(896, '', '', '', '', 'UTTARAKHAND', 'INDIA', '2017-08-22 23:55:39', 1, 'PERMANENT', '2017081431', '2017-18', 'nitin', '2017-08-22 18:25:39'),
(897, '', '', '', '', 'UTTARAKHAND', 'INDIA', '2017-08-22 23:55:40', 1, 'CORRESPONDANCE', '2017081432', '2017-18', 'nitin', '2017-08-22 18:25:40'),
(898, '', '', '', '', 'UTTARAKHAND', 'INDIA', '2017-08-22 23:55:40', 1, 'PERMANENT', '2017081432', '2017-18', 'nitin', '2017-08-22 18:25:40'),
(899, '', '', '', '', 'UTTARAKHAND', 'INDIA', '2017-08-22 23:55:41', 1, 'CORRESPONDANCE', '2017081433', '2017-18', 'nitin', '2017-08-22 18:25:41'),
(900, '', '', '', '', 'UTTARAKHAND', 'INDIA', '2017-08-22 23:55:41', 1, 'PERMANENT', '2017081433', '2017-18', 'nitin', '2017-08-22 18:25:41'),
(901, '', '', '', '', 'UTTARAKHAND', 'INDIA', '2017-08-22 23:55:41', 1, 'CORRESPONDANCE', '2017081434', '2017-18', 'nitin', '2017-08-22 18:25:41'),
(902, '', '', '', '', 'UTTARAKHAND', 'INDIA', '2017-08-22 23:55:41', 1, 'PERMANENT', '2017081434', '2017-18', 'nitin', '2017-08-22 18:25:41'),
(903, '', '', '', '', 'UTTARAKHAND', 'INDIA', '2017-08-22 23:55:41', 1, 'CORRESPONDANCE', '2017081435', '2017-18', 'nitin', '2017-08-22 18:25:41'),
(904, '', '', '', '', 'UTTARAKHAND', 'INDIA', '2017-08-22 23:55:41', 1, 'PERMANENT', '2017081435', '2017-18', 'nitin', '2017-08-22 18:25:41'),
(905, '', '', '', '', 'UTTARAKHAND', 'INDIA', '2017-08-22 23:55:41', 1, 'CORRESPONDANCE', '2017081436', '2017-18', 'nitin', '2017-08-22 18:25:41'),
(906, '', '', '', '', 'UTTARAKHAND', 'INDIA', '2017-08-22 23:55:41', 1, 'PERMANENT', '2017081436', '2017-18', 'nitin', '2017-08-22 18:25:41'),
(907, '', '', '', '', 'UTTARAKHAND', 'INDIA', '2017-08-22 23:55:42', 1, 'CORRESPONDANCE', '2017081437', '2017-18', 'nitin', '2017-08-22 18:25:42'),
(908, '', '', '', '', 'UTTARAKHAND', 'INDIA', '2017-08-22 23:55:42', 1, 'PERMANENT', '2017081437', '2017-18', 'nitin', '2017-08-22 18:25:42'),
(909, '', '', '', '', 'UTTARAKHAND', 'INDIA', '2017-08-22 23:56:00', 1, 'CORRESPONDANCE', '2017081438', '2017-18', 'nitin', '2017-08-22 18:26:00'),
(910, '', '', '', '', 'UTTARAKHAND', 'INDIA', '2017-08-22 23:56:00', 1, 'PERMANENT', '2017081438', '2017-18', 'nitin', '2017-08-22 18:26:00'),
(911, '', '', '', '', 'UTTARAKHAND', 'INDIA', '2017-08-22 23:56:02', 1, 'CORRESPONDANCE', '2017081439', '2017-18', 'nitin', '2017-08-22 18:26:02'),
(912, '', '', '', '', 'UTTARAKHAND', 'INDIA', '2017-08-22 23:56:02', 1, 'PERMANENT', '2017081439', '2017-18', 'nitin', '2017-08-22 18:26:02'),
(913, '', '', '', '', 'UTTARAKHAND', 'INDIA', '2017-08-22 23:56:02', 1, 'CORRESPONDANCE', '2017081440', '2017-18', 'nitin', '2017-08-22 18:26:02'),
(914, '', '', '', '', 'UTTARAKHAND', 'INDIA', '2017-08-22 23:56:02', 1, 'PERMANENT', '2017081440', '2017-18', 'nitin', '2017-08-22 18:26:02'),
(915, '', '', '', '', 'UTTARAKHAND', 'INDIA', '2017-08-22 23:56:03', 1, 'CORRESPONDANCE', '2017081441', '2017-18', 'nitin', '2017-08-27 08:43:28'),
(916, '', '', '', '', 'UTTARAKHAND', 'INDIA', '2017-08-22 23:56:03', 1, 'PERMANENT', '2017081441', '2017-18', 'nitin', '2017-08-27 08:43:28'),
(917, '', '', '', '', '', 'INDIA', '2017-08-23 00:05:04', 1, 'PERMANENT', '2017081442', '2017-18', 'nitin', '2017-08-22 18:38:56'),
(918, '', '', '', '', '', 'INDIA', '2017-08-23 00:05:04', 1, 'PERMANENT', '2017081442', '2017-18', 'nitin', '2017-08-22 18:38:56'),
(919, '', '', '', '', '', 'INDIA', '2017-08-23 00:05:51', 1, 'PERMANENT', '2017081443', '2017-18', 'nitin', '2017-08-27 06:19:38'),
(920, '', '', '', '', '', 'INDIA', '2017-08-23 00:05:51', 1, 'PERMANENT', '2017081443', '2017-18', 'nitin', '2017-08-27 06:19:38'),
(921, '', '', '', '', 'UTTARAKHAND', 'INDIA', '2017-08-23 00:06:20', 1, 'CORRESPONDANCE', '2017081444', '2017-18', 'nitin', '2017-08-22 18:36:20'),
(922, '', '', '', '', 'UTTARAKHAND', 'INDIA', '2017-08-23 00:06:20', 1, 'PERMANENT', '2017081444', '2017-18', 'nitin', '2017-08-22 18:36:20'),
(923, 'HALDWANI', 'HALDWANI', '263139', 'NAINITAL', 'UTTARAKHAND', 'INDIA', '2017-08-23 00:07:46', 1, 'CORRESPONDANCE', '2017081445', '2017-18', 'nitin', '2017-08-27 11:54:15'),
(924, 'asdasd', 'asd', '123', 'asd', 'UTTARAKHAND', 'INDIA', '2017-08-23 00:07:46', 1, 'PERMANENT', '2017081445', '2017-18', 'nitin', '2017-08-27 11:54:15'),
(925, 'BAREILLY', 'BAREILLY', '258963', 'BAREILLY', 'UTTAR PRADESH', 'INDIA', '2017-08-23 00:16:27', 1, 'CORRESPONDANCE', '2017081446', '2017-18', 'nitin', '2017-08-27 06:45:02'),
(926, 'BAREILLY', 'BAREILLY', '258963', 'BAREILLY', 'UTTAR PRADESH', 'INDIA', '2017-08-23 00:16:27', 1, 'PERMANENT', '2017081446', '2017-18', 'nitin', '2017-08-27 06:45:02'),
(927, '', '', '', '', 'UTTARAKHAND', 'INDIA', '2017-08-27 15:19:59', 1, 'CORRESPONDANCE', '2017081447', '2017-18', 'nitin', '2017-08-27 09:49:59'),
(928, '', '', '', '', 'UTTARAKHAND', 'INDIA', '2017-08-27 15:19:59', 1, 'PERMANENT', '2017081447', '2017-18', 'nitin', '2017-08-27 09:49:59'),
(929, '', '', '', '', 'UTTARAKHAND', 'INDIA', '2017-08-29 14:00:57', 1, 'CORRESPONDANCE', '2017081448', '2017-18', 'nitin', '2017-08-29 08:30:57'),
(930, '', '', '', '', 'UTTARAKHAND', 'INDIA', '2017-08-29 14:00:57', 1, 'PERMANENT', '2017081448', '2017-18', 'nitin', '2017-08-29 08:30:57'),
(931, '', '', '', '', 'UTTARAKHAND', 'INDIA', '2017-10-20 16:48:16', 1, 'CORRESPONDANCE', '2017101449', '2017-18', 'nitin', '2017-10-20 11:18:16'),
(932, '', '', '', '', 'UTTARAKHAND', 'INDIA', '2017-10-20 16:48:16', 1, 'PERMANENT', '2017101449', '2017-18', 'nitin', '2017-10-20 11:18:16'),
(933, '', '', '', '', 'UTTARAKHAND', 'INDIA', '2017-10-20 16:48:43', 1, 'CORRESPONDANCE', '2017101450', '2017-18', 'nitin', '2017-10-20 11:18:43'),
(934, '', '', '', '', 'UTTARAKHAND', 'INDIA', '2017-10-20 16:48:43', 1, 'PERMANENT', '2017101450', '2017-18', 'nitin', '2017-10-20 11:18:43');

-- --------------------------------------------------------

--
-- Table structure for table `master_10_stud_contact`
--

CREATE TABLE `master_10_stud_contact` (
  `CNTCT_ID` int(15) NOT NULL,
  `MOBILE_S` varchar(50) NOT NULL,
  `PH_S` varchar(50) NOT NULL,
  `EMAIL_S` varchar(200) NOT NULL,
  `DOC_` varchar(50) NOT NULL,
  `STATUS` tinyint(1) NOT NULL DEFAULT '1',
  `CONTACT_STATUS` varchar(20) NOT NULL COMMENT 'PERMANENT/LG/CORRESPONDANCE',
  `regid` varchar(25) NOT NULL,
  `SESSID` varchar(20) NOT NULL,
  `USERNAME_` varchar(40) NOT NULL,
  `DATE_` timestamp NOT NULL DEFAULT CURRENT_TIMESTAMP
) ENGINE=InnoDB DEFAULT CHARSET=utf8;

--
-- Dumping data for table `master_10_stud_contact`
--

INSERT INTO `master_10_stud_contact` (`CNTCT_ID`, `MOBILE_S`, `PH_S`, `EMAIL_S`, `DOC_`, `STATUS`, `CONTACT_STATUS`, `regid`, `SESSID`, `USERNAME_`, `DATE_`) VALUES
(1, '9837540462', '-x-', 'x@gmail.com', '2017-04-29', 1, 'CORRESPONDANCE', '2017041001', '2017-18', 'nitin', '2017-10-20 09:50:00'),
(2, '9756456762', '9756456762', 'x@gmail.com', '2017-04-29', 1, 'CORRESPONDANCE', '2017041002', '2017-18', 'nitin', '2017-04-29 10:43:03'),
(3, '9756332197', '-x-', 'x@gmail.com', '2017-04-29', 1, 'CORRESPONDANCE', '2017041003', '2017-18', 'nitin', '2017-10-22 07:44:59'),
(4, '9756332197', '-x-', 'x@gmail.com', '2017-04-29', 1, 'CORRESPONDANCE', '2017041004', '2017-18', 'nitin', '2017-10-20 08:56:59'),
(5, '7351844779', '-x-', 'x@gmail.com', '2017-04-29', 1, 'CORRESPONDANCE', '2017041005', '2017-18', 'nitin', '2017-10-20 08:59:09'),
(6, '7500700406', '7500700406', 'x@gmail.com', '2017-04-29', 1, 'CORRESPONDANCE', '2017041006', '2017-18', 'nitin', '2017-04-29 10:43:03'),
(7, '8958317054', '-x-', 'x@gmail.com', '2017-04-29', 1, 'CORRESPONDANCE', '2017041007', '2017-18', 'nitin', '2017-10-20 10:02:03'),
(8, '9568106745', '9568106745', 'x@gmail.com', '2017-04-29', 1, 'CORRESPONDANCE', '2017041008', '2017-18', 'nitin', '2017-04-29 10:43:03'),
(9, '8958822749', '8958822749', 'x@gmail.com', '2017-04-29', 1, 'CORRESPONDANCE', '2017041009', '2017-18', 'nitin', '2017-04-29 10:43:03'),
(10, '7351811208', '7351811208', 'x@gmail.com', '2017-04-29', 1, 'CORRESPONDANCE', '2017041010', '2017-18', 'nitin', '2017-04-29 10:43:03'),
(11, '7351638716', '7351638716', 'x@gmail.com', '2017-04-29', 1, 'CORRESPONDANCE', '2017041011', '2017-18', 'nitin', '2017-04-29 10:43:03'),
(12, '9756370744', '9756370744', 'x@gmail.com', '2017-04-29', 1, 'CORRESPONDANCE', '2017041012', '2017-18', 'nitin', '2017-04-29 10:43:03'),
(13, '7055453542', '7055453542', 'x@gmail.com', '2017-04-29', 1, 'CORRESPONDANCE', '2017041013', '2017-18', 'nitin', '2017-04-29 10:43:03'),
(14, '8475033565', '8475033565', 'x@gmail.com', '2017-04-29', 1, 'CORRESPONDANCE', '2017041014', '2017-18', 'nitin', '2017-04-29 10:43:03'),
(15, '7055655290', '7055655290', 'x@gmail.com', '2017-04-29', 1, 'CORRESPONDANCE', '2017041015', '2017-18', 'nitin', '2017-04-29 10:43:03'),
(16, '9917169283', '9917169283', 'x@gmail.com', '2017-04-29', 1, 'CORRESPONDANCE', '2017041016', '2017-18', 'nitin', '2017-04-29 10:43:03'),
(17, '9568174514', '9568174514', 'x@gmail.com', '2017-04-29', 1, 'CORRESPONDANCE', '2017041017', '2017-18', 'nitin', '2017-04-29 10:43:03'),
(18, '7351982827', '7351982827', 'x@gmail.com', '2017-04-29', 1, 'CORRESPONDANCE', '2017041018', '2017-18', 'nitin', '2017-04-29 10:43:03'),
(19, '7599358643', '7599358643', 'x@gmail.com', '2017-04-29', 1, 'CORRESPONDANCE', '2017041019', '2017-18', 'nitin', '2017-04-29 10:43:03'),
(20, '8941948417', '8941948417', 'x@gmail.com', '2017-04-29', 1, 'CORRESPONDANCE', '2017041020', '2017-18', 'nitin', '2017-04-29 10:43:03'),
(21, '7351638011', '7351638011', 'x@gmail.com', '2017-04-29', 1, 'CORRESPONDANCE', '2017041021', '2017-18', 'nitin', '2017-04-29 10:43:03'),
(22, '9917813172', '9917813172', 'x@gmail.com', '2017-04-29', 1, 'CORRESPONDANCE', '2017041022', '2017-18', 'nitin', '2017-04-29 10:43:03'),
(23, '9568971527', '9568971527', 'x@gmail.com', '2017-04-29', 1, 'CORRESPONDANCE', '2017041023', '2017-18', 'nitin', '2017-04-29 10:43:03'),
(24, '8958663443', '8958663443', 'x@gmail.com', '2017-04-29', 1, 'CORRESPONDANCE', '2017041024', '2017-18', 'nitin', '2017-04-29 10:43:03'),
(25, '8958687504', '-x-', 'x@gmail.com', '2017-04-29', 1, 'CORRESPONDANCE', '2017041025', '2017-18', 'nitin', '2017-10-20 10:03:48'),
(26, '8941090372', '8941090372', 'x@gmail.com', '2017-04-29', 1, 'CORRESPONDANCE', '2017041026', '2017-18', 'nitin', '2017-04-29 10:43:03'),
(27, '8479009488', '8479009488', 'x@gmail.com', '2017-04-29', 1, 'CORRESPONDANCE', '2017041027', '2017-18', 'nitin', '2017-04-29 10:43:03'),
(28, '7055655427', '7055655427', 'x@gmail.com', '2017-04-29', 1, 'CORRESPONDANCE', '2017041028', '2017-18', 'nitin', '2017-04-29 10:43:03'),
(29, '8954138083', '8954138083', 'x@gmail.com', '2017-04-29', 1, 'CORRESPONDANCE', '2017041029', '2017-18', 'nitin', '2017-04-29 10:43:03'),
(30, '9837313195', '9837313195', 'x@gmail.com', '2017-04-29', 1, 'CORRESPONDANCE', '2017041030', '2017-18', 'nitin', '2017-04-29 10:43:03'),
(31, '9756985367', '9756985367', 'x@gmail.com', '2017-04-29', 1, 'CORRESPONDANCE', '2017041031', '2017-18', 'nitin', '2017-04-29 10:43:03'),
(32, '7248456159', '7248456159', 'x@gmail.com', '2017-04-29', 1, 'CORRESPONDANCE', '2017041032', '2017-18', 'nitin', '2017-04-29 10:43:03'),
(33, '7500895848', '7500895848', 'x@gmail.com', '2017-04-29', 1, 'CORRESPONDANCE', '2017041033', '2017-18', 'nitin', '2017-04-29 10:43:03'),
(34, '9756371392', '9756371392', 'x@gmail.com', '2017-04-29', 1, 'CORRESPONDANCE', '2017041034', '2017-18', 'nitin', '2017-04-29 10:43:03'),
(35, '9456159177', '9456159177', 'x@gmail.com', '2017-04-29', 1, 'CORRESPONDANCE', '2017041035', '2017-18', 'nitin', '2017-04-29 10:43:03'),
(36, '8958687542', '8958687542', 'x@gmail.com', '2017-04-29', 1, 'CORRESPONDANCE', '2017041036', '2017-18', 'nitin', '2017-04-29 10:43:03'),
(37, '8449669622', '8449669622', 'x@gmail.com', '2017-04-29', 1, 'CORRESPONDANCE', '2017041037', '2017-18', 'nitin', '2017-04-29 10:43:03'),
(38, '', '', 'x@gmail.com', '2017-04-29', 1, 'CORRESPONDANCE', '2017041038', '2017-18', 'nitin', '2017-04-29 10:43:03'),
(39, '7500644732', '7500644732', 'x@gmail.com', '2017-04-29', 1, 'CORRESPONDANCE', '2017041039', '2017-18', 'nitin', '2017-04-29 10:43:03'),
(40, 'x', 'x', 'x@gmail.com', '2017-04-29', 1, 'CORRESPONDANCE', '2017041040', '2017-18', 'nitin', '2017-04-29 10:43:03'),
(41, '9917609251', '9917609251', 'x@gmail.com', '2017-04-29', 1, 'CORRESPONDANCE', '2017041041', '2017-18', 'nitin', '2017-04-29 10:43:03'),
(42, '', '', 'x@gmail.com', '2017-04-29', 1, 'CORRESPONDANCE', '2017041042', '2017-18', 'nitin', '2017-04-29 10:43:03'),
(43, '7500222691', '7500222691', 'x@gmail.com', '2017-04-29', 1, 'CORRESPONDANCE', '2017041043', '2017-18', 'nitin', '2017-04-29 10:43:03'),
(44, '9012685586', '9012685586', 'x@gmail.com', '2017-04-29', 1, 'CORRESPONDANCE', '2017041044', '2017-18', 'nitin', '2017-04-29 10:43:03'),
(45, '8958570982', '8958570982', 'x@gmail.com', '2017-04-29', 1, 'CORRESPONDANCE', '2017041045', '2017-18', 'nitin', '2017-04-29 10:43:03'),
(46, '8941082960', '8941082960', 'x@gmail.com', '2017-04-29', 1, 'CORRESPONDANCE', '2017041046', '2017-18', 'nitin', '2017-04-29 10:43:03'),
(47, '9199274605', '9199274605', 'x@gmail.com', '2017-04-29', 1, 'CORRESPONDANCE', '2017041047', '2017-18', 'nitin', '2017-04-29 10:43:03'),
(48, '8958322373', '8958322373', 'x@gmail.com', '2017-04-29', 1, 'CORRESPONDANCE', '2017041048', '2017-18', 'nitin', '2017-04-29 10:43:03'),
(49, '7466837749', '7466837749', 'x@gmail.com', '2017-04-29', 1, 'CORRESPONDANCE', '2017041049', '2017-18', 'nitin', '2017-04-29 10:43:03'),
(50, '7248204708', '7248204708', 'x@gmail.com', '2017-04-29', 1, 'CORRESPONDANCE', '2017041050', '2017-18', 'nitin', '2017-04-29 10:43:03'),
(51, '9756985187', '9756985187', 'x@gmail.com', '2017-04-29', 1, 'CORRESPONDANCE', '2017041051', '2017-18', 'nitin', '2017-04-29 10:43:03'),
(52, '7248819380', '7248819380', 'x@gmail.com', '2017-04-29', 1, 'CORRESPONDANCE', '2017041052', '2017-18', 'nitin', '2017-04-29 10:43:03'),
(53, '7351519825', '7351519825', 'x@gmail.com', '2017-04-29', 1, 'CORRESPONDANCE', '2017041053', '2017-18', 'nitin', '2017-04-29 10:43:03'),
(54, '8449669622', '8449669622', 'x@gmail.com', '2017-04-29', 1, 'CORRESPONDANCE', '2017041054', '2017-18', 'nitin', '2017-04-29 10:43:03'),
(55, '9690909544', '9690909544', 'x@gmail.com', '2017-04-29', 1, 'CORRESPONDANCE', '2017041055', '2017-18', 'nitin', '2017-04-29 10:43:03'),
(56, '9690910816', '9690910816', 'x@gmail.com', '2017-04-29', 1, 'CORRESPONDANCE', '2017041056', '2017-18', 'nitin', '2017-04-29 10:43:03'),
(57, '7579129381', '7579129381', 'x@gmail.com', '2017-04-29', 1, 'CORRESPONDANCE', '2017041057', '2017-18', 'nitin', '2017-04-29 10:43:03'),
(58, '9410657048', '9410657048', 'x@gmail.com', '2017-04-29', 1, 'CORRESPONDANCE', '2017041058', '2017-18', 'nitin', '2017-04-29 10:43:03'),
(59, '7500441779', '7500441779', 'x@gmail.com', '2017-04-29', 1, 'CORRESPONDANCE', '2017041059', '2017-18', 'nitin', '2017-04-29 10:43:03'),
(60, '8191912138', '8191912138', 'x@gmail.com', '2017-04-29', 1, 'CORRESPONDANCE', '2017041060', '2017-18', 'nitin', '2017-04-29 10:43:03'),
(61, '9760125650', '9760125650', 'x@gmail.com', '2017-04-29', 1, 'CORRESPONDANCE', '2017041061', '2017-18', 'nitin', '2017-04-29 10:43:03'),
(62, '8941948403', '8941948403', 'x@gmail.com', '2017-04-29', 1, 'CORRESPONDANCE', '2017041062', '2017-18', 'nitin', '2017-04-29 10:43:03'),
(63, '9173577737', '9173577737', 'x@gmail.com', '2017-04-29', 1, 'CORRESPONDANCE', '2017041063', '2017-18', 'nitin', '2017-04-29 10:43:03'),
(64, 'x', 'x', 'x@gmail.com', '2017-04-29', 1, 'CORRESPONDANCE', '2017041064', '2017-18', 'nitin', '2017-04-29 10:43:03'),
(65, '9977762015', '9977762015', 'x@gmail.com', '2017-04-29', 1, 'CORRESPONDANCE', '2017041065', '2017-18', 'nitin', '2017-04-29 10:43:03'),
(66, '9690149894', '9690149894', 'x@gmail.com', '2017-04-29', 1, 'CORRESPONDANCE', '2017041066', '2017-18', 'nitin', '2017-04-29 10:43:03'),
(67, '9690149698', '9690149698', 'x@gmail.com', '2017-04-29', 1, 'CORRESPONDANCE', '2017041067', '2017-18', 'nitin', '2017-04-29 10:43:03'),
(68, '7535828466', '7535828466', 'x@gmail.com', '2017-04-29', 1, 'CORRESPONDANCE', '2017041068', '2017-18', 'nitin', '2017-04-29 10:43:03'),
(69, '7466055159', '7466055159', 'x@gmail.com', '2017-04-29', 1, 'CORRESPONDANCE', '2017041069', '2017-18', 'nitin', '2017-04-29 10:43:03'),
(70, '7351797787', '7351797787', 'x@gmail.com', '2017-04-29', 1, 'CORRESPONDANCE', '2017041070', '2017-18', 'nitin', '2017-04-29 10:43:03'),
(71, '9756985367', '9756985367', 'x@gmail.com', '2017-04-29', 1, 'CORRESPONDANCE', '2017041071', '2017-18', 'nitin', '2017-04-29 10:43:03'),
(72, '8958616482', '8958616482', 'x@gmail.com', '2017-04-29', 1, 'CORRESPONDANCE', '2017041072', '2017-18', 'nitin', '2017-04-29 10:43:03'),
(73, '8958173422', '8958173422', 'x@gmail.com', '2017-04-29', 1, 'CORRESPONDANCE', '2017041073', '2017-18', 'nitin', '2017-04-29 10:43:03'),
(74, '9758191149', '9758191149', 'x@gmail.com', '2017-04-29', 1, 'CORRESPONDANCE', '2017041074', '2017-18', 'nitin', '2017-04-29 10:43:03'),
(75, '8057999126', '8057999126', 'x@gmail.com', '2017-04-29', 1, 'CORRESPONDANCE', '2017041075', '2017-18', 'nitin', '2017-04-29 10:43:03'),
(76, 'x', 'x', 'x@gmail.com', '2017-04-29', 1, 'CORRESPONDANCE', '2017041076', '2017-18', 'nitin', '2017-04-29 10:43:03'),
(77, '9410565214', '9410565214', 'x@gmail.com', '2017-04-29', 1, 'CORRESPONDANCE', '2017041077', '2017-18', 'nitin', '2017-04-29 10:43:03'),
(78, '8193048522', '8193048522', 'x@gmail.com', '2017-04-29', 1, 'CORRESPONDANCE', '2017041078', '2017-18', 'nitin', '2017-04-29 10:43:03'),
(79, '9410565214', '9410565214', 'x@gmail.com', '2017-04-29', 1, 'CORRESPONDANCE', '2017041079', '2017-18', 'nitin', '2017-04-29 10:43:03'),
(80, '7599277741', '7599277741', 'x@gmail.com', '2017-04-29', 1, 'CORRESPONDANCE', '2017041080', '2017-18', 'nitin', '2017-04-29 10:43:03'),
(81, '9917165814', '9917165814', 'x@gmail.com', '2017-04-29', 1, 'CORRESPONDANCE', '2017041081', '2017-18', 'nitin', '2017-04-29 10:43:03'),
(82, '9756615493', '9756615493', 'x@gmail.com', '2017-04-29', 1, 'CORRESPONDANCE', '2017041082', '2017-18', 'nitin', '2017-04-29 10:43:03'),
(83, '8057731737', '8057731737', 'x@gmail.com', '2017-04-29', 1, 'CORRESPONDANCE', '2017041083', '2017-18', 'nitin', '2017-04-29 10:43:03'),
(84, '9756805646', '9756805646', 'x@gmail.com', '2017-04-29', 1, 'CORRESPONDANCE', '2017041084', '2017-18', 'nitin', '2017-04-29 10:43:03'),
(85, '8477045633', '8477045633', 'x@gmail.com', '2017-04-29', 1, 'CORRESPONDANCE', '2017041085', '2017-18', 'nitin', '2017-04-29 10:43:03'),
(86, '8937020575', '8937020575', 'x@gmail.com', '2017-04-29', 1, 'CORRESPONDANCE', '2017041086', '2017-18', 'nitin', '2017-04-29 10:43:03'),
(87, '8979783614', '8979783614', 'x@gmail.com', '2017-04-29', 1, 'CORRESPONDANCE', '2017041087', '2017-18', 'nitin', '2017-04-29 10:43:03'),
(88, '8192070616', '8192070616', 'x@gmail.com', '2017-04-29', 1, 'CORRESPONDANCE', '2017041088', '2017-18', 'nitin', '2017-04-29 10:43:03'),
(89, '7534881691', '7534881691', 'x@gmail.com', '2017-04-29', 1, 'CORRESPONDANCE', '2017041089', '2017-18', 'nitin', '2017-04-29 10:43:03'),
(90, '9927256009', '9927256009', 'x@gmail.com', '2017-04-29', 1, 'CORRESPONDANCE', '2017041090', '2017-18', 'nitin', '2017-04-29 10:43:03'),
(91, '8958351522', '8958351522', 'x@gmail.com', '2017-04-29', 1, 'CORRESPONDANCE', '2017041091', '2017-18', 'nitin', '2017-04-29 10:43:03'),
(92, '7500700406', '7500700406', 'x@gmail.com', '2017-04-29', 1, 'CORRESPONDANCE', '2017041092', '2017-18', 'nitin', '2017-04-29 10:43:03'),
(93, '8477049839', '8477049839', 'x@gmail.com', '2017-04-29', 1, 'CORRESPONDANCE', '2017041093', '2017-18', 'nitin', '2017-04-29 10:43:03'),
(94, '7500652722', '7500652722', 'x@gmail.com', '2017-04-29', 1, 'CORRESPONDANCE', '2017041094', '2017-18', 'nitin', '2017-04-29 10:43:03'),
(95, '8958706965', '8958706965', 'x@gmail.com', '2017-04-29', 1, 'CORRESPONDANCE', '2017041095', '2017-18', 'nitin', '2017-04-29 10:43:03'),
(96, '7351834882', '7351834882', 'x@gmail.com', '2017-04-29', 1, 'CORRESPONDANCE', '2017041096', '2017-18', 'nitin', '2017-04-29 10:43:03'),
(97, '7568294373', '7568294373', 'x@gmail.com', '2017-04-29', 1, 'CORRESPONDANCE', '2017041097', '2017-18', 'nitin', '2017-04-29 10:43:03'),
(98, '7351767740', '7351767740', 'x@gmail.com', '2017-04-29', 1, 'CORRESPONDANCE', '2017041098', '2017-18', 'nitin', '2017-04-29 10:43:03'),
(99, '8937052347', '8937052347', 'x@gmail.com', '2017-04-29', 1, 'CORRESPONDANCE', '2017041099', '2017-18', 'nitin', '2017-04-29 10:43:03'),
(100, '8958824056', '8958824056', 'x@gmail.com', '2017-04-29', 1, 'CORRESPONDANCE', '2017041100', '2017-18', 'nitin', '2017-04-29 10:43:03'),
(101, '9756940137', '9756940137', 'x@gmail.com', '2017-04-29', 1, 'CORRESPONDANCE', '2017041101', '2017-18', 'nitin', '2017-04-29 10:43:03'),
(102, '7351984460', '7351984460', 'x@gmail.com', '2017-04-29', 1, 'CORRESPONDANCE', '2017041102', '2017-18', 'nitin', '2017-04-29 10:43:03'),
(103, '9917929846', '9917929846', 'x@gmail.com', '2017-04-29', 1, 'CORRESPONDANCE', '2017041103', '2017-18', 'nitin', '2017-04-29 10:43:03'),
(104, '8958669596', '8958669596', 'x@gmail.com', '2017-04-29', 1, 'CORRESPONDANCE', '2017041104', '2017-18', 'nitin', '2017-04-29 10:43:03'),
(105, '9568257363', '9568257363', 'x@gmail.com', '2017-04-29', 1, 'CORRESPONDANCE', '2017041105', '2017-18', 'nitin', '2017-04-29 10:43:03'),
(106, '7253824574', '7253824574', 'x@gmail.com', '2017-04-29', 1, 'CORRESPONDANCE', '2017041106', '2017-18', 'nitin', '2017-04-29 10:43:03'),
(107, '9917163395', '9917163395', 'x@gmail.com', '2017-04-29', 1, 'CORRESPONDANCE', '2017041107', '2017-18', 'nitin', '2017-04-29 10:43:03'),
(108, '9568983787', '9568983787', 'x@gmail.com', '2017-04-29', 1, 'CORRESPONDANCE', '2017041108', '2017-18', 'nitin', '2017-04-29 10:43:03'),
(109, 'x', 'x', 'x@gmail.com', '2017-04-29', 1, 'CORRESPONDANCE', '2017041109', '2017-18', 'nitin', '2017-04-29 10:43:03'),
(110, '8057753515', '8057753515', 'x@gmail.com', '2017-04-29', 1, 'CORRESPONDANCE', '2017041110', '2017-18', 'nitin', '2017-04-29 10:43:03'),
(111, '9457566151', '9457566151', 'x@gmail.com', '2017-04-29', 1, 'CORRESPONDANCE', '2017041111', '2017-18', 'nitin', '2017-04-29 10:43:03'),
(112, '9690846628', '9690846628', 'x@gmail.com', '2017-04-29', 1, 'CORRESPONDANCE', '2017041112', '2017-18', 'nitin', '2017-04-29 10:43:03'),
(113, '9639124660', '9639124660', 'x@gmail.com', '2017-04-29', 1, 'CORRESPONDANCE', '2017041113', '2017-18', 'nitin', '2017-04-29 10:43:03'),
(114, '7464963540', '7464963540', 'x@gmail.com', '2017-04-29', 1, 'CORRESPONDANCE', '2017041114', '2017-18', 'nitin', '2017-04-29 10:43:03'),
(115, '8191958848', '8191958848', 'x@gmail.com', '2017-04-29', 1, 'CORRESPONDANCE', '2017041115', '2017-18', 'nitin', '2017-04-29 10:43:03'),
(116, '8958528083', '8958528083', 'x@gmail.com', '2017-04-29', 1, 'CORRESPONDANCE', '2017041116', '2017-18', 'nitin', '2017-04-29 10:43:03'),
(117, '8909139761', '8909139761', 'x@gmail.com', '2017-04-29', 1, 'CORRESPONDANCE', '2017041117', '2017-18', 'nitin', '2017-04-29 10:43:03'),
(118, 'x', 'x', 'x@gmail.com', '2017-04-29', 1, 'CORRESPONDANCE', '2017041118', '2017-18', 'nitin', '2017-04-29 10:43:03'),
(119, '9568205799', '9568205799', 'x@gmail.com', '2017-04-29', 1, 'CORRESPONDANCE', '2017041119', '2017-18', 'nitin', '2017-04-29 10:43:03'),
(120, '8941948229', '8941948229', 'x@gmail.com', '2017-04-29', 1, 'CORRESPONDANCE', '2017041120', '2017-18', 'nitin', '2017-04-29 10:43:03'),
(121, '8057672091', '8057672091', 'x@gmail.com', '2017-04-29', 1, 'CORRESPONDANCE', '2017041121', '2017-18', 'nitin', '2017-04-29 10:43:03'),
(122, '9837552549', '9837552549', 'x@gmail.com', '2017-04-29', 1, 'CORRESPONDANCE', '2017041122', '2017-18', 'nitin', '2017-04-29 10:43:03'),
(123, '7466055508', '7466055508', 'x@gmail.com', '2017-04-29', 1, 'CORRESPONDANCE', '2017041123', '2017-18', 'nitin', '2017-04-29 10:43:03'),
(124, '8958341037', '8958341037', 'x@gmail.com', '2017-04-29', 1, 'CORRESPONDANCE', '2017041124', '2017-18', 'nitin', '2017-04-29 10:43:03'),
(125, '9012010344', '9012010344', 'x@gmail.com', '2017-04-29', 1, 'CORRESPONDANCE', '2017041125', '2017-18', 'nitin', '2017-04-29 10:43:03'),
(126, '8958394962', '8958394962', 'x@gmail.com', '2017-04-29', 1, 'CORRESPONDANCE', '2017041126', '2017-18', 'nitin', '2017-04-29 10:43:03'),
(127, '7351982847', '7351982847', 'x@gmail.com', '2017-04-29', 1, 'CORRESPONDANCE', '2017041127', '2017-18', 'nitin', '2017-04-29 10:43:03'),
(128, '7248819380', '7248819380', 'x@gmail.com', '2017-04-29', 1, 'CORRESPONDANCE', '2017041128', '2017-18', 'nitin', '2017-04-29 10:43:03'),
(129, '8958687542', '8958687542', 'x@gmail.com', '2017-04-29', 1, 'CORRESPONDANCE', '2017041129', '2017-18', 'nitin', '2017-04-29 10:43:03'),
(130, '9458130406', '9458130406', 'x@gmail.com', '2017-04-29', 1, 'CORRESPONDANCE', '2017041130', '2017-18', 'nitin', '2017-04-29 10:43:03'),
(131, '9756723497', '9756723497', 'x@gmail.com', '2017-04-29', 1, 'CORRESPONDANCE', '2017041131', '2017-18', 'nitin', '2017-04-29 10:43:03'),
(132, '8958351522', '8958351522', 'x@gmail.com', '2017-04-29', 1, 'CORRESPONDANCE', '2017041132', '2017-18', 'nitin', '2017-04-29 10:43:03'),
(133, '7500700406', '7500700406', 'x@gmail.com', '2017-04-29', 1, 'CORRESPONDANCE', '2017041133', '2017-18', 'nitin', '2017-04-29 10:43:03'),
(134, '8477049839', '8477049839', 'x@gmail.com', '2017-04-29', 1, 'CORRESPONDANCE', '2017041134', '2017-18', 'nitin', '2017-04-29 10:43:03'),
(135, '7500652722', '7500652722', 'x@gmail.com', '2017-04-29', 1, 'CORRESPONDANCE', '2017041135', '2017-18', 'nitin', '2017-04-29 10:43:03'),
(136, '8958706965', '8958706965', 'x@gmail.com', '2017-04-29', 1, 'CORRESPONDANCE', '2017041136', '2017-18', 'nitin', '2017-04-29 10:43:03'),
(137, '7351834882', '7351834882', 'x@gmail.com', '2017-04-29', 1, 'CORRESPONDANCE', '2017041137', '2017-18', 'nitin', '2017-04-29 10:43:03'),
(138, '7568294373', '7568294373', 'x@gmail.com', '2017-04-29', 1, 'CORRESPONDANCE', '2017041138', '2017-18', 'nitin', '2017-04-29 10:43:03'),
(139, '7351767740', '7351767740', 'x@gmail.com', '2017-04-29', 1, 'CORRESPONDANCE', '2017041139', '2017-18', 'nitin', '2017-04-29 10:43:03'),
(140, '8937052347', '8937052347', 'x@gmail.com', '2017-04-29', 1, 'CORRESPONDANCE', '2017041140', '2017-18', 'nitin', '2017-04-29 10:43:03'),
(141, '8958824056', '8958824056', 'x@gmail.com', '2017-04-29', 1, 'CORRESPONDANCE', '2017041141', '2017-18', 'nitin', '2017-04-29 10:43:03'),
(142, '9756940137', '9756940137', 'x@gmail.com', '2017-04-29', 1, 'CORRESPONDANCE', '2017041142', '2017-18', 'nitin', '2017-04-29 10:43:03'),
(143, '7351984460', '7351984460', 'x@gmail.com', '2017-04-29', 1, 'CORRESPONDANCE', '2017041143', '2017-18', 'nitin', '2017-04-29 10:43:03'),
(144, '9917929846', '9917929846', 'x@gmail.com', '2017-04-29', 1, 'CORRESPONDANCE', '2017041144', '2017-18', 'nitin', '2017-04-29 10:43:03'),
(145, '8958669596', '8958669596', 'x@gmail.com', '2017-04-29', 1, 'CORRESPONDANCE', '2017041145', '2017-18', 'nitin', '2017-04-29 10:43:03'),
(146, '9568257363', '9568257363', 'x@gmail.com', '2017-04-29', 1, 'CORRESPONDANCE', '2017041146', '2017-18', 'nitin', '2017-04-29 10:43:03'),
(147, '7253824574', '7253824574', 'x@gmail.com', '2017-04-29', 1, 'CORRESPONDANCE', '2017041147', '2017-18', 'nitin', '2017-04-29 10:43:03'),
(148, '9917163395', '9917163395', 'x@gmail.com', '2017-04-29', 1, 'CORRESPONDANCE', '2017041148', '2017-18', 'nitin', '2017-04-29 10:43:03'),
(149, '9568983787', '9568983787', 'x@gmail.com', '2017-04-29', 1, 'CORRESPONDANCE', '2017041149', '2017-18', 'nitin', '2017-04-29 10:43:03'),
(150, 'x', 'x', 'x@gmail.com', '2017-04-29', 1, 'CORRESPONDANCE', '2017041150', '2017-18', 'nitin', '2017-04-29 10:43:03'),
(151, '8057753515', '8057753515', 'x@gmail.com', '2017-04-29', 1, 'CORRESPONDANCE', '2017041151', '2017-18', 'nitin', '2017-04-29 10:43:03'),
(152, '9457566151', '9457566151', 'x@gmail.com', '2017-04-29', 1, 'CORRESPONDANCE', '2017041152', '2017-18', 'nitin', '2017-04-29 10:43:03'),
(153, '9690846628', '9690846628', 'x@gmail.com', '2017-04-29', 1, 'CORRESPONDANCE', '2017041153', '2017-18', 'nitin', '2017-04-29 10:43:03'),
(154, '9639124660', '9639124660', 'x@gmail.com', '2017-04-29', 1, 'CORRESPONDANCE', '2017041154', '2017-18', 'nitin', '2017-04-29 10:43:03'),
(155, '7464963540', '7464963540', 'x@gmail.com', '2017-04-29', 1, 'CORRESPONDANCE', '2017041155', '2017-18', 'nitin', '2017-04-29 10:43:03'),
(156, '8191958848', '8191958848', 'x@gmail.com', '2017-04-29', 1, 'CORRESPONDANCE', '2017041156', '2017-18', 'nitin', '2017-04-29 10:43:03'),
(157, '8958528083', '8958528083', 'x@gmail.com', '2017-04-29', 1, 'CORRESPONDANCE', '2017041157', '2017-18', 'nitin', '2017-04-29 10:43:03'),
(158, '8909139761', '8909139761', 'x@gmail.com', '2017-04-29', 1, 'CORRESPONDANCE', '2017041158', '2017-18', 'nitin', '2017-04-29 10:43:03'),
(159, 'x', 'x', 'x@gmail.com', '2017-04-29', 1, 'CORRESPONDANCE', '2017041159', '2017-18', 'nitin', '2017-04-29 10:43:03'),
(160, '9568205799', '9568205799', 'x@gmail.com', '2017-04-29', 1, 'CORRESPONDANCE', '2017041160', '2017-18', 'nitin', '2017-04-29 10:43:03'),
(161, '8941948229', '8941948229', 'x@gmail.com', '2017-04-29', 1, 'CORRESPONDANCE', '2017041161', '2017-18', 'nitin', '2017-04-29 10:43:03'),
(162, '8057672091', '8057672091', 'x@gmail.com', '2017-04-29', 1, 'CORRESPONDANCE', '2017041162', '2017-18', 'nitin', '2017-04-29 10:43:03'),
(163, '9837552549', '9837552549', 'x@gmail.com', '2017-04-29', 1, 'CORRESPONDANCE', '2017041163', '2017-18', 'nitin', '2017-04-29 10:43:03'),
(164, '8449362276', '8449362276', 'x@gmail.com', '2017-04-29', 1, 'CORRESPONDANCE', '2017041164', '2017-18', 'nitin', '2017-04-29 10:43:03'),
(165, '8958782599', '8958782599', 'x@gmail.com', '2017-04-29', 1, 'CORRESPONDANCE', '2017041165', '2017-18', 'nitin', '2017-04-29 10:43:03'),
(166, '8958527873', '8958527873', 'x@gmail.com', '2017-04-29', 1, 'CORRESPONDANCE', '2017041166', '2017-18', 'nitin', '2017-04-29 10:43:03'),
(167, 'x', 'x', 'x@gmail.com', '2017-04-29', 1, 'CORRESPONDANCE', '2017041167', '2017-18', 'nitin', '2017-04-29 10:43:03'),
(168, '9639401968', '9639401968', 'x@gmail.com', '2017-04-29', 1, 'CORRESPONDANCE', '2017041168', '2017-18', 'nitin', '2017-04-29 10:43:03'),
(169, '7247837720', '7247837720', 'x@gmail.com', '2017-04-29', 1, 'CORRESPONDANCE', '2017041169', '2017-18', 'nitin', '2017-04-29 10:43:03'),
(170, '9568794490', '9568794490', 'x@gmail.com', '2017-04-29', 1, 'CORRESPONDANCE', '2017041170', '2017-18', 'nitin', '2017-04-29 10:43:03'),
(171, '8193048522', '8193048522', 'x@gmail.com', '2017-04-29', 1, 'CORRESPONDANCE', '2017041171', '2017-18', 'nitin', '2017-04-29 10:43:03'),
(172, '7248089837', '7248089837', 'x@gmail.com', '2017-04-29', 1, 'CORRESPONDANCE', '2017041172', '2017-18', 'nitin', '2017-04-29 10:43:03'),
(173, '8449779209', '8449779209', 'x@gmail.com', '2017-04-29', 1, 'CORRESPONDANCE', '2017041173', '2017-18', 'nitin', '2017-04-29 10:43:03'),
(174, '7599003964', '7599003964', 'x@gmail.com', '2017-04-29', 1, 'CORRESPONDANCE', '2017041174', '2017-18', 'nitin', '2017-04-29 10:43:03'),
(175, '8958341037', '8958341037', 'x@gmail.com', '2017-04-29', 1, 'CORRESPONDANCE', '2017041175', '2017-18', 'nitin', '2017-04-29 10:43:03'),
(176, '8958267961', '8958267961', 'x@gmail.com', '2017-04-29', 1, 'CORRESPONDANCE', '2017041176', '2017-18', 'nitin', '2017-04-29 10:43:03'),
(177, '8958173422', '8958173422', 'x@gmail.com', '2017-04-29', 1, 'CORRESPONDANCE', '2017041177', '2017-18', 'nitin', '2017-04-29 10:43:03'),
(178, '9690910764', '9690910764', 'x@gmail.com', '2017-04-29', 1, 'CORRESPONDANCE', '2017041178', '2017-18', 'nitin', '2017-04-29 10:43:03'),
(179, '8057731737', '8057731737', 'x@gmail.com', '2017-04-29', 1, 'CORRESPONDANCE', '2017041179', '2017-18', 'nitin', '2017-04-29 10:43:03'),
(180, '9917233678', '9917233678', 'x@gmail.com', '2017-04-29', 1, 'CORRESPONDANCE', '2017041180', '2017-18', 'nitin', '2017-04-29 10:43:03'),
(181, '7351845214', '7351845214', 'x@gmail.com', '2017-04-29', 1, 'CORRESPONDANCE', '2017041181', '2017-18', 'nitin', '2017-04-29 10:43:03'),
(182, '9756356838', '9756356838', 'x@gmail.com', '2017-04-29', 1, 'CORRESPONDANCE', '2017041182', '2017-18', 'nitin', '2017-04-29 10:43:03'),
(183, '7535828499', '7535828499', 'x@gmail.com', '2017-04-29', 1, 'CORRESPONDANCE', '2017041183', '2017-18', 'nitin', '2017-04-29 10:43:03'),
(184, '9568863057', '9568863057', 'x@gmail.com', '2017-04-29', 1, 'CORRESPONDANCE', '2017041184', '2017-18', 'nitin', '2017-04-29 10:43:03'),
(185, '7248195931', '7248195931', 'x@gmail.com', '2017-04-29', 1, 'CORRESPONDANCE', '2017041185', '2017-18', 'nitin', '2017-04-29 10:43:03'),
(186, '8958687542', '8958687542', 'x@gmail.com', '2017-04-29', 1, 'CORRESPONDANCE', '2017041186', '2017-18', 'nitin', '2017-04-29 10:43:03'),
(187, '7088725374', '7088725374', 'x@gmail.com', '2017-04-29', 1, 'CORRESPONDANCE', '2017041187', '2017-18', 'nitin', '2017-04-29 10:43:03'),
(188, '9639123172', '9639123172', 'x@gmail.com', '2017-04-29', 1, 'CORRESPONDANCE', '2017041188', '2017-18', 'nitin', '2017-04-29 10:43:03'),
(189, '9756456762', '9756456762', 'x@gmail.com', '2017-04-29', 1, 'CORRESPONDANCE', '2017041189', '2017-18', 'nitin', '2017-04-29 10:43:03'),
(190, '7500034977', '7500034977', 'x@gmail.com', '2017-04-29', 1, 'CORRESPONDANCE', '2017041190', '2017-18', 'nitin', '2017-04-29 10:43:03'),
(191, '7351639619', '7351639619', 'x@gmail.com', '2017-04-29', 1, 'CORRESPONDANCE', '2017041191', '2017-18', 'nitin', '2017-04-29 10:43:03'),
(192, '9639675207', '9639675207', 'x@gmail.com', '2017-04-29', 1, 'CORRESPONDANCE', '2017041192', '2017-18', 'nitin', '2017-04-29 10:43:03'),
(193, '8477052517', '8477052517', 'x@gmail.com', '2017-04-29', 1, 'CORRESPONDANCE', '2017041193', '2017-18', 'nitin', '2017-04-29 10:43:03'),
(194, '8859851852', '8859851852', 'x@gmail.com', '2017-04-29', 1, 'CORRESPONDANCE', '2017041194', '2017-18', 'nitin', '2017-04-29 10:43:03'),
(195, '7248205113', '7248205113', 'x@gmail.com', '2017-04-29', 1, 'CORRESPONDANCE', '2017041195', '2017-18', 'nitin', '2017-04-29 10:43:03'),
(196, '9917191043', '9917191043', 'x@gmail.com', '2017-04-29', 1, 'CORRESPONDANCE', '2017041196', '2017-18', 'nitin', '2017-04-29 10:43:03'),
(197, '8941924647', '8941924647', 'x@gmail.com', '2017-04-29', 1, 'CORRESPONDANCE', '2017041197', '2017-18', 'nitin', '2017-04-29 10:43:03'),
(198, '7351521096', '7351521096', 'x@gmail.com', '2017-04-29', 1, 'CORRESPONDANCE', '2017041198', '2017-18', 'nitin', '2017-04-29 10:43:03'),
(199, '7500827761', '7500827761', 'x@gmail.com', '2017-04-29', 1, 'CORRESPONDANCE', '2017041199', '2017-18', 'nitin', '2017-04-29 10:43:03'),
(200, '9837603049', '9837603049', 'x@gmail.com', '2017-04-29', 1, 'CORRESPONDANCE', '2017041200', '2017-18', 'nitin', '2017-04-29 10:43:03'),
(201, '9012808612', '9012808612', 'x@gmail.com', '2017-04-29', 1, 'CORRESPONDANCE', '2017041201', '2017-18', 'nitin', '2017-04-29 10:43:03'),
(202, '9411337469', '9411337469', 'x@gmail.com', '2017-04-29', 1, 'CORRESPONDANCE', '2017041202', '2017-18', 'nitin', '2017-04-29 10:43:03'),
(203, '7247837720', '7247837720', 'x@gmail.com', '2017-04-29', 1, 'CORRESPONDANCE', '2017041203', '2017-18', 'nitin', '2017-04-29 10:43:03'),
(204, '9410591722', '9410591722', 'x@gmail.com', '2017-04-29', 1, 'CORRESPONDANCE', '2017041204', '2017-18', 'nitin', '2017-04-29 10:43:03'),
(205, '9411015129', '9411015129', 'x@gmail.com', '2017-04-29', 1, 'CORRESPONDANCE', '2017041205', '2017-18', 'nitin', '2017-04-29 10:43:03'),
(206, '7088165195', '7088165195', 'x@gmail.com', '2017-04-29', 1, 'CORRESPONDANCE', '2017041206', '2017-18', 'nitin', '2017-04-29 10:43:03'),
(207, '9012699679', '9012699679', 'x@gmail.com', '2017-04-29', 1, 'CORRESPONDANCE', '2017041207', '2017-18', 'nitin', '2017-04-29 10:43:03'),
(208, '7599004852', '7599004852', 'x@gmail.com', '2017-04-29', 1, 'CORRESPONDANCE', '2017041208', '2017-18', 'nitin', '2017-04-29 10:43:03'),
(209, '9756332197', '9756332197', 'x@gmail.com', '2017-04-29', 1, 'CORRESPONDANCE', '2017041209', '2017-18', 'nitin', '2017-04-29 10:43:03'),
(210, '8057741225', '8057741225', 'x@gmail.com', '2017-04-29', 1, 'CORRESPONDANCE', '2017041210', '2017-18', 'nitin', '2017-04-29 10:43:03'),
(211, '7500648481', '7500648481', 'x@gmail.com', '2017-04-29', 1, 'CORRESPONDANCE', '2017041211', '2017-18', 'nitin', '2017-04-29 10:43:03'),
(212, '9456510111', '9456510111', 'x@gmail.com', '2017-04-29', 1, 'CORRESPONDANCE', '2017041212', '2017-18', 'nitin', '2017-04-29 10:43:03'),
(213, '9568731402', '9568731402', 'x@gmail.com', '2017-04-29', 1, 'CORRESPONDANCE', '2017041213', '2017-18', 'nitin', '2017-04-29 10:43:03'),
(214, '9012623825', '9012623825', 'x@gmail.com', '2017-04-29', 1, 'CORRESPONDANCE', '2017041214', '2017-18', 'nitin', '2017-04-29 10:43:03'),
(215, '8979783614', '8979783614', 'x@gmail.com', '2017-04-29', 1, 'CORRESPONDANCE', '2017041215', '2017-18', 'nitin', '2017-04-29 10:43:03'),
(216, '8057992246', '8057992246', 'x@gmail.com', '2017-04-29', 1, 'CORRESPONDANCE', '2017041216', '2017-18', 'nitin', '2017-04-29 10:43:03'),
(217, '9457985951', '9457985951', 'x@gmail.com', '2017-04-29', 1, 'CORRESPONDANCE', '2017041217', '2017-18', 'nitin', '2017-04-29 10:43:03'),
(218, '8958320310', '8958320310', 'x@gmail.com', '2017-04-29', 1, 'CORRESPONDANCE', '2017041218', '2017-18', 'nitin', '2017-04-29 10:43:03'),
(219, '9756615793', '9756615793', 'x@gmail.com', '2017-04-29', 1, 'CORRESPONDANCE', '2017041219', '2017-18', 'nitin', '2017-04-29 10:43:03'),
(220, '9690910896', '9690910896', 'x@gmail.com', '2017-04-29', 1, 'CORRESPONDANCE', '2017041220', '2017-18', 'nitin', '2017-04-29 10:43:03'),
(221, '7248590295', '7248590295', 'x@gmail.com', '2017-04-29', 1, 'CORRESPONDANCE', '2017041221', '2017-18', 'nitin', '2017-04-29 10:43:03'),
(222, '8941070361', '8941070361', 'x@gmail.com', '2017-04-29', 1, 'CORRESPONDANCE', '2017041222', '2017-18', 'nitin', '2017-04-29 10:43:03'),
(223, '7500405571', '7500405571', 'x@gmail.com', '2017-04-29', 1, 'CORRESPONDANCE', '2017041223', '2017-18', 'nitin', '2017-04-29 10:43:03'),
(224, '9808964249', '9808964249', 'x@gmail.com', '2017-04-29', 1, 'CORRESPONDANCE', '2017041224', '2017-18', 'nitin', '2017-04-29 10:43:03'),
(225, '7247898728', '7247898728', 'x@gmail.com', '2017-04-29', 1, 'CORRESPONDANCE', '2017041225', '2017-18', 'nitin', '2017-04-29 10:43:03'),
(226, '8477048096', '8477048096', 'x@gmail.com', '2017-04-29', 1, 'CORRESPONDANCE', '2017041226', '2017-18', 'nitin', '2017-04-29 10:43:03'),
(227, '8449920948', '8449920948', 'x@gmail.com', '2017-04-29', 1, 'CORRESPONDANCE', '2017041227', '2017-18', 'nitin', '2017-04-29 10:43:03'),
(228, '9411715295', '9411715295', 'x@gmail.com', '2017-04-29', 1, 'CORRESPONDANCE', '2017041228', '2017-18', 'nitin', '2017-04-29 10:43:03'),
(229, '9927450352', '9927450352', 'x@gmail.com', '2017-04-29', 1, 'CORRESPONDANCE', '2017041229', '2017-18', 'nitin', '2017-04-29 10:43:03'),
(230, '8449012121', '8449012121', 'x@gmail.com', '2017-04-29', 1, 'CORRESPONDANCE', '2017041230', '2017-18', 'nitin', '2017-04-29 10:43:03'),
(231, '7464963839', '7464963839', 'x@gmail.com', '2017-04-29', 1, 'CORRESPONDANCE', '2017041231', '2017-18', 'nitin', '2017-04-29 10:43:03'),
(232, '9012714616', '9012714616', 'x@gmail.com', '2017-04-29', 1, 'CORRESPONDANCE', '2017041232', '2017-18', 'nitin', '2017-04-29 10:43:03'),
(233, '9808170791', '9808170791', 'x@gmail.com', '2017-04-29', 1, 'CORRESPONDANCE', '2017041233', '2017-18', 'nitin', '2017-04-29 10:43:03'),
(234, '9837664273', '9837664273', 'x@gmail.com', '2017-04-29', 1, 'CORRESPONDANCE', '2017041234', '2017-18', 'nitin', '2017-04-29 10:43:03'),
(235, '9917174052', '9917174052', 'x@gmail.com', '2017-04-29', 1, 'CORRESPONDANCE', '2017041235', '2017-18', 'nitin', '2017-04-29 10:43:03'),
(236, '7536885191', '7536885191', 'x@gmail.com', '2017-04-29', 1, 'CORRESPONDANCE', '2017041236', '2017-18', 'nitin', '2017-04-29 10:43:03'),
(237, '7351030754', '7351030754', 'x@gmail.com', '2017-04-29', 1, 'CORRESPONDANCE', '2017041237', '2017-18', 'nitin', '2017-04-29 10:43:03'),
(238, '9411579900', '9411579900', 'x@gmail.com', '2017-04-29', 1, 'CORRESPONDANCE', '2017041238', '2017-18', 'nitin', '2017-04-29 10:43:03'),
(239, '8191841972', '8191841972', 'x@gmail.com', '2017-04-29', 1, 'CORRESPONDANCE', '2017041239', '2017-18', 'nitin', '2017-04-29 10:43:03'),
(240, '7454959427', '7454959427', 'x@gmail.com', '2017-04-29', 1, 'CORRESPONDANCE', '2017041240', '2017-18', 'nitin', '2017-04-29 10:43:03'),
(241, '8192070616', '8192070616', 'x@gmail.com', '2017-04-29', 1, 'CORRESPONDANCE', '2017041241', '2017-18', 'nitin', '2017-04-29 10:43:03'),
(242, '7088062574', '7088062574', 'x@gmail.com', '2017-04-29', 1, 'CORRESPONDANCE', '2017041242', '2017-18', 'nitin', '2017-04-29 10:43:03'),
(243, '7055045685', '7055045685', 'x@gmail.com', '2017-04-29', 1, 'CORRESPONDANCE', '2017041243', '2017-18', 'nitin', '2017-04-29 10:43:03'),
(244, '9756379238', '9756379238', 'x@gmail.com', '2017-04-29', 1, 'CORRESPONDANCE', '2017041244', '2017-18', 'nitin', '2017-04-29 10:43:03'),
(245, '8936945466', '8936945466', 'x@gmail.com', '2017-04-29', 1, 'CORRESPONDANCE', '2017041245', '2017-18', 'nitin', '2017-04-29 10:43:03'),
(246, '9410923849', '9410923849', 'x@gmail.com', '2017-04-29', 1, 'CORRESPONDANCE', '2017041246', '2017-18', 'nitin', '2017-04-29 10:43:03'),
(247, '9568822536', '9568822536', 'x@gmail.com', '2017-04-29', 1, 'CORRESPONDANCE', '2017041247', '2017-18', 'nitin', '2017-04-29 10:43:03'),
(248, '9568205799', '9568205799', 'x@gmail.com', '2017-04-29', 1, 'CORRESPONDANCE', '2017041248', '2017-18', 'nitin', '2017-04-29 10:43:03'),
(249, '7534987286', '7534987286', 'x@gmail.com', '2017-04-29', 1, 'CORRESPONDANCE', '2017041249', '2017-18', 'nitin', '2017-04-29 10:43:03'),
(250, '8449216320', '8449216320', 'x@gmail.com', '2017-04-29', 1, 'CORRESPONDANCE', '2017041250', '2017-18', 'nitin', '2017-04-29 10:43:03'),
(251, '8449546890', '8449546890', 'hshjj@gmail.com', '2017-05-05 12:31:43', 1, 'CORRESPONDANCE', '2017051251', '2017-18', 'nitin', '2017-05-05 07:01:43'),
(252, '7599331491', '7599331491', 'x@gmail.com', '0', 1, 'CORRESPONDANCE', '2017041251', '2017-18', 'nitin', '0000-00-00 00:00:00'),
(253, '8958351522', '8958351522', 'x@gmail.com', '0', 1, 'CORRESPONDANCE', '2017041252', '2017-18', 'nitin', '0000-00-00 00:00:00'),
(254, '9456393393', '9456393393', 'x@gmail.com', '0', 1, 'CORRESPONDANCE', '2017041253', '2017-18', 'nitin', '0000-00-00 00:00:00'),
(255, '7248204631', '7248204631', 'x@gmail.com', '0', 1, 'CORRESPONDANCE', '2017041254', '2017-18', 'nitin', '0000-00-00 00:00:00'),
(256, '9568213494', '9568213494', 'x@gmail.com', '0', 1, 'CORRESPONDANCE', '2017041255', '2017-18', 'nitin', '0000-00-00 00:00:00'),
(257, 'x', 'x', 'x@gmail.com', '0', 1, 'CORRESPONDANCE', '2017041256', '2017-18', 'nitin', '0000-00-00 00:00:00'),
(258, '9917840018', '9917840018', 'x@gmail.com', '0', 1, 'CORRESPONDANCE', '2017041257', '2017-18', 'nitin', '0000-00-00 00:00:00'),
(259, '9690910816', '9690910816', 'x@gmail.com', '0', 1, 'CORRESPONDANCE', '2017041258', '2017-18', 'nitin', '0000-00-00 00:00:00'),
(260, '9568794490', '9568794490', 'x@gmail.com', '0', 1, 'CORRESPONDANCE', '2017041259', '2017-18', 'nitin', '0000-00-00 00:00:00'),
(261, '8958528652', '8958528652', 'x@gmail.com', '0', 1, 'CORRESPONDANCE', '2017041260', '2017-18', 'nitin', '0000-00-00 00:00:00'),
(262, '9917584937', '9917584937', 'x@gmail.com', '0', 1, 'CORRESPONDANCE', '2017041261', '2017-18', 'nitin', '0000-00-00 00:00:00'),
(263, '7055372181', '7055372181', 'x@gmail.com', '0', 1, 'CORRESPONDANCE', '2017041262', '2017-18', 'nitin', '0000-00-00 00:00:00'),
(264, '9917386711', '9917386711', 'x@gmail.com', '0', 1, 'CORRESPONDANCE', '2017041263', '2017-18', 'nitin', '0000-00-00 00:00:00'),
(265, '9756077369', '9756077369', 'x@gmail.com', '0', 1, 'CORRESPONDANCE', '2017041264', '2017-18', 'nitin', '0000-00-00 00:00:00'),
(266, '8449913758', '8449913758', 'x@gmail.com', '0', 1, 'CORRESPONDANCE', '2017041265', '2017-18', 'nitin', '0000-00-00 00:00:00'),
(267, '9568650237', '9568650237', 'x@gmail.com', '0', 1, 'CORRESPONDANCE', '2017041266', '2017-18', 'nitin', '0000-00-00 00:00:00'),
(268, '8449449611', '8449449611', 'x@gmail.com', '0', 1, 'CORRESPONDANCE', '2017041267', '2017-18', 'nitin', '0000-00-00 00:00:00'),
(269, '8958689979', '8958689979', 'x@gmail.com', '0', 1, 'CORRESPONDANCE', '2017041268', '2017-18', 'nitin', '0000-00-00 00:00:00'),
(270, '9627707058', '9627707058', 'x@gmail.com', '0', 1, 'CORRESPONDANCE', '2017041269', '2017-18', 'nitin', '0000-00-00 00:00:00'),
(271, '9968528069', '9968528069', 'x@gmail.com', '0', 1, 'CORRESPONDANCE', '2017041270', '2017-18', 'nitin', '0000-00-00 00:00:00'),
(272, '9536541740', '9536541740', 'x@gmail.com', '0', 1, 'CORRESPONDANCE', '2017041271', '2017-18', 'nitin', '0000-00-00 00:00:00'),
(273, '7534881828', '7534881828', 'x@gmail.com', '0', 1, 'CORRESPONDANCE', '2017041272', '2017-18', 'nitin', '0000-00-00 00:00:00'),
(274, '8941076040', '8941076040', 'x@gmail.com', '0', 1, 'CORRESPONDANCE', '2017041273', '2017-18', 'nitin', '0000-00-00 00:00:00'),
(275, '8941948403', '8941948403', 'x@gmail.com', '0', 1, 'CORRESPONDANCE', '2017041274', '2017-18', 'nitin', '0000-00-00 00:00:00'),
(276, '7351800901', '7351800901', 'x@gmail.com', '0', 1, 'CORRESPONDANCE', '2017041275', '2017-18', 'nitin', '0000-00-00 00:00:00'),
(277, '9917891937', '9917891937', 'x@gmail.com', '0', 1, 'CORRESPONDANCE', '2017041276', '2017-18', 'nitin', '0000-00-00 00:00:00'),
(278, '8191036141', '8191036141', 'x@gmail.com', '0', 1, 'CORRESPONDANCE', '2017041277', '2017-18', 'nitin', '0000-00-00 00:00:00'),
(279, '8958534432', '8958534432', 'x@gmail.com', '0', 1, 'CORRESPONDANCE', '2017041278', '2017-18', 'nitin', '0000-00-00 00:00:00'),
(280, '7536885527', '7536885527', 'x@gmail.com', '0', 1, 'CORRESPONDANCE', '2017041279', '2017-18', 'nitin', '0000-00-00 00:00:00'),
(281, '9012000446', '9012000446', 'x@gmail.com', '0', 1, 'CORRESPONDANCE', '2017041280', '2017-18', 'nitin', '0000-00-00 00:00:00'),
(282, '9756795821', '9756795821', 'x@gmail.com', '0', 1, 'CORRESPONDANCE', '2017041281', '2017-18', 'nitin', '0000-00-00 00:00:00'),
(283, '7248205113', '7248205113', 'x@gmail.com', '0', 1, 'CORRESPONDANCE', '2017041282', '2017-18', 'nitin', '0000-00-00 00:00:00'),
(284, '7599004852', '7599004852', 'x@gmail.com', '0', 1, 'CORRESPONDANCE', '2017041283', '2017-18', 'nitin', '0000-00-00 00:00:00'),
(285, '9457384515', '9457384515', 'x@gmail.com', '0', 1, 'CORRESPONDANCE', '2017041284', '2017-18', 'nitin', '0000-00-00 00:00:00'),
(286, '9917009199', '9917009199', 'x@gmail.com', '0', 1, 'CORRESPONDANCE', '2017041285', '2017-18', 'nitin', '0000-00-00 00:00:00'),
(287, '9756985187', '9756985187', 'x@gmail.com', '0', 1, 'CORRESPONDANCE', '2017041286', '2017-18', 'nitin', '0000-00-00 00:00:00'),
(288, '9012729975', '9012729975', 'x@gmail.com', '0', 1, 'CORRESPONDANCE', '2017041287', '2017-18', 'nitin', '0000-00-00 00:00:00'),
(289, '9927256009', '9927256009', 'x@gmail.com', '0', 1, 'CORRESPONDANCE', '2017041288', '2017-18', 'nitin', '0000-00-00 00:00:00'),
(290, '7500034977', '7500034977', 'x@gmail.com', '0', 1, 'CORRESPONDANCE', '2017041289', '2017-18', 'nitin', '0000-00-00 00:00:00'),
(291, '9456702571', '9456702571', 'x@gmail.com', '0', 1, 'CORRESPONDANCE', '2017041290', '2017-18', 'nitin', '0000-00-00 00:00:00'),
(292, '7351723539', '7351723539', 'x@gmail.com', '0', 1, 'CORRESPONDANCE', '2017041291', '2017-18', 'nitin', '0000-00-00 00:00:00'),
(293, '8477947623', '8477947623', 'x@gmail.com', '0', 1, 'CORRESPONDANCE', '2017041292', '2017-18', 'nitin', '0000-00-00 00:00:00'),
(294, '7248456159', '7248456159', 'x@gmail.com', '0', 1, 'CORRESPONDANCE', '2017041293', '2017-18', 'nitin', '0000-00-00 00:00:00'),
(295, '9997730159', '9997730159', 'x@gmail.com', '0', 1, 'CORRESPONDANCE', '2017041294', '2017-18', 'nitin', '0000-00-00 00:00:00'),
(296, '9568174514', '9568174514', 'x@gmail.com', '0', 1, 'CORRESPONDANCE', '2017041295', '2017-18', 'nitin', '0000-00-00 00:00:00'),
(297, '7248305455', '7248305455', 'x@gmail.com', '0', 1, 'CORRESPONDANCE', '2017041296', '2017-18', 'nitin', '0000-00-00 00:00:00'),
(298, '8941090372', '8941090372', 'x@gmail.com', '0', 1, 'CORRESPONDANCE', '2017041297', '2017-18', 'nitin', '0000-00-00 00:00:00'),
(299, '7534881691', '7534881691', 'x@gmail.com', '0', 1, 'CORRESPONDANCE', '2017041298', '2017-18', 'nitin', '0000-00-00 00:00:00'),
(300, '9837317167', '9837317167', 'x@gmail.com', '0', 1, 'CORRESPONDANCE', '2017041299', '2017-18', 'nitin', '0000-00-00 00:00:00'),
(301, '7351099599', '7351099599', 'x@gmail.com', '0', 1, 'CORRESPONDANCE', '2017041300', '2017-18', 'nitin', '0000-00-00 00:00:00'),
(302, '7534881868', '7534881868', 'x@gmail.com', '0', 1, 'CORRESPONDANCE', '2017041301', '2017-18', 'nitin', '0000-00-00 00:00:00'),
(303, '9639401968', '9639401968', 'x@gmail.com', '0', 1, 'CORRESPONDANCE', '2017041302', '2017-18', 'nitin', '0000-00-00 00:00:00'),
(304, '9412340701', '9412340701', 'x@gmail.com', '0', 1, 'CORRESPONDANCE', '2017041303', '2017-18', 'nitin', '0000-00-00 00:00:00'),
(305, '9568650237', '9568650237', 'x@gmail.com', '0', 1, 'CORRESPONDANCE', '2017041304', '2017-18', 'nitin', '0000-00-00 00:00:00'),
(306, '8958267961', '8958267961', 'x@gmail.com', '0', 1, 'CORRESPONDANCE', '2017041305', '2017-18', 'nitin', '0000-00-00 00:00:00'),
(307, '7599321640', '7599321640', 'x@gmail.com', '0', 1, 'CORRESPONDANCE', '2017041306', '2017-18', 'nitin', '0000-00-00 00:00:00'),
(308, '8958644628', '8958644628', 'x@gmail.com', '0', 1, 'CORRESPONDANCE', '2017041307', '2017-18', 'nitin', '0000-00-00 00:00:00'),
(309, '8954091823', '8954091823', 'x@gmail.com', '0', 1, 'CORRESPONDANCE', '2017041308', '2017-18', 'nitin', '0000-00-00 00:00:00'),
(310, '9568863057', '9568863057', 'x@gmail.com', '0', 1, 'CORRESPONDANCE', '2017041309', '2017-18', 'nitin', '0000-00-00 00:00:00'),
(311, '7248195931', '7248195931', 'x@gmail.com', '0', 1, 'CORRESPONDANCE', '2017041310', '2017-18', 'nitin', '0000-00-00 00:00:00'),
(312, '8475807512', '8475807512', 'x@gmail.com', '0', 1, 'CORRESPONDANCE', '2017041311', '2017-18', 'nitin', '0000-00-00 00:00:00'),
(313, '9756805646', '9756805646', 'x@gmail.com', '0', 1, 'CORRESPONDANCE', '2017041312', '2017-18', 'nitin', '0000-00-00 00:00:00'),
(314, '8958320310', '8958320310', 'x@gmail.com', '0', 1, 'CORRESPONDANCE', '2017041313', '2017-18', 'nitin', '0000-00-00 00:00:00'),
(315, '8193048540', '8193048540', 'x@gmail.com', '0', 1, 'CORRESPONDANCE', '2017041314', '2017-18', 'nitin', '0000-00-00 00:00:00'),
(316, '9927263190', '9927263190', 'x@gmail.com', '0', 1, 'CORRESPONDANCE', '2017041315', '2017-18', 'nitin', '0000-00-00 00:00:00'),
(317, '8057398931', '8057398931', 'x@gmail.com', '0', 1, 'CORRESPONDANCE', '2017041316', '2017-18', 'nitin', '0000-00-00 00:00:00'),
(318, '9456109844', '9456109844', 'x@gmail.com', '0', 1, 'CORRESPONDANCE', '2017041317', '2017-18', 'nitin', '0000-00-00 00:00:00'),
(319, '9410156833', '9410156833', 'x@gmail.com', '0', 1, 'CORRESPONDANCE', '2017041318', '2017-18', 'nitin', '0000-00-00 00:00:00'),
(320, '8057606384', '8057606384', 'x@gmail.com', '0', 1, 'CORRESPONDANCE', '2017041319', '2017-18', 'nitin', '0000-00-00 00:00:00'),
(321, '7055655429', '7055655429', 'x@gmail.com', '0', 1, 'CORRESPONDANCE', '2017041320', '2017-18', 'nitin', '0000-00-00 00:00:00'),
(322, '9012706522', '9012706522', 'x@gmail.com', '0', 1, 'CORRESPONDANCE', '2017041321', '2017-18', 'nitin', '0000-00-00 00:00:00'),
(323, '8958682251', '8958682251', 'x@gmail.com', '0', 1, 'CORRESPONDANCE', '2017041322', '2017-18', 'nitin', '0000-00-00 00:00:00'),
(324, '7500653254', '7500653254', 'x@gmail.com', '0', 1, 'CORRESPONDANCE', '2017041323', '2017-18', 'nitin', '0000-00-00 00:00:00'),
(325, '9568519878', '9568519878', 'x@gmail.com', '0', 1, 'CORRESPONDANCE', '2017041324', '2017-18', 'nitin', '0000-00-00 00:00:00'),
(326, '8958310183', '8958310183', 'x@gmail.com', '0', 1, 'CORRESPONDANCE', '2017041325', '2017-18', 'nitin', '0000-00-00 00:00:00'),
(327, '8958786363', '8958786363', 'x@gmail.com', '0', 1, 'CORRESPONDANCE', '2017041326', '2017-18', 'nitin', '0000-00-00 00:00:00'),
(328, '8192809602', '8192809602', 'x@gmail.com', '0', 1, 'CORRESPONDANCE', '2017041327', '2017-18', 'nitin', '0000-00-00 00:00:00'),
(329, '7900828198', '7900828198', 'x@gmail.com', '0', 1, 'CORRESPONDANCE', '2017041328', '2017-18', 'nitin', '0000-00-00 00:00:00'),
(330, '9557944891', '9557944891', 'x@gmail.com', '0', 1, 'CORRESPONDANCE', '2017041329', '2017-18', 'nitin', '0000-00-00 00:00:00'),
(331, '8057433690', '8057433690', 'x@gmail.com', '0', 1, 'CORRESPONDANCE', '2017041330', '2017-18', 'nitin', '0000-00-00 00:00:00'),
(332, '8936946646', '8936946646', 'x@gmail.com', '0', 1, 'CORRESPONDANCE', '2017041331', '2017-18', 'nitin', '0000-00-00 00:00:00'),
(333, '9756756041', '9756756041', 'x@gmail.com', '0', 1, 'CORRESPONDANCE', '2017041332', '2017-18', 'nitin', '0000-00-00 00:00:00'),
(334, '9917212997', '9917212997', 'x@gmail.com', '0', 1, 'CORRESPONDANCE', '2017041333', '2017-18', 'nitin', '0000-00-00 00:00:00'),
(335, '9756356569', '9756356569', 'x@gmail.com', '0', 1, 'CORRESPONDANCE', '2017041334', '2017-18', 'nitin', '0000-00-00 00:00:00'),
(336, '7535828944', '7535828944', 'x@gmail.com', '0', 1, 'CORRESPONDANCE', '2017041335', '2017-18', 'nitin', '0000-00-00 00:00:00'),
(337, '8941089124', '8941089124', 'x@gmail.com', '0', 1, 'CORRESPONDANCE', '2017041336', '2017-18', 'nitin', '0000-00-00 00:00:00'),
(338, '9756364544', '9756364544', 'x@gmail.com', '0', 1, 'CORRESPONDANCE', '2017041337', '2017-18', 'nitin', '0000-00-00 00:00:00'),
(339, '8938075092', '8938075092', 'x@gmail.com', '0', 1, 'CORRESPONDANCE', '2017041338', '2017-18', 'nitin', '0000-00-00 00:00:00'),
(340, '7534881794', '7534881794', 'x@gmail.com', '0', 1, 'CORRESPONDANCE', '2017041339', '2017-18', 'nitin', '0000-00-00 00:00:00'),
(341, '7055655290', '7055655290', 'x@gmail.com', '0', 1, 'CORRESPONDANCE', '2017041340', '2017-18', 'nitin', '0000-00-00 00:00:00'),
(342, '8958315997', '8958315997', 'x@gmail.com', '0', 1, 'CORRESPONDANCE', '2017041341', '2017-18', 'nitin', '0000-00-00 00:00:00'),
(343, '9410978123', '9410978123', 'x@gmail.com', '0', 1, 'CORRESPONDANCE', '2017041342', '2017-18', 'nitin', '0000-00-00 00:00:00'),
(344, '7500405571', '7500405571', 'x@gmail.com', '0', 1, 'CORRESPONDANCE', '2017041343', '2017-18', 'nitin', '0000-00-00 00:00:00'),
(345, '8171922450', '8171922450', 'x@gmail.com', '0', 1, 'CORRESPONDANCE', '2017041344', '2017-18', 'nitin', '0000-00-00 00:00:00'),
(346, '8449400284', '8449400284', 'x@gmail.com', '0', 1, 'CORRESPONDANCE', '2017041345', '2017-18', 'nitin', '0000-00-00 00:00:00'),
(347, '9627707058', '9627707058', 'x@gmail.com', '0', 1, 'CORRESPONDANCE', '2017041346', '2017-18', 'nitin', '0000-00-00 00:00:00'),
(348, '9690064253', '9690064253', 'x@gmail.com', '0', 1, 'CORRESPONDANCE', '2017041347', '2017-18', 'nitin', '0000-00-00 00:00:00'),
(349, '9837159147', '9837159147', 'x@gmail.com', '0', 1, 'CORRESPONDANCE', '2017041348', '2017-18', 'nitin', '0000-00-00 00:00:00'),
(350, '7500045436', '7500045436', 'x@gmail.com', '0', 1, 'CORRESPONDANCE', '2017041349', '2017-18', 'nitin', '0000-00-00 00:00:00'),
(351, '7351201519', '7351201519', 'x@gmail.com', '0', 1, 'CORRESPONDANCE', '2017041350', '2017-18', 'nitin', '0000-00-00 00:00:00'),
(352, '9456393393', '9456393393', 'x@gmail.com', '0', 1, 'CORRESPONDANCE', '2017041351', '2017-18', 'nitin', '0000-00-00 00:00:00'),
(353, '9917236939', '9917236939', 'x@gmail.com', '0', 1, 'CORRESPONDANCE', '2017041352', '2017-18', 'nitin', '0000-00-00 00:00:00'),
(354, '9690022712', '9690022712', 'x@gmail.com', '0', 1, 'CORRESPONDANCE', '2017041353', '2017-18', 'nitin', '0000-00-00 00:00:00'),
(355, '9012568457', '9012568457', 'x@gmail.com', '0', 1, 'CORRESPONDANCE', '2017041354', '2017-18', 'nitin', '0000-00-00 00:00:00'),
(356, '9917240565', '9917240565', 'x@gmail.com', '0', 1, 'CORRESPONDANCE', '2017041355', '2017-18', 'nitin', '0000-00-00 00:00:00'),
(357, '8057741225', '8057741225', 'x@gmail.com', '0', 1, 'CORRESPONDANCE', '2017041356', '2017-18', 'nitin', '0000-00-00 00:00:00'),
(358, '9760565370', '9760565370', 'x@gmail.com', '0', 1, 'CORRESPONDANCE', '2017041357', '2017-18', 'nitin', '0000-00-00 00:00:00'),
(359, '9410775454', '9410775454', 'x@gmail.com', '0', 1, 'CORRESPONDANCE', '2017041358', '2017-18', 'nitin', '0000-00-00 00:00:00'),
(360, '8192811231', '8192811231', 'x@gmail.com', '0', 1, 'CORRESPONDANCE', '2017041359', '2017-18', 'nitin', '0000-00-00 00:00:00'),
(361, '9917891937', '9917891937', 'x@gmail.com', '0', 1, 'CORRESPONDANCE', '2017041360', '2017-18', 'nitin', '0000-00-00 00:00:00'),
(362, '8193048568', '8193048568', 'x@gmail.com', '0', 1, 'CORRESPONDANCE', '2017041361', '2017-18', 'nitin', '0000-00-00 00:00:00'),
(363, '8958394962', '8958394962', 'x@gmail.com', '0', 1, 'CORRESPONDANCE', '2017041362', '2017-18', 'nitin', '0000-00-00 00:00:00'),
(364, '7500232478', '7500232478', 'x@gmail.com', '0', 1, 'CORRESPONDANCE', '2017041363', '2017-18', 'nitin', '0000-00-00 00:00:00'),
(365, '9568981010', '9568981010', 'x@gmail.com', '0', 1, 'CORRESPONDANCE', '2017041364', '2017-18', 'nitin', '0000-00-00 00:00:00');
INSERT INTO `master_10_stud_contact` (`CNTCT_ID`, `MOBILE_S`, `PH_S`, `EMAIL_S`, `DOC_`, `STATUS`, `CONTACT_STATUS`, `regid`, `SESSID`, `USERNAME_`, `DATE_`) VALUES
(366, '8191976811', '8191976811', 'x@gmail.com', '0', 1, 'CORRESPONDANCE', '2017041365', '2017-18', 'nitin', '0000-00-00 00:00:00'),
(367, '9457367295', '9457367295', 'x@gmail.com', '0', 1, 'CORRESPONDANCE', '2017041366', '2017-18', 'nitin', '0000-00-00 00:00:00'),
(368, '7351844785', '7351844785', 'x@gmail.com', '0', 1, 'CORRESPONDANCE', '2017041367', '2017-18', 'nitin', '0000-00-00 00:00:00'),
(369, '9639708171', '9639708171', 'x@gmail.com', '0', 1, 'CORRESPONDANCE', '2017041368', '2017-18', 'nitin', '0000-00-00 00:00:00'),
(370, '8192850090', '8192850090', 'x@gmail.com', '0', 1, 'CORRESPONDANCE', '2017041369', '2017-18', 'nitin', '0000-00-00 00:00:00'),
(371, '9568213494', '9568213494', 'x@gmail.com', '0', 1, 'CORRESPONDANCE', '2017041370', '2017-18', 'nitin', '0000-00-00 00:00:00'),
(372, '8979945484', '8979945484', 'x@gmail.com', '0', 1, 'CORRESPONDANCE', '2017041371', '2017-18', 'nitin', '0000-00-00 00:00:00'),
(373, '9568213678', '9568213678', 'x@gmail.com', '0', 1, 'CORRESPONDANCE', '2017041372', '2017-18', 'nitin', '0000-00-00 00:00:00'),
(374, '9917762015', '9917762015', 'x@gmail.com', '0', 1, 'CORRESPONDANCE', '2017041373', '2017-18', 'nitin', '0000-00-00 00:00:00'),
(375, '9917169035', '9917169035', 'x@gmail.com', '0', 1, 'CORRESPONDANCE', '2017041374', '2017-18', 'nitin', '0000-00-00 00:00:00'),
(376, '7500644732', '7500644732', 'x@gmail.com', '0', 1, 'CORRESPONDANCE', '2017041375', '2017-18', 'nitin', '0000-00-00 00:00:00'),
(377, '7088043877', '7088043877', 'x@gmail.com', '0', 1, 'CORRESPONDANCE', '2017041376', '2017-18', 'nitin', '0000-00-00 00:00:00'),
(378, '7599419227', '7599419227', 'x@gmail.com', '0', 1, 'CORRESPONDANCE', '2017041377', '2017-18', 'nitin', '0000-00-00 00:00:00'),
(379, '8941071463', '8941071463', 'x@gmail.com', '0', 1, 'CORRESPONDANCE', '2017041378', '2017-18', 'nitin', '0000-00-00 00:00:00'),
(380, '9690589400', '9690589400', 'x@gmail.com', '0', 1, 'CORRESPONDANCE', '2017041379', '2017-18', 'nitin', '0000-00-00 00:00:00'),
(381, '9837154248', '9837154248', 'x@gmail.com', '0', 1, 'CORRESPONDANCE', '2017041380', '2017-18', 'nitin', '0000-00-00 00:00:00'),
(382, '8941014114', '8941014114', 'x@gmail.com', '0', 1, 'CORRESPONDANCE', '2017041381', '2017-18', 'nitin', '0000-00-00 00:00:00'),
(383, '9356366574', '9356366574', 'x@gmail.com', '0', 1, 'CORRESPONDANCE', '2017041382', '2017-18', 'nitin', '0000-00-00 00:00:00'),
(384, '8476830545', '8476830545', 'x@gmail.com', '0', 1, 'CORRESPONDANCE', '2017041383', '2017-18', 'nitin', '0000-00-00 00:00:00'),
(385, '8958209151', '8958209151', 'x@gmail.com', '0', 1, 'CORRESPONDANCE', '2017041384', '2017-18', 'nitin', '0000-00-00 00:00:00'),
(386, '9568206220', '9568206220', 'x@gmail.com', '0', 1, 'CORRESPONDANCE', '2017041385', '2017-18', 'nitin', '0000-00-00 00:00:00'),
(387, '7351638535', '7351638535', 'x@gmail.com', '0', 1, 'CORRESPONDANCE', '2017041386', '2017-18', 'nitin', '0000-00-00 00:00:00'),
(388, '7351145510', '7351145510', 'x@gmail.com', '0', 1, 'CORRESPONDANCE', '2017041387', '2017-18', 'nitin', '0000-00-00 00:00:00'),
(389, '9917009199', '9917009199', 'x@gmail.com', '0', 1, 'CORRESPONDANCE', '2017041388', '2017-18', 'nitin', '0000-00-00 00:00:00'),
(390, '9756533885', '9756533885', 'x@gmail.com', '0', 1, 'CORRESPONDANCE', '2017041389', '2017-18', 'nitin', '0000-00-00 00:00:00'),
(391, '8937974476', '8937974476', 'x@gmail.com', '0', 1, 'CORRESPONDANCE', '2017041390', '2017-18', 'nitin', '0000-00-00 00:00:00'),
(392, '8476905173', '8476905173', 'x@gmail.com', '0', 1, 'CORRESPONDANCE', '2017041391', '2017-18', 'nitin', '0000-00-00 00:00:00'),
(393, '8449766101', '8449766101', 'x@gmail.com', '0', 1, 'CORRESPONDANCE', '2017041392', '2017-18', 'nitin', '0000-00-00 00:00:00'),
(394, '7248457302', '7248457302', 'x@gmail.com', '0', 1, 'CORRESPONDANCE', '2017041393', '2017-18', 'nitin', '0000-00-00 00:00:00'),
(395, '8958945084', '8958945084', 'x@gmail.com', '0', 1, 'CORRESPONDANCE', '2017041394', '2017-18', 'nitin', '0000-00-00 00:00:00'),
(396, '9927171871', '9927171871', 'x@gmail.com', '0', 1, 'CORRESPONDANCE', '2017041395', '2017-18', 'nitin', '0000-00-00 00:00:00'),
(397, '9837603049', '9837603049', 'x@gmail.com', '0', 1, 'CORRESPONDANCE', '2017041396', '2017-18', 'nitin', '0000-00-00 00:00:00'),
(398, '7248684014', '7248684014', 'x@gmail.com', '0', 1, 'CORRESPONDANCE', '2017041397', '2017-18', 'nitin', '0000-00-00 00:00:00'),
(399, '9568428194', '9568428194', 'x@gmail.com', '0', 1, 'CORRESPONDANCE', '2017041398', '2017-18', 'nitin', '0000-00-00 00:00:00'),
(400, '9927457819', '9927457819', 'x@gmail.com', '0', 1, 'CORRESPONDANCE', '2017041399', '2017-18', 'nitin', '0000-00-00 00:00:00'),
(401, '9927457819', '9927457819', 'x@gmail.com', '0', 1, 'CORRESPONDANCE', '2017041400', '2017-18', 'nitin', '0000-00-00 00:00:00'),
(402, '8941076040', '8941076040', 'x@gmail.com', '0', 1, 'CORRESPONDANCE', '2017041401', '2017-18', 'nitin', '0000-00-00 00:00:00'),
(403, 'x', 'x', 'x@gmail.com', '0', 1, 'CORRESPONDANCE', '2017041402', '2017-18', 'nitin', '0000-00-00 00:00:00'),
(404, '8958308770', '8958308770', 'x@gmail.com', '0', 1, 'CORRESPONDANCE', '2017041403', '2017-18', 'nitin', '0000-00-00 00:00:00'),
(405, '7536844654', '7536844654', 'x@gmail.com', '0', 1, 'CORRESPONDANCE', '2017041404', '2017-18', 'nitin', '0000-00-00 00:00:00'),
(406, '9012667824', '9012667824', 'x@gmail.com', '0', 1, 'CORRESPONDANCE', '2017041405', '2017-18', 'nitin', '0000-00-00 00:00:00'),
(407, '7248204772', '7248204772', 'x@gmail.com', '0', 1, 'CORRESPONDANCE', '2017041406', '2017-18', 'nitin', '0000-00-00 00:00:00'),
(408, '7409579117', '7409579117', 'x@gmail.com', '0', 1, 'CORRESPONDANCE', '2017041407', '2017-18', 'nitin', '0000-00-00 00:00:00'),
(409, '8057781651', '8057781651', 'x@gmail.com', '0', 1, 'CORRESPONDANCE', '2017041408', '2017-18', 'nitin', '0000-00-00 00:00:00'),
(410, '8449612743', '8449612743', 'x@gmail.com', '0', 1, 'CORRESPONDANCE', '2017041409', '2017-18', 'nitin', '0000-00-00 00:00:00'),
(411, '7351723539', '7351723539', 'x@gmail.com', '0', 1, 'CORRESPONDANCE', '2017041410', '2017-18', 'nitin', '0000-00-00 00:00:00'),
(412, '8476020206', '8476020206', 'x@gmail.com', '0', 1, 'CORRESPONDANCE', '2017041411', '2017-18', 'nitin', '0000-00-00 00:00:00'),
(413, '9557944891', '9557944891', 'x@gmail.com', '0', 1, 'CORRESPONDANCE', '2017041412', '2017-18', 'nitin', '0000-00-00 00:00:00'),
(414, 'x', 'x', 'x@gmail.com', '0', 1, 'CORRESPONDANCE', '2017041413', '2017-18', 'nitin', '0000-00-00 00:00:00'),
(415, '9927345629', '9927345629', 'x@gmail.com', '0', 1, 'CORRESPONDANCE', '2017041414', '2017-18', 'nitin', '0000-00-00 00:00:00'),
(416, '9997735862', '9997735862', 'x@gmail.com', '0', 1, 'CORRESPONDANCE', '2017041415', '2017-18', 'nitin', '0000-00-00 00:00:00'),
(417, '9639279156', '9639279156', 'x@gmail.com', '0', 1, 'CORRESPONDANCE', '2017041416', '2017-18', 'nitin', '0000-00-00 00:00:00'),
(418, '7088059154', '7088059154', 'x@gmail.com', '0', 1, 'CORRESPONDANCE', '2017041417', '2017-18', 'nitin', '0000-00-00 00:00:00'),
(419, '7900317421', '7900317421', 'x@gmail.com', '0', 1, 'CORRESPONDANCE', '2017041418', '2017-18', 'nitin', '0000-00-00 00:00:00'),
(420, '7535880335', '7535880335', 'x@gmail.com', '0', 1, 'CORRESPONDANCE', '2017041419', '2017-18', 'nitin', '0000-00-00 00:00:00'),
(421, '8191958779', '8191958779', 'x@gmail.com', '0', 1, 'CORRESPONDANCE', '2017041420', '2017-18', 'nitin', '0000-00-00 00:00:00'),
(422, '9917193002', '9917193002', 'x@gmail.com', '0', 1, 'CORRESPONDANCE', '2017041421', '2017-18', 'nitin', '0000-00-00 00:00:00'),
(423, '8192067594', '8192067594', 'x@gmail.com', '0', 1, 'CORRESPONDANCE', '2017041422', '2017-18', 'nitin', '0000-00-00 00:00:00'),
(424, '9568794490', '9568794490', 'x@gmail.com', '0', 1, 'CORRESPONDANCE', '2017041423', '2017-18', 'nitin', '0000-00-00 00:00:00'),
(425, '9756072587', '9756072587', 'x@gmail.com', '0', 1, 'CORRESPONDANCE', '2017041424', '2017-18', 'nitin', '0000-00-00 00:00:00'),
(426, '9760656941', '9760656941', 'x@gmail.com', '0', 1, 'CORRESPONDANCE', '2017041425', '2017-18', 'nitin', '0000-00-00 00:00:00'),
(427, '9639784104', '9639784104', 'x@gmail.com', '0', 1, 'CORRESPONDANCE', '2017041426', '2017-18', 'nitin', '0000-00-00 00:00:00'),
(428, '7055655368', '7055655368', 'x@gmail.com', '0', 1, 'CORRESPONDANCE', '2017041427', '2017-18', 'nitin', '0000-00-00 00:00:00'),
(430, '(976) 002-0667', '-x-', '', '2017-08-22 23:55:21', 1, 'CORRESPONDANCE', '2017081428', '2017-18', 'nitin', '2017-08-22 18:25:21'),
(431, '(976) 002-0667', '-x-', '', '2017-08-22 23:55:23', 1, 'CORRESPONDANCE', '2017081429', '2017-18', 'nitin', '2017-10-22 07:44:22'),
(432, '(976) 002-0667', '-x-', '', '2017-08-22 23:55:23', 1, 'CORRESPONDANCE', '2017081430', '2017-18', 'nitin', '2017-08-22 18:25:23'),
(433, '(976) 002-0667', '-x-', 'nitin.d12@gmail.com', '2017-08-22 23:55:39', 1, 'CORRESPONDANCE', '2017081431', '2017-18', 'nitin', '2017-08-22 18:25:39'),
(434, '(976) 002-0667', '-x-', 'nitin.d12@gmail.com', '2017-08-22 23:55:40', 1, 'CORRESPONDANCE', '2017081432', '2017-18', 'nitin', '2017-08-22 18:25:40'),
(435, '(976) 002-0667', '-x-', 'nitin.d12@gmail.com', '2017-08-22 23:55:41', 1, 'CORRESPONDANCE', '2017081433', '2017-18', 'nitin', '2017-08-22 18:25:41'),
(436, '(976) 002-0667', '-x-', 'nitin.d12@gmail.com', '2017-08-22 23:55:41', 1, 'CORRESPONDANCE', '2017081434', '2017-18', 'nitin', '2017-08-22 18:25:41'),
(437, '(976) 002-0667', '-x-', 'nitin.d12@gmail.com', '2017-08-22 23:55:41', 1, 'CORRESPONDANCE', '2017081435', '2017-18', 'nitin', '2017-08-22 18:25:41'),
(438, '(976) 002-0667', '-x-', 'nitin.d12@gmail.com', '2017-08-22 23:55:41', 1, 'CORRESPONDANCE', '2017081436', '2017-18', 'nitin', '2017-08-22 18:25:41'),
(439, '(976) 002-0667', '-x-', 'nitin.d12@gmail.com', '2017-08-22 23:55:42', 1, 'CORRESPONDANCE', '2017081437', '2017-18', 'nitin', '2017-08-22 18:25:42'),
(440, '(976) 002-0667', '-x-', 'nitin.d12@gmail.com', '2017-08-22 23:56:00', 1, 'CORRESPONDANCE', '2017081438', '2017-18', 'nitin', '2017-08-22 18:26:00'),
(441, '(976) 002-0667', '-x-', 'nitin.d12@gmail.com', '2017-08-22 23:56:02', 1, 'CORRESPONDANCE', '2017081439', '2017-18', 'nitin', '2017-08-22 18:26:02'),
(442, '(976) 002-0667', '-x-', 'nitin.d12@gmail.com', '2017-08-22 23:56:02', 1, 'CORRESPONDANCE', '2017081440', '2017-18', 'nitin', '2017-08-22 18:26:02'),
(443, '(976) 002-0667', '-x-', 'nitin.d12@gmail.com', '2017-08-22 23:56:03', 1, 'CORRESPONDANCE', '2017081441', '2017-18', 'nitin', '2017-08-27 08:43:28'),
(444, '', '-x-', '', '2017-08-23 00:05:04', 1, 'CORRESPONDANCE', '2017081442', '2017-18', 'nitin', '2017-08-22 18:38:56'),
(445, '(987) 456-3214', '-x-', 'gagan@gmail.com', '2017-08-23 00:05:51', 1, 'CORRESPONDANCE', '2017081443', '2017-18', 'nitin', '2017-08-27 06:19:38'),
(446, '', '-x-', '', '2017-08-23 00:06:20', 1, 'CORRESPONDANCE', '2017081444', '2017-18', 'nitin', '2017-08-22 18:36:20'),
(447, '7500700406', '-x-', 'x@gmail.com', '2017-08-23 00:07:46', 1, 'CORRESPONDANCE', '2017081445', '2017-18', 'nitin', '2017-08-27 11:54:15'),
(448, '(976) 002-0667', '-x-', 'sundari@gmail.com', '2017-08-23 00:16:27', 1, 'CORRESPONDANCE', '2017081446', '2017-18', 'nitin', '2017-08-27 06:45:02'),
(449, '(976) 002-0667', '-x-', 'vahan@gmail.com', '2017-08-27 15:19:59', 1, 'CORRESPONDANCE', '2017081447', '2017-18', 'nitin', '2017-08-27 09:49:59'),
(450, '', '-x-', '', '2017-08-29 14:00:57', 1, 'CORRESPONDANCE', '2017081448', '2017-18', 'nitin', '2017-08-29 08:30:57'),
(451, '(999) 999-9999', '-x-', 'umesh@gmail.com', '2017-10-20 16:48:16', 1, 'CORRESPONDANCE', '2017101449', '2017-18', 'nitin', '2017-10-20 11:18:16'),
(452, '(888) 888-8888', '-x-', 'rani@gmail.com', '2017-10-20 16:48:43', 1, 'CORRESPONDANCE', '2017101450', '2017-18', 'nitin', '2017-10-20 11:18:43');

-- --------------------------------------------------------

--
-- Table structure for table `master_11_grading`
--

CREATE TABLE `master_11_grading` (
  `gradeID` int(15) NOT NULL,
  `minMarks` int(10) NOT NULL,
  `maxMarks` int(10) NOT NULL,
  `grade` varchar(10) CHARACTER SET utf8 NOT NULL,
  `description` varchar(100) CHARACTER SET utf8 NOT NULL,
  `clssessID` int(15) NOT NULL
) ENGINE=InnoDB DEFAULT CHARSET=latin1;

--
-- Dumping data for table `master_11_grading`
--

INSERT INTO `master_11_grading` (`gradeID`, `minMarks`, `maxMarks`, `grade`, `description`, `clssessID`) VALUES
(1, 90, 100, 'A1', 'ExtraOrdinary', 422),
(3, 90, 100, 'A1', 'ExtraOrdinary', 423),
(5, 80, 90, 'A2', 'Excellent', 422);

-- --------------------------------------------------------

--
-- Table structure for table `master_12_subject`
--

CREATE TABLE `master_12_subject` (
  `subjectID` int(10) NOT NULL,
  `subName` varchar(100) CHARACTER SET utf8 NOT NULL,
  `classID` varchar(10) CHARACTER SET utf8 NOT NULL,
  `status` varchar(10) CHARACTER SET utf8 NOT NULL,
  `SESSID` varchar(20) CHARACTER SET utf8 NOT NULL
) ENGINE=InnoDB DEFAULT CHARSET=latin1;

--
-- Dumping data for table `master_12_subject`
--

INSERT INTO `master_12_subject` (`subjectID`, `subName`, `classID`, `status`, `SESSID`) VALUES
(19, 'Science', '10A', 'TH', '2017-18'),
(21, 'Social Science', '10A', 'TH', '2017-18'),
(22, 'Social Science', '10A', 'PR', '2017-18'),
(23, 'Mathematics', '10B', 'PR', '2017-18'),
(25, 'Science', '10B', 'PR', '2017-18'),
(26, 'Science', '10B', 'TH', '2017-18'),
(27, 'SST', '10B', 'TH', '2017-18'),
(28, 'English', '10B', 'TH', '2017-18'),
(29, 'English', '12A', 'TH', '2017-18'),
(30, 'Science', '12A', 'TH', '2017-18'),
(31, 'Science', '12A', 'PR', '2017-18'),
(32, 'Art', '10B', 'TH', '2017-18'),
(33, 'Art', '10B', 'PR', '2017-18');

-- --------------------------------------------------------

--
-- Table structure for table `master_13_teacher`
--

CREATE TABLE `master_13_teacher` (
  `teacherID` int(13) NOT NULL,
  `name` varchar(50) CHARACTER SET utf8 NOT NULL,
  `username` varchar(20) CHARACTER SET utf8 NOT NULL
) ENGINE=InnoDB DEFAULT CHARSET=latin1;

--
-- Dumping data for table `master_13_teacher`
--

INSERT INTO `master_13_teacher` (`teacherID`, `name`, `username`) VALUES
(6, 'Dr Naveen Tewari', 'navtewari'),
(7, 'Dr Gopal Datt', 'gdatt'),
(8, 'Dr Nitin Deepak', 'nd12'),
(9, 'Gunjan Mathur', 'gunjan');

-- --------------------------------------------------------

--
-- Table structure for table `master_14_teacher_wise_subject`
--

CREATE TABLE `master_14_teacher_wise_subject` (
  `tasID` int(13) NOT NULL,
  `teacherID` int(13) NOT NULL,
  `subjectID` int(10) NOT NULL,
  `sessID` varchar(20) CHARACTER SET utf8 NOT NULL
) ENGINE=InnoDB DEFAULT CHARSET=latin1;

--
-- Dumping data for table `master_14_teacher_wise_subject`
--

INSERT INTO `master_14_teacher_wise_subject` (`tasID`, `teacherID`, `subjectID`, `sessID`) VALUES
(4, 7, 28, '2017-18'),
(5, 6, 23, '2017-18'),
(6, 6, 20, '2017-18'),
(7, 6, 19, '2017-18'),
(8, 9, 29, '2017-18'),
(9, 9, 30, '2017-18'),
(10, 9, 31, '2017-18');

-- --------------------------------------------------------

--
-- Table structure for table `master_15_subject_marks`
--

CREATE TABLE `master_15_subject_marks` (
  `submarkID` int(10) NOT NULL,
  `subjectID` int(10) NOT NULL,
  `maxMarks` int(3) NOT NULL,
  `passMarks` int(3) NOT NULL
) ENGINE=InnoDB DEFAULT CHARSET=latin1;

--
-- Dumping data for table `master_15_subject_marks`
--

INSERT INTO `master_15_subject_marks` (`submarkID`, `subjectID`, `maxMarks`, `passMarks`) VALUES
(2, 19, 70, 30);

-- --------------------------------------------------------

--
-- Table structure for table `master_16_discount`
--

CREATE TABLE `master_16_discount` (
  `DID` int(11) NOT NULL,
  `ITEM_` varchar(200) NOT NULL,
  `STATUS_` varchar(30) NOT NULL COMMENT 'Percentage or Amount',
  `AMOUNT` varchar(15) NOT NULL,
  `DESC_` text NOT NULL,
  `DATE_` timestamp NOT NULL DEFAULT CURRENT_TIMESTAMP
) ENGINE=InnoDB DEFAULT CHARSET=utf8;

--
-- Dumping data for table `master_16_discount`
--

INSERT INTO `master_16_discount` (`DID`, `ITEM_`, `STATUS_`, `AMOUNT`, `DESC_`, `DATE_`) VALUES
(1, 'SIBLINGS', 'Percentage', '5', 'x', '2017-10-22 07:42:54'),
(6, 'ST', 'Percentage', '8', 'x', '2017-10-21 18:52:54'),
(8, 'SC', 'Percentage', '8', 'x', '2017-10-22 07:43:18'),
(10, 'OBC', 'Percentage', '11', 'x', '2017-10-22 07:41:43');

-- --------------------------------------------------------

--
-- Table structure for table `menu_1`
--

CREATE TABLE `menu_1` (
  `ID_` int(11) NOT NULL,
  `PRE_ICON` varchar(150) NOT NULL,
  `MENU` varchar(30) NOT NULL,
  `PATH_` varchar(300) NOT NULL,
  `PRIORITY_` int(11) NOT NULL
) ENGINE=InnoDB DEFAULT CHARSET=utf8;

--
-- Dumping data for table `menu_1`
--

INSERT INTO `menu_1` (`ID_`, `PRE_ICON`, `MENU`, `PATH_`, `PRIORITY_`) VALUES
(1, 'icon icon-home', 'Dashboard', 'web/dashboard', 1),
(2, 'icon icon-leaf', 'Master', 'x', 2),
(3, 'icon icon-pencil', 'Register', 'web/dashboard/3/3', 3),
(4, 'icon icon-pencil', 'Admission', 'web/dashboard/4/10', 4),
(5, 'icon icon-pencil', 'Manage Student', 'x', 5),
(6, 'icon icon-pencil', 'Fee', 'x', 6),
(7, 'icon icon-pencil', 'Attendance', 'x', 7),
(8, 'icon icon-pencil', 'Exam', 'x', 8),
(9, 'icon icon-ok-sign', 'Reports', 'x', 9);

-- --------------------------------------------------------

--
-- Table structure for table `menu_2_submenu`
--

CREATE TABLE `menu_2_submenu` (
  `SUBMENUID` int(11) NOT NULL,
  `PRE_ICON` varchar(150) NOT NULL,
  `SUBMENU` varchar(150) NOT NULL,
  `PATH_` varchar(300) NOT NULL,
  `PRIORITY` int(11) NOT NULL,
  `ID_` int(11) NOT NULL
) ENGINE=InnoDB DEFAULT CHARSET=utf8;

--
-- Dumping data for table `menu_2_submenu`
--

INSERT INTO `menu_2_submenu` (`SUBMENUID`, `PRE_ICON`, `SUBMENU`, `PATH_`, `PRIORITY`, `ID_`) VALUES
(1, 'fa fa-child', 'General', 'web/general', 1, 2),
(2, 'fa fa-pencil-square-o', 'Sessions', 'web/dashboard/2/2/session', 2, 2),
(3, 'fa fa-money', 'Classes', 'web/dashboard/2/4/classes', 3, 2),
(4, 'fa fa-money', 'Subjects', 'subjects', 4, 2),
(5, 'fa fa-money', 'Grading', 'grading', 5, 2),
(6, 'fa fa-user', 'Teachers', 'teachers', 6, 2),
(7, 'fa fa-money', 'Fee', 'web/dashboard/2/8/fee', 7, 2),
(8, 'fa fa-sitemap', 'Promote Students', 'students/promote', 1, 5),
(9, 'fa fa-sitemap', 'Switch Students', 'students/switch', 2, 5),
(10, 'fa fa-user', 'Invoice', 'fee/invoice', 6, 6),
(11, 'fa fa-user', 'Pay Fee', 'fee/payfee', 7, 6),
(12, 'fa fa-user', 'New Attendance', 'attendance/attendance', 1, 7),
(13, 'fa fa-user', 'View Attendance', 'attendance/viewattendance', 2, 7),
(14, 'fa fa-user', 'Subject Marks', 'marks/subjectmarks', 8, 8),
(15, 'fa fa-money', 'Scholastic items', 'scholastic/index', 1, 8),
(16, 'fa fa-money', 'Co-Scholastic items', 'scholastic/co_scholastic', 2, 8),
(17, 'fa fa-money', 'Input Result', 'marks/input_result', 3, 8),
(18, 'fa fa-sitemap', 'Prepare Result', 'marks/prepare_result', 3, 8),
(19, 'fa fa-book', 'Register Students', 'reports/registered_students', 3, 9),
(20, 'fa fa-sliders', 'Admit Students', 'reports/admitted_students', 3, 9),
(21, 'fa fa-user', 'Fee Reports', 'reports/fee', 3, 9),
(22, 'fa fa-edit', 'Attendance Reports', 'reports/attendance', 4, 9),
(23, 'fa fa-money', 'Discount (if any?)', 'web/dashboard/2/11/discount', 8, 2);

-- --------------------------------------------------------

--
-- Table structure for table `register_sibling`
--

CREATE TABLE `register_sibling` (
  `regid` varchar(25) NOT NULL,
  `SIBLINGS` text NOT NULL COMMENT 'regids seperated by comma(,)',
  `DISCOUNT_OFFERED` tinyint(1) NOT NULL,
  `DATE_` timestamp NOT NULL DEFAULT CURRENT_TIMESTAMP,
  `USERNAME_` varchar(40) NOT NULL,
  `STATUS` tinyint(1) NOT NULL COMMENT '1 for discount, 0 for no discount'
) ENGINE=InnoDB DEFAULT CHARSET=utf8 COMMENT='Used to store siblings';

--
-- Dumping data for table `register_sibling`
--

INSERT INTO `register_sibling` (`regid`, `SIBLINGS`, `DISCOUNT_OFFERED`, `DATE_`, `USERNAME_`, `STATUS`) VALUES
('2017041001', '', 1, '2017-10-20 09:50:00', 'nitin', 1),
('2017041003', '2017041003,2017041015', 1, '2017-10-22 07:44:59', 'nitin', 1),
('2017041007', '2017041003,2017041006', 1, '2017-10-20 10:02:03', 'nitin', 1),
('2017041025', '2017041001,2017081429,2017041006', 1, '2017-10-20 10:03:48', 'nitin', 1),
('2017081429', '2017041003,2017041015', 1, '2017-10-22 07:44:23', 'nitin', 1),
('2017101450', '2017041002,2017041007', 1, '2017-10-20 11:18:43', 'nitin', 1);

-- --------------------------------------------------------

--
-- Table structure for table `register_with_us`
--

CREATE TABLE `register_with_us` (
  `regid` varchar(25) NOT NULL,
  `FULLNAME` varchar(150) NOT NULL,
  `FATHER` varchar(150) NOT NULL,
  `DOB_` varchar(150) NOT NULL,
  `PHOTO_` varchar(250) NOT NULL,
  `GENDER` varchar(10) NOT NULL,
  `NATIONALITY` varchar(25) NOT NULL DEFAULT '-x-',
  `STUDENT_INTEREST` varchar(120) NOT NULL DEFAULT '-x-',
  `ADMISSION_FOR` varchar(25) NOT NULL,
  `CLASS_FOR_ADMISSION` varchar(15) NOT NULL,
  `APPLIED_YEAR` int(11) NOT NULL,
  `TRANSPORT_REQUIRED` varchar(5) NOT NULL,
  `LAST_SCHOOL_NAME` varchar(300) NOT NULL,
  `LAST_SCHOOL_GRADE` varchar(50) NOT NULL,
  `ADDRESS_` varchar(250) NOT NULL,
  `CITY_` varchar(50) NOT NULL,
  `PINCODE_` varchar(10) NOT NULL,
  `ZONE_` varchar(20) NOT NULL,
  `STATE_` varchar(50) NOT NULL,
  `COUNTRY_` varchar(50) NOT NULL,
  `MOBILE_` varchar(15) NOT NULL,
  `EMAIL_` varchar(100) NOT NULL,
  `KNOWN_SOURCE_` varchar(200) NOT NULL,
  `PASSWORD_` varchar(25) NOT NULL DEFAULT '123456',
  `DOR_` timestamp NOT NULL DEFAULT CURRENT_TIMESTAMP,
  `USERNAME_` varchar(40) NOT NULL,
  `SESSIONID` varchar(20) NOT NULL
) ENGINE=InnoDB DEFAULT CHARSET=utf8;

--
-- Dumping data for table `register_with_us`
--

INSERT INTO `register_with_us` (`regid`, `FULLNAME`, `FATHER`, `DOB_`, `PHOTO_`, `GENDER`, `NATIONALITY`, `STUDENT_INTEREST`, `ADMISSION_FOR`, `CLASS_FOR_ADMISSION`, `APPLIED_YEAR`, `TRANSPORT_REQUIRED`, `LAST_SCHOOL_NAME`, `LAST_SCHOOL_GRADE`, `ADDRESS_`, `CITY_`, `PINCODE_`, `ZONE_`, `STATE_`, `COUNTRY_`, `MOBILE_`, `EMAIL_`, `KNOWN_SOURCE_`, `PASSWORD_`, `DOR_`, `USERNAME_`, `SESSIONID`) VALUES
('2017041001', 'NEHA JETHA', 'GANESH SINGH ', '2005.10.04', 'no-image.jpg', 'F', 'INDIAN', 'READING,PLAYING', 'Day Boarder', '7B', 2017, 'N', 'VVMIC MUNSYARI', '6', 'VILLAGE  CHAUNA', 'MUNSYARI', '262554', '1', 'UL', 'India', '9837540462', 'x', 'Through Internet', '123456', '2017-04-28 04:07:45', 'nitin', '2017-18'),
('2017041002', 'HOSHIYAR SINGH', 'GOVIND SINGH', '2006.02.21', 'no-image.jpg', 'M', 'INDIAN', 'READING,PLAYING', 'Day Boarder', '7B', 2017, 'N', 'VVMIC MUNSYARI', '6', 'VILLAGE  KOTAKHARIK', 'MUNSYARI', '262555', '1', 'UL', 'India', '9756456762', 'x', 'Through Internet', '123456', '2017-04-28 04:07:46', 'nitin', '2017-18'),
('2017041003', 'MANISHA NEGI', 'LALIT SINGH NEGI', '2006.01.14', 'no-image.jpg', 'F', 'INDIAN', 'READING,PLAYING', 'Day Boarder', '7B', 2017, 'N', 'VVMIC MUNSYARI', '6', 'VILLAGE TANGA SERA', 'MUNSYARI', '262554', '1', 'UL', 'India', '9756332197', 'x', 'Through Internet', '123456', '2017-04-28 04:07:47', 'nitin', '2017-18'),
('2017041004', 'BABITA NEGI', 'LALIT SINGH NEGI', '2006.01.14', 'no-image.jpg', 'F', 'INDIAN', 'READING,PLAYING', 'Day Boarder', '7B', 2017, 'N', 'VVMIC MUNSYARI', '6', 'VILLAGE TANGA SERA', 'MUNSYARI', '262554', '1', 'UL', 'India', '9756332197', 'x', 'Through Internet', '123456', '2017-04-28 04:07:48', 'nitin', '2017-18'),
('2017041005', 'BHAWANA', 'RAMESH RAM', '2006.04.02', 'no-image.jpg', 'F', 'INDIAN', 'READING,PLAYING', 'Day Boarder', '7B', 2017, 'N', 'VVMIC MUNSYARI', '6', 'VILLAGE BUNGA', 'MUNSYARI', '262554', '1', 'UL', 'India', '7351844779', 'x', 'Through Internet', '123456', '2017-04-28 04:07:49', 'nitin', '2017-18'),
('2017041006', 'MANJU RANA', 'DEVENDRA SINGH RANA', '2006.06.01', 'no-image.jpg', 'F', 'INDIAN', 'READING,PLAYING', 'Day Boarder', '7B', 2017, 'N', 'VVMIC MUNSYARI', '6', 'VILLAGE  GINI ', 'MUNSYARI', '262554', '1', 'UL', 'India', '7500700406', 'x', 'Through Internet', '123456', '2017-04-28 04:07:50', 'nitin', '2017-18'),
('2017041007', 'ISHWAR SINGH MEHRA', 'KISHAN SINGH MEHRA', '2006.10.02', 'no-image.jpg', 'M', 'INDIAN', 'READING,PLAYING', 'Day Boarder', '7B', 2017, 'N', 'VVMIC MUNSYARI', '6', 'VILLAGE SARMOLI ', 'MUNSYARI', '262554', '1', 'UL', 'India', '8958317054', 'x', 'Through Internet', '123456', '2017-04-28 04:07:51', 'nitin', '2017-18'),
('2017041008', 'PRIYANSHU RANA', 'NETRA SINGH RANA', '2006.03.23', 'no-image.jpg', 'M', 'INDIAN', 'ART', 'Day Boarder', '7B', 2017, 'N', 'VVMIC MUNSYARI', '6', 'VILLAGE MALLA GHORPATTA', 'MUNSYARI', '262554', '1', 'UL', 'India', '9568106745', 'x', 'Through Internet', '123456', '2017-04-28 04:07:52', 'nitin', '2017-18'),
('2017041009', 'TANIYA NEGI', 'HARISH SINGH NEGI', '2005.03.01', 'no-image.jpg', 'F', 'INDIAN', 'READING,PLAYING', 'Day Boarder', '7B', 2017, 'N', 'VVMIC MUNSYARI', '6', 'VILLAGE SERASURAIDHAR', 'MUNSYARI', '262554', '1', 'UL', 'India', '8958822749', 'x', 'Through Internet', '123456', '2017-04-28 04:07:53', 'nitin', '2017-18'),
('2017041010', 'MANOJ SINGH', 'KUNDAN SINGH', '2005.11.25', 'no-image.jpg', 'M', 'INDIAN', 'READING,PLAYING', 'Day Boarder', '7B', 2017, 'N', 'VVMIC MUNSYARI', '6', 'VILLAGE HARKOTE ', 'MUNSYARI', '262554', '1', 'UL', 'India', '7351811208', 'x', 'Through Internet', '123456', '2017-04-28 04:07:54', 'nitin', '2017-18'),
('2017041011', 'NEHA MARTOLIYA', 'BALWANT SINGH ', '2006.09.28', 'no-image.jpg', 'F', 'INDIAN', 'READING,PLAYING', 'Day Boarder', '7B', 2017, 'N', 'VVMIC MUNSYARI', '6', 'VILLAGE SURING', 'MUNSYARI', '262554', '1', 'UL', 'India', '7351638716', 'x', 'Through Internet', '123456', '2017-04-28 04:07:55', 'nitin', '2017-18'),
('2017041012', 'LABLI KORANGA', 'BHADUR SINGH KORANGA', '2006.04.01', 'no-image.jpg', 'F', 'INDIAN', 'READING,PLAYING', 'Day Boarder', '7B', 2017, 'N', 'VVMIC MUNSYARI', '6', 'VILLAGE SURING', 'MUNSYARI', '262554', '1', 'UL', 'India', '9756370744', 'x', 'Through Internet', '123456', '2017-04-28 04:07:56', 'nitin', '2017-18'),
('2017041013', 'RIYA MARTOLIYA', 'JAGDISH SINGH MARTOLIYA', '2006.09.26', 'no-image.jpg', 'F', 'INDIAN', 'READING,PLAYING', 'Day Boarder', '7B', 2017, 'N', 'VVMIC MUNSYARI', '6', 'VILLAGE SURING', 'MUNSYARI', '262554', '1', 'UL', 'India', '7055453542', 'x', 'Through Internet', '123456', '2017-04-28 04:07:57', 'nitin', '2017-18'),
('2017041014', 'KARAN SINGH MEHRA', 'RAJENDRA SINGH ', '2006.03.07', 'no-image.jpg', 'M', 'INDIAN', 'READING,PLAYING', 'Day Boarder', '7B', 2017, 'N', 'VVMIC MUNSYARI', '6', 'VILLAGE HARKOTE ', 'MUNSYARI', '262554', '1', 'UL', 'India', '8475033565', 'x', 'Through Internet', '123456', '2017-04-28 04:07:58', 'nitin', '2017-18'),
('2017041015', 'KHUSMITA ARYA', 'TRILOK RAM', '2005.10.11', 'no-image.jpg', 'F', 'INDIAN', 'READING,PLAYING', 'Day Boarder', '7B', 2017, 'N', 'VVMIC MUNSYARI', '6', 'VILLAGE SURING', 'MUNSYARI', '262554', '1', 'UL', 'India', '7055655290', 'x', 'Through Internet', '123456', '2017-04-28 04:07:59', 'nitin', '2017-18'),
('2017041016', 'PRIYANKA SEMIYA', 'NANDAN SINGH', '2006.04.12', 'no-image.jpg', 'F', 'INDIAN', 'READING,PLAYING', 'Day Boarder', '7B', 2017, 'N', 'VVMIC MUNSYARI', '6', 'VILLAGE HARKOTE ', 'MUNSYARI', '262554', '1', 'UL', 'India', '9917169283', 'x', 'Through Internet', '123456', '0000-00-00 00:00:00', 'nitin', '2017-18'),
('2017041017', 'PANKAJ SINGH BHANDARI', 'SURENDRA SINGH BHANDARI', '2006.03.14', 'no-image.jpg', 'M', 'INDIAN', 'ART', 'Day Boarder', '7B', 2017, 'N', 'VVMIC MUNSYARI', '6', 'VILLAGE DHUNAMANI', 'MUNSYARI', '262554', '1', 'UL', 'India', '9568174514', 'x', 'Through Internet', '123456', '0000-00-00 00:00:00', 'nitin', '2017-18'),
('2017041018', 'ROHIT SINGH BHANDARI', 'KUNDAN SINGH BHANDARI', '2006.04.08', 'no-image.jpg', 'M', 'INDIAN', 'ART', 'Day Boarder', '7B', 2017, 'N', 'VVMIC MUNSYARI', '6', 'VILLAGE DHUNAMANI', 'MUNSYARI', '262554', '1', 'UL', 'India', '7351982827', 'x', 'Through Internet', '123456', '0000-00-00 00:00:00', 'nitin', '2017-18'),
('2017041019', 'GEETA BISHT', 'VIRENDRA SINGH ', '2006.03.04', 'no-image.jpg', 'F', 'INDIAN', 'READING,PLAYING', 'Day Boarder', '7B', 2017, 'N', 'VVMIC MUNSYARI', '6', 'VILLAGE SAIPOLU', 'MUNSYARI', '262554', '1', 'UL', 'India', '7599358643', 'x', 'Through Internet', '123456', '0000-00-00 00:00:00', 'nitin', '2017-18'),
('2017041020', 'UMESH KUMAR', 'SHOBAN RAM', '2006.01.08', 'no-image.jpg', 'M', 'INDIAN', 'READING,PLAYING', 'Day Boarder', '7B', 2017, 'N', 'VVMIC MUNSYARI', '6', 'VILLAGE JOSHA', 'MUNSYARI', '262554', '1', 'UL', 'India', '8941948417', 'x', 'Through Internet', '123456', '0000-00-00 00:00:00', 'nitin', '2017-18'),
('2017041021', 'DEVESH SINGH BISHT', 'BALWANT SINGH BISHT', '2006.03.23', 'no-image.jpg', 'M', 'INDIAN', 'READING,PLAYING', 'Day Boarder', '7B', 2017, 'N', 'VVMIC MUNSYARI', '6', 'VILLAGE PAPRI', 'MUNSYARI', '262554', '1', 'UL', 'India', '7351638011', 'x', 'Through Internet', '123456', '0000-00-00 00:00:00', 'nitin', '2017-18'),
('2017041022', 'NEHA CHIRAL', 'DEVENDRA SINGH CHIRAL', '2006.05.23', 'no-image.jpg', 'F', 'INDIAN', 'READING,PLAYING', 'Day Boarder', '7B', 2017, 'N', 'VVMIC MUNSYARI', '6', 'VILLAGE CHAUNA', 'MUNSYARI', '262554', '1', 'UL', 'India', '9917813172', 'x', 'Through Internet', '123456', '0000-00-00 00:00:00', 'nitin', '2017-18'),
('2017041023', 'BHUPENDRA SINGH TOLIA', 'PRAHLAD SINGH TOLIA', '2005.06.06', 'no-image.jpg', 'M', 'INDIAN', 'READING,PLAYING', 'Day Boarder', '7B', 2017, 'N', 'VVMIC MUNSYARI', '6', 'VILLAGE BONA', 'MUNSYARI', '262554', '1', 'UL', 'India', '9568971527', 'x', 'Through Internet', '123456', '0000-00-00 00:00:00', 'nitin', '2017-18'),
('2017041024', 'HARENDRA SINGH', 'KHEEM SINGH', '2006.12.23', 'no-image.jpg', 'M', 'INDIAN', 'READING,PLAYING', 'Day Boarder', '7B', 2017, 'N', 'VVMIC MUNSYARI', '6', 'VILLAGE HARKOTE ', 'MUNSYARI', '262554', '1', 'UL', 'India', '8958663443', 'x', 'Through Internet', '123456', '0000-00-00 00:00:00', 'nitin', '2017-18'),
('2017041025', 'KAILASH SINGH TOMKIYAL', 'GOVIND SINGH TOMKIYAL', '2006.03.04', 'no-image.jpg', 'M', 'INDIAN', 'READING,PLAYING', 'Day Boarder', '7B', 2017, 'N', 'VVMIC MUNSYARI', '6', 'VILLAGE TOMIK', 'MUNSYARI', '262554', '1', 'UL', 'India', '8958687504', 'x', 'Through Internet', '123456', '0000-00-00 00:00:00', 'nitin', '2017-18'),
('2017041026', 'SUMAN NEGI', 'BHUPENDRA SINGH NEGI', '2006.01.05', 'no-image.jpg', 'F', 'INDIAN', 'READING,PLAYING', 'Day Boarder', '7B', 2017, 'N', 'VVMIC MUNSYARI', '6', 'VILLAGE HARKOTE ', 'MUNSYARI', '262554', '1', 'UL', 'India', '8941090372', 'x', 'Through Internet', '123456', '0000-00-00 00:00:00', 'nitin', '2017-18'),
('2017041027', 'KAMLESH SINGH QUIRIYAL', 'GANGA SINGH', '2005.06.03', 'no-image.jpg', 'M', 'INDIAN', 'READING,PLAYING', 'Day Boarder', '7B', 2017, 'N', 'VVMIC MUNSYARI', '6', 'VILLAGE QUIRIJIMIYA', 'MUNSYARI', '262554', '1', 'UL', 'India', '8479009488', 'x', 'Through Internet', '123456', '0000-00-00 00:00:00', 'nitin', '2017-18'),
('2017041028', 'ROHIT DASPA', 'VIRENDRA SINGH DASPA', '2005.03.15', 'no-image.jpg', 'M', 'INDIAN', 'READING,PLAYING', 'Day Boarder', '7B', 2017, 'N', 'VVMIC MUNSYARI', '6', 'VILLAGE SELA', 'MUNSYARI', '262554', '1', 'UL', 'India', '7055655427', 'x', 'Through Internet', '123456', '0000-00-00 00:00:00', 'nitin', '2017-18'),
('2017041029', 'NEERAJ SINGH ', 'RAM SINGH', '2004.12.12', 'no-image.jpg', 'M', 'INDIAN', 'READING,PLAYING', 'Day Boarder', '7B', 2017, 'N', 'VVMIC MUNSYARI', '6', 'VILLAGE TOMIK', 'MUNSYARI', '262554', '1', 'UL', 'India', '8954138083', 'x', 'Through Internet', '123456', '0000-00-00 00:00:00', 'nitin', '2017-18'),
('2017041030', 'HIMANSHU RANA', 'HAYAT SINGH RANA', '2006.03.10', 'no-image.jpg', 'M', 'INDIAN', 'READING,PLAYING', 'Day Boarder', '7B', 2017, 'N', 'VVMIC MUNSYARI', '6', 'VILLAGE DAFA', 'BALA', '262554', '1', 'UL', 'India', '9837313195', 'x', 'Through Internet', '123456', '0000-00-00 00:00:00', 'nitin', '2017-18'),
('2017041031', 'DINESH SINGH PANWAR', 'MANOHAR SINGH PANWAR', '2006.03.02', 'no-image.jpg', 'M', 'INDIAN', 'READING,PLAYING', 'Day Boarder', '7B', 2017, 'N', 'VVMIC MUNSYARI', '6', 'VILLAGE SARMOLI ', 'MUNSYARI', '262554', '1', 'UL', 'India', '9756985367', 'x', 'Through Internet', '123456', '0000-00-00 00:00:00', 'nitin', '2017-18'),
('2017041032', 'BHUPESH PAPRA', 'VIRENDRA SINGH PAPRA', '2006.04.02', 'no-image.jpg', 'M', 'INDIAN', 'READING,PLAYING', 'Day Boarder', '7B', 2017, 'N', 'VVMIC MUNSYARI', '6', 'VILLAGE PAPRI', 'MUNSYARI', '262554', '1', 'UL', 'India', '7248456159', 'x', 'Through Internet', '123456', '0000-00-00 00:00:00', 'nitin', '2017-18'),
('2017041033', 'DEEPAK SINGH PAPRA', 'KHUSAL SINGH', '2006.03.10', 'no-image.jpg', 'M', 'INDIAN', 'READING,PLAYING', 'Day Boarder', '7B', 2017, 'N', 'VVMIC MUNSYARI', '6', 'VILLAGE PAPRI', 'MUNSYARI', '262554', '1', 'UL', 'India', '7500895848', 'x', 'Through Internet', '123456', '0000-00-00 00:00:00', 'nitin', '2017-18'),
('2017041034', 'LOVERAJ KUMAR TAMTA', 'PUSHKAR RAM', '2006.03.10', 'no-image.jpg', 'M', 'INDIAN', 'READING,PLAYING', 'Day Boarder', '7B', 2017, 'N', 'VVMIC MUNSYARI', '6', 'VILLAGE JAINTI', 'MUNSYARI', '262554', '1', 'UL', 'India', '9756371392', 'x', 'Through Internet', '123456', '0000-00-00 00:00:00', 'nitin', '2017-18'),
('2017041035', 'PRIYANSHU KUMAR', 'RAGHUNATH ARYA', '2006.03.02', 'no-image.jpg', 'M', 'INDIAN', 'READING,PLAYING', 'Day Boarder', '7B', 2017, 'N', 'VVMIC MUNSYARI', '6', 'VILLAGE BUNGA', 'MUNSYARI', '262554', '1', 'UL', 'India', '9456159177', 'x', 'Through Internet', '123456', '0000-00-00 00:00:00', 'nitin', '2017-18'),
('2017041036', 'PANKAJ PANA', 'KISHAN SINGH PANA', '2006.04.10', 'no-image.jpg', 'M', 'INDIAN', 'READING,PLAYING', 'Day Boarder', '7B', 2017, 'N', 'VVMIC MUNSYARI', '6', 'VILLAGE DHEELAM', 'MUNSYARI', '262554', '1', 'UL', 'India', '8958687542', 'x', 'Through Internet', '123456', '0000-00-00 00:00:00', 'nitin', '2017-18'),
('2017041037', 'PANKAJ KUMAR', 'TRILOK RAM', '2005.03.05', 'no-image.jpg', 'M', 'INDIAN', 'READING,PLAYING', 'Day Boarder', '7B', 2017, 'N', 'VVMIC MUNSYARI', '6', 'VILLAGE BARNIYAGAON', 'MUNSYARI', '262554', '1', 'UL', 'India', '8449669622', 'x', 'Through Internet', '123456', '0000-00-00 00:00:00', 'nitin', '2017-18'),
('2017041038', 'ISHA', 'DEVENDRA RAM', '2006.07.30', 'no-image.jpg', 'F', 'INDIAN', 'READING,PLAYING', 'Day Boarder', '7B', 2017, 'N', 'VVMIC MUNSYARI', '6', 'VILLAGE BUNGA', 'MUNSYARI', '262554', '1', 'UL', 'India', '', 'x', 'Through Internet', '123456', '0000-00-00 00:00:00', 'nitin', '2017-18'),
('2017041039', 'RAVEENA DHAMI', 'BHADUR SINGH DHAMI', '2006.02.04', 'no-image.jpg', 'F', 'INDIAN', 'DRAWING', 'Day Boarder', '7B', 2017, 'N', 'M.P.S.MUNSYARI', '6', 'VILLAGE ALAM', 'MUNSYARI', '262554', '1', 'UL', 'India', '7500644732', 'x', 'Through Internet', '123456', '0000-00-00 00:00:00', 'nitin', '2017-18'),
('2017041040', 'MANOJ SINGH ', 'x', 'x', 'no-image.jpg', 'M', 'INDIAN', 'READING,PLAYING', 'Day Boarder', '7B', 2017, 'N', 'VVMIC MUNSYARI', 'A', 'x', 'x', '000000', '1', 'UL', 'India', 'x', 'x', 'Through Internet', '123456', '0000-00-00 00:00:00', 'nitin', '2017-18'),
('2017041041', 'ANJALI NABYAL', 'TRILOK SINGH', '2006.03.25', 'no-image.jpg', 'F', 'INDIAN', 'DANCING', 'Day Boarder', '7A', 2017, 'N', 'VVMIC MUNSYARI', '6', 'VILLAGE PATO', 'MUNSYARI', '262554', '1', 'UL', 'India', '9917609251', 'x', 'Through Internet', '123456', '0000-00-00 00:00:00', 'nitin', '2017-18'),
('2017041042', 'BABITA BRIJWAL', 'DEVENDRA SINGH BRIJWAL', '2006.07.21', 'no-image.jpg', 'F', 'INDIAN', 'DANCING', 'Day Boarder', '7A', 2017, 'N', 'VVMIC MUNSYARI', '6', 'VILLAGE BONA', 'MUNSYARI', '262555', '1', 'UL', 'India', '', 'x', 'Through Internet', '123456', '0000-00-00 00:00:00', 'nitin', '2017-18'),
('2017041043', 'DEEPIKA BISHT', 'BALWANT SINGH BISHT', '2006.05.05', 'no-image.jpg', 'F', 'INDIAN', 'DANCING', 'Day Boarder', '7A', 2017, 'N', 'VVMIC MUNSYARI', '6', 'VILLAGE SAIPOLU', 'MUNSYARI', '262554', '1', 'UL', 'India', '7500222691', 'x', 'Through Internet', '123456', '0000-00-00 00:00:00', 'nitin', '2017-18'),
('2017041044', 'DIYA BHANDARI', 'PURMAL SINGH ', '2006.04.02', 'no-image.jpg', 'F', 'INDIAN', 'READING,PLAYING', 'Day Boarder', '7A', 2017, 'N', 'VVMIC MUNSYARI', '6', 'VILLAGE DHUNAMANI', 'MUNSYARI', '262554', '1', 'UL', 'India', '9012685586', 'x', 'Through Internet', '123456', '0000-00-00 00:00:00', 'nitin', '2017-18'),
('2017041045', 'HANSHA LAWAL', 'BHEEM SINGH LAWAL', '2005.04.25', 'no-image.jpg', 'F', 'INDIAN', 'READING,PLAYING', 'Day Boarder', '7A', 2017, 'N', 'VVMIC MUNSYARI', '6', 'VILLAGE QUIRIJIMIYA', 'MUNSYARI', '262554', '1', 'UL', 'India', '8958570982', 'x', 'Through Internet', '123456', '0000-00-00 00:00:00', 'nitin', '2017-18'),
('2017041046', 'KAVITA NEGI', 'DURGA SINGH NEGI', '2005.10.06', 'no-image.jpg', 'F', 'INDIAN', 'READING,PLAYING', 'Day Boarder', '7A', 2017, 'N', 'VVMIC MUNSYARI', '6', 'VILLAGE DHURATOLI', 'MUNSYARI', '262554', '1', 'UL', 'India', '8941082960', 'x', 'Through Internet', '123456', '0000-00-00 00:00:00', 'nitin', '2017-18'),
('2017041047', 'LAXMI DHAMI', 'MAHENDRA SINGH DHAMI', '2004.12.05', 'no-image.jpg', 'F', 'INDIAN', 'READING,PLAYING', 'Day Boarder', '7A', 2017, 'N', 'VVMIC MUNSYARI', '6', 'VILLAGE ALAM', 'MUNSYARI', '262554', '1', 'UL', 'India', '9199274605', 'x', 'Through Internet', '123456', '0000-00-00 00:00:00', 'nitin', '2017-18'),
('2017041048', 'MAHI VISWAKARMA', 'CHANDRA RAM', '2006.02.13', 'no-image.jpg', 'F', 'INDIAN', 'READING,PLAYING', 'Day Boarder', '7A', 2017, 'N', 'VVMIC MUNSYARI', '6', 'VILLAGE BUNGA', 'MUNSYARI', '262554', '1', 'UL', 'India', '8958322373', 'x', 'Through Internet', '123456', '0000-00-00 00:00:00', 'nitin', '2017-18'),
('2017041049', 'PRIYA GHINGA', 'RUDRA SINGH GHINGA', '2006.07.04', 'no-image.jpg', 'F', 'INDIAN', 'READING,PLAYING', 'Day Boarder', '7A', 2017, 'N', 'VVMIC MUNSYARI', '6', 'VILLAGE UCHHAITI', 'MUNSYARI', '262554', '1', 'UL', 'India', '7466837749', 'x', 'Through Internet', '123456', '0000-00-00 00:00:00', 'nitin', '2017-18'),
('2017041050', 'TANUJA MARTOLIYA', 'BIRENDRA SINGH MARTOLIYA', '2005.11.25', 'no-image.jpg', 'F', 'INDIAN', 'READING,PLAYING', 'Day Boarder', '7A', 2017, 'N', 'VVMIC MUNSYARI', '6', 'MALLA GHORPATTA', 'MUNSYARI', '262554', '1', 'UL', 'India', '7248204708', 'x', 'Through Internet', '123456', '0000-00-00 00:00:00', 'nitin', '2017-18'),
('2017041051', 'USHA PANGTEY', 'KHARAK SINGH PANGTEY', '2006.04.03', 'no-image.jpg', 'F', 'INDIAN', 'READING,PLAYING', 'Day Boarder', '7A', 2017, 'N', 'VVMIC MUNSYARI', '6', 'VILLAGE TANGA', 'MUNSYARI', '262554', '1', 'UL', 'India', '9756985187', 'x', 'Through Internet', '123456', '0000-00-00 00:00:00', 'nitin', '2017-18'),
('2017041052', 'BHARAT SINGH KATHAYAT', 'SUNDER SINGH KATHAYAT', '2006.05.15', 'no-image.jpg', 'M', 'INDIAN', 'READING,PLAYING', 'Day Boarder', '7A', 2017, 'N', 'VVMIC MUNSYARI', '6', 'VILLAGE RINGU', 'MUNSYARI', '262554', '1', 'UL', 'India', '7248819380', 'x', 'Through Internet', '123456', '0000-00-00 00:00:00', 'nitin', '2017-18'),
('2017041053', 'BHASKER SINGH GANGHARIYA', 'PRAHLAD SINGH GANGHARIYA', '2006.02.06', 'no-image.jpg', 'M', 'INDIAN', 'FOOTBALL', 'Day Boarder', '7A', 2017, 'N', 'VVMIC MUNSYARI', '6', 'VILLAGE LEELAM', 'MUNSYARI', '262554', '1', 'UL', 'India', '7351519825', 'x', 'Through Internet', '123456', '0000-00-00 00:00:00', 'nitin', '2017-18'),
('2017041054', 'DEEPAK ARYA', 'TRILOK RAM', '2006.02.04', 'no-image.jpg', 'M', 'INDIAN', 'CRICKET', 'Day Boarder', '7A', 2017, 'N', 'VVMIC MUNSYARI', '6', 'VILLAGE BARNIYAGAON', 'MUNSYARI', '262554', '1', 'UL', 'India', '8449669622', 'x', 'Through Internet', '123456', '0000-00-00 00:00:00', 'nitin', '2017-18'),
('2017041055', 'DEEPAK GOSWAMI', 'NARAYAN GIRI', '2006.03.04', 'no-image.jpg', 'M', 'INDIAN', 'READING,PLAYING', 'Day Boarder', '7A', 2017, 'N', 'VVMIC MUNSYARI', '6', 'VILLAGE HARKOTE ', 'MUNSYARI', '262554', '1', 'UL', 'India', '9690909544', 'x', 'Through Internet', '123456', '0000-00-00 00:00:00', 'nitin', '2017-18'),
('2017041056', 'DIVYANSHU NITWAL', 'JASWANT SINGH NITWAL', '2006.03.19', 'no-image.jpg', 'M', 'INDIAN', 'READING,PLAYING', 'Day Boarder', '7A', 2017, 'N', 'VVMIC MUNSYARI', '6', 'VILLAGE SARMOLI ', 'MUNSYARI', '262554', '1', 'UL', 'India', '9690910816', 'x', 'Through Internet', '123456', '0000-00-00 00:00:00', 'nitin', '2017-18'),
('2017041057', 'GAURAV SINGH DHAMI', 'KARAN SINGH DHAMI', '2006.09.13', 'no-image.jpg', 'M', 'INDIAN', 'CRICKET', 'Day Boarder', '7A', 2017, 'N', 'VVMIC MUNSYARI', '6', 'VILLAGE RANTHI', 'DHARCHULA', '262545', '1', 'UL', 'India', '7579129381', 'x', 'Through Internet', '123456', '0000-00-00 00:00:00', 'nitin', '2017-18'),
('2017041058', 'GAURAV SINGH RANA', 'PREM SINGH RANA', '2006.03.19', 'no-image.jpg', 'M', 'INDIAN', 'CRICKET', 'Day Boarder', '7A', 2017, 'N', 'VVMIC MUNSYARI', '6', 'VILLAGE SHANKHDHURA', 'MUNSYARI', '262554', '1', 'UL', 'India', '9410657048', 'x', 'Through Internet', '123456', '0000-00-00 00:00:00', 'nitin', '2017-18'),
('2017041059', 'HIMANSHU KORANGA ', 'KHUSAL SINGH KORANGA', '2006.04.20', 'no-image.jpg', 'M', 'INDIAN', 'CRICKET', 'Day Boarder', '7A', 2017, 'N', 'VVMIC MUNSYARI', '6', 'VILLAGE MALLA GHORPATTA', 'MUNSYARI', '262554', '1', 'UL', 'India', '7500441779', 'x', 'Through Internet', '123456', '0000-00-00 00:00:00', 'nitin', '2017-18'),
('2017041060', 'HONEY KUMAR', 'NARAYAN RAM', '2005.07.17', 'no-image.jpg', 'M', 'INDIAN', 'READING,PLAYING', 'Day Boarder', '7A', 2017, 'N', 'VVMIC MUNSYARI', '6', 'VILLAGE SENAR', 'MUNSYARI', '262554', '1', 'UL', 'India', '8191912138', 'x', 'Through Internet', '123456', '0000-00-00 00:00:00', 'nitin', '2017-18'),
('2017041061', 'HIMANSHU SINGH FARSWAN', 'SHER SIGNH ', '2006.05.02', 'no-image.jpg', 'M', 'INDIAN', 'READING,PLAYING', 'Day Boarder', '7A', 2017, 'N', 'VVMIC MUNSYARI', '6', 'VILLAGE MATENA', 'MUNSYARI', '262554', '1', 'UL', 'India', '9760125650', 'x', 'Through Internet', '123456', '0000-00-00 00:00:00', 'nitin', '2017-18'),
('2017041062', 'HIMANSHU CHIRAL', 'PUSHKAR SINGH', '2005.05.25', 'no-image.jpg', 'M', 'INDIAN', 'READING,PLAYING', 'Day Boarder', '7A', 2017, 'N', 'VVMIC MUNSYARI', '6', 'VILLAGE CHAUNA', 'MUNSYARI', '262554', '1', 'UL', 'India', '8941948403', 'x', 'Through Internet', '123456', '0000-00-00 00:00:00', 'nitin', '2017-18'),
('2017041063', 'INDERJEET SINGH PANWAR', 'BHEEM SINGH PANWAR', '2006.03.05', 'no-image.jpg', 'M', 'INDIAN', 'READING,PLAYING', 'Day Boarder', '7A', 2017, 'N', 'VVMIC MUNSYARI', '6', 'VILLAGE SAMKOTE', 'MUNSYARI', '262554', '1', 'UL', 'India', '9173577737', 'x', 'Through Internet', '123456', '0000-00-00 00:00:00', 'nitin', '2017-18'),
('2017041064', 'KAVINDRA SINGH DARIYAL', 'PRAHLAD SINGH DARIYAL', '2007.12.24', 'no-image.jpg', 'M', 'INDIAN', 'READING,PLAYING', 'Day Boarder', '7A', 2017, 'N', 'VVMIC MUNSYARI', '6', 'VILLAGE PATO', 'MUNSYARI', '262554', '1', 'UL', 'India', 'x', 'x', 'Through Internet', '123456', '0000-00-00 00:00:00', 'nitin', '2017-18'),
('2017041065', 'MANOJ SINGH MAHAR', 'RAM SINGH MAHAR', '2006.03.25', 'no-image.jpg', 'M', 'INDIAN', 'READING,PLAYING', 'Day Boarder', '7A', 2017, 'N', 'VVMIC MUNSYARI', '6', 'VILLAGE LOADH', 'MUNSYARI', '262554', '1', 'UL', 'India', '9977762015', 'x', 'Through Internet', '123456', '0000-00-00 00:00:00', 'nitin', '2017-18'),
('2017041066', 'MAYANK KUMAR', 'PRATAP RAM', '2006.04.21', 'no-image.jpg', 'M', 'INDIAN', 'READING,PLAYING', 'Day Boarder', '7A', 2017, 'N', 'VVMIC MUNSYARI', '6', 'VILLAGE BUNGA', 'MUNSYARI', '262554', '1', 'UL', 'India', '9690149894', 'x', 'Through Internet', '123456', '0000-00-00 00:00:00', 'nitin', '2017-18'),
('2017041067', 'MUKESH SINGH FARSWAN', 'DURGA SINGH FARSWAN', '2006.03.19', 'no-image.jpg', 'M', 'INDIAN', 'READING,PLAYING', 'Day Boarder', '7A', 2017, 'N', 'VVMIC MUNSYARI', '6', 'VILLAGE BHADELI', 'MUNSYARI', '262554', '1', 'UL', 'India', '9690149698', 'x', 'Through Internet', '123456', '0000-00-00 00:00:00', 'nitin', '2017-18'),
('2017041068', 'NEERAJ KUMAR', 'NATHO RAM', '2004.04.15', 'no-image.jpg', 'M', 'INDIAN', 'READING,PLAYING', 'Day Boarder', '7A', 2017, 'N', 'VVMIC MUNSYARI', '6', 'VILLAGE TALLA GHORPATTA', 'MUNSYARI', '262554', '1', 'UL', 'India', '7535828466', 'x', 'Through Internet', '123456', '0000-00-00 00:00:00', 'nitin', '2017-18'),
('2017041069', 'NEERAJ SINGH PANWAR', 'LAXMAN PANWAR', '2006.04.06', 'no-image.jpg', 'M', 'INDIAN', 'READING,PLAYING', 'Day Boarder', '7A', 2017, 'N', 'VVMIC MUNSYARI', '6', 'VILLAGE SAMKOTE', 'MUNSYARI', '262554', '1', 'UL', 'India', '7466055159', 'x', 'Through Internet', '123456', '0000-00-00 00:00:00', 'nitin', '2017-18'),
('2017041070', 'NAVNEET SINGH BRIJWAL', 'BIRENDRA SINGH BRIJWAL', '2006.07.02', 'no-image.jpg', 'M', 'INDIAN', 'READING,PLAYING', 'Day Boarder', '7A', 2017, 'N', 'VVMIC MUNSYARI', '6', 'VILLAGE MALLA GHORPATTA', 'MUNSYARI', '262555', '1', 'UL', 'India', '7351797787', 'x', 'Through Internet', '123456', '0000-00-00 00:00:00', 'nitin', '2017-18'),
('2017041071', 'PANKAJ KUMAR', 'HARI RAM', '2004.09.24', 'no-image.jpg', 'M', 'INDIAN', 'READING,PLAYING', 'Day Boarder', '7A', 2017, 'N', 'VVMIC MUNSYARI', '6', 'VILLAGE DOKULA', 'MUNSYARI', '262554', '1', 'UL', 'India', '9756985367', 'x', 'Through Internet', '123456', '0000-00-00 00:00:00', 'nitin', '2017-18'),
('2017041072', 'PRAVEEN SINGH PANWAR', 'BALWANT SINGH PANWAR', '2006.04.03', 'no-image.jpg', 'M', 'INDIAN', 'READING,PLAYING', 'Day Boarder', '7A', 2017, 'N', 'VVMIC MUNSYARI', '6', 'VILLAGE SAMKOTE', 'MUNSYARI', '262555', '1', 'UL', 'India', '8958616482', 'x', 'Through Internet', '123456', '0000-00-00 00:00:00', 'nitin', '2017-18'),
('2017041073', 'RAJAT SINGH MEHTA', 'LALIT SINGH MEHTA', '2006.02.20', 'no-image.jpg', 'M', 'INDIAN', 'READING,PLAYING', 'Day Boarder', '7A', 2017, 'N', 'VVMIC MUNSYARI', '6', 'VILLAGE FALYATI', 'MUNSYARI', '262554', '1', 'UL', 'India', '8958173422', 'x', 'Through Internet', '123456', '0000-00-00 00:00:00', 'nitin', '2017-18'),
('2017041074', 'SANJAY SINGH RAWAT', 'GANGA SINGH RAWAT', '2006.02.14', 'no-image.jpg', 'M', 'INDIAN', 'READING,PLAYING', 'Day Boarder', '7A', 2017, 'N', 'VVMIC MUNSYARI', '6', 'VILLAGE QUIRIJIMIYA', 'MUNSYARI', '262554', '1', 'UL', 'India', '9758191149', 'x', 'Through Internet', '123456', '0000-00-00 00:00:00', 'nitin', '2017-18'),
('2017041075', 'TRIBHUWAN KUMAR VISWAKARMA', 'NARAYAN RAM', '2006.05.10', 'no-image.jpg', 'M', 'INDIAN', 'READING,PLAYING', 'Day Boarder', '7A', 2017, 'N', 'VVMIC MUNSYARI', '6', 'VILLAGE BHALIYA', 'PITHORAGARH', '262501', '1', 'UL', 'India', '8057999126', 'x', 'Through Internet', '123456', '0000-00-00 00:00:00', 'nitin', '2017-18'),
('2017041076', 'VIKRAM SIGNH PANCHPAL', 'BALWANT SINGH PANCHPAL', '2005.03.04', 'no-image.jpg', 'M', 'INDIAN', 'READING,PLAYING', 'Day Boarder', '7A', 2017, 'N', 'VVMIC MUNSYARI', '6', 'VILLAGE BONA', 'MUNSYARI', '262554', '1', 'UL', 'India', 'x', 'x', 'Through Internet', '123456', '0000-00-00 00:00:00', 'nitin', '2017-18'),
('2017041077', 'VIKRAM SINGH KHATRI', 'DHAN SIBNGH KHATRI', '2008.07.10', 'no-image.jpg', 'M', 'INDIAN', 'READING,PLAYING', 'Day Boarder', '7A', 2017, 'N', 'VVMIC MUNSYARI', '6', 'VILLAGE SURAIDHAR', 'MUNSYARI', '262554', '1', 'UL', 'India', '9410565214', 'x', 'Through Internet', '123456', '0000-00-00 00:00:00', 'nitin', '2017-18'),
('2017041078', 'PUSHPA', 'NARAYAN SINGH RAJWAR', '2006.03.18', 'no-image.jpg', 'F', 'INDIAN', 'READING,PLAYING', 'Day Boarder', '7A', 2017, 'N', 'VVMIC MUNSYARI', '6', 'VILLAGE JAMTARI', 'DHARCHULA', '262544', '1', 'UL', 'India', '8193048522', 'x', 'Through Internet', '123456', '0000-00-00 00:00:00', 'nitin', '2017-18'),
('2017041079', 'SONU', 'BHUPENDRA SINGH RAJWAR', '2005.04.11', 'no-image.jpg', 'F', 'INDIAN', 'READING,PLAYING', 'Day Boarder', '7A', 2017, 'N', 'VVMIC MUNSYARI', '6', 'VILLAGE JAMTARI', 'DHARCHULA', '262544', '1', 'UL', 'India', '9410565214', 'x', 'Through Internet', '123456', '0000-00-00 00:00:00', 'nitin', '2017-18'),
('2017041080', 'ISHWAR HARKOTIA', 'KHARAK SINGH HARKOTIA', '2005.02.25', 'no-image.jpg', 'M', 'INDIAN', 'READING,PLAYING', 'Day Boarder', '7A', 2017, 'N', 'MPS MUNSYARI', '6', 'VILLAGE HARKOTE ', 'MUNSYARI', '262554', '1', 'UL', 'India', '7599277741', 'x', 'Through Internet', '123456', '0000-00-00 00:00:00', 'nitin', '2017-18'),
('2017041081', 'SAGAR VISWAKARMA', 'PREM RAM', '2006.03.13', 'no-image.jpg', 'M', 'INDIAN', 'READING,PLAYING', 'Day Boarder', '7A', 2017, 'N', 'GIC MUNSYARI', '6', 'VILLAGE MALLA GHORPATTA', 'MUNSYARI', '262554', '1', 'UL', 'India', '9917165814', 'x', 'Through Internet', '123456', '0000-00-00 00:00:00', 'nitin', '2017-18'),
('2017041082', 'APRNA TRIPATHI', 'GIRISH CHANDRA TRIPATHI', '2004.01.30', 'no-image.jpg', 'F', 'INDIAN', 'DANCING', 'Day Boarder', '8A', 2017, 'N', 'VVMIC MUNSYARI', '7', 'VILLAGE MALLA GHORPATTA', 'MUNSYARI', '262554', '1', 'UL', 'India', '9756615493', 'x', 'Through Internet', '123456', '0000-00-00 00:00:00', 'nitin', '2017-18'),
('2017041083', 'DIVYA TOMKIYAL', 'PADAM SINGH TOMKIYAL', '2005.04.15', 'no-image.jpg', 'F', 'INDIAN', 'READING', 'Day Boarder', '8A', 2017, 'N', 'VVMIC MUNSYARI', '7', 'VILLAGE BONA', 'MUNSYARI', '262554', '1', 'UL', 'India', '8057731737', 'x', 'Through Internet', '123457', '0000-00-00 00:00:00', 'nitin', '2017-18'),
('2017041084', 'KALPANA GHINGA', 'NARAYAN SINGH GHINGA', '2005.02.05', 'no-image.jpg', 'F', 'INDIAN', 'READING', 'Day Boarder', '8A', 2017, 'N', 'VVMIC MUNSYARI', '7', 'VILLAGE BUIE', 'MUNSYARI', '262554', '1', 'UL', 'India', '9756805646', 'x', 'Through Internet', '123458', '0000-00-00 00:00:00', 'nitin', '2017-18'),
('2017041085', 'KANUPRIYA RILKOTIA', 'HEERA SINGH RILKOTIA', '2005.03.06', 'no-image.jpg', 'F', 'INDIAN', 'DRAWING', 'Day Boarder', '8A', 2017, 'N', 'VVMIC MUNSYARI', '7', 'VILLAGE DHAPA', 'MUNSYARI', '262554', '1', 'UL', 'India', '8477045633', 'x', 'Through Internet', '123459', '0000-00-00 00:00:00', 'nitin', '2017-18'),
('2017041086', 'MANISHA MEHTA', 'MANOHAR SINGH MEHTA', '2005.09.25', 'no-image.jpg', 'F', 'INDIAN', 'READING', 'Day Boarder', '8A', 2017, 'N', 'VVMIC MUNSYARI', '7', 'VILLAGE CHAUNA', 'MUNSYARI', '262554', '1', 'UL', 'India', '8937020575', 'x', 'Through Internet', '123460', '0000-00-00 00:00:00', 'nitin', '2017-18'),
('2017041087', 'NIHARIKA TRIPATHI', 'MAHESH CHANDRA TRIPATHI', '2005.08.25', 'no-image.jpg', 'F', 'INDIAN', 'READING', 'Day Boarder', '8A', 2017, 'N', 'VVMIC MUNSYARI', '7', 'VILLAGE SEVILA', 'MUNSYARI', '262554', '1', 'UL', 'India', '8979783614', 'x', 'Through Internet', '123461', '0000-00-00 00:00:00', 'nitin', '2017-18'),
('2017041088', 'PREETI GWAL', 'HEERA SINGH GWAL', '2004.09.15', 'no-image.jpg', 'F', 'INDIAN', 'READING', 'Day Boarder', '8A', 2017, 'N', 'VVMIC MUNSYARI', '7', 'VILLAGE PATO', 'MUNSYARI', '262554', '1', 'UL', 'India', '8192070616', 'x', 'Through Internet', '123462', '0000-00-00 00:00:00', 'nitin', '2017-18'),
('2017041089', 'KHEELA LASPAL', 'JASPAL SINGH ', '2004.07.08', 'no-image.jpg', 'F', 'INDIAN', 'PLAYING', 'Day Boarder', '8A', 2017, 'N', 'VVMIC MUNSYARI', '7', 'VILLAGE SAIPOLU', 'MUNSYARI', '262554', '1', 'UL', 'India', '7534881691', 'x', 'Through Internet', '123463', '0000-00-00 00:00:00', 'nitin', '2017-18'),
('2017041090', 'BHUPESH HARKOTIA', 'CHANDRA SINGH HARKOTIA', '2005.03.15', 'no-image.jpg', 'M', 'INDIAN', 'DRAWING', 'Day Boarder', '8A', 2017, 'N', 'VVMIC MUNSYARI', '7', 'VILLAGE HARKOTE ', 'MUNSYARI', '262554', '1', 'UL', 'India', '9927256009', 'x', 'Through Internet', '123464', '0000-00-00 00:00:00', 'nitin', '2017-18'),
('2017041091', 'BHUPESH MEHTA', 'KRISHNA MEHTA', '2005.04.20', 'no-image.jpg', 'M', 'INDIAN', 'CYCLING', 'Day Boarder', '8A', 2017, 'N', 'VVMIC MUNSYARI', '7', 'VILLAGE SEVILA', 'MUNSYARI', '262554', '1', 'UL', 'India', '8958351522', 'x', 'Through Internet', '123465', '0000-00-00 00:00:00', 'nitin', '2017-18'),
('2017041092', 'VINOD RANA', 'DEVENDRA SINGH RANA', '2005.04.02', 'no-image.jpg', 'M', 'INDIAN', 'CRICKET', 'Day Boarder', '8A', 2017, 'N', 'VVMIC MUNSYARI', '7', 'VILLAGE GIRGAON', 'MUNSYARI', '262554', '1', 'UL', 'India', '7500700406', 'x', 'Through Internet', '123466', '0000-00-00 00:00:00', 'nitin', '2017-18'),
('2017041093', 'CHANDAN SINGH ', 'LAXMAN SINGH LASPAL', '2005.03.18', 'no-image.jpg', 'M', 'INDIAN', 'DRAWING', 'Day Boarder', '8A', 2017, 'N', 'VVMIC MUNSYARI', '7', 'VILLAGE SAIPOLU', 'MUNSYARI', '262554', '1', 'UL', 'India', '8477049839', 'x', 'Through Internet', '123467', '0000-00-00 00:00:00', 'nitin', '2017-18'),
('2017041094', 'CHETAN BRIJWAL', 'VIRENDRA SINGH BRIJWAL', '2005.03.23', 'no-image.jpg', 'M', 'INDIAN', 'CYCLING', 'Day Boarder', '8A', 2017, 'N', 'VVMIC MUNSYARI', '7', 'VILLAGE MALLA GHORPATTA', 'MUNSYARI', '262554', '1', 'UL', 'India', '7500652722', 'x', 'Through Internet', '123468', '0000-00-00 00:00:00', 'nitin', '2017-18'),
('2017041095', 'DEEPAK KUMAR', 'PANA RAM', '2005.03.05', 'no-image.jpg', 'M', 'INDIAN', 'MUSIC', 'Day Boarder', '8A', 2017, 'N', 'VVMIC MUNSYARI', '7', 'VILLAGE BUNGA', 'MUNSYARI', '262554', '1', 'UL', 'India', '8958706965', 'x', 'Through Internet', '123469', '0000-00-00 00:00:00', 'nitin', '2017-18'),
('2017041096', 'GAJENDRA KUMAR', 'DHANI RAM', '2005.05.01', 'no-image.jpg', 'M', 'INDIAN', 'PLAYING', 'Day Boarder', '8A', 2017, 'N', 'VVMIC MUNSYARI', '7', 'VILLAGE RINGU', 'MUNSYARI', '262554', '1', 'UL', 'India', '7351834882', 'x', 'Through Internet', '123470', '0000-00-00 00:00:00', 'nitin', '2017-18'),
('2017041097', 'GANESH SINGH NEGI', 'DIGAR SINGH NEGI', '2005.10.06', 'no-image.jpg', 'M', 'INDIAN', 'READING', 'Day Boarder', '8A', 2017, 'N', 'VVMIC MUNSYARI', '7', 'VILLAGE DHURATOLI', 'MUNSYARI', '262554', '1', 'UL', 'India', '7568294373', 'x', 'Through Internet', '123471', '0000-00-00 00:00:00', 'nitin', '2017-18'),
('2017041098', 'GAURAV BAGARI', 'HARISH SINGH', '2004.08.25', 'no-image.jpg', 'M', 'INDIAN', 'CRICKET', 'Day Boarder', '8A', 2017, 'N', 'VVMIC MUNSYARI', '7', 'VILLAGE BUIE', 'MUNSYARI', '262554', '1', 'UL', 'India', '7351767740', 'x', 'Through Internet', '123472', '0000-00-00 00:00:00', 'nitin', '2017-18'),
('2017041099', 'HIMANSHU KUMAR', 'MAHENDRA RAM', '2005.05.20', 'no-image.jpg', 'M', 'INDIAN', 'DRAWING', 'Day Boarder', '8A', 2017, 'N', 'VVMIC MUNSYARI', '7', 'VILLAGE HARKOTE ', 'MUNSYARI', '262554', '1', 'UL', 'India', '8937052347', 'x', 'Through Internet', '123473', '0000-00-00 00:00:00', 'nitin', '2017-18'),
('2017041100', 'ISHANT MEHRA', 'SHER SINGH MEHRA', '2005.08.28', 'no-image.jpg', 'M', 'INDIAN', 'MUSIC', 'Day Boarder', '8A', 2017, 'N', 'VVMIC MUNSYARI', '7', 'VILLAGE KULTHAM', 'MUNSYARI', '262554', '1', 'UL', 'India', '8958824056', 'x', 'Through Internet', '123474', '0000-00-00 00:00:00', 'nitin', '2017-18'),
('2017041101', 'JAGJIVAN BRIJWAL', 'KUNDAN SINGH BRIJWAL', '2005.04.04', 'no-image.jpg', 'M', 'INDIAN', 'MUSIC', 'Day Boarder', '8A', 2017, 'N', 'VVMIC MUNSYARI', '7', 'VILLAGE BONA', 'MUNSYARI', '262554', '1', 'UL', 'India', '9756940137', 'x', 'Through Internet', '123475', '0000-00-00 00:00:00', 'nitin', '2017-18'),
('2017041102', 'JEEVAN DHOKTI', 'JODHA SINGH DHOKTI', '2005.06.30', 'no-image.jpg', 'M', 'INDIAN', 'CYCLING', 'Day Boarder', '8A', 2017, 'N', 'VVMIC MUNSYARI', '7', 'VILLAGE SHAMBHUGHAT', 'MUNSYARI', '262554', '1', 'UL', 'India', '7351984460', 'x', 'Through Internet', '123476', '0000-00-00 00:00:00', 'nitin', '2017-18'),
('2017041103', 'JITENDRA SINGH', 'KUNDAN SINGH ', '2005.04.03', 'no-image.jpg', 'M', 'INDIAN', 'CYCLING', 'Day Boarder', '8A', 2017, 'N', 'VVMIC MUNSYARI', '7', 'VILLAGE BUNGA', 'MUNSYARI', '262554', '1', 'UL', 'India', '9917929846', 'x', 'Through Internet', '123477', '0000-00-00 00:00:00', 'nitin', '2017-18'),
('2017041104', 'KAILASH MARTOLIYA', 'INDRA SINGH MARTOLIYA', '2004.07.15', 'no-image.jpg', 'M', 'INDIAN', 'PLAYING', 'Day Boarder', '8A', 2017, 'N', 'VVMIC MUNSYARI', '7', 'VILLAGE SURING', 'MUNSYARI', '262554', '1', 'UL', 'India', '8958669596', 'x', 'Through Internet', '123478', '0000-00-00 00:00:00', 'nitin', '2017-18'),
('2017041105', 'KAMLESH DHOKTI', 'SHOBAN SINGH DHOKTI', '2005.03.24', 'no-image.jpg', 'M', 'INDIAN', 'READING', 'Day Boarder', '8A', 2017, 'N', 'VVMIC MUNSYARI', '7', 'VILLAGE BASANTKOTE', 'MUNSYARI', '262554', '1', 'UL', 'India', '9568257363', 'x', 'Through Internet', '123479', '0000-00-00 00:00:00', 'nitin', '2017-18'),
('2017041106', 'KAMLESH JOSHI', 'ANANDBALLBH JOSHI', '2004.02.03', 'no-image.jpg', 'M', 'INDIAN', 'READING', 'Day Boarder', '8A', 2017, 'N', 'VVMIC MUNSYARI', '7', 'VILLAGE KHASIABARA', 'MUNSYARI', '262554', '1', 'UL', 'India', '7253824574', 'x', 'Through Internet', '123480', '0000-00-00 00:00:00', 'nitin', '2017-18'),
('2017041107', 'KAVINDRA SINGH IMLAL', 'GOP SINGH', '2005.07.27', 'no-image.jpg', 'M', 'INDIAN', 'CRICKET', 'Day Boarder', '8A', 2017, 'N', 'VVMIC MUNSYARI', '7', 'VILLAGE IMLA', 'MUNSYARI', '262554', '1', 'UL', 'India', '9917163395', 'x', 'Through Internet', '123481', '0000-00-00 00:00:00', 'nitin', '2017-18'),
('2017041108', 'LOVERAJ KUMAR', 'NATTHI RAM', '2005.01.13', 'no-image.jpg', 'M', 'INDIAN', 'PLAYING', 'Day Boarder', '8A', 2017, 'N', 'VVMIC MUNSYARI', '7', 'VILLAGE BARNIYAGAON', 'MUNSYARI', '262554', '1', 'UL', 'India', '9568983787', 'x', 'Through Internet', '123482', '0000-00-00 00:00:00', 'nitin', '2017-18'),
('2017041109', 'LOVERAJ LASPAL', 'KISHAN SINGH LASPAL', '2005.05.01', 'no-image.jpg', 'M', 'INDIAN', 'PLAYING', 'Day Boarder', '8A', 2017, 'N', 'VVMIC MUNSYARI', '7', 'VILLAGE SAIPOLU', 'MUNSYARI', '262554', '1', 'UL', 'India', '', 'x', 'Through Internet', '123482', '0000-00-00 00:00:00', 'nitin', '2017-18'),
('2017041110', 'MANISH SINGH BORA', 'RAJENDRA SINGH', '2005.06.20', 'no-image.jpg', 'M', 'INDIAN', 'DRAWING', 'Day Boarder', '8A', 2017, 'N', 'VVMIC MUNSYARI', '7', 'VILLAGE CHETICHIMLA', 'MUNSYARI', '262554', '1', 'UL', 'India', '8057753515', 'x', 'Through Internet', '123482', '0000-00-00 00:00:00', 'nitin', '2017-18'),
('2017041111', 'MAYANK VERMA', 'RAMESH RAM', '2005.04.25', 'no-image.jpg', 'M', 'INDIAN', 'PLAYING', 'Day Boarder', '8A', 2017, 'N', 'VVMIC MUNSYARI', '7', 'VILLAGE TALLA DUMMAR', 'MUNSYARI', '262554', '1', 'UL', 'India', '9457566151', 'x', 'Through Internet', '123482', '0000-00-00 00:00:00', 'nitin', '2017-18'),
('2017041112', 'PANKAJ KUMAR', 'ANAND RAM', '2005.05.14', 'no-image.jpg', 'M', 'INDIAN', 'READING', 'Day Boarder', '8A', 2017, 'N', 'VVMIC MUNSYARI', '7', 'VILLAGE SAIPOLU', 'MUNSYARI', '262554', '1', 'UL', 'India', '9690846628', 'x', 'Through Internet', '123482', '0000-00-00 00:00:00', 'nitin', '2017-18'),
('2017041113', 'PRADEEP PANT', 'PRAKASH PANT', '2005.09.15', 'no-image.jpg', 'M', 'INDIAN', 'READING', 'Day Boarder', '8A', 2017, 'N', 'VVMIC MUNSYARI', '7', 'VILLAGE BERINAG', 'BERINAG', '262554', '1', 'UL', 'India', '9639124660', 'x', 'Through Internet', '123482', '0000-00-00 00:00:00', 'nitin', '2017-18'),
('2017041114', 'RAHUL BISHT', 'BALA SINGH BISHT', '2005.02.21', 'no-image.jpg', 'M', 'INDIAN', 'CRICKET', 'Day Boarder', '8A', 2017, 'N', 'VVMIC MUNSYARI', '7', 'VILLAGE SAIPOLU', 'MUNSYARI', '262554', '1', 'UL', 'India', '7464963540', 'x', 'Through Internet', '123482', '0000-00-00 00:00:00', 'nitin', '2017-18'),
('2017041115', 'RAHUL SINGH TOMKIYAL', 'BHADUR SINGH', '2004.03.08', 'no-image.jpg', 'M', 'INDIAN', 'PLAYING', 'Day Boarder', '8A', 2017, 'N', 'VVMIC MUNSYARI', '7', 'VILLAGE TOMIK', 'MUNSYARI', '262554', '1', 'UL', 'India', '8191958848', 'x', 'Through Internet', '123482', '0000-00-00 00:00:00', 'nitin', '2017-18'),
('2017041116', 'RAVI PALIWAL', 'BALWANT SINGH ', '2004.04.07', 'no-image.jpg', 'M', 'INDIAN', 'CYCLING', 'Day Boarder', '8A', 2017, 'N', 'VVMIC MUNSYARI', '7', 'VILLAGE PAINKUTI', 'MUNSYARI', '262501', '1', 'UL', 'India', '8958528083', 'x', 'Through Internet', '123482', '0000-00-00 00:00:00', 'nitin', '2017-18'),
('2017041117', 'SIDDHARTH PANDEY', 'RAMESH CHANDRA PANDEY', '2006.02.10', 'no-image.jpg', 'M', 'INDIAN', 'PLAYING', 'Day Boarder', '8A', 2017, 'N', 'VVMIC MUNSYARI', '7', 'VILLAGE SARMOLI', 'MUNSYARI', '262554', '1', 'UL', 'India', '8909139761', 'x', 'Through Internet', '123482', '0000-00-00 00:00:00', 'nitin', '2017-18'),
('2017041118', 'VIVEK FARSWAN', 'SHER SINGH FARSWAN', '2005.04.01', 'no-image.jpg', 'M', 'INDIAN', 'CRICKET', 'Day Boarder', '8A', 2017, 'N', 'VVMIC MUNSYARI', '7', 'VILLAGE MATENA', 'MUNSYARI', '262554', '1', 'UL', 'India', '', 'x', 'Through Internet', '123482', '0000-00-00 00:00:00', 'nitin', '2017-18'),
('2017041119', 'YOGESH JOSHI', 'JAGDISH CHANDRA JOSHI', '2005.03.08', 'no-image.jpg', 'M', 'INDIAN', 'CRICKET', 'Day Boarder', '8A', 2017, 'N', 'VVMIC MUNSYARI', '7', 'VILLAGE KHASIABARA', 'MUNSYARI', '262554', '1', 'UL', 'India', '9568205799', 'x', 'Through Internet', '123482', '0000-00-00 00:00:00', 'nitin', '2017-18'),
('2017041120', 'VIVEK MARTOLIYA', 'DEVENDRA SINGH ', '2003.02.10', 'no-image.jpg', 'M', 'INDIAN', 'PLAYING', 'Day Boarder', '8A', 2017, 'N', 'VVMIC MUNSYARI', '7', 'VILLAGE SURING', 'MUNSYARI', '262554', '1', 'UL', 'India', '8941948229', 'x', 'Through Internet', '123482', '0000-00-00 00:00:00', 'nitin', '2017-18'),
('2017041121', 'MANISH SINGH BHAKUNI', 'JAGAT SINGH', '2005.10.22', 'no-image.jpg', 'M', 'INDIAN', 'DRAWING', 'Day Boarder', '8A', 2017, 'N', 'VVMIC MUNSYARI', '7', 'VILLAGE KHASIABARA', 'MUNSYARI', '262554', '1', 'UL', 'India', '8057672091', 'x', 'Through Internet', '123482', '0000-00-00 00:00:00', 'nitin', '2017-18'),
('2017041122', 'LOVERAJ PANWAR', 'RAJENDRA SINGH PANWAR', '2005.01.05', 'no-image.jpg', 'M', 'INDIAN', 'READING', 'Day Boarder', '8A', 2017, 'N', 'VVMIC MUNSYARI', '7', 'VILLAGE SAMKOTE', 'MUNSYARI', '262554', '1', 'UL', 'India', '9837552549', 'x', 'Through Internet', '123482', '0000-00-00 00:00:00', 'nitin', '2017-18'),
('2017041123', 'ANKIT VERMA', 'DINESH LAL VERMA', '2006.02.15', 'no-image.jpg', 'F', 'INDIAN', 'PLAYING', 'Day Boarder', '8B', 2017, 'N', 'VVMIC MUNSYARI', '7', 'PAPDEV PAUN', 'PITHORAGARH', '262554', '1', 'UL', 'India', '7466055508', 'x', 'Through Internet', '123482', '0000-00-00 00:00:00', 'nitin', '2017-18'),
('2017041124', 'DIYA DHAMI', 'PURAN SINGH DHAMI', '2005.06.28', 'no-image.jpg', 'F', 'INDIAN', 'SINGING', 'Day Boarder', '8B', 2017, 'N', 'VVMIC MUNSYARI', '7', 'TALLA GHORAPATTA', 'MUNSYARI', '262554', '1', 'UL', 'India', '8958341037', 'x', 'Through Internet', '123483', '0000-00-00 00:00:00', 'nitin', '2017-18'),
('2017041125', 'GEETANJALI MARTOLIYA', 'MOHAN SINGH MARTOLIYA', '2004.08.29', 'no-image.jpg', 'F', 'INDIAN', 'PLAYING', 'Day Boarder', '8B', 2017, 'N', 'VVMIC MUNSYARI', '7', 'SURING', 'MUNSYARI', '262554', '1', 'UL', 'India', '9012010344', 'x', 'Through Internet', '123484', '0000-00-00 00:00:00', 'nitin', '2017-18'),
('2017041126', 'HIMANSHI KORANGA', 'SUNDER SINGH MARTOLIYA', '2004.01.01', 'no-image.jpg', 'F', 'INDIAN', 'RUNNING', 'Day Boarder', '8B', 2017, 'N', 'VVMIC MUNSYARI', '7', 'GIRGAON', 'MUNSYARI', '262554', '1', 'UL', 'India', '8958394962', 'x', 'Through Internet', '123485', '0000-00-00 00:00:00', 'nitin', '2017-18'),
('2017041127', 'LAXMI BHANDARI', 'KUNDAN SINGH BHANDARI', '2003.08.26', 'no-image.jpg', 'F', 'INDIAN', 'SINGING', 'Day Boarder', '8B', 2017, 'N', 'VVMIC MUNSYARI', '7', 'DUMMAR', 'MUNSYARI', '262554', '1', 'UL', 'India', '7351982847', 'x', 'Through Internet', '123486', '0000-00-00 00:00:00', 'nitin', '2017-18'),
('2017041128', 'MANISHA KATHAYAT', 'SUNDER SINGH KATHAYAT', '2005.04.12', 'no-image.jpg', 'F', 'INDIAN', 'PAINTING', 'Day Boarder', '8B', 2017, 'N', 'VVMIC MUNSYARI', '7', 'RINGU', 'MUNSYARI', '262554', '1', 'UL', 'India', '7248819380', 'x', 'Through Internet', '123487', '0000-00-00 00:00:00', 'nitin', '2017-18'),
('2017041129', 'PREETI PANA', 'KISHAN SINGH PANA', '2005.03.12', 'no-image.jpg', 'F', 'INDIAN', 'PAINTING', 'Day Boarder', '8B', 2017, 'N', 'VVMIC MUNSYARI', '7', 'DHEELAM', 'MUNSYARI', '262554', '1', 'UL', 'India', '8958687542', 'x', 'Through Internet', '123488', '0000-00-00 00:00:00', 'nitin', '2017-18'),
('2017041130', 'TANUJA NITWAL', 'KHUSAL SINGH', '2005.04.19', 'no-image.jpg', 'F', 'INDIAN', 'PLAYING', 'Day Boarder', '8B', 2017, 'N', 'VVMIC MUNSYARI', '7', 'SHANKHDHURA', 'MUNSYARI', '262554', '1', 'UL', 'India', '9458130406', 'x', 'Through Internet', '123489', '0000-00-00 00:00:00', 'nitin', '2017-18'),
('2017041131', 'MITALI MARTOLIYA', 'JAGAT SINGH MARTOLIYA', '2005.03.05', 'no-image.jpg', 'F', 'INDIAN', 'PLAYING', 'Day Boarder', '8B', 2017, 'N', 'VVMIC MUNSYARI', '7', 'RANTHI', 'MUNSYARI', '262554', '1', 'UL', 'India', '9756723497', 'x', 'Through Internet', '123490', '0000-00-00 00:00:00', 'nitin', '2017-18'),
('2017041132', 'PRIYANSHU RANA', 'RAMESH SINGH RANA', '2005.03.20', 'no-image.jpg', 'M', 'INDIAN', 'CYCLING', 'Day Boarder', '8B', 2017, 'N', 'VVMIC MUNSYARI', '7', 'VILLAGE SEVILA', 'MUNSYARI', '262554', '1', 'UL', 'India', '8958351522', 'x', 'Through Internet', '123491', '0000-00-00 00:00:00', 'nitin', '2017-18'),
('2017041133', 'VINOD RANA', 'DEVENDRA SINGH RANA', '2005.04.02', 'no-image.jpg', 'M', 'INDIAN', 'CRICKET', 'Day Boarder', '8B', 2017, 'N', 'VVMIC MUNSYARI', '7', 'VILLAGE GIRGAON', 'MUNSYARI', '262554', '1', 'UL', 'India', '7500700406', 'x', 'Through Internet', '123492', '0000-00-00 00:00:00', 'nitin', '2017-18'),
('2017041134', 'CHANDAN SINGH ', 'LAXMAN SINGH LASPAL', '2005.03.18', 'no-image.jpg', 'M', 'INDIAN', 'DRAWING', 'Day Boarder', '8B', 2017, 'N', 'VVMIC MUNSYARI', '7', 'VILLAGE SAIPOLU', 'MUNSYARI', '262554', '1', 'UL', 'India', '8477049839', 'x', 'Through Internet', '123493', '0000-00-00 00:00:00', 'nitin', '2017-18'),
('2017041135', 'CHETAN BRIJWAL', 'VIRENDRA SINGH BRIJWAL', '2005.03.23', 'no-image.jpg', 'M', 'INDIAN', 'CYCLING', 'Day Boarder', '8B', 2017, 'N', 'VVMIC MUNSYARI', '7', 'VILLAGE MALLA GHORPATTA', 'MUNSYARI', '262554', '1', 'UL', 'India', '7500652722', 'x', 'Through Internet', '123494', '0000-00-00 00:00:00', 'nitin', '2017-18'),
('2017041136', 'DEEPAK KUMAR', 'PANA RAM', '2005.03.05', 'no-image.jpg', 'M', 'INDIAN', 'MUSIC', 'Day Boarder', '8B', 2017, 'N', 'VVMIC MUNSYARI', '7', 'VILLAGE BUNGA', 'MUNSYARI', '262554', '1', 'UL', 'India', '8958706965', 'x', 'Through Internet', '123495', '0000-00-00 00:00:00', 'nitin', '2017-18'),
('2017041137', 'GAJENDRA KUMAR', 'DHANI RAM', '2005.05.01', 'no-image.jpg', 'M', 'INDIAN', 'PLAYING', 'Day Boarder', '8B', 2017, 'N', 'VVMIC MUNSYARI', '7', 'VILLAGE RINGU', 'MUNSYARI', '262554', '1', 'UL', 'India', '7351834882', 'x', 'Through Internet', '123496', '0000-00-00 00:00:00', 'nitin', '2017-18'),
('2017041138', 'GANESH SINGH NEGI', 'DIGAR SINGH NEGI', '2005.10.06', 'no-image.jpg', 'M', 'INDIAN', 'READING', 'Day Boarder', '8B', 2017, 'N', 'VVMIC MUNSYARI', '7', 'VILLAGE DHURATOLI', 'MUNSYARI', '262554', '1', 'UL', 'India', '7568294373', 'x', 'Through Internet', '123497', '0000-00-00 00:00:00', 'nitin', '2017-18'),
('2017041139', 'GAURAV BAGARI', 'HARISH SINGH', '2004.08.25', 'no-image.jpg', 'M', 'INDIAN', 'CRICKET', 'Day Boarder', '8B', 2017, 'N', 'VVMIC MUNSYARI', '7', 'VILLAGE BUIE', 'MUNSYARI', '262554', '1', 'UL', 'India', '7351767740', 'x', 'Through Internet', '123498', '0000-00-00 00:00:00', 'nitin', '2017-18'),
('2017041140', 'HIMANSHU KUMAR', 'MAHENDRA RAM', '2005.05.20', 'no-image.jpg', 'M', 'INDIAN', 'DRAWING', 'Day Boarder', '8B', 2017, 'N', 'VVMIC MUNSYARI', '7', 'VILLAGE HARKOTE ', 'MUNSYARI', '262554', '1', 'UL', 'India', '8937052347', 'x', 'Through Internet', '123499', '0000-00-00 00:00:00', 'nitin', '2017-18'),
('2017041141', 'ISHANT MEHRA', 'SHER SINGH MEHRA', '2005.08.28', 'no-image.jpg', 'M', 'INDIAN', 'MUSIC', 'Day Boarder', '8B', 2017, 'N', 'VVMIC MUNSYARI', '7', 'VILLAGE KULTHAM', 'MUNSYARI', '262554', '1', 'UL', 'India', '8958824056', 'x', 'Through Internet', '123500', '0000-00-00 00:00:00', 'nitin', '2017-18'),
('2017041142', 'JAGJIVAN BRIJWAL', 'KUNDAN SINGH BRIJWAL', '2005.04.04', 'no-image.jpg', 'M', 'INDIAN', 'MUSIC', 'Day Boarder', '8B', 2017, 'N', 'VVMIC MUNSYARI', '7', 'VILLAGE BONA', 'MUNSYARI', '262554', '1', 'UL', 'India', '9756940137', 'x', 'Through Internet', '123501', '0000-00-00 00:00:00', 'nitin', '2017-18'),
('2017041143', 'JEEVAN DHOKTI', 'JODHA SINGH DHOKTI', '2005.06.30', 'no-image.jpg', 'M', 'INDIAN', 'CYCLING', 'Day Boarder', '8B', 2017, 'N', 'VVMIC MUNSYARI', '7', 'VILLAGE SHAMBHUGHAT', 'MUNSYARI', '262554', '1', 'UL', 'India', '7351984460', 'x', 'Through Internet', '123502', '0000-00-00 00:00:00', 'nitin', '2017-18'),
('2017041144', 'JITENDRA SINGH', 'KUNDAN SINGH ', '2005.04.03', 'no-image.jpg', 'M', 'INDIAN', 'CYCLING', 'Day Boarder', '8B', 2017, 'N', 'VVMIC MUNSYARI', '7', 'VILLAGE BUNGA', 'MUNSYARI', '262554', '1', 'UL', 'India', '9917929846', 'x', 'Through Internet', '123503', '0000-00-00 00:00:00', 'nitin', '2017-18'),
('2017041145', 'KAILASH MARTOLIYA', 'INDRA SINGH MARTOLIYA', '2004.07.15', 'no-image.jpg', 'M', 'INDIAN', 'PLAYING', 'Day Boarder', '8B', 2017, 'N', 'VVMIC MUNSYARI', '7', 'VILLAGE SURING', 'MUNSYARI', '262554', '1', 'UL', 'India', '8958669596', 'x', 'Through Internet', '123504', '0000-00-00 00:00:00', 'nitin', '2017-18'),
('2017041146', 'KAMLESH DHOKTI', 'SHOBAN SINGH DHOKTI', '2005.03.24', 'no-image.jpg', 'M', 'INDIAN', 'READING', 'Day Boarder', '8B', 2017, 'N', 'VVMIC MUNSYARI', '7', 'VILLAGE BASANTKOTE', 'MUNSYARI', '262554', '1', 'UL', 'India', '9568257363', 'x', 'Through Internet', '123505', '0000-00-00 00:00:00', 'nitin', '2017-18'),
('2017041147', 'KAMLESH JOSHI', 'ANANDBALLBH JOSHI', '2004.02.03', 'no-image.jpg', 'M', 'INDIAN', 'READING', 'Day Boarder', '8B', 2017, 'N', 'VVMIC MUNSYARI', '7', 'VILLAGE KHASIABARA', 'MUNSYARI', '262554', '1', 'UL', 'India', '7253824574', 'x', 'Through Internet', '123506', '0000-00-00 00:00:00', 'nitin', '2017-18'),
('2017041148', 'KAVINDRA SINGH IMLAL', 'GOP SINGH', '2005.07.27', 'no-image.jpg', 'M', 'INDIAN', 'CRICKET', 'Day Boarder', '8B', 2017, 'N', 'VVMIC MUNSYARI', '7', 'VILLAGE IMLA', 'MUNSYARI', '262554', '1', 'UL', 'India', '9917163395', 'x', 'Through Internet', '123507', '0000-00-00 00:00:00', 'nitin', '2017-18'),
('2017041149', 'LOVERAJ KUMAR', 'NATTHI RAM', '2005.01.13', 'no-image.jpg', 'M', 'INDIAN', 'PLAYING', 'Day Boarder', '8B', 2017, 'N', 'VVMIC MUNSYARI', '7', 'VILLAGE BARNIYAGAON', 'MUNSYARI', '262554', '1', 'UL', 'India', '9568983787', 'x', 'Through Internet', '123508', '0000-00-00 00:00:00', 'nitin', '2017-18'),
('2017041150', 'LOVERAJ LASPAL', 'KISHAN SINGH LASPAL', '2005.05.01', 'no-image.jpg', 'M', 'INDIAN', 'PLAYING', 'Day Boarder', '8B', 2017, 'N', 'VVMIC MUNSYARI', '7', 'VILLAGE SAIPOLU', 'MUNSYARI', '262554', '1', 'UL', 'India', '', 'x', 'Through Internet', '123509', '0000-00-00 00:00:00', 'nitin', '2017-18'),
('2017041151', 'MANISH SINGH BORA', 'RAJENDRA SINGH', '2005.06.20', 'no-image.jpg', 'M', 'INDIAN', 'DRAWING', 'Day Boarder', '8B', 2017, 'N', 'VVMIC MUNSYARI', '7', 'VILLAGE CHETICHIMLA', 'MUNSYARI', '262554', '1', 'UL', 'India', '8057753515', 'x', 'Through Internet', '123510', '0000-00-00 00:00:00', 'nitin', '2017-18'),
('2017041152', 'MAYANK VERMA', 'RAMESH RAM', '2005.04.25', 'no-image.jpg', 'M', 'INDIAN', 'PLAYING', 'Day Boarder', '8B', 2017, 'N', 'VVMIC MUNSYARI', '7', 'VILLAGE TALLA DUMMAR', 'MUNSYARI', '262554', '1', 'UL', 'India', '9457566151', 'x', 'Through Internet', '123511', '0000-00-00 00:00:00', 'nitin', '2017-18'),
('2017041153', 'PANKAJ KUMAR', 'ANAND RAM', '2005.05.14', 'no-image.jpg', 'M', 'INDIAN', 'READING', 'Day Boarder', '8B', 2017, 'N', 'VVMIC MUNSYARI', '7', 'VILLAGE SAIPOLU', 'MUNSYARI', '262554', '1', 'UL', 'India', '9690846628', 'x', 'Through Internet', '123512', '0000-00-00 00:00:00', 'nitin', '2017-18'),
('2017041154', 'PRADEEP PANT', 'PRAKASH PANT', '2005.09.15', 'no-image.jpg', 'M', 'INDIAN', 'READING', 'Day Boarder', '8B', 2017, 'N', 'VVMIC MUNSYARI', '7', 'VILLAGE BERINAG', 'BERINAG', '262554', '1', 'UL', 'India', '9639124660', 'x', 'Through Internet', '123513', '0000-00-00 00:00:00', 'nitin', '2017-18'),
('2017041155', 'RAHUL BISHT', 'BALA SINGH BISHT', '2005.02.21', 'no-image.jpg', 'M', 'INDIAN', 'CRICKET', 'Day Boarder', '8B', 2017, 'N', 'VVMIC MUNSYARI', '7', 'VILLAGE SAIPOLU', 'MUNSYARI', '262554', '1', 'UL', 'India', '7464963540', 'x', 'Through Internet', '123514', '0000-00-00 00:00:00', 'nitin', '2017-18');
INSERT INTO `register_with_us` (`regid`, `FULLNAME`, `FATHER`, `DOB_`, `PHOTO_`, `GENDER`, `NATIONALITY`, `STUDENT_INTEREST`, `ADMISSION_FOR`, `CLASS_FOR_ADMISSION`, `APPLIED_YEAR`, `TRANSPORT_REQUIRED`, `LAST_SCHOOL_NAME`, `LAST_SCHOOL_GRADE`, `ADDRESS_`, `CITY_`, `PINCODE_`, `ZONE_`, `STATE_`, `COUNTRY_`, `MOBILE_`, `EMAIL_`, `KNOWN_SOURCE_`, `PASSWORD_`, `DOR_`, `USERNAME_`, `SESSIONID`) VALUES
('2017041156', 'RAHUL SINGH TOMKIYAL', 'BHADUR SINGH', '2004.03.08', 'no-image.jpg', 'M', 'INDIAN', 'PLAYING', 'Day Boarder', '8B', 2017, 'N', 'VVMIC MUNSYARI', '7', 'VILLAGE TOMIK', 'MUNSYARI', '262554', '1', 'UL', 'India', '8191958848', 'x', 'Through Internet', '123515', '0000-00-00 00:00:00', 'nitin', '2017-18'),
('2017041157', 'RAVI PALIWAL', 'BALWANT SINGH ', '2004.04.07', 'no-image.jpg', 'M', 'INDIAN', 'CYCLING', 'Day Boarder', '8B', 2017, 'N', 'VVMIC MUNSYARI', '7', 'VILLAGE PAINKUTI', 'MUNSYARI', '262501', '1', 'UL', 'India', '8958528083', 'x', 'Through Internet', '123516', '0000-00-00 00:00:00', 'nitin', '2017-18'),
('2017041158', 'SIDDHARTH PANDEY', 'RAMESH CHANDRA PANDEY', '2006.02.10', 'no-image.jpg', 'M', 'INDIAN', 'PLAYING', 'Day Boarder', '8B', 2017, 'N', 'VVMIC MUNSYARI', '7', 'VILLAGE SARMOLI', 'MUNSYARI', '262554', '1', 'UL', 'India', '8909139761', 'x', 'Through Internet', '123517', '0000-00-00 00:00:00', 'nitin', '2017-18'),
('2017041159', 'VIVEK FARSWAN', 'SHER SINGH FARSWAN', '2005.04.01', 'no-image.jpg', 'M', 'INDIAN', 'CRICKET', 'Day Boarder', '8B', 2017, 'N', 'VVMIC MUNSYARI', '7', 'VILLAGE MATENA', 'MUNSYARI', '262554', '1', 'UL', 'India', '', 'x', 'Through Internet', '123518', '0000-00-00 00:00:00', 'nitin', '2017-18'),
('2017041160', 'YOGESH JOSHI', 'JAGDISH CHANDRA JOSHI', '2005.03.08', 'no-image.jpg', 'M', 'INDIAN', 'CRICKET', 'Day Boarder', '8B', 2017, 'N', 'VVMIC MUNSYARI', '7', 'VILLAGE KHASIABARA', 'MUNSYARI', '262554', '1', 'UL', 'India', '9568205799', 'x', 'Through Internet', '123519', '0000-00-00 00:00:00', 'nitin', '2017-18'),
('2017041161', 'VIVEK MARTOLIYA', 'DEVENDRA SINGH ', '2003.02.10', 'no-image.jpg', 'M', 'INDIAN', 'PLAYING', 'Day Boarder', '8B', 2017, 'N', 'VVMIC MUNSYARI', '7', 'VILLAGE SURING', 'MUNSYARI', '262554', '1', 'UL', 'India', '8941948229', 'x', 'Through Internet', '123520', '0000-00-00 00:00:00', 'nitin', '2017-18'),
('2017041162', 'MANISH SINGH BHAKUNI', 'JAGAT SINGH', '2005.10.22', 'no-image.jpg', 'M', 'INDIAN', 'DRAWING', 'Day Boarder', '8B', 2017, 'N', 'VVMIC MUNSYARI', '7', 'VILLAGE KHASIABARA', 'MUNSYARI', '262554', '1', 'UL', 'India', '8057672091', 'x', 'Through Internet', '123521', '0000-00-00 00:00:00', 'nitin', '2017-18'),
('2017041163', 'LOVERAJ PANWAR', 'RAJENDRA SINGH PANWAR', '2005.01.05', 'no-image.jpg', 'M', 'INDIAN', 'READING', 'Day Boarder', '8B', 2017, 'N', 'VVMIC MUNSYARI', '7', 'VILLAGE SAMKOTE', 'MUNSYARI', '262554', '1', 'UL', 'India', '9837552549', 'x', 'Through Internet', '123522', '0000-00-00 00:00:00', 'nitin', '2017-18'),
('2017041164', 'BHAWANA DHAPWAL', 'LAXMAN SINGH ', '2004.03.10', 'no-image.jpg', 'F', 'INDIAN', 'READING,PLAYING', 'Day Boarder', '9A', 2017, 'N', 'VVMIC MUNSYARI', '8', 'VILLAGE LEELAM', 'MUNSYARI', '262554', '1', 'UL', 'India', '8449362276', 'x', 'Through Internet', '123522', '0000-00-00 00:00:00', 'nitin', '2017-18'),
('2017041165', 'DIYA RANA', 'CHANDRA SINGH ', '2005.09.22', 'no-image.jpg', 'F', 'INDIAN', 'READING,PLAYING', 'Day Boarder', '9A', 2017, 'N', 'VVMIC MUNSYARI', '8', 'VILLAGE BUNGA', 'MUNSYARI', '262554', '1', 'UL', 'India', '8958782599', 'x', 'Through Internet', '123522', '0000-00-00 00:00:00', 'nitin', '2017-18'),
('2017041166', 'DIKSHA TOLIA', 'NANDAN SINGH TOLIA', '2004.04.10', 'no-image.jpg', 'F', 'INDIAN', 'READING', 'Day Boarder', '9A', 2017, 'N', 'VVMIC MUNSYARI', '8', 'VILLAGE DHEELAM', 'MUNSYARI', '262554', '1', 'UL', 'India', '8958527873', 'x', 'Through Internet', '123522', '0000-00-00 00:00:00', 'nitin', '2017-18'),
('2017041167', 'ISHWARI ARYA', 'DIGAR RAM', '2003.09.21', 'no-image.jpg', 'F', 'INDIAN', 'READING,PLAYING', 'Day Boarder', '9A', 2017, 'N', 'VVMIC MUNSYARI', '8', 'VILLAGE TANGA', 'MUNSYARI', '262554', '1', 'UL', 'India', '', 'x', 'Through Internet', '123522', '0000-00-00 00:00:00', 'nitin', '2017-18'),
('2017041168', 'POOJA PANDA', 'JAGAT SINGH ', '2005.10.11', 'no-image.jpg', 'F', 'INDIAN', 'READING,PLAYING', 'Day Boarder', '9A', 2017, 'N', 'VVMIC MUNSYARI', '8', 'VILLAGE TALLA GHORPATTA', 'MUNSYARI', '262554', '1', 'UL', 'India', '9639401968', 'x', 'Through Internet', '123522', '0000-00-00 00:00:00', 'nitin', '2017-18'),
('2017041169', 'RITU NIKHURPA', 'HARENDRA SINGH', '2003.07.08', 'no-image.jpg', 'F', 'INDIAN', 'READING', 'Day Boarder', '9A', 2017, 'N', 'VVMIC MUNSYARI', '8', 'VILLAGE NANASEM', 'MUNSYARI', '262554', '1', 'UL', 'India', '7247837720', 'x', 'Through Internet', '123522', '0000-00-00 00:00:00', 'nitin', '2017-18'),
('2017041170', 'SWETA NIKHURPA', 'MANHOR SINGH', '2004.06.02', 'no-image.jpg', 'F', 'INDIAN', 'SINGING', 'Day Boarder', '9A', 2017, 'N', 'VVMIC MUNSYARI', '8', 'VILLAGE NANASEM', 'MUNSYARI', '262554', '1', 'UL', 'India', '9568794490', 'x', 'Through Internet', '123522', '0000-00-00 00:00:00', 'nitin', '2017-18'),
('2017041171', 'SUNITA PANCHPAL', 'BALWANT SINGH', '2004.08.02', 'no-image.jpg', 'F', 'INDIAN', 'READING', 'Day Boarder', '9A', 2017, 'N', 'VVMIC MUNSYARI', '8', 'VILLAGE BONA', 'MUNSYARI', '262554', '1', 'UL', 'India', '8193048522', 'x', 'Through Internet', '123522', '0000-00-00 00:00:00', 'nitin', '2017-18'),
('2017041172', 'TRIPTI BISHT', 'DEVENDRA SINGH', '2005.04.08', 'no-image.jpg', 'F', 'INDIAN', 'READING', 'Day Boarder', '9A', 2017, 'N', 'VVMIC MUNSYARI', '8', 'VILLAGE SEVILA', 'MUNSYARI', '262554', '1', 'UL', 'India', '7248089837', 'x', 'Through Internet', '123522', '0000-00-00 00:00:00', 'nitin', '2017-18'),
('2017041173', 'TANUJA NEGI', 'HARISH SINGH', '2004.03.25', 'no-image.jpg', 'F', 'INDIAN', 'READING', 'Day Boarder', '9A', 2017, 'N', 'VVMIC MUNSYARI', '8', 'VILLAGE SERA', 'MUNSYARI', '262554', '1', 'UL', 'India', '8449779209', 'x', 'Through Internet', '123522', '0000-00-00 00:00:00', 'nitin', '2017-18'),
('2017041174', 'AJAY DWIVEDI ', 'ANAND KISHORE', '2004.04.05', 'no-image.jpg', 'M', 'INDIAN', 'READING', 'Day Boarder', '9A', 2017, 'N', 'VVMIC MUNSYARI', '8', 'VILLAGE SEVILA', 'MUNSYARI', '262554', '1', 'UL', 'India', '7599003964', 'x', 'Through Internet', '123522', '0000-00-00 00:00:00', 'nitin', '2017-18'),
('2017041175', 'BHUPENDRA DHAMI', 'PURAN SINGH', '2003.08.18', 'no-image.jpg', 'M', 'INDIAN', 'PLAYING', 'Day Boarder', '9A', 2017, 'N', 'VVMIC MUNSYARI', '8', 'VILLAGE TALLA GHORPATTA', 'MUNSYARI', '262554', '1', 'UL', 'India', '8958341037', 'x', 'Through Internet', '123522', '0000-00-00 00:00:00', 'nitin', '2017-18'),
('2017041176', 'BHUPENDRA SINGH JAIMYAL', 'BALAK SINGH ', '2004.04.01', 'no-image.jpg', 'M', 'INDIAN', 'READING', 'Day Boarder', '9A', 2017, 'N', 'VVMIC MUNSYARI', '8', 'VILLAGE NAMIK', 'MUNSYARI', '262554', '1', 'UL', 'India', '8958267961', 'x', 'Through Internet', '123522', '0000-00-00 00:00:00', 'nitin', '2017-18'),
('2017041177', 'BHUPENDRA MEHTA', 'LALIT SINGH ', '2004.03.12', 'no-image.jpg', 'M', 'INDIAN', 'READING', 'Day Boarder', '9A', 2017, 'N', 'VVMIC MUNSYARI', '8', 'VILLAGE FALYATI', 'MUNSYARI', '262554', '1', 'UL', 'India', '8958173422', 'x', 'Through Internet', '123522', '0000-00-00 00:00:00', 'nitin', '2017-18'),
('2017041178', 'CHANDRABHANU', 'LAXMAN SINGH ', '2004.05.04', 'no-image.jpg', 'M', 'INDIAN', 'PLAYING', 'Day Boarder', '9A', 2017, 'N', 'VVMIC MUNSYARI', '8', 'VILLAGE GINI', 'MUNSYARI', '262554', '1', 'UL', 'India', '9690910764', 'x', 'Through Internet', '123522', '0000-00-00 00:00:00', 'nitin', '2017-18'),
('2017041179', 'DIVYANSHU TOMKIYAL', 'PADAM SINGH', '2004.05.10', 'no-image.jpg', 'M', 'INDIAN', 'READING,PLAYING', 'Day Boarder', '9A', 2017, 'N', 'VVMIC MUNSYARI', '8', 'VILLAGE GOLFA', 'MUNSYARI', '262554', '1', 'UL', 'India', '8057731737', 'x', 'Through Internet', '123522', '0000-00-00 00:00:00', 'nitin', '2017-18'),
('2017041180', 'GOVIND TOLIA', 'GOP SINGH', '2004.03.16', 'no-image.jpg', 'M', 'INDIAN', 'PLAYING', 'Day Boarder', '9A', 2017, 'N', 'VVMIC MUNSYARI', '8', 'VILLAGE PATO', 'MUNSYARI', '262554', '1', 'UL', 'India', '9917233678', 'x', 'Through Internet', '123522', '0000-00-00 00:00:00', 'nitin', '2017-18'),
('2017041181', 'HEMRAJ SINGH ', 'DHAM SINGH ', '2004.03.08', 'no-image.jpg', 'M', 'INDIAN', 'READING', 'Day Boarder', '9A', 2017, 'N', 'VVMIC MUNSYARI', '8', 'VILLAGE CHETI', 'MUNSYARI', '262554', '1', 'UL', 'India', '7351845214', 'x', 'Through Internet', '123522', '0000-00-00 00:00:00', 'nitin', '2017-18'),
('2017041182', 'JITENDRA KUMAR', 'KISHAN RAM', '2004.03.10', 'no-image.jpg', 'M', 'INDIAN', 'PLAYING', 'Day Boarder', '9A', 2017, 'N', 'VVMIC MUNSYARI', '8', 'VILLAGE SAIPOLU', 'MUNSYARI', '262554', '1', 'UL', 'India', '9756356838', 'x', 'Through Internet', '123522', '0000-00-00 00:00:00', 'nitin', '2017-18'),
('2017041183', 'JEEVAN SINGH', 'LAXMAN SINGH ', '2004.03.15', 'no-image.jpg', 'M', 'INDIAN', 'READING', 'Day Boarder', '9A', 2017, 'N', 'VVMIC MUNSYARI', '8', 'VILLAGE DHAMIKURA', 'MUNSYARI', '262554', '1', 'UL', 'India', '7535828499', 'x', 'Through Internet', '123522', '0000-00-00 00:00:00', 'nitin', '2017-18'),
('2017041184', 'JEEVAN TOLIA', 'DEVENDRA SINGH', '2004.03.15', 'no-image.jpg', 'M', 'INDIAN', 'PLAYING', 'Day Boarder', '9A', 2017, 'N', 'VVMIC MUNSYARI', '8', 'VILLAGE PATO', 'MUNSYARI', '262554', '1', 'UL', 'India', '9568863057', 'x', 'Through Internet', '123522', '0000-00-00 00:00:00', 'nitin', '2017-18'),
('2017041185', 'KARAN RAWAT', 'CHANCHAL RAWAT', '2004.05.11', 'no-image.jpg', 'M', 'INDIAN', 'PLAYING', 'Day Boarder', '9A', 2017, 'N', 'VVMIC MUNSYARI', '8', 'VILLAGE BADANI', 'MUNSYARI', '262554', '1', 'UL', 'India', '7248195931', 'x', 'Through Internet', '123522', '0000-00-00 00:00:00', 'nitin', '2017-18'),
('2017041186', 'NEERAJ PANA', 'KISHAN PANA', '2004.03.02', 'no-image.jpg', 'M', 'INDIAN', 'READING', 'Day Boarder', '9A', 2017, 'N', 'VVMIC MUNSYARI', '8', 'VILLAGE NANASEM', 'MUNSYARI', '262554', '1', 'UL', 'India', '8958687542', 'x', 'Through Internet', '123522', '0000-00-00 00:00:00', 'nitin', '2017-18'),
('2017041187', 'RAHUL KORANGA', 'MAHENDRA KORANGA', '2004.03.02', 'no-image.jpg', 'M', 'INDIAN', 'PLAYING', 'Day Boarder', '9A', 2017, 'N', 'VVMIC MUNSYARI', '8', 'VILLAGE BUNGA', 'MUNSYARI', '262554', '1', 'UL', 'India', '7088725374', 'x', 'Through Internet', '123522', '0000-00-00 00:00:00', 'nitin', '2017-18'),
('2017041188', 'YOGESH KUMAR', 'GANGA RAM', '2004.04.18', 'no-image.jpg', 'M', 'INDIAN', 'PLAYING', 'Day Boarder', '9A', 2017, 'N', 'VVMIC MUNSYARI', '8', 'VILLAGE SELA', 'MUNSYARI', '262554', '1', 'UL', 'India', '9639123172', 'x', 'Through Internet', '123522', '0000-00-00 00:00:00', 'nitin', '2017-18'),
('2017041189', 'VIKRAM PANWAR', 'GOVIND SINGH', '2004.03.02', 'no-image.jpg', 'M', 'INDIAN', 'READING', 'Day Boarder', '9A', 2017, 'N', 'VVMIC MUNSYARI', '8', 'VILLAGE KOTA', 'MUNSYARI', '262554', '1', 'UL', 'India', '9756456762', 'x', 'Through Internet', '123522', '0000-00-00 00:00:00', 'nitin', '2017-18'),
('2017041190', 'GAURAV JIGYASU', 'GHISIYAWAN PRASAD', '2007.08.21', 'no-image.jpg', 'M', 'INDIAN', 'PLAYING', 'Day Boarder', '9A', 2017, 'N', 'VVMIC MUNSYARI', '8', 'VILLAGE CHAKDAH', 'U.P.', '262554', '1', 'UL', 'India', '7500034977', 'x', 'Through Internet', '123522', '0000-00-00 00:00:00', 'nitin', '2017-18'),
('2017041191', 'ANJALI ARYA', 'MAHIMAN RAM', '2004.05.03', 'no-image.jpg', 'F', 'INDIAN', 'READING', 'Day Boarder', '9A', 2017, 'N', 'M.P.S.MUNSYARI', '8', 'VILLAGE MATENA', 'MUNSYARI', '262554', '1', 'UL', 'India', '7351639619', 'x', 'Through Internet', '123522', '0000-00-00 00:00:00', 'nitin', '2017-18'),
('2017041192', 'YOGITA RAWAT', 'GOKARAN SINGH', '2003.09.25', 'no-image.jpg', 'F', 'INDIAN', 'PLAYING', 'Day Boarder', '9A', 2017, 'N', 'M.P.S.MUNSYARI', '8', 'VILLAGE JAINTI', 'MUNSYARI', '262554', '1', 'UL', 'India', '9639675207', 'x', 'Through Internet', '123522', '0000-00-00 00:00:00', 'nitin', '2017-18'),
('2017041193', 'GAURAV SINGH', 'TILAK RAJ', '2004.02.13', 'no-image.jpg', 'M', 'INDIAN', 'READING', 'Day Boarder', '9A', 2017, 'N', 'M.P.S.MUNSYARI', '8', 'VILLAGE NANASEM', 'MUNSYARI', '262554', '1', 'UL', 'India', '8477052517', 'x', 'Through Internet', '123522', '0000-00-00 00:00:00', 'nitin', '2017-18'),
('2017041194', 'JITENDRA ', 'DEV RAM', '2004.03.08', 'no-image.jpg', 'M', 'INDIAN', 'READING', 'Day Boarder', '9A', 2017, 'N', 'M.P.S.MUNSYARI', '8', 'VILLAGE PAPARI', 'MUNSYARI', '262554', '1', 'UL', 'India', '8859851852', 'x', 'Through Internet', '123522', '0000-00-00 00:00:00', 'nitin', '2017-18'),
('2017041195', 'NAVNEET DHARMSAKTU', 'GANESH SINGH', '2002.05.13', 'no-image.jpg', 'M', 'INDIAN', 'READING,PLAYING', 'Day Boarder', '9A', 2017, 'N', 'M.P.S.MUNSYARI', '8', 'VILLAGE BUNGA', 'MUNSYARI', '262554', '1', 'UL', 'India', '7248205113', 'x', 'Through Internet', '123522', '0000-00-00 00:00:00', 'nitin', '2017-18'),
('2017041196', 'AJAY RAWAT', 'KUNDAN SINGH', '2003.01.09', 'no-image.jpg', 'M', 'INDIAN', 'READING', 'Day Boarder', '9A', 2017, 'N', 'MISSION SCHOOL', '8', 'VILLAGE BALOTA', 'MUNSYARI', '262554', '1', 'UL', 'India', '9917191043', 'x', 'Through Internet', '123522', '0000-00-00 00:00:00', 'nitin', '2017-18'),
('2017041197', 'AYUSHI NITWAL', 'BHUPENDRA SINGH', '2004.03.25', 'no-image.jpg', 'F', 'INDIAN', 'READING,PLAYING', 'Day Boarder', '9A', 2017, 'N', 'M.P.S.MUNSYARI', '8', 'VILLAGE BUNGA', 'MUNSYARI', '262554', '1', 'UL', 'India', '8941924647', 'x', 'Through Internet', '123522', '0000-00-00 00:00:00', 'nitin', '2017-18'),
('2017041198', 'JAYA PANGTEY', 'NARENDRA SINGH ', '2003.06.02', 'no-image.jpg', 'F', 'INDIAN', 'READING', 'Day Boarder', '9A', 2017, 'N', 'M.P.S.MUNSYARI', '8', 'VILLAGE DHAMIKURA', 'MUNSYARI', '262554', '1', 'UL', 'India', '7351521096', 'x', 'Through Internet', '123522', '0000-00-00 00:00:00', 'nitin', '2017-18'),
('2017041199', 'GANESH SINGH', 'HEERA SINGH', '2004.04.10', 'no-image.jpg', 'M', 'INDIAN', 'READING', 'Day Boarder', '9A', 2017, 'N', 'M.P.S.MUNSYARI', '8', 'VILLAGE SAIPOLU', 'MUNSYARI', '262554', '1', 'UL', 'India', '7500827761', 'x', 'Through Internet', '123522', '0000-00-00 00:00:00', 'nitin', '2017-18'),
('2017041200', 'DIKSHA SORAGI', 'PURAN SINGH', '2004.02.21', 'no-image.jpg', 'F', 'INDIAN', 'READING', 'Day Boarder', '9A', 2017, 'N', 'M.P.S.MUNSYARI', '8', 'VILLAGE SENAR', 'MUNSYARI', '262554', '1', 'UL', 'India', '9837603049', 'x', 'Through Internet', '123522', '0000-00-00 00:00:00', 'nitin', '2017-18'),
('2017041201', 'POOJA VERMA', 'NAVEEN LAL', '2004.02.01', 'no-image.jpg', 'F', 'INDIAN', 'READING', 'Day Boarder', '9A', 2017, 'N', 'G.G.H.S. DARKOTE', '8', 'VILLAGE SHISKHAN', 'BAGESWAR', '262554', '1', 'UL', 'India', '9012808612', 'x', 'Through Internet', '123522', '0000-00-00 00:00:00', 'nitin', '2017-18'),
('2017041202', 'ANJALI KORANGA', 'SUNDER SINGH KORANGA', '2001.05.12', 'no-image.jpg', 'F', 'INDIAN', 'DANCING', 'Day Boarder', '12B', 2017, 'N', 'VVMIC MUNSYARI', '11', 'VILLAGE SAIPOLU', 'MUNSYARI', '262554', '1', 'UL', 'India', '9411337469', 'x', 'Through Internet', '123522', '0000-00-00 00:00:00', 'nitin', '2017-18'),
('2017041203', 'BABITA NIKHURPA', 'HARENDRA SINGH', '1999.09.27', 'no-image.jpg', 'F', 'INDIAN', 'SINGING', 'Day Boarder', '12B', 2017, 'N', 'VVMIC MUNSYARI', '11', 'VILLAGE NANASEM', 'MUNSYARI', '262554', '1', 'UL', 'India', '7247837720', 'x', 'Through Internet', '123522', '0000-00-00 00:00:00', 'nitin', '2017-18'),
('2017041204', 'DIVYA SAYAL', 'SHANKAR SINGH SAYALA', '2001.05.02', 'no-image.jpg', 'F', 'INDIAN', 'SINGING', 'Day Boarder', '12B', 2017, 'N', 'VVMIC MUNSYARI', '11', 'VILLAGE PAINKUTI', 'MUNSYARI', '262554', '1', 'UL', 'India', '9410591722', 'x', 'Through Internet', '123522', '0000-00-00 00:00:00', 'nitin', '2017-18'),
('2017041205', 'HEMA JOSHI', 'RADHESHYAM JOSHI', '2000.07.25', 'no-image.jpg', 'F', 'INDIAN', 'DANCING', 'Day Boarder', '12B', 2017, 'N', 'VVMIC MUNSYARI', '11', 'VILLAGE DHURATOLI', 'MUNSYARI', '262554', '1', 'UL', 'India', '9411015129', 'x', 'Through Internet', '123522', '0000-00-00 00:00:00', 'nitin', '2017-18'),
('2017041206', 'KANCHAN GOSWAMI', 'DEVENDRA GOSWAMI', '2000.01.15', 'no-image.jpg', 'F', 'INDIAN', 'SINGING', 'Day Boarder', '12B', 2017, 'N', 'VVMIC MUNSYARI', '11', 'VILLAGE BUNGA', 'MUNSYARI', '262554', '1', 'UL', 'India', '7088165195', 'x', 'Through Internet', '123522', '0000-00-00 00:00:00', 'nitin', '2017-18'),
('2017041207', 'KANCHANA RILKOTIA', 'NARAYAN SINGH RILKOTIA', '1999.08.12', 'no-image.jpg', 'F', 'INDIAN', 'SINGING', 'Day Boarder', '12B', 2017, 'N', 'VVMIC MUNSYARI', '11', 'VILLAGE NANASEM', 'MUNSYARI', '262554', '1', 'UL', 'India', '9012699679', 'x', 'Through Internet', '123522', '0000-00-00 00:00:00', 'nitin', '2017-18'),
('2017041208', 'KAVITA PINDIYAL', 'NARENDRA SINGH', '1999.08.12', 'no-image.jpg', 'F', 'INDIAN', 'SINGING', 'Day Boarder', '12B', 2017, 'N', 'VVMIC MUNSYARI', '11', 'VILLAGE SARMOLI ', 'MUNSYARI', '262554', '1', 'UL', 'India', '7599004852', 'x', 'Through Internet', '123522', '0000-00-00 00:00:00', 'nitin', '2017-18'),
('2017041209', 'KHEELA NEGI', 'LALIT SINGH NEGI', '2000.05.04', 'no-image.jpg', 'F', 'INDIAN', 'DANCING', 'Day Boarder', '12B', 2017, 'N', 'VVMIC MUNSYARI', '11', 'VILLAGE SERAGHAT', 'MUNSYARI', '262554', '1', 'UL', 'India', '9756332197', 'x', 'Through Internet', '123522', '0000-00-00 00:00:00', 'nitin', '2017-18'),
('2017041210', 'MAMTA CHIRAL', 'SHIV SINGH CHIRAL', '2001.04.01', 'no-image.jpg', 'F', 'INDIAN', 'SINGING', 'Day Boarder', '12B', 2017, 'N', 'VVMIC MUNSYARI', '11', 'VILLAGE CHAUNA', 'MUNSYARI', '262554', '1', 'UL', 'India', '8057741225', 'x', 'Through Internet', '123522', '0000-00-00 00:00:00', 'nitin', '2017-18'),
('2017041211', 'MAMTA DANU', 'HARISH SINGH DANU', '1999.11.01', 'no-image.jpg', 'F', 'INDIAN', 'DANCING', 'Day Boarder', '12B', 2017, 'N', 'VVMIC MUNSYARI', '11', 'VILLAGE MALON', 'MUNSYARI', '262555', '1', 'UL', 'India', '7500648481', 'x', 'Through Internet', '123522', '0000-00-00 00:00:00', 'nitin', '2017-18'),
('2017041212', 'MAYA MARTOLIYA', 'RAM SINGH MARTOLIYA', '2000.06.15', 'no-image.jpg', 'F', 'INDIAN', 'DRAWING', 'Day Boarder', '12B', 2017, 'N', 'VVMIC MUNSYARI', '11', 'VILLAGE SURING', 'MUNSYARI', '262554', '1', 'UL', 'India', '9456510111', 'x', 'Through Internet', '123522', '0000-00-00 00:00:00', 'nitin', '2017-18'),
('2017041213', 'MANSHI PANGTEY', 'LAXMAN SINGH PANGTEY', '2001.12.27', 'no-image.jpg', 'F', 'INDIAN', 'PLAYING', 'Day Boarder', '12B', 2017, 'N', 'VVMIC MUNSYARI', '11', 'VILLAGE BUNGA', 'MUNSYARI', '262554', '1', 'UL', 'India', '9568731402', 'x', 'Through Internet', '123522', '0000-00-00 00:00:00', 'nitin', '2017-18'),
('2017041214', 'NEETU SEMIA', 'BAHADUR SINGH SEMIA', '2000.12.23', 'no-image.jpg', 'F', 'INDIAN', 'DANCING', 'Day Boarder', '12B', 2017, 'N', 'VVMIC MUNSYARI', '11', 'VILLAGE HARKOTE ', 'MUNSYARI', '262554', '1', 'UL', 'India', '9012623825', 'x', 'Through Internet', '123522', '0000-00-00 00:00:00', 'nitin', '2017-18'),
('2017041215', 'PRIYANKA TRIPATHI', 'MAHESH CHANDRA TRIPATHI', '2000.03.11', 'no-image.jpg', 'F', 'INDIAN', 'DANCING', 'Day Boarder', '12B', 2017, 'N', 'VVMIC MUNSYARI', '11', 'VILLAGE SEVILA', 'MUNSYARI', '262554', '1', 'UL', 'India', '8979783614', 'x', 'Through Internet', '123522', '0000-00-00 00:00:00', 'nitin', '2017-18'),
('2017041216', 'RASHI SUMTYAL', 'BAHADUR SINGH SUMTYAL', '2001.07.05', 'no-image.jpg', 'F', 'INDIAN', 'SINGING', 'Day Boarder', '12B', 2017, 'N', 'VVMIC MUNSYARI', '11', 'VILLAGE NANASEM', 'MUNSYARI', '262554', '1', 'UL', 'India', '8057992246', 'x', 'Through Internet', '123522', '0000-00-00 00:00:00', 'nitin', '2017-18'),
('2017041217', 'RAVEENA MARTOLIYA', 'DAYAN SINGH MARTOLIYA', '2001.06.28', 'no-image.jpg', 'F', 'INDIAN', 'DRAWING', 'Day Boarder', '12B', 2017, 'N', 'VVMIC MUNSYARI', '11', 'VILLAGE BALA', 'MUNSYARI', '262554', '1', 'UL', 'India', '9457985951', 'x', 'Through Internet', '123522', '0000-00-00 00:00:00', 'nitin', '2017-18'),
('2017041218', 'RITU RAWAT', 'NARAYAN SINGH RAWAT', '1999.12.06', 'no-image.jpg', 'F', 'INDIAN', 'DANCING', 'Day Boarder', '12B', 2017, 'N', 'VVMIC MUNSYARI', '11', 'VILLAGE FAPA', 'MUNSYARI', '262554', '1', 'UL', 'India', '8958320310', 'x', 'Through Internet', '123522', '0000-00-00 00:00:00', 'nitin', '2017-18'),
('2017041219', 'SANGEETA KOSHYARI', 'DURGA SINGH KOSHYARI', '2000.10.27', 'no-image.jpg', 'F', 'INDIAN', 'PLAYING', 'Day Boarder', '12B', 2017, 'N', 'VVMIC MUNSYARI', '11', 'VILLAGE UCHHAITI', 'MUNSYARI', '262554', '1', 'UL', 'India', '9756615793', 'x', 'Through Internet', '123522', '0000-00-00 00:00:00', 'nitin', '2017-18'),
('2017041220', 'BHUPENDRA KUNWAR', 'KUWAR SINGH KUNWAR', '1998.12.27', 'no-image.jpg', 'M', 'INDIAN', 'PLAYING', 'Day Boarder', '12B', 2017, 'N', 'VVMIC MUNSYARI', '11', 'VILLAGE FAPA', 'MUNSYARI', '262554', '1', 'UL', 'India', '9690910896', 'x', 'Through Internet', '123522', '0000-00-00 00:00:00', 'nitin', '2017-18'),
('2017041221', 'DEEPAK SINGH BURFAL', 'MOHAN SINGH BURFAL', '2000.12.01', 'no-image.jpg', 'M', 'INDIAN', 'PLAYING', 'Day Boarder', '12B', 2017, 'N', 'VVMIC MUNSYARI', '11', 'VILLAGE MALLA GHORPATTA', 'MUNSYARI', '262554', '1', 'UL', 'India', '7248590295', 'x', 'Through Internet', '123522', '0000-00-00 00:00:00', 'nitin', '2017-18'),
('2017041222', 'DEEPAK SINGH LASPAL', 'LAL SINGH ', '2001.06.28', 'no-image.jpg', 'M', 'INDIAN', 'PLAYING', 'Day Boarder', '12B', 2017, 'N', 'VVMIC MUNSYARI', '11', 'VILLAGE DHAPA', 'MUNSYARI', '262554', '1', 'UL', 'India', '8941070361', 'x', 'Through Internet', '123522', '0000-00-00 00:00:00', 'nitin', '2017-18'),
('2017041223', 'DEEPAK SINGH MARTOLIYA', 'LAXMAN SINGH MARTOLIYA', '2001.02.09', 'no-image.jpg', 'M', 'INDIAN', 'COOKING', 'Day Boarder', '12B', 2017, 'N', 'VVMIC MUNSYARI', '11', 'VILLAGE QUIRIJIMIYA', 'MUNSYARI', '262554', '1', 'UL', 'India', '7500405571', 'x', 'Through Internet', '123522', '0000-00-00 00:00:00', 'nitin', '2017-18'),
('2017041224', 'DEEPAKANJ RAWAT', 'BHUPAL SINGH RAWAT', '2001.08.19', 'no-image.jpg', 'M', 'INDIAN', 'PLAYING', 'Day Boarder', '12B', 2017, 'N', 'VVMIC MUNSYARI', '11', 'VILLAGE QUIRIJIMIYA', 'MUNSYARI', '262554', '1', 'UL', 'India', '9808964249', 'x', 'Through Internet', '123522', '0000-00-00 00:00:00', 'nitin', '2017-18'),
('2017041225', 'DINESH SINGH BISHT', 'MAHENDRA SINGH BISHT', '2001.04.15', 'no-image.jpg', 'M', 'INDIAN', 'PLAYING', 'Day Boarder', '12B', 2017, 'N', 'VVMIC MUNSYARI', '11', 'VILLAGE SAIPOLU', 'MUNSYARI', '262554', '1', 'UL', 'India', '7247898728', 'x', 'Through Internet', '123522', '0000-00-00 00:00:00', 'nitin', '2017-18'),
('2017041226', 'GOPAL BHATT', 'KISHAN BHATT', '1999.08.27', 'no-image.jpg', 'M', 'INDIAN', 'READING,PLAYING', 'Day Boarder', '12B', 2017, 'N', 'VVMIC MUNSYARI', '11', 'VILLAGE BUNGA', 'MUNSYARI', '262554', '1', 'UL', 'India', '8477048096', 'x', 'Through Internet', '123522', '0000-00-00 00:00:00', 'nitin', '2017-18'),
('2017041227', 'GAURAV DARIYAL', 'SHAYAM SINGH DARIYAL', '2000.06.01', 'no-image.jpg', 'M', 'INDIAN', 'PLAYING', 'Day Boarder', '12B', 2017, 'N', 'VVMIC MUNSYARI', '11', 'VILLAGE PATO', 'MUNSYARI', '262554', '1', 'UL', 'India', '8449920948', 'x', 'Through Internet', '123522', '0000-00-00 00:00:00', 'nitin', '2017-18'),
('2017041228', 'GAURAV PANGTEY', 'INDRA SINGH PANGTEY', '1998.12.29', 'no-image.jpg', 'M', 'INDIAN', 'PLAYING', 'Day Boarder', '12B', 2017, 'N', 'VVMIC MUNSYARI', '11', 'VILLAGE SENAR', 'MUNSYARI', '262554', '1', 'UL', 'India', '9411715295', 'x', 'Through Internet', '123522', '0000-00-00 00:00:00', 'nitin', '2017-18'),
('2017041229', 'HIMANSHU DARIYAL', 'NARAYAN SINGH', '2000.06.01', 'no-image.jpg', 'M', 'INDIAN', 'PLAYING', 'Day Boarder', '12B', 2017, 'N', 'VVMIC MUNSYARI', '11', 'VILLAGE PATO', 'MUNSYARI', '262554', '1', 'UL', 'India', '9927450352', 'x', 'Through Internet', '123522', '0000-00-00 00:00:00', 'nitin', '2017-18'),
('2017041230', 'HIMANSHU MARTOLIYA', 'HEERA SINGH MARTOLIYA', '2000.07.02', 'no-image.jpg', 'M', 'INDIAN', 'PLAYING', 'Day Boarder', '12B', 2017, 'N', 'VVMIC MUNSYARI', '11', 'VILLAGE QUIRIJIMIYA', 'MUNSYARI', '262554', '1', 'UL', 'India', '8449012121', 'x', 'Through Internet', '123522', '0000-00-00 00:00:00', 'nitin', '2017-18'),
('2017041231', 'HIMANSHU SINGH PANGTEY', 'LAXMAN SINGH PANGTEY', '2000.07.05', 'no-image.jpg', 'M', 'INDIAN', 'PLAYING', 'Day Boarder', '12B', 2017, 'N', 'VVMIC MUNSYARI', '11', 'VILLAGE BUNGA', 'MUNSYARI', '262554', '1', 'UL', 'India', '7464963839', 'x', 'Through Internet', '123522', '0000-00-00 00:00:00', 'nitin', '2017-18'),
('2017041232', 'HIMANSHU VERMA', 'BHUWAN LAL VERMA', '2000.06.06', 'no-image.jpg', 'M', 'INDIAN', 'PLAYING', 'Day Boarder', '12B', 2017, 'N', 'VVMIC MUNSYARI', '11', 'VILLAGE PAPDEV', 'PITHORAGARH', '262501', '1', 'UL', 'India', '9012714616', 'x', 'Through Internet', '123522', '0000-00-00 00:00:00', 'nitin', '2017-18'),
('2017041233', 'HIMANSHU KUMAR', 'DEVENDRA KUMAR', '2001.04.01', 'no-image.jpg', 'M', 'INDIAN', 'PLAYING', 'Day Boarder', '12B', 2017, 'N', 'VVMIC MUNSYARI', '11', 'VILLAGE DAKHIM', 'MUNSYARI', '262555', '1', 'UL', 'India', '9808170791', 'x', 'Through Internet', '123522', '0000-00-00 00:00:00', 'nitin', '2017-18'),
('2017041234', 'ISHWAR DHAPWAL', 'BHUPAL SINGH DHAPWAL', '2001.06.01', 'no-image.jpg', 'M', 'INDIAN', 'SINGING', 'Day Boarder', '12B', 2017, 'N', 'VVMIC MUNSYARI', '11', 'VILLAGE NAYABASTI', 'DIDIHAT', '262551', '1', 'UL', 'India', '9837664273', 'x', 'Through Internet', '123522', '0000-00-00 00:00:00', 'nitin', '2017-18'),
('2017041235', 'ISHWAR SINGH PANCHPAL', 'NETRA SINGH PANCHPAL', '2001.03.26', 'no-image.jpg', 'M', 'INDIAN', 'READING,PLAYING', 'Day Boarder', '12B', 2017, 'N', 'VVMIC MUNSYARI', '11', 'VILLAGE BONA', 'MUNSYARI', '262554', '1', 'UL', 'India', '9917174052', 'x', 'Through Internet', '123522', '0000-00-00 00:00:00', 'nitin', '2017-18'),
('2017041236', 'JITENDRA SINGH BURFAL', 'DURGESH SINGH BURFAL', '2000.04.18', 'no-image.jpg', 'M', 'INDIAN', 'PLAYING', 'Day Boarder', '12B', 2017, 'N', 'VVMIC MUNSYARI', '11', 'VILLAGE DARATI', 'MUNSYARI', '262554', '1', 'UL', 'India', '7536885191', 'x', 'Through Internet', '123522', '0000-00-00 00:00:00', 'nitin', '2017-18'),
('2017041237', 'JITENDRA SINGH DHAMI ', 'MAHENDRA SINGH DHAMI', '2001.05.03', 'no-image.jpg', 'M', 'INDIAN', 'PLAYING', 'Day Boarder', '12B', 2017, 'N', 'VVMIC MUNSYARI', '11', 'VILLAGE ALAM', 'MUNSYARI', '262554', '1', 'UL', 'India', '7351030754', 'x', 'Through Internet', '123522', '0000-00-00 00:00:00', 'nitin', '2017-18'),
('2017041238', 'KARTIKAY SINGH PANGTEY', 'MANOJ SINGH PANGTEY', '2001.07.02', 'no-image.jpg', 'M', 'INDIAN', 'PLAYING', 'Day Boarder', '12B', 2017, 'N', 'VVMIC MUNSYARI', '11', 'VILLAGE BUNGA', 'MUNSYARI', '262554', '1', 'UL', 'India', '9411579900', 'x', 'Through Internet', '123522', '0000-00-00 00:00:00', 'nitin', '2017-18'),
('2017041239', 'LAXMAN SINGH PAPRA', 'PREM SINGH PAPRA', '2001.07.15', 'no-image.jpg', 'M', 'INDIAN', 'PLAYING', 'Day Boarder', '12B', 2017, 'N', 'VVMIC MUNSYARI', '11', 'VILLAGE BARNIYAGAON', 'MUNSYARI', '262554', '1', 'UL', 'India', '8191841972', 'x', 'Through Internet', '123522', '0000-00-00 00:00:00', 'nitin', '2017-18'),
('2017041240', 'LOVERAJ SINGH KUNWAR', 'PUSHKER SINGH ', '2001.06.12', 'no-image.jpg', 'M', 'INDIAN', 'PLAYING', 'Day Boarder', '12B', 2017, 'N', 'VVMIC MUNSYARI', '11', 'VILLAGE FAPA', 'MUNSYARI', '262544', '1', 'UL', 'India', '7454959427', 'x', 'Through Internet', '123522', '0000-00-00 00:00:00', 'nitin', '2017-18'),
('2017041241', 'MANISH SINGH GWAL', 'HEERA SINGH GWAL', '2002.01.22', 'no-image.jpg', 'M', 'INDIAN', 'STRELLING', 'Day Boarder', '12B', 2017, 'N', 'VVMIC MUNSYARI', '11', 'VILLAGE PATO', 'MUNSYARI', '262554', '1', 'UL', 'India', '8192070616', 'x', 'Through Internet', '123522', '0000-00-00 00:00:00', 'nitin', '2017-18'),
('2017041242', 'MANOJ KUMAR', 'DHANI RAM', '2000.10.27', 'no-image.jpg', 'M', 'INDIAN', 'STRELLING', 'Day Boarder', '12B', 2017, 'N', 'VVMIC MUNSYARI', '11', 'VILLAGE BARNIYAGAON', 'MUNSYARI', '262554', '1', 'UL', 'India', '7088062574', 'x', 'Through Internet', '123522', '0000-00-00 00:00:00', 'nitin', '2017-18'),
('2017041243', 'PRAKASH SINGH KARKI', 'BALA SINGH KARKI', '2001.05.01', 'no-image.jpg', 'M', 'INDIAN', 'STRELLING', 'Day Boarder', '12B', 2017, 'N', 'VVMIC MUNSYARI', '11', 'VILLAGE DARKOTE', 'MUNSYARI', '262554', '1', 'UL', 'India', '7055045685', 'x', 'Through Internet', '123522', '0000-00-00 00:00:00', 'nitin', '2017-18'),
('2017041244', 'PRVEEN SINGH NEGI', 'BALA SINGH NEGI', '2002.07.02', 'no-image.jpg', 'M', 'INDIAN', 'PLAYING', 'Day Boarder', '12B', 2017, 'N', 'VVMIC MUNSYARI', '11', 'VILLAGE DHURATOLI', 'MUNSYARI', '262554', '1', 'UL', 'India', '9756379238', 'x', 'Through Internet', '123522', '0000-00-00 00:00:00', 'nitin', '2017-18'),
('2017041245', 'SANJEEV SINGH THAPRIYAL', 'LAXMAN SINGH THAPRIYAL', '2001.01.02', 'no-image.jpg', 'M', 'INDIAN', 'PLAYING', 'Day Boarder', '12B', 2017, 'N', 'VVMIC MUNSYARI', '11', 'VILLAGE SEVILA', 'MUNSYARI', '262554', '1', 'UL', 'India', '8936945466', 'x', 'Through Internet', '123522', '0000-00-00 00:00:00', 'nitin', '2017-18'),
('2017041246', 'SANJAY RAM', 'NARAYAN RAM', '2000.07.01', 'no-image.jpg', 'M', 'INDIAN', 'PLAYING', 'Day Boarder', '12B', 2017, 'N', 'VVMIC MUNSYARI', '11', 'VILLAGE TALLA DUMMAR', 'MUNSYARI', '262554', '1', 'UL', 'India', '9410923849', 'x', 'Through Internet', '123522', '0000-00-00 00:00:00', 'nitin', '2017-18'),
('2017041247', 'MUKESH CHANYAL', 'NARENDRA RAM', '2001.06.15', 'no-image.jpg', 'M', 'INDIAN', 'PAINTING', 'Day Boarder', '12B', 2017, 'N', 'VVMIC MUNSYARI', '11', 'VILLAGE LEELABHAT', 'MUNSYARI', '262551', '1', 'UL', 'India', '9568822536', 'x', 'Through Internet', '123522', '0000-00-00 00:00:00', 'nitin', '2017-18'),
('2017041248', 'UMESH CHANDRA JOSHI', 'JAGDISH CHANDRA JOSHI', '2002.09.05', 'no-image.jpg', 'M', 'INDIAN', 'PLAYING', 'Day Boarder', '12B', 2017, 'N', 'VVMIC MUNSYARI', '11', 'VILLAGE KHASIABARA', 'MUNSYARI', '262554', '1', 'UL', 'India', '9568205799', 'x', 'Through Internet', '123522', '0000-00-00 00:00:00', 'nitin', '2017-18'),
('2017041249', 'VINOD SINGH DHOKTI', 'MUNNA SINGH DHOKTI', '2000.03.03', 'no-image.jpg', 'M', 'INDIAN', 'PLAYING', 'Day Boarder', '12B', 2017, 'N', 'VVMIC MUNSYARI', '11', 'VILLAGE TALLA DUMMAR', 'MUNSYARI', '262554', '1', 'UL', 'India', '7534987286', 'x', 'Through Internet', '123522', '0000-00-00 00:00:00', 'nitin', '2017-18'),
('2017041250', 'JITENDRA SINGH PANGTEY', 'JAGAT SINGH PANGTEY', '2000.11.23', 'no-image.jpg', 'M', 'INDIAN', 'PLAYING', 'Day Boarder', '12B', 2017, 'N', 'VVMIC MUNSYARI', '11', 'VILLAGE MADKOTE', 'MUNSYARI', '262554', '1', 'UL', 'India', '8449216320', 'x', 'Through Internet', '123522', '0000-00-00 00:00:00', 'nitin', '2017-18'),
('2017041251', 'ANJALI NITWLA', 'KUNDAN SINGH NITWAL', '2003.03.19', 'no-image.jpg', 'F', 'INDIAN', 'READING,PLAYING', 'Day Boarder', '9C', 2017, 'N', 'VVMIC MUNSYARI', '8', 'VILLAGE SHANKHDHURA', 'MUNSYARI', '262554', '1', 'UL', 'INDIA', '7599331491', 'x@gmail.com', 'Through Internet', '123522', '0000-00-00 00:00:00', 'nitin', '2017-18'),
('2017041252', 'DIKSHA MEHTA', 'KRISHNA SINGH MEHTA', '2004.04.27', 'no-image.jpg', 'F', 'INDIAN', 'READING,PLAYING', 'Day Boarder', '9C', 2017, 'N', 'VVMIC MUNSYARI', '8', 'VILLAGE  SELA', 'MUNSYARI', '262554', '1', 'UL', 'INDIA', '8958351522', 'x@gmail.com', 'Through Internet', '123522', '0000-00-00 00:00:00', 'nitin', '2017-18'),
('2017041253', 'HINA BRIJWAL ', 'LAXMAN SINGH BRIJWAL', '2007.07.28', 'no-image.jpg', 'F', 'INDIAN', 'READING', 'Day Boarder', '9C', 2017, 'N', 'VVMIC MUNSYARI', '8', 'VILLAGE BUNGA', 'MUNSYARI', '262554', '1', 'UL', 'INDIA', '9456393393', 'x@gmail.com', 'Through Internet', '123522', '0000-00-00 00:00:00', 'nitin', '2017-18'),
('2017041254', 'KIRAN DHAMI ', 'BALWANT SINGH DHAMI', '2004.03.20', 'no-image.jpg', 'F', 'INDIAN', 'READING,PLAYING', 'Day Boarder', '9C', 2017, 'N', 'VVMIC MUNSYARI', '8', 'VILLAGE JOSHA', 'MUNSYARI', '262554', '1', 'UL', 'INDIA', '7248204631', 'x@gmail.com', 'Through Internet', '123522', '0000-00-00 00:00:00', 'nitin', '2017-18'),
('2017041255', 'NEHA SUMTYAL', 'SITARAM SUMTYAL', '2006.12.11', 'no-image.jpg', 'F', 'INDIAN', 'READING,PLAYING', 'Day Boarder', '9C', 2017, 'N', 'VVMIC MUNSYARI', '8', 'VILLAGE SARMOLI ', 'MUNSYARI', '262554', '1', 'UL', 'INDIA', '9568213494', 'x@gmail.com', 'Through Internet', '123522', '0000-00-00 00:00:00', 'nitin', '2017-18'),
('2017041256', 'X', 'X', '0000.00.00', 'no-image.jpg', 'x', 'INDIAN', 'x', 'Day Boarder', '9C', 2017, 'N', 'VVMIC MUNSYARI', '8', 'x', '', '262554', '1', 'UL', 'INDIA', '', 'x@gmail.com', 'Through Internet', '123522', '0000-00-00 00:00:00', 'nitin', '2017-18'),
('2017041257', 'POOJA RAWAT', 'RAM SINGH RAWAT', '2004.04.10', 'no-image.jpg', 'F', 'INDIAN', 'READING,PLAYING', 'Day Boarder', '9C', 2017, 'N', 'VVMIC MUNSYARI', '8', 'VILLAGE GIRGAON', 'MUNSYARI', '262554', '1', 'UL', 'INDIA', '9917840018', 'x@gmail.com', 'Through Internet', '123522', '0000-00-00 00:00:00', 'nitin', '2017-18'),
('2017041258', 'PRIYANKA NITWAL', 'JASWANT SINGH ', '2004.03.15', 'no-image.jpg', 'F', 'INDIAN', 'READINGH', 'Day Boarder', '9C', 2017, 'N', 'VVMIC MUNSYARI', '8', 'VILLAGE SARMOLI ', 'MUNSYARI', '262554', '1', 'UL', 'INDIA', '9690910816', 'x@gmail.com', 'Through Internet', '123522', '0000-00-00 00:00:00', 'nitin', '2017-18'),
('2017041259', 'SHALINI NIKHURPA', 'MANOHAR SINGH NIKHURPA', '2004.06.02', 'no-image.jpg', 'F', 'INDIAN', 'READING,PLAYING', 'Day Boarder', '9C', 2017, 'N', 'VVMIC MUNSYARI', '8', 'VILLAGE NANASEM', 'MUNSYARI', '262554', '1', 'UL', 'INDIA', '9568794490', 'x@gmail.com', 'Through Internet', '123522', '0000-00-00 00:00:00', 'nitin', '2017-18'),
('2017041260', 'SHEELA', 'BALA SINGH BUBARIA', '2004.11.15', 'no-image.jpg', 'F', 'INDIAN', 'READING,PLAYING', 'Day Boarder', '9C', 2017, 'N', 'VVMIC MUNSYARI', '8', 'VILLAGE JOSHA', 'MUNSYARI', '262554', '1', 'UL', 'INDIA', '8958528652', 'x@gmail.com', 'Through Internet', '123522', '0000-00-00 00:00:00', 'nitin', '2017-18'),
('2017041261', 'SIYA SAYALA', 'SHANKAR SINGH SAYALA', '2003.11.01', 'no-image.jpg', 'F', 'INDIAN', 'READING,PLAYING', 'Day Boarder', '9C', 2017, 'N', 'VVMIC MUNSYARI', '8', 'VILLAGE PAINKUTI', 'MUNSYARI', '262554', '1', 'UL', 'INDIA', '9917584937', 'x@gmail.com', 'Through Internet', '123522', '0000-00-00 00:00:00', 'nitin', '2017-18'),
('2017041262', 'LUBNA NITWAL', 'VIJAY SINGH NITWAL', '2004.10.05', 'no-image.jpg', 'F', 'INDIAN', 'READING,PLAYING', 'Day Boarder', '9C', 2017, 'N', 'VVMIC MUNSYARI', '8', 'VILLAGE NANASEM', 'MUNSYARI', '262554', '1', 'UL', 'INDIA', '7055372181', 'x@gmail.com', 'Through Internet', '123522', '0000-00-00 00:00:00', 'nitin', '2017-18'),
('2017041263', 'YOGITA PANDEY', 'SURESH CHANDRA PANDEY', '2003.05.17', 'no-image.jpg', 'F', 'INDIAN', 'READING,PLAYING', 'Day Boarder', '9C', 2017, 'N', 'VVMIC MUNSYARI', '8', 'VILLAGE MALLAGHORPATTA', 'MUNSYARI', '262554', '1', 'UL', 'INDIA', '9917386711', 'x@gmail.com', 'Through Internet', '123522', '0000-00-00 00:00:00', 'nitin', '2017-18'),
('2017041264', 'BHUPENDRA SINGH IMLAL', 'MOHAN SINGH IMLAL', '2004.03.11', 'no-image.jpg', 'M', 'INDIAN', 'READING,PLAYING', 'Day Boarder', '9C', 2017, 'N', 'VVMIC MUNSYARI', '8', 'VILLAGE IMLA', 'MUNSYARI', '262554', '1', 'UL', 'INDIA', '9756077369', 'x@gmail.com', 'Through Internet', '123522', '0000-00-00 00:00:00', 'nitin', '2017-18'),
('2017041265', 'CHANCHAL SINGH ', 'SUNDER SINGH ', '2004.03.15', 'no-image.jpg', 'M', 'INDIAN', 'READING,PLAYING', 'Day Boarder', '9C', 2017, 'N', 'VVMIC MUNSYARI', '8', 'VILLAGE SAMKOTE', 'MUNSYARI', '262554', '1', 'UL', 'INDIA', '8449913758', 'x@gmail.com', 'Through Internet', '123522', '0000-00-00 00:00:00', 'nitin', '2017-18'),
('2017041266', 'CHANDRA MOHAN SINGH RANA', 'RAMESH SINGH RANA', '2004.01.02', 'no-image.jpg', 'M', 'INDIAN', 'READING,PLAYING', 'Day Boarder', '9C', 2017, 'N', 'M.P.S.MUNSYARI', '8', 'VILLAGE MADALKIYA', 'MUNSYARI', '262554', '1', 'UL', 'INDIA', '9568650237', 'x@gmail.com', 'Through Internet', '123522', '0000-00-00 00:00:00', 'nitin', '2017-18'),
('2017041267', 'DEEPAK SINGH RANA', 'DHAM SINGH RANA', '2003.08.25', 'no-image.jpg', 'M', 'INDIAN', 'ART', 'Day Boarder', '9C', 2017, 'N', 'M.P.S.MUNSYARI', '8', 'VILLAGE MADALKIYA', 'MUNSYARI', '262554', '1', 'UL', 'INDIA', '8449449611', 'x@gmail.com', 'Through Internet', '123522', '0000-00-00 00:00:00', 'nitin', '2017-18'),
('2017041268', 'DEVESH SINGH JESTHA', 'HAYAT SINGH JESTHA', '2004.11.05', 'no-image.jpg', 'M', 'INDIAN', 'ART', 'Day Boarder', '9C', 2017, 'N', 'VVMIC MUNSYARI', '8', 'VILLAGE PAPRI', 'MUNSYARI', '262554', '1', 'UL', 'INDIA', '8958689979', 'x@gmail.com', 'Through Internet', '123522', '0000-00-00 00:00:00', 'nitin', '2017-18'),
('2017041269', 'HIMANSHU RAWAT', 'MAHIPAL SINGH ', '2003.09.23', 'no-image.jpg', 'M', 'INDIAN', 'READING,PLAYING', 'Day Boarder', '9C', 2017, 'N', 'VVMIC MUNSYARI', '8', 'VILLAGE JAINTI', 'MUNSYARI', '262554', '1', 'UL', 'INDIA', '9627707058', 'x@gmail.com', 'Through Internet', '123522', '0000-00-00 00:00:00', 'nitin', '2017-18'),
('2017041270', 'HIMANSHU SINGH RAWAT', 'BHARAT SINGH', '2003.07.17', 'no-image.jpg', 'M', 'INDIAN', 'READING,PLAYING', 'Day Boarder', '9C', 2017, 'N', 'G.J.H. KHAINOLI', '8', 'VILLAGE KHAINOLI CHAMOLI', 'MUNSYARI', '262554', '1', 'UL', 'INDIA', '9968528069', 'x@gmail.com', 'Through Internet', '123522', '0000-00-00 00:00:00', 'nitin', '2017-18'),
('2017041271', 'HIMANSHU SHARMA', 'SANJAY SHARMA', '2003.07.12', 'no-image.jpg', 'M', 'INDIAN', 'READING,PLAYING', 'Day Boarder', '9C', 2017, 'N', 'VVMIC MUNSYARI', '8', 'VILLAGE SEVILA', 'MUNSYARI', '262554', '1', 'UL', 'INDIA', '9536541740', 'x@gmail.com', 'Through Internet', '123522', '0000-00-00 00:00:00', 'nitin', '2017-18'),
('2017041272', 'JATIN SINGH BRIJWAL', 'GOKARN SINGH BRIJWAL', '2004.01.19', 'no-image.jpg', 'M', 'INDIAN', 'READING,PLAYING', 'Day Boarder', '9C', 2017, 'N', 'VVMIC MUNSYARI', '8', 'VILLAGE CHAUNA', 'MUNSYARI', '262554', '1', 'UL', 'INDIA', '7534881828', 'x@gmail.com', 'Through Internet', '123522', '0000-00-00 00:00:00', 'nitin', '2017-18'),
('2017041273', 'LAXMAN SINGH RINGWAL', 'RAM SINGH RINGHWAL', '2004.03.12', 'no-image.jpg', 'M', 'INDIAN', 'READING,PLAYING', 'Day Boarder', '9C', 2017, 'N', 'VVMIC MUNSYARI', '8', 'VILLAGE RINGU', 'MUNSYARI', '262554', '1', 'UL', 'INDIA', '8941076040', 'x@gmail.com', 'Through Internet', '123522', '0000-00-00 00:00:00', 'nitin', '2017-18'),
('2017041274', 'LOVERAJ CHIRAL', 'PUSHKAR SINGH', '2004.03.12', 'no-image.jpg', 'M', 'INDIAN', 'READING,PLAYING', 'Day Boarder', '9C', 2017, 'N', 'VVMIC MUNSYARI', '8', 'VILLAGE CHAUNA', 'MUNSYARI', '262554', '1', 'UL', 'INDIA', '8941948403', 'x@gmail.com', 'Through Internet', '123522', '0000-00-00 00:00:00', 'nitin', '2017-18'),
('2017041275', 'NAVEEN SINGH RANA', 'PREM SINGH RANA', '2005.02.11', 'no-image.jpg', 'M', 'INDIAN', 'READING,PLAYING', 'Day Boarder', '9C', 2017, 'N', 'VVMIC MUNSYARI', '8', 'VILLAGE KAPKOTE', 'MUNSYARI', '262554', '1', 'UL', 'INDIA', '7351800901', 'x@gmail.com', 'Through Internet', '123522', '0000-00-00 00:00:00', 'nitin', '2017-18'),
('2017041276', 'MAHESH PANWAR', 'SHOBAN SINGH PANWAR', '2004.05.01', 'no-image.jpg', 'M', 'INDIAN', 'READING,PLAYING', 'Day Boarder', '9C', 2017, 'N', 'VVMIC MUNSYARI', '8', 'VILLAGE SAMKOTE', 'MUNSYARI', '262554', '1', 'UL', 'INDIA', '9917891937', 'x@gmail.com', 'Through Internet', '123522', '0000-00-00 00:00:00', 'nitin', '2017-18'),
('2017041277', 'MUKESH SINGH SUMTYAL', 'MOHAN SINGH SUMTYAL', '2004.04.23', 'no-image.jpg', 'M', 'INDIAN', 'READING,PLAYING', 'Day Boarder', '9C', 2017, 'N', 'VVMIC MUNSYARI', '8', 'VILLAGE SARMOLI ', 'MUNSYARI', '262554', '1', 'UL', 'INDIA', '8191036141', 'x@gmail.com', 'Through Internet', '123522', '0000-00-00 00:00:00', 'nitin', '2017-18'),
('2017041278', 'PANKAJ SINGH MAHAR', 'BHAGAT SINGH MAHAR', '2004.06.24', 'no-image.jpg', 'M', 'INDIAN', 'READING,PLAYING', 'Day Boarder', '9C', 2017, 'N', 'VVMIC MUNSYARI', '8', 'VILLAGE SAMKOTE', 'MUNSYARI', '262554', '1', 'UL', 'INDIA', '8958534432', 'x@gmail.com', 'Through Internet', '123522', '0000-00-00 00:00:00', 'nitin', '2017-18'),
('2017041279', 'PANKAJ KUMAR', 'NATHO RAM', '2003.04.14', 'no-image.jpg', 'M', 'INDIAN', 'READING,PLAYING', 'Day Boarder', '9C', 2017, 'N', 'VVMIC MUNSYARI', '8', 'TALLA GHORPATTA', 'MUNSYARI', '262554', '1', 'UL', 'INDIA', '7536885527', 'x@gmail.com', 'Through Internet', '123522', '0000-00-00 00:00:00', 'nitin', '2017-18'),
('2017041280', 'PANKAJ SINGH PANGTEY', 'KHARAK SINGH PANGTEY', '2004.03.05', 'no-image.jpg', 'M', 'INDIAN', 'READING,PLAYING', 'Day Boarder', '9C', 2017, 'N', 'M.P.S.MUNSYARI', '8', 'VILLAGE SARMOLI ', 'MUNSYARI', '262554', '1', 'UL', 'INDIA', '9012000446', 'x@gmail.com', 'Through Internet', '123522', '0000-00-00 00:00:00', 'nitin', '2017-18'),
('2017041281', 'TIKENDRA SINGH BISHT ', 'DIGAR SINGH BISHT', '2004.03.28', 'no-image.jpg', 'M', 'INDIAN', 'READING,PLAYING', 'Day Boarder', '9C', 2017, 'N', 'VVMIC MUNSYARI', '8', 'VILLAGE BASBAGAR', 'MUNSYARI', '262554', '1', 'UL', 'INDIA', '9756795821', 'x@gmail.com', 'Through Internet', '123522', '0000-00-00 00:00:00', 'nitin', '2017-18'),
('2017041282', 'UMESH SINGH PANWAR', 'PREM SINGH PANWAR', '2004.03.30', 'no-image.jpg', 'M', 'INDIAN', 'READING,PLAYING', 'Day Boarder', '9C', 2017, 'N', 'VVMIC MUNSYARI', '8', 'VILLAGE SAMKOTE', 'MUNSYARI', '262554', '1', 'UL', 'INDIA', '7248205113', 'x@gmail.com', 'Through Internet', '123522', '0000-00-00 00:00:00', 'nitin', '2017-18'),
('2017041283', 'VIKRAM SINGH', 'NARENDRA SINGH', '2004.08.03', 'no-image.jpg', 'M', 'INDIAN', 'READING,PLAYING', 'Day Boarder', '9C', 2017, 'N', 'VVMIC MUNSYARI', '8', 'VILLAGE SARMOLI ', 'MUNSYARI', '262554', '1', 'UL', 'INDIA', '7599004852', 'x@gmail.com', 'Through Internet', '123522', '0000-00-00 00:00:00', 'nitin', '2017-18'),
('2017041284', 'VINOD SINGH NITWAL', 'DALIP SINGH NITWAL', '2003.09.03', 'no-image.jpg', 'M', 'INDIAN', 'READING,PLAYING', 'Day Boarder', '9C', 2017, 'N', 'VVMIC MUNSYARI', '8', 'VILLAGE JAINTI', 'MUNSYARI', '262554', '1', 'UL', 'INDIA', '9457384515', 'x@gmail.com', 'Through Internet', '123522', '0000-00-00 00:00:00', 'nitin', '2017-18'),
('2017041285', 'BHAWANA BAGARI', 'PREM SINGH BAGARI', '2003.08.10', 'no-image.jpg', 'F', 'INDIAN', 'READING,PLAYING', 'Day Boarder', '10A', 2017, 'N', 'VVMIC MUNSYARI', '9', 'VILLAGE BUIE LEELAM', 'MUNSYARI', '262554', '1', 'UL', 'INDIA', '9917009199', 'x@gmail.com', 'Through Internet', '123522', '0000-00-00 00:00:00', 'nitin', '2017-18'),
('2017041286', 'CHITRA PANGTEY ', 'KHADAK SINGH PANGTEY', '2002.04.20', 'no-image.jpg', 'F', 'INDIAN', 'READING,PLAYING', 'Day Boarder', '10A', 2017, 'N', 'VVMIC MUNSYARI', '9', 'VILLAGE SERA TANGA', 'MUNSYARI', '262555', '1', 'UL', 'INDIA', '9756985187', 'x@gmail.com', 'Through Internet', '123523', '0000-00-00 00:00:00', 'nitin', '2017-18'),
('2017041287', 'DEEPIKA JANGPANGI', 'LAVENDRA SINGH JANGPANGI', '2003.03.02', 'no-image.jpg', 'F', 'INDIAN', 'READING', 'Day Boarder', '10A', 2017, 'N', 'VVMIC MUNSYARI', '9', 'VILLAGE BUNGA ', 'MUNSYARI', '262554', '1', 'UL', 'INDIA', '9012729975', 'x@gmail.com', 'Through Internet', '123524', '0000-00-00 00:00:00', 'nitin', '2017-18'),
('2017041288', 'DEEPTI KHALJHUNIA', 'KISHAN SINGH KHALJHUNIA', '2002.05.18', 'no-image.jpg', 'F', 'INDIAN', 'READING', 'Day Boarder', '10A', 2017, 'N', 'VVMIC MUNSYARI', '9', 'VILLAGE HARKOTE', 'MUNSYARI', '262554', '1', 'UL', 'INDIA', '9927256009', 'x@gmail.com', 'Through Internet', '123525', '0000-00-00 00:00:00', 'nitin', '2017-18'),
('2017041289', 'GARIMA', 'G.P. JIGYASU', '2006.08.06', 'no-image.jpg', 'F', 'INDIAN', 'READING', 'Day Boarder', '10A', 2017, 'N', 'VVMIC MUNSYARI', '9', 'CHAKDAH VAILMAR NAUTANVA', 'MUNSYARI', '262554', '1', 'UL', 'INDIA', '7500034977', 'x@gmail.com', 'Through Internet', '123526', '0000-00-00 00:00:00', 'nitin', '2017-18'),
('2017041290', 'HIMANI DWIVEDI', 'PURAN CHANDRA DWIVEDI', '2003.07.05', 'no-image.jpg', 'F', 'INDIAN', 'READINGH', 'Day Boarder', '10A', 2017, 'N', 'VVMIC MUNSYARI', '9', 'VILLAGE SAIMLI ', 'QUITI', '262554', '1', 'UL', 'INDIA', '9456702571', 'x@gmail.com', 'Through Internet', '123527', '0000-00-00 00:00:00', 'nitin', '2017-18'),
('2017041291', 'ISHA DHAPWAL', 'DEVENDRA SINGH DHAPWAL', '2003.03.30', 'no-image.jpg', 'F', 'INDIAN', 'READING,PLAYING', 'Day Boarder', '10A', 2017, 'N', 'VVMIC MUNSYARI', '9', 'VILLAGE DHAPA', 'MUNSYARI', '262554', '1', 'UL', 'INDIA', '7351723539', 'x@gmail.com', 'Through Internet', '123528', '0000-00-00 00:00:00', 'nitin', '2017-18'),
('2017041292', 'JYOTI MEHRA', 'DEVENDRA SINGH ', '2003.12.07', 'no-image.jpg', 'F', 'INDIAN', 'READING', 'Day Boarder', '10A', 2017, 'N', 'VVMIC MUNSYARI', '9', 'VILLAGE SEVILA', 'MUNSYARI', '262554', '1', 'UL', 'INDIA', '8477947623', 'x@gmail.com', 'Through Internet', '123529', '0000-00-00 00:00:00', 'nitin', '2017-18'),
('2017041293', 'KAVITA PAPRA', 'BIRENDRA SINGH PAPRA', '2003.04.16', 'no-image.jpg', 'F', 'INDIAN', 'READING,PLAYING', 'Day Boarder', '10A', 2017, 'N', 'VVMIC MUNSYARI', '9', 'VILLAGE PAPRI', 'MUNSYARI', '262554', '1', 'UL', 'INDIA', '7248456159', 'x@gmail.com', 'Through Internet', '123530', '0000-00-00 00:00:00', 'nitin', '2017-18'),
('2017041294', 'KOMAL VERMA', 'BHUWAN LAL VERMA', '2003.12.06', 'no-image.jpg', 'F', 'INDIAN', 'READING,PLAYING', 'Day Boarder', '10A', 2017, 'N', 'VVMIC MUNSYARI', '9', 'VILLAGE PAWDEV PAUN', 'PITHORAGARH', '262554', '1', 'UL', 'INDIA', '9997730159', 'x@gmail.com', 'Through Internet', '123531', '0000-00-00 00:00:00', 'nitin', '2017-18'),
('2017041295', 'MANISHA BHANDARI', 'SURENDRA SINGH BHANDARI', '2003.04.09', 'no-image.jpg', 'F', 'INDIAN', 'READING,PLAYING', 'Day Boarder', '10A', 2017, 'N', 'VVMIC MUNSYARI', '9', 'VILLAGE DHUNAMANI', 'MUNSYARI', '262554', '1', 'UL', 'INDIA', '9568174514', 'x@gmail.com', 'Through Internet', '123532', '0000-00-00 00:00:00', 'nitin', '2017-18'),
('2017041296', 'MANSI MARTOLIA', 'KEDAR SINGH', '2003.07.13', 'no-image.jpg', 'F', 'INDIAN', 'READING,PLAYING', 'Day Boarder', '10A', 2017, 'N', 'VVMIC MUNSYARI', '9', 'VILLAGE BUNGA ', 'MUNSYARI', '262554', '1', 'UL', 'INDIA', '7248305455', 'x@gmail.com', 'Through Internet', '123533', '0000-00-00 00:00:00', 'nitin', '2017-18'),
('2017041297', 'SONIYA NEGI', 'BHUPENDRA SINGH NEGI', '2003.02.03', 'no-image.jpg', 'F', 'INDIAN', 'READING,PLAYING', 'Day Boarder', '10A', 2017, 'N', 'VVMIC MUNSYARI', '9', 'VILLAGE HARKOTE', 'MUNSYARI', '262554', '1', 'UL', 'INDIA', '8941090372', 'x@gmail.com', 'Through Internet', '123534', '0000-00-00 00:00:00', 'nitin', '2017-18'),
('2017041298', 'SUSHEELA LASPAL', 'JASPAL SINGH', '2002.12.05', 'no-image.jpg', 'F', 'INDIAN', 'READING,PLAYING', 'Day Boarder', '10A', 2017, 'N', 'VVMIC MUNSYARI', '9', 'VILLAGE SAIPOLU', 'MUNSYARI', '262554', '1', 'UL', 'INDIA', '7534881691', 'x@gmail.com', 'Through Internet', '123535', '0000-00-00 00:00:00', 'nitin', '2017-18'),
('2017041299', 'ABHISHEK SINGH RAWAT', 'PRATIMAN SINGH', '2003.03.24', 'no-image.jpg', 'M', 'INDIAN', 'READING,PLAYING', 'Day Boarder', '10A', 2017, 'N', 'VVMIC MUNSYARI', '9', 'VILLAGE JAINTI', 'MUNSYARI', '262554', '1', 'UL', 'INDIA', '9837317167', 'x@gmail.com', 'Through Internet', '123536', '0000-00-00 00:00:00', 'nitin', '2017-18'),
('2017041300', 'DEVRAJ SINGH ', 'BALWANT SINGH', '2002.08.29', 'no-image.jpg', 'M', 'INDIAN', 'READING,PLAYING', 'Day Boarder', '10A', 2017, 'N', 'VVMIC MUNSYARI', '9', 'VILLAGE TOMIK', 'MUNSYARI', '262554', '1', 'UL', 'INDIA', '7351099599', 'x@gmail.com', 'Through Internet', '123537', '0000-00-00 00:00:00', 'nitin', '2017-18'),
('2017041301', 'DURGESH SINGH DANU', 'DIWAN SINGH DANU', '2002.07.06', 'no-image.jpg', 'M', 'INDIAN', 'READING', 'Day Boarder', '10A', 2017, 'N', 'VVMIC MUNSYARI', '9', 'VILLAGE PYANGTI', 'MUNSYARI', '262554', '1', 'UL', 'INDIA', '7534881868', 'x@gmail.com', 'Through Internet', '123538', '0000-00-00 00:00:00', 'nitin', '2017-18'),
('2017041302', 'GAURAV SINGH PANDA', 'JAGAT SINGH PANDA', '2004.06.04', 'no-image.jpg', 'M', 'INDIAN', 'READING', 'Day Boarder', '10A', 2017, 'N', 'VVMIC MUNSYARI', '9', 'VILLAGE TALLA GHORPATTA', 'MUNSYARI', '262554', '1', 'UL', 'INDIA', '9639401968', 'x@gmail.com', 'Through Internet', '123539', '0000-00-00 00:00:00', 'nitin', '2017-18'),
('2017041303', 'GAURAV SINGH PANWAR', 'BHEEM SINGH PANWAR', '2003.04.02', 'no-image.jpg', 'M', 'INDIAN', 'READING,PLAYING', 'Day Boarder', '10A', 2017, 'N', 'VVMIC MUNSYARI', '9', 'VILLAGE SAMKOTE', 'MUNSYARI', '262555', '1', 'UL', 'INDIA', '9412340701', 'x@gmail.com', 'Through Internet', '123540', '0000-00-00 00:00:00', 'nitin', '2017-18'),
('2017041304', 'GAURAV SINGH RANA', 'TRILOK SINGH RANA', '2003.06.11', 'no-image.jpg', 'M', 'INDIAN', 'READING,PLAYING', 'Day Boarder', '10A', 2017, 'N', 'VVMIC MUNSYARI', '9', 'VILLAGE MADALKIYA', 'BALA', '262554', '1', 'UL', 'INDIA', '9568650237', 'x@gmail.com', 'Through Internet', '123541', '0000-00-00 00:00:00', 'nitin', '2017-18'),
('2017041305', 'GOVIND SINGH JAIMYAL', 'BALAK SINGH JAIMYAL', '2003.03.16', 'no-image.jpg', 'M', 'INDIAN', 'READING,PLAYING', 'Day Boarder', '10A', 2017, 'N', 'VVMIC MUNSYARI', '9', 'VILLAGE SEVILA', 'VILLAGE NAMIK', '262554', '1', 'UL', 'INDIA', '8958267961', 'x@gmail.com', 'Through Internet', '123542', '0000-00-00 00:00:00', 'nitin', '2017-18'),
('2017041306', 'ISHWAR SINGH KHATRI', 'NARENDRA SINGH', '2003.04.01', 'no-image.jpg', 'M', 'INDIAN', 'READING,PLAYING', 'Day Boarder', '10A', 2017, 'N', 'VVMIC MUNSYARI', '9', 'VILLAGE UCHAITI', 'MUNSYARI', '262554', '1', 'UL', 'INDIA', '7599321640', 'x@gmail.com', 'Through Internet', '123543', '0000-00-00 00:00:00', 'nitin', '2017-18'),
('2017041307', 'JITENDRA SINGH ', 'NARAYAN SINGH', '2003.06.07', 'no-image.jpg', 'M', 'INDIAN', 'READING,PLAYING', 'Day Boarder', '10A', 2017, 'N', 'VVMIC MUNSYARI', '9', 'VILLAGE WALTHI', 'MUNSYARI', '262554', '1', 'UL', 'INDIA', '8958644628', 'x@gmail.com', 'Through Internet', '123544', '0000-00-00 00:00:00', 'nitin', '2017-18'),
('2017041308', 'KAPIL SINGH DHAMI', 'MAHENDRA SINGH DHAMI', '2003.07.04', 'no-image.jpg', 'M', 'INDIAN', 'READING,PLAYING', 'Day Boarder', '10A', 2017, 'N', 'VVMIC MUNSYARI', '9', 'VILLAGE ALAM', 'MUNSYARI', '262554', '1', 'UL', 'INDIA', '8954091823', 'x@gmail.com', 'Through Internet', '123545', '0000-00-00 00:00:00', 'nitin', '2017-18');
INSERT INTO `register_with_us` (`regid`, `FULLNAME`, `FATHER`, `DOB_`, `PHOTO_`, `GENDER`, `NATIONALITY`, `STUDENT_INTEREST`, `ADMISSION_FOR`, `CLASS_FOR_ADMISSION`, `APPLIED_YEAR`, `TRANSPORT_REQUIRED`, `LAST_SCHOOL_NAME`, `LAST_SCHOOL_GRADE`, `ADDRESS_`, `CITY_`, `PINCODE_`, `ZONE_`, `STATE_`, `COUNTRY_`, `MOBILE_`, `EMAIL_`, `KNOWN_SOURCE_`, `PASSWORD_`, `DOR_`, `USERNAME_`, `SESSIONID`) VALUES
('2017041309', 'KARAN SINGH TOLIA', 'DEVENDRA SINGH TOLIA', '2001.06.05', 'no-image.jpg', 'M', 'INDIAN', 'READING,PLAYING', 'Day Boarder', '10A', 2017, 'N', 'VVMIC MUNSYARI', '9', 'VILLAGE PATO', 'MUNSYARI', '262554', '1', 'UL', 'INDIA', '9568863057', 'x@gmail.com', 'Through Internet', '123546', '0000-00-00 00:00:00', 'nitin', '2017-18'),
('2017041310', 'LOVERAJ SINGH RAWAT', 'CHANCHAL SINGH RAWAT', '2003.04.10', 'no-image.jpg', 'M', 'INDIAN', 'READING,PLAYING', 'Day Boarder', '10A', 2017, 'N', 'VVMIC MUNSYARI', '9', 'VILLAGE FAPA', 'MUNSYARI', '262554', '1', 'UL', 'INDIA', '7248195931', 'x@gmail.com', 'Through Internet', '123547', '0000-00-00 00:00:00', 'nitin', '2017-18'),
('2017041311', 'MANISH CHANDRA JOSHI', 'ANAND CHANDRA JOSHI', '2002.04.23', 'no-image.jpg', 'M', 'INDIAN', 'READING,PLAYING', 'Day Boarder', '10A', 2017, 'N', 'VVMIC MUNSYARI', '9', 'VILLAGE KHASIABARA', 'MUNSYARI', '262554', '1', 'UL', 'INDIA', '8475807512', 'x@gmail.com', 'Through Internet', '123548', '0000-00-00 00:00:00', 'nitin', '2017-18'),
('2017041312', 'MUKESH SINGH GHINGA', 'NARAYAN SINGH GHINGA', '2004.02.02', 'no-image.jpg', 'M', 'INDIAN', 'CRICKET', 'Day Boarder', '10A', 2017, 'N', 'VVMIC MUNSYARI', '9', 'VILLAGE BUIE LEELAM', 'MUNSYARI', '262554', '1', 'UL', 'INDIA', '9756805646', 'x@gmail.com', 'Through Internet', '123549', '0000-00-00 00:00:00', 'nitin', '2017-18'),
('2017041313', 'MUKESH SINGH RAWAT', 'NARAYAN SINGH RAWAT', '2003.07.11', 'no-image.jpg', 'M', 'INDIAN', 'CRICKET', 'Day Boarder', '10A', 2017, 'N', 'VVMIC MUNSYARI', '9', 'VILLAGE FAPA', 'MUNSYARI', '262554', '1', 'UL', 'INDIA', '8958320310', 'x@gmail.com', 'Through Internet', '123550', '0000-00-00 00:00:00', 'nitin', '2017-18'),
('2017041314', 'NISHANT SINGH DEWALI', 'NARENDRA SINGH DEWALI', '2003.03.04', 'no-image.jpg', 'M', 'INDIAN', 'READING,PLAYING', 'Day Boarder', '10A', 2017, 'N', 'VVMIC MUNSYARI', '9', 'VILLAGE DHEELAM', 'MUNSYARI', '262554', '1', 'UL', 'INDIA', '8193048540', 'x@gmail.com', 'Through Internet', '123551', '0000-00-00 00:00:00', 'nitin', '2017-18'),
('2017041315', 'PANKAJ SINGH DHOKTI', 'KUNDAN SINGH DHOKTI', '2001.05.09', 'no-image.jpg', 'M', 'INDIAN', 'READING,PLAYING', 'Day Boarder', '10A', 2017, 'N', 'VVMIC MUNSYARI', '9', 'VILLAGE SHAMBHUGHAT', 'MUNSYARI', '262554', '1', 'UL', 'INDIA', '9927263190', 'x@gmail.com', 'Through Internet', '123552', '0000-00-00 00:00:00', 'nitin', '2017-18'),
('2017041316', 'PREMPRAKASH SINGH PANDA', 'KEDAR SINGH PANDA', '2003.01.15', 'no-image.jpg', 'M', 'INDIAN', 'FOOTBALL', 'Day Boarder', '10A', 2017, 'N', 'VVMIC MUNSYARI', '9', 'VILLAGE TALLA GHORPATTA', 'MUNSYARI', '262554', '1', 'UL', 'INDIA', '8057398931', 'x@gmail.com', 'Through Internet', '123553', '0000-00-00 00:00:00', 'nitin', '2017-18'),
('2017041317', 'PRIYANSHU BORA', 'BHAGAT SINGH BORA', '2004.07.03', 'no-image.jpg', 'M', 'INDIAN', 'FOOTBALL', 'Day Boarder', '10A', 2017, 'N', 'VVMIC MUNSYARI', '9', 'VILLAGE PAITNA', 'NAINITAL', '262554', '1', 'UL', 'INDIA', '9456109844', 'x@gmail.com', 'Through Internet', '123554', '0000-00-00 00:00:00', 'nitin', '2017-18'),
('2017041318', 'RAHUL SINGH BISHT', 'HARENDRA SINGH BISHT', '2003.03.12', 'no-image.jpg', 'M', 'INDIAN', 'CRICKET', 'Day Boarder', '10A', 2017, 'N', 'VVMIC MUNSYARI', '9', 'VILLAGE SEVILA', 'MUNSYARI', '262554', '1', 'UL', 'INDIA', '9410156833', 'x@gmail.com', 'Through Internet', '123555', '0000-00-00 00:00:00', 'nitin', '2017-18'),
('2017041319', 'RAHUL SINGH', 'JAGAT SINGH ', '2003.05.15', 'no-image.jpg', 'M', 'INDIAN', 'CRICKET', 'Day Boarder', '10A', 2017, 'N', 'VVMIC MUNSYARI', '9', 'VILLAGE SAIDHURA', 'MUNSYARI', '262554', '1', 'UL', 'INDIA', '8057606384', 'x@gmail.com', 'Through Internet', '123556', '0000-00-00 00:00:00', 'nitin', '2017-18'),
('2017041320', 'RAJENDRA PRAKASH', 'KUNDAN RAM', '2002.07.08', 'no-image.jpg', 'M', 'INDIAN', 'CRICKET', 'Day Boarder', '10A', 2017, 'N', 'VVMIC MUNSYARI', '9', 'VILLAGE MATENA', 'MUNSYARI', '262554', '1', 'UL', 'INDIA', '7055655429', 'x@gmail.com', 'Through Internet', '123557', '0000-00-00 00:00:00', 'nitin', '2017-18'),
('2017041321', 'ROHIT SINGH GHINGA', 'SHANKAR SINGH GHINGA', '2003.07.01', 'no-image.jpg', 'M', 'INDIAN', 'CRICKET', 'Day Boarder', '10A', 2017, 'N', 'VVMIC MUNSYARI', '9', 'VILLAGE FALYATI', 'MUNSYARI', '262554', '1', 'UL', 'INDIA', '9012706522', 'x@gmail.com', 'Through Internet', '123558', '0000-00-00 00:00:00', 'nitin', '2017-18'),
('2017041322', 'ROHIT SINGH DHOKTI', 'BALWANT SINGH', '2003.03.25', 'no-image.jpg', 'M', 'INDIAN', 'READING', 'Day Boarder', '10A', 2017, 'N', 'VVMIC MUNSYARI', '9', 'VILLAGE DHAPA', 'MUNSYARI', '262554', '1', 'UL', 'INDIA', '8958682251', 'x@gmail.com', 'Through Internet', '123559', '0000-00-00 00:00:00', 'nitin', '2017-18'),
('2017041323', 'CHANDRA MOHAN SINGH KHATRI', 'SUNDER SINGH', '2004.06.02', 'no-image.jpg', 'M', 'INDIAN', 'READING', 'Day Boarder', '10A', 2017, 'N', 'VVMIC MUNSYARI', '9', 'VILLAGE PAPRI', 'MUNSYARI', '262554', '1', 'UL', 'INDIA', '7500653254', 'x@gmail.com', 'Through Internet', '123560', '0000-00-00 00:00:00', 'nitin', '2017-18'),
('2017041324', 'SAMEER SINGH', 'HEERA SINGH', '2003.04.06', 'no-image.jpg', 'M', 'INDIAN', 'CRICKET', 'Day Boarder', '10A', 2017, 'N', 'VVMIC MUNSYARI', '9', 'VILLAGE PANTO', 'MUNSYARI', '262554', '1', 'UL', 'INDIA', '9568519878', 'x@gmail.com', 'Through Internet', '123561', '0000-00-00 00:00:00', 'nitin', '2017-18'),
('2017041325', 'SANJAY SINGH DHAPWAL', 'MAHIMAN SINGH DHAPWAL', '2002.04.01', 'no-image.jpg', 'M', 'INDIAN', 'CRICKET', 'Day Boarder', '10A', 2017, 'N', 'VVMIC MUNSYARI', '9', 'VILLAGE DHAPA', 'MUNSYARI', '262554', '1', 'UL', 'INDIA', '8958310183', 'x@gmail.com', 'Through Internet', '123562', '0000-00-00 00:00:00', 'nitin', '2017-18'),
('2017041326', 'SANJAY SINGH RANA', 'DALIP SINGH RANA', '2003.03.23', 'no-image.jpg', 'M', 'INDIAN', 'CRICKET', 'Day Boarder', '10A', 2017, 'N', 'VVMIC MUNSYARI', '9', 'VILLAGE SHANKHDHURA', 'MUNSYARI', '262554', '1', 'UL', 'INDIA', '8958786363', 'x@gmail.com', 'Through Internet', '123563', '0000-00-00 00:00:00', 'nitin', '2017-18'),
('2017041327', 'SAURABH DHOKTI', 'PUSHKER SINGH DHOKTI', '2003.06.04', 'no-image.jpg', 'M', 'INDIAN', 'READINGH', 'Day Boarder', '10A', 2017, 'N', 'VVMIC MUNSYARI', '9', 'VILLAGE MALLA DUMMAR', 'MUNSYARI', '262554', '1', 'UL', 'INDIA', '8192809602', 'x@gmail.com', 'Through Internet', '123564', '0000-00-00 00:00:00', 'nitin', '2017-18'),
('2017041328', 'TRILOK SINGH IMLAL', 'PURAN SINGH IMLAL', '2002.04.02', 'no-image.jpg', 'M', 'INDIAN', 'CRICKET', 'Day Boarder', '10A', 2017, 'N', 'VVMIC MUNSYARI', '9', 'VILLAGE IMLA', 'MADKOTE', '262554', '1', 'UL', 'INDIA', '7900828198', 'x@gmail.com', 'Through Internet', '123565', '0000-00-00 00:00:00', 'nitin', '2017-18'),
('2017041329', 'VIRENDRA KUMAR', 'JAGAT RAM', '2004.07.07', 'no-image.jpg', 'M', 'INDIAN', 'CRICKET', 'Day Boarder', '10A', 2017, 'N', 'VVMIC MUNSYARI', '9', 'VILLAGE MINAL GAON', 'MUNSYARI', '262554', '1', 'UL', 'INDIA', '9557944891', 'x@gmail.com', 'Through Internet', '123566', '0000-00-00 00:00:00', 'nitin', '2017-18'),
('2017041330', 'VINOD SINGH MEHRA', 'UMED SINGH ', '2003.03.05', 'no-image.jpg', 'M', 'INDIAN', 'CRICKET', 'Day Boarder', '10A', 2017, 'N', 'VVMIC MUNSYARI', '9', 'VILLAGE KULTHAM', 'MUNSYARI', '262554', '1', 'UL', 'INDIA', '8057433690', 'x@gmail.com', 'Through Internet', '123567', '0000-00-00 00:00:00', 'nitin', '2017-18'),
('2017041331', 'YASHDEEP', 'RAMESH RAM', '2002.12.24', 'no-image.jpg', 'M', 'INDIAN', 'FOOTBALL', 'Day Boarder', '10A', 2017, 'N', 'VVMIC MUNSYARI', '9', 'VILLAGE MALLA GHORPATTA', 'MUNSYARI', '262554', '1', 'UL', 'INDIA', '8936946646', 'x@gmail.com', 'Through Internet', '123568', '0000-00-00 00:00:00', 'nitin', '2017-18'),
('2017041332', 'YOGESH SINGH', 'LALIT SINGH', '2003.03.04', 'no-image.jpg', 'M', 'INDIAN', 'READING', 'Day Boarder', '10A', 2017, 'N', 'VVMIC MUNSYARI', '9', 'VILLAGE PAINKUTI', 'MUNSYARI', '262554', '1', 'UL', 'INDIA', '9756756041', 'x@gmail.com', 'Through Internet', '123569', '0000-00-00 00:00:00', 'nitin', '2017-18'),
('2017041333', 'YOGESH SINGH FARSWAN', 'RAMESH CHANDRA FARSWAN', '2003.09.15', 'no-image.jpg', 'M', 'INDIAN', 'RADINGH', 'Day Boarder', '10A', 2017, 'N', 'VVMIC MUNSYARI', '9', 'VILLAGE JOSHA', 'MUNSYARI', '262554', '1', 'UL', 'INDIA', '9917212997', 'x@gmail.com', 'Through Internet', '123570', '0000-00-00 00:00:00', 'nitin', '2017-18'),
('2017041334', 'KAVINDRA SINGH', 'DAN SINGH', '2003.01.04', 'no-image.jpg', 'M', 'INDIAN', 'CRICKET', 'Day Boarder', '10A', 2017, 'N', 'VVMIC MUNSYARI', '9', 'VILLAGE FAFA ', 'MUNSYARI', '262554', '1', 'UL', 'INDIA', '9756356569', 'x@gmail.com', 'Through Internet', '123571', '0000-00-00 00:00:00', 'nitin', '2017-18'),
('2017041335', 'BHUPENDRA SINGH LUNTRI', 'DHARAM SINGH LUNTRI', '2004.11.15', 'no-image.jpg', 'M', 'INDIAN', 'CRICKET', 'Day Boarder', '10A', 2017, 'N', 'GIC UCHHAITI', '9', 'VILLAGE FAFA ', 'MUNSYARI', '262554', '1', 'UL', 'INDIA', '7535828944', 'x@gmail.com', 'Through Internet', '123572', '0000-00-00 00:00:00', 'nitin', '2017-18'),
('2017041336', 'CHANDANI RAWAT', 'GANGA SINGH RAWAT', '2003.03.10', 'no-image.jpg', 'F', 'INDIAN', 'READING,PLAYING', 'Day Boarder', '10B', 2017, 'N', 'VVMIC MUNSYARI', '9', 'VILLAGE QUIRIJIMIYA', 'MUNSYARI', '262554', '1', 'UL', 'INDIA', '8941089124', 'x@gmail.com', 'Through Internet', '123573', '0000-00-00 00:00:00', 'nitin', '2017-18'),
('2017041337', 'CHETANA BHAKUNI', 'TRILOK SINGH BHAKUNI', '2003.03.20', 'no-image.jpg', 'F', 'INDIAN', 'READING,PLAYING', 'Day Boarder', '10B', 2017, 'N', 'VVMIC MUNSYARI', '9', 'VILLAGE BEESHA', 'MUNSYARI', '262554', '1', 'UL', 'INDIA', '9756364544', 'x@gmail.com', 'Through Internet', '123574', '0000-00-00 00:00:00', 'nitin', '2017-18'),
('2017041338', 'DIVYA BAGARI ', 'DURGA SINGH BAGARI', '2003.03.09', 'no-image.jpg', 'F', 'INDIAN', 'READING', 'Day Boarder', '10B', 2017, 'N', 'VVMIC MUNSYARI', '9', 'VILLAGE LENGA', 'MUNSYARI', '262554', '1', 'UL', 'INDIA', '8938075092', 'x@gmail.com', 'Through Internet', '123575', '0000-00-00 00:00:00', 'nitin', '2017-18'),
('2017041339', 'GARIMA BISHT', 'KUNDAN BISHT', '2003.03.10', 'no-image.jpg', 'F', 'INDIAN', 'READING', 'Day Boarder', '10B', 2017, 'N', 'VVMIC MUNSYARI', '9', 'VILLAE SAIPOLU', 'MUNSYARI', '262554', '1', 'UL', 'INDIA', '7534881794', 'x@gmail.com', 'Through Internet', '123576', '0000-00-00 00:00:00', 'nitin', '2017-18'),
('2017041340', 'KAVITA ARYA', 'TRILOK RAM', '2003.02.13', 'no-image.jpg', 'F', 'INDIAN', 'DANCING', 'Day Boarder', '10B', 2017, 'N', 'VVMIC MUNSYARI', '9', 'VILLAGE GARGHINYA', 'MUNSYARI', '262554', '1', 'UL', 'INDIA', '7055655290', 'x@gmail.com', 'Through Internet', '123577', '0000-00-00 00:00:00', 'nitin', '2017-18'),
('2017041341', 'KANISHKA TOLIA', 'JAGAT SINGH TOLIA', '2003.06.12', 'no-image.jpg', 'F', 'INDIAN', 'READING', 'Day Boarder', '10B', 2017, 'N', 'VVMIC MUNSYARI', '9', 'VILLAGE JAINTI', 'MUNSYARI', '262554', '1', 'UL', 'INDIA', '8958315997', 'x@gmail.com', 'Through Internet', '123578', '0000-00-00 00:00:00', 'nitin', '2017-18'),
('2017041342', 'MAHIMA RAUTELA', 'VINOD SINGH RAUTELA', '2003.03.16', 'no-image.jpg', 'F', 'INDIAN', 'READING,PLAYING', 'Day Boarder', '10B', 2017, 'N', 'VVMIC MUNSYARI', '9', 'VILLAGE SARMOLI', 'MUNSYARI', '262554', '1', 'UL', 'INDIA', '9410978123', 'x@gmail.com', 'Through Internet', '123579', '0000-00-00 00:00:00', 'nitin', '2017-18'),
('2017041343', 'RITU MARTOLIYA ', 'LAXMAN SINGH MARTOLIYA', '2003.04.04', 'no-image.jpg', 'F', 'INDIAN', 'READING', 'Day Boarder', '10B', 2017, 'N', 'VVMIC MUNSYARI', '9', 'VILLAGE QUIRIJIMIYA', 'MUNSYARI', '262554', '1', 'UL', 'INDIA', '7500405571', 'x@gmail.com', 'Through Internet', '123580', '0000-00-00 00:00:00', 'nitin', '2017-18'),
('2017041344', 'SANGEETA PANGTEY', 'KHADAK SINGH PANGTEY', '2003.04.20', 'no-image.jpg', 'F', 'INDIAN', 'READING,PLAYING', 'Day Boarder', '10B', 2017, 'N', 'VVMIC MUNSYARI', '9', 'VILLAGE TANGA', 'MUNSYARI', '262554', '1', 'UL', 'INDIA', '8171922450', 'x@gmail.com', 'Through Internet', '123581', '0000-00-00 00:00:00', 'nitin', '2017-18'),
('2017041345', 'NISHA VERMA', 'BHAGWAN VERMA', '2003.09.14', 'no-image.jpg', 'F', 'INDIAN', 'PLAYING', 'Day Boarder', '10B', 2017, 'N', 'VVMIC MUNSYARI', '9', 'VILLAGE JAINTI', 'MUNSYARI', '262554', '1', 'UL', 'INDIA', '8449400284', 'x@gmail.com', 'Through Internet', '123582', '0000-00-00 00:00:00', 'nitin', '2017-18'),
('2017041346', 'KOMAL RAWAT', 'MAHIPAL SINGH RAWAT', '2002.04.19', 'no-image.jpg', 'F', 'INDIAN', 'READING,PLAYING', 'Day Boarder', '10B', 2017, 'N', 'VVMIC MUNSYARI', '9', 'VILLAGE JAINTI', 'MUNSYARI', '262554', '1', 'UL', 'INDIA', '9627707058', 'x@gmail.com', 'Through Internet', '123583', '0000-00-00 00:00:00', 'nitin', '2017-18'),
('2017041347', 'BABITA KORANGA', 'RANJEET SINGH', '2003.03.26', 'no-image.jpg', 'F', 'INDIAN', 'READING,PLAYING', 'Day Boarder', '10B', 2017, 'N', 'VVMIC MUNSYARI', '9', 'VILLAGE SAIPOLU', 'MUNSYARI', '262554', '1', 'UL', 'INDIA', '9690064253', 'x@gmail.com', 'Through Internet', '123584', '0000-00-00 00:00:00', 'nitin', '2017-18'),
('2017041348', 'KARISHMA ', 'UTTAM SINGH', '2002.04.15', 'no-image.jpg', 'F', 'INDIAN', 'READING,PLAYING', 'Day Boarder', '10B', 2017, 'N', 'VVMIC MUNSYARI', '9', 'VILLAGE JOSHA', 'MUNSYARI', '262554', '1', 'UL', 'INDIA', '9837159147', 'x@gmail.com', 'Through Internet', '123585', '0000-00-00 00:00:00', 'nitin', '2017-18'),
('2017041349', 'DEEPIKA ARYA', 'NARAYAN RAM', '2002.04.15', 'no-image.jpg', 'F', 'INDIAN', 'READING,PLAYING', 'Day Boarder', '10B', 2017, 'N', 'VVMIC MUNSYARI', '9', 'VILLAGE SARMOLI', 'MUNSYARI', '262554', '1', 'UL', 'INDIA', '7500045436', 'x@gmail.com', 'Through Internet', '123586', '0000-00-00 00:00:00', 'nitin', '2017-18'),
('2017041350', 'AKSHAY SINGH JESTHA', 'DIWAN SINGH JESTHA', '2003.05.15', 'no-image.jpg', 'M', 'INDIAN', 'READING,PLAYING', 'Day Boarder', '10B', 2017, 'N', 'VVMIC MUNSYARI', '9', 'VILLAGE CHETICHIMLA', 'MUNSYARI', '262554', '1', 'UL', 'INDIA', '7351201519', 'x@gmail.com', 'Through Internet', '123587', '0000-00-00 00:00:00', 'nitin', '2017-18'),
('2017041351', 'DEEPANSHU BRIJWAL', 'LAXMAN SINGH BRIJWAL', '2001.06.16', 'no-image.jpg', 'M', 'INDIAN', 'READING,PLAYING', 'Day Boarder', '10B', 2017, 'N', 'VVMIC MUNSYARI', '9', 'VILLAGE BUNGA', 'MUNSYARI', '262554', '1', 'UL', 'INDIA', '9456393393', 'x@gmail.com', 'Through Internet', '123588', '0000-00-00 00:00:00', 'nitin', '2017-18'),
('2017041352', 'DEEPAK GIRI', 'CHANDRA GIRI', '2003.05.12', 'no-image.jpg', 'M', 'INDIAN', 'READING', 'Day Boarder', '10B', 2017, 'N', 'VVMIC MUNSYARI', '9', 'VILLAGE MALUPATI', 'MUNSYARI', '262554', '1', 'UL', 'INDIA', '9917236939', 'x@gmail.com', 'Through Internet', '123589', '0000-00-00 00:00:00', 'nitin', '2017-18'),
('2017041353', 'DEEPAK GOSWAMI', 'KEDAR GOSWAMI', '2003.04.12', 'no-image.jpg', 'M', 'INDIAN', 'READING', 'Day Boarder', '10B', 2017, 'N', 'VVMIC MUNSYARI', '9', 'VILLAGE HARKOTE', 'MUNSYARI', '262554', '1', 'UL', 'INDIA', '9690022712', 'x@gmail.com', 'Through Internet', '123590', '0000-00-00 00:00:00', 'nitin', '2017-18'),
('2017041354', 'DEEPAK SINGH NEGI', 'KISHAN NEGI', '2003.03.12', 'no-image.jpg', 'M', 'INDIAN', 'READING,PLAYING', 'Day Boarder', '10B', 2017, 'N', 'VVMIC MUNSYARI', '9', 'VILLAGE HARKOTE', 'MUNSYARI', '262555', '1', 'UL', 'INDIA', '9012568457', 'x@gmail.com', 'Through Internet', '123591', '0000-00-00 00:00:00', 'nitin', '2017-18'),
('2017041355', 'DEEPAK SINGH PACHHAI', 'INDRA SINGH PACHHAI', '2003.01.15', 'no-image.jpg', 'M', 'INDIAN', 'READING,PLAYING', 'Day Boarder', '10B', 2017, 'N', 'VVMIC MUNSYARI', '9', 'VILLAGE SARMOLI', 'MUNSYARI', '262554', '1', 'UL', 'INDIA', '9917240565', 'x@gmail.com', 'Through Internet', '123592', '0000-00-00 00:00:00', 'nitin', '2017-18'),
('2017041356', 'DHEERAJ SINGH CHIRAL', 'SHIV SINGH CHIRAL', '2003.01.15', 'no-image.jpg', 'M', 'INDIAN', 'READING,PLAYING', 'Day Boarder', '10B', 2017, 'N', 'VVMIC MUNSYARI', '9', 'VILLAGE CHAUNA', 'MUNSYARI', '262554', '1', 'UL', 'INDIA', '8057741225', 'x@gmail.com', 'Through Internet', '123593', '0000-00-00 00:00:00', 'nitin', '2017-18'),
('2017041357', 'DEVENDRA SINGH PANWAR', 'BHAGWAN SINGH PANWAR', '2002.11.11', 'no-image.jpg', 'M', 'INDIAN', 'READING,PLAYING', 'Day Boarder', '10B', 2017, 'N', 'VVMIC MUNSYARI', '9', 'VILLAGE SAMKOTE', 'MUNSYARI', '262554', '1', 'UL', 'INDIA', '9760565370', 'x@gmail.com', 'Through Internet', '123594', '0000-00-00 00:00:00', 'nitin', '2017-18'),
('2017041358', 'HIMANSHU JOSHI', 'GANESH CHANDRA JOSHI', '2002.05.28', 'no-image.jpg', 'M', 'INDIAN', 'READING,PLAYING', 'Day Boarder', '10B', 2017, 'N', 'VVMIC MUNSYARI', '9', 'VILLAGE BUNGA', 'MUNSYARI', '262554', '1', 'UL', 'INDIA', '9410775454', 'x@gmail.com', 'Through Internet', '123595', '0000-00-00 00:00:00', 'nitin', '2017-18'),
('2017041359', 'KRISHNA DOSAD', 'LALIT SINGH DOSAD', '2002.05.28', 'no-image.jpg', 'M', 'INDIAN', 'READING,PLAYING', 'Day Boarder', '10B', 2017, 'N', 'VVMIC MUNSYARI', '9', 'VILLAGE SEVILA', 'MUNSYARI', '262554', '1', 'UL', 'INDIA', '8192811231', 'x@gmail.com', 'Through Internet', '123596', '0000-00-00 00:00:00', 'nitin', '2017-18'),
('2017041360', 'LAXMAN SINGH PANWAR', 'DHAN SINGH PANWAR', '2003.07.01', 'no-image.jpg', 'M', 'INDIAN', 'READING,PLAYING', 'Day Boarder', '10B', 2017, 'N', 'VVMIC MUNSYARI', '9', 'VILLAGE SAMKOTE', 'MUNSYARI', '262554', '1', 'UL', 'INDIA', '9917891937', 'x@gmail.com', 'Through Internet', '123597', '0000-00-00 00:00:00', 'nitin', '2017-18'),
('2017041361', 'MANJEET KUMAR', 'TRILOK RAM', '2002.04.18', 'no-image.jpg', 'M', 'INDIAN', 'READING,PLAYING', 'Day Boarder', '10B', 2017, 'N', 'VVMIC MUNSYARI', '9', 'VILLAGE TALLA GHORPATTA', 'MUNSYARI', '262554', '1', 'UL', 'INDIA', '8193048568', 'x@gmail.com', 'Through Internet', '123598', '0000-00-00 00:00:00', 'nitin', '2017-18'),
('2017041362', 'MANOJ SINGH KORNGA', 'SUNDER SINGH', '2003.04.01', 'no-image.jpg', 'M', 'INDIAN', 'READING,PLAYING', 'Day Boarder', '10B', 2017, 'N', 'VVMIC MUNSYARI', '9', 'VILLAGE GIRGAON', 'MUNSYARI', '262554', '1', 'UL', 'INDIA', '8958394962', 'x@gmail.com', 'Through Internet', '123599', '0000-00-00 00:00:00', 'nitin', '2017-18'),
('2017041363', 'NEERAJ SINGH PANWAR', 'PRAYAG PANWAR', '2003.03.14', 'no-image.jpg', 'M', 'INDIAN', 'PLAYING', 'Day Boarder', '10B', 2017, 'N', 'VVMIC MUNSYARI', '9', 'VILLAGE SAMKOTE', 'MUNSYARI', '262554', '1', 'UL', 'INDIA', '7500232478', 'x@gmail.com', 'Through Internet', '123600', '0000-00-00 00:00:00', 'nitin', '2017-18'),
('2017041364', 'LAXMAN SINGH PANA', 'DHAN SINGH PANA', '2002.03.06', 'no-image.jpg', 'M', 'INDIAN', 'PLAYING', 'Day Boarder', '10B', 2017, 'N', 'VVMIC MUNSYARI', '9', 'VILLAGE DHEELAM', 'MUNSYARI', '262554', '1', 'UL', 'INDIA', '9568981010', 'x@gmail.com', 'Through Internet', '123601', '0000-00-00 00:00:00', 'nitin', '2017-18'),
('2017041365', 'NITISH SINGH JANGPANGI', 'BALA SINGH JANGPANGI', '2003.02.16', 'no-image.jpg', 'M', 'INDIAN', 'READING,PLAYING', 'Day Boarder', '10B', 2017, 'N', 'VVMIC MUNSYARI', '9', 'VILLAGE BUNGA', 'MUNSYARI', '262554', '1', 'UL', 'INDIA', '8191976811', 'x@gmail.com', 'Through Internet', '123602', '0000-00-00 00:00:00', 'nitin', '2017-18'),
('2017041366', 'NAVEEN SINGH PANCHPAL', 'SURESH SINGH PANCHPAL', '2003.06.02', 'no-image.jpg', 'M', 'INDIAN', 'READING,PLAYING', 'Day Boarder', '10B', 2017, 'N', 'VVMIC MUNSYARI', '9', 'VILLAGE BUNGA', 'MUNSYARI', '262554', '1', 'UL', 'INDIA', '9457367295', 'x@gmail.com', 'Through Internet', '123603', '0000-00-00 00:00:00', 'nitin', '2017-18'),
('2017041367', 'NITESH SINGH BISHT', 'GOVIND SINGH BISHT', '2003.02.16', 'no-image.jpg', 'M', 'INDIAN', 'READING', 'Day Boarder', '10B', 2017, 'N', 'VVMIC MUNSYARI', '9', 'VILLAGE SAIPOLU', 'MUNSYARI', '262554', '1', 'UL', 'INDIA', '7351844785', 'x@gmail.com', 'Through Internet', '123604', '0000-00-00 00:00:00', 'nitin', '2017-18'),
('2017041368', 'PAWAN SINGH KOSHIYARI', 'BHADUR SINGH KOSHIYARI', '2003.03.25', 'no-image.jpg', 'M', 'INDIAN', 'PLAYING', 'Day Boarder', '10B', 2017, 'N', 'VVMIC MUNSYARI', '9', 'VILLAGE UCHHAITI', 'MUNSYARI', '262554', '1', 'UL', 'INDIA', '9639708171', 'x@gmail.com', 'Through Internet', '123605', '0000-00-00 00:00:00', 'nitin', '2017-18'),
('2017041369', 'PANKAJ SINGH TRIPATHI', 'DEVIDATT TRIPATHI', '2002.02.05', 'no-image.jpg', 'M', 'INDIAN', 'READING', 'Day Boarder', '10B', 2017, 'N', 'VVMIC MUNSYARI', '9', 'VILLAGE SERASURAI', 'MUNSYARI', '262554', '1', 'UL', 'INDIA', '8192850090', 'x@gmail.com', 'Through Internet', '123606', '0000-00-00 00:00:00', 'nitin', '2017-18'),
('2017041370', 'RAHUL SINGH SUMTYAL', 'SITARAM SINGH', '2004.06.21', 'no-image.jpg', 'M', 'INDIAN', 'PLAYING', 'Day Boarder', '10B', 2017, 'N', 'VVMIC MUNSYARI', '9', 'VILLAGE SARMOLI', 'MUNSYARI', '262554', '1', 'UL', 'INDIA', '9568213494', 'x@gmail.com', 'Through Internet', '123607', '0000-00-00 00:00:00', 'nitin', '2017-18'),
('2017041371', 'SHUBHAM JOSHI', 'MAHESH CHANDRA JOSHI', '2003.07.27', 'no-image.jpg', 'M', 'INDIAN', 'READING', 'Day Boarder', '10B', 2017, 'N', 'VVMIC MUNSYARI', '9', 'VILLAGE BASBAGAR', 'MUNSYARI', '262554', '1', 'UL', 'INDIA', '8979945484', 'x@gmail.com', 'Through Internet', '123608', '0000-00-00 00:00:00', 'nitin', '2017-18'),
('2017041372', 'HIMANSHU BARFAL', 'SHIVRAJ SINGH BARFAL', '2003.03.20', 'no-image.jpg', 'M', 'INDIAN', 'PLAYING', 'Day Boarder', '10B', 2017, 'N', 'VVMIC MUNSYARI', '9', 'VILLAGE DARATI', 'MUNSYARI', '262554', '1', 'UL', 'INDIA', '9568213678', 'x@gmail.com', 'Through Internet', '123609', '0000-00-00 00:00:00', 'nitin', '2017-18'),
('2017041373', 'TRIBHUWAN SINGH MAHAR', 'RAM SINGH', '2003.01.27', 'no-image.jpg', 'M', 'INDIAN', 'READING', 'Day Boarder', '10B', 2017, 'N', 'VVMIC MUNSYARI', '9', 'VILLAGE SAMKOTE', 'MUNSYARI', '262554', '1', 'UL', 'INDIA', '9917762015', 'x@gmail.com', 'Through Internet', '123610', '0000-00-00 00:00:00', 'nitin', '2017-18'),
('2017041374', 'TARUN SINGH RALMAL', 'JAGDISH SINGH', '2003.07.02', 'no-image.jpg', 'M', 'INDIAN', 'PLAYING', 'Day Boarder', '10B', 2017, 'N', 'VVMIC MUNSYARI', '9', 'VILLAGE BUIE ', 'MUNSYARI', '262554', '1', 'UL', 'INDIA', '9917169035', 'x@gmail.com', 'Through Internet', '123611', '0000-00-00 00:00:00', 'nitin', '2017-18'),
('2017041375', 'GANESH SINGH DHAMI', 'BHADUR SINGH DHAMI', '2003.10.15', 'no-image.jpg', 'M', 'INDIAN', 'READING', 'Day Boarder', '10B', 2017, 'N', 'VVMIC MUNSYARI', '9', 'VILLAGE ALAM', 'MUNSYARI', '262554', '1', 'UL', 'INDIA', '7500644732', 'x@gmail.com', 'Through Internet', '123612', '0000-00-00 00:00:00', 'nitin', '2017-18'),
('2017041376', 'ROHIT PANCHPAL', 'KEDAR SINGH PANCHPAL', '2004.03.15', 'no-image.jpg', 'M', 'INDIAN', 'PLAYING', 'Day Boarder', '10B', 2017, 'N', 'VVMIC MUNSYARI', '9', 'VILLAGE TALLA GHORPATTA', 'MUNSYARI', '262554', '1', 'UL', 'INDIA', '7088043877', 'x@gmail.com', 'Through Internet', '123613', '0000-00-00 00:00:00', 'nitin', '2017-18'),
('2017041377', 'DHEERAJ SINGH BRIJWAL', 'BHAGWAN SINGH ', '2002.07.16', 'no-image.jpg', 'M', 'INDIAN', 'READING', 'Day Boarder', '10B', 2017, 'N', 'VVMIC MUNSYARI', '9', 'VILLAGE TALLA DUMMAR', 'MUNSYARI', '262554', '1', 'UL', 'INDIA', '7599419227', 'x@gmail.com', 'Through Internet', '123614', '0000-00-00 00:00:00', 'nitin', '2017-18'),
('2017041378', 'RAVINDRA SINGH MEHTA', 'NARENDRA SINGH MEHTA', '2004.02.24', 'no-image.jpg', 'M', 'INDIAN', 'PLAYING', 'Day Boarder', '10B', 2017, 'N', 'VVMIC MUNSYARI', '9', 'VILLAGE TALLA DUMMAR', 'MUNSYARI', '262554', '1', 'UL', 'INDIA', '8941071463', 'x@gmail.com', 'Through Internet', '123615', '0000-00-00 00:00:00', 'nitin', '2017-18'),
('2017041379', 'TRIBHUWAN SINGH MAPWAL', 'PURAN SINGH MAPWAL', '2002.01.02', 'no-image.jpg', 'M', 'INDIAN', 'PLAYING', 'Day Boarder', '10B', 2017, 'N', 'VVMIC MUNSYARI', '9', 'VILLAGE MAPWALBARA', 'MADKOTE', '262554', '1', 'UL', 'INDIA', '9690589400', 'x@gmail.com', 'Through Internet', '123616', '0000-00-00 00:00:00', 'nitin', '2017-18'),
('2017041380', 'KRISHNA SINGH DANU', 'NETRA SINGH DANU', '2003.12.14', 'no-image.jpg', 'M', 'INDIAN', 'READING', 'Day Boarder', '10B', 2017, 'N', 'VVMIC MUNSYARI', '9', 'VILLAGE LEELAM', 'MUNSYARI', '262554', '1', 'UL', 'INDIA', '9837154248', 'x@gmail.com', 'Through Internet', '123617', '0000-00-00 00:00:00', 'nitin', '2017-18'),
('2017041381', 'DINESH RAM', 'KISHAN RAM', '2002.03.15', 'no-image.jpg', 'M', 'INDIAN', 'PLAYING', 'Day Boarder', '10B', 2017, 'N', 'VVMIC MUNSYARI', '9', 'VILLAGE TALLA DUMMAR', 'MUNSYARI', '262554', '1', 'UL', 'INDIA', '8941014114', 'x@gmail.com', 'Through Internet', '123618', '0000-00-00 00:00:00', 'nitin', '2017-18'),
('2017041382', 'MANISH PRAKASH', 'LALIT RAM', '2002.01.11', 'no-image.jpg', 'M', 'INDIAN', 'PLAYING', 'Day Boarder', '10B', 2017, 'N', 'VVMIC MUNSYARI', '9', 'VILLAGE TALLA DUMMAR', 'MUNSYARI', '262554', '1', 'UL', 'INDIA', '9356366574', 'x@gmail.com', 'Through Internet', '123619', '0000-00-00 00:00:00', 'nitin', '2017-18'),
('2017041383', 'MAYA MEHRA', 'RAMESH SINGH MEHRA', '2003.03.17', 'no-image.jpg', 'F', 'INDIAN', 'READING', 'Day Boarder', '10B', 2017, 'N', 'VVMIC MUNSYARI', '9', 'VILLAGE NAMJALA', 'MUNSYARI', '262554', '1', 'UL', 'INDIA', '8476830545', 'x@gmail.com', 'Through Internet', '123620', '0000-00-00 00:00:00', 'nitin', '2017-18'),
('2017041384', 'KIRAN FARSWAN', 'NATH SINGH FARSWAN', '2001.09.04', 'no-image.jpg', 'F', 'INDIAN', 'READING', 'Day Boarder', '12A', 2017, 'N', 'VVMIC MUNSYARI', '11', 'VILLAGE BHADELI', 'MUNSYARI', '262554', '1', 'UL', 'INDIA', '8958209151', 'x@gmail.com', 'Through Internet', '123621', '0000-00-00 00:00:00', 'nitin', '2017-18'),
('2017041385', 'PRATYUSHA NIKHURPA', 'MAHENDRA SINGH', '2001.09.22', 'no-image.jpg', 'F', 'INDIAN', 'READING', 'Day Boarder', '12A', 2017, 'N', 'VVMIC MUNSYARI', '11', 'VILLAGE NANASEM', 'MUNSYARI', '262555', '1', 'UL', 'INDIA', '9568206220', 'x@gmail.com', 'Through Internet', '123622', '0000-00-00 00:00:00', 'nitin', '2017-18'),
('2017041386', 'RAMESWARI MARTOLIA', 'KALU SINGH MARTOLIA', '2001.11.03', 'no-image.jpg', 'F', 'INDIAN', 'READING', 'Day Boarder', '12A', 2017, 'N', 'VVMIC MUNSYARI', '11', 'BUNGA', 'MUNSYARI', '262554', '1', 'UL', 'INDIA', '7351638535', 'x@gmail.com', 'Through Internet', '123623', '0000-00-00 00:00:00', 'nitin', '2017-18'),
('2017041387', 'REKHA PANWAR', 'GOVIND SINGH PANWAR', '2001.02.04', 'no-image.jpg', 'F', 'INDIAN', 'READING', 'Day Boarder', '12A', 2017, 'N', 'VVMIC MUNSYARI', '11', 'VILLAGE SAMKOTE', 'MUNSYARI', '262554', '1', 'UL', 'INDIA', '7351145510', 'x@gmail.com', 'Through Internet', '123624', '0000-00-00 00:00:00', 'nitin', '2017-18'),
('2017041388', 'ABHILASH SINGH BAGARI', 'PREM SINGH BAGARI', '2001.03.02', 'no-image.jpg', 'M', 'INDIAN', 'READING', 'Day Boarder', '12A', 2017, 'N', 'VVMIC MUNSYARI', '11', 'VILLAGE BUEI', 'MUNSYARI', '262554', '1', 'UL', 'INDIA', '9917009199', 'x@gmail.com', 'Through Internet', '123625', '0000-00-00 00:00:00', 'nitin', '2017-18'),
('2017041389', 'AJAY PRAKESH', 'RAMESH RAM', '2001.06.12', 'no-image.jpg', 'M', 'INDIAN', 'READING', 'Day Boarder', '12A', 2017, 'N', 'VVMIC MUNSYARI', '11', 'VILLAGE MATENA', 'MUNSYARI', '262554', '1', 'UL', 'INDIA', '9756533885', 'x@gmail.com', 'Through Internet', '123626', '0000-00-00 00:00:00', 'nitin', '2017-18'),
('2017041390', 'ARJUN SINGH BISHT', 'KHARAK SINGH', '2000.06.28', 'no-image.jpg', 'M', 'INDIAN', 'PLAYING', 'Day Boarder', '12A', 2017, 'N', 'VVMIC MUNSYARI', '11', 'VILLAGE SARMOLI ', 'MUNSYARI', '262554', '1', 'UL', 'INDIA', '8937974476', 'x@gmail.com', 'Through Internet', '123627', '0000-00-00 00:00:00', 'nitin', '2017-18'),
('2017041391', 'BHAWESH JOSHI ', 'GANGA PRASAD JOSHI', '2001.10.15', 'no-image.jpg', 'M', 'INDIAN', 'READING', 'Day Boarder', '12A', 2017, 'N', 'VVMIC MUNSYARI', '11', 'VILLAGE MASMOLI DIDIHAT', 'DIDIHAT', '262552', '1', 'UL', 'INDIA', '8476905173', 'x@gmail.com', 'Through Internet', '123628', '0000-00-00 00:00:00', 'nitin', '2017-18'),
('2017041392', 'BHUPENDRA SINGH MARTOLIYA', 'MANOHAR SINGH MARTOLIA', '2001.06.27', 'no-image.jpg', 'M', 'INDIAN', 'READING', 'Day Boarder', '12A', 2017, 'N', 'VVMIC MUNSYARI', '11', 'VILLAGE MAGAR BALA', 'MUNSYARI', '262553', '1', 'UL', 'INDIA', '8449766101', 'x@gmail.com', 'Through Internet', '123629', '0000-00-00 00:00:00', 'nitin', '2017-18'),
('2017041393', 'VIRENDRA SINGH KHATRI', 'NARENDRA SINGH KHATRI', '2001.06.04', 'no-image.jpg', 'M', 'INDIAN', 'WRITING', 'Day Boarder', '12A', 2017, 'N', 'VVMIC MUNSYARI', '11', 'VILLAGE UCHHAITI', 'MUNSYARI', '262554', '1', 'UL', 'INDIA', '7248457302', 'x@gmail.com', 'Through Internet', '123630', '0000-00-00 00:00:00', 'nitin', '2017-18'),
('2017041394', 'DEEPAK SINGH BRIJWAL', 'MAHIMAN SINGH BRIJWAL', '2001.03.02', 'no-image.jpg', 'M', 'INDIAN', 'PLAYING', 'Day Boarder', '12A', 2017, 'N', 'VVMIC MUNSYARI', '11', 'VILLAGE TALLA DUMMAR', 'MUNSYARI', '262554', '1', 'UL', 'INDIA', '8958945084', 'x@gmail.com', 'Through Internet', '123631', '0000-00-00 00:00:00', 'nitin', '2017-18'),
('2017041395', 'DINESH SINGH RAWAT', 'RUDRA SINGH RAWAT', '2001.07.05', 'no-image.jpg', 'M', 'INDIAN', 'READING ', 'Day Boarder', '12A', 2017, 'N', 'VVMIC MUNSYARI', '11', 'VILLAGE QUIRIJIMIYA', 'MUNSYARI', '262554', '1', 'UL', 'INDIA', '9927171871', 'x@gmail.com', 'Through Internet', '123632', '0000-00-00 00:00:00', 'nitin', '2017-18'),
('2017041396', 'GANESH SINGH SORAGI', 'BHAGAT SINGH SORAGI', '2000.06.16', 'no-image.jpg', 'M', 'INDIAN', 'READING', 'Day Boarder', '12A', 2017, 'N', 'VVMIC MUNSYARI', '11', 'VILLAGE SENAR ', 'MUNSYARI', '262554', '1', 'UL', 'INDIA', '9837603049', 'x@gmail.com', 'Through Internet', '123633', '0000-00-00 00:00:00', 'nitin', '2017-18'),
('2017041397', 'GAURAV SINGH DHARAMSHATU', 'DEVINDRA SINGH DHARMSHATU', '2002.04.25', 'no-image.jpg', 'M', 'INDIAN', 'READING', 'Day Boarder', '12A', 2017, 'N', 'VVMIC MUNSYARI', '11', 'VILLAGE DARKOTE', 'MUNSYARI', '262554', '1', 'UL', 'INDIA', '7248684014', 'x@gmail.com', 'Through Internet', '123634', '0000-00-00 00:00:00', 'nitin', '2017-18'),
('2017041398', 'JATIN SINGH ', 'KEDAR SINGH', '2001.05.04', 'no-image.jpg', 'M', 'INDIAN', 'PLAYING', 'Day Boarder', '12A', 2017, 'N', 'VVMIC MUNSYARI', '11', 'VILLAGE NANASEM', 'MUNSYARI', '262554', '1', 'UL', 'INDIA', '9568428194', 'x@gmail.com', 'Through Internet', '123635', '0000-00-00 00:00:00', 'nitin', '2017-18'),
('2017041399', 'JEEWAN CHANDRA DIVEDI', 'POORAN CHANDRA DIVEDI', '2001.05.01', 'no-image.jpg', 'M', 'INDIAN', 'READING', 'Day Boarder', '12A', 2017, 'N', 'VVMIC MUNSYARI', '11', 'VILLAGE SEMALI', 'MUNSYARI', '262553', '1', 'UL', 'INDIA', '9927457819', 'x@gmail.com', 'Through Internet', '123636', '0000-00-00 00:00:00', 'nitin', '2017-18'),
('2017041400', 'JITENDRA SINGH BOTHAYAL', 'ANAND SINGH BOTHAYAL', '2000.08.20', 'no-image.jpg', 'M', 'INDIAN', 'READING', 'Day Boarder', '12A', 2017, 'N', 'VVMIC MUNSYARI', '11', 'VILLAGE BOTHI', 'MUNSYARI', '262554', '1', 'UL', 'INDIA', '9927457819', 'x@gmail.com', 'Through Internet', '123637', '0000-00-00 00:00:00', 'nitin', '2017-18'),
('2017041401', 'HEMRAJ SINGH ', 'RAM SINGH ', '2001.06.17', 'no-image.jpg', 'M', 'INDIAN', 'READING', 'Day Boarder', '12A', 2017, 'N', 'VVMIC MUNSYARI', '11', 'VILLAGE RINGU', 'MUNSYARI', '262554', '1', 'UL', 'INDIA', '8941076040', 'x@gmail.com', 'Through Internet', '123638', '0000-00-00 00:00:00', 'nitin', '2017-18'),
('2017041402', 'HIMANSHU KUMAR ', 'GOKARAN RAM', '2001.06.26', 'no-image.jpg', 'M', 'INDIAN', 'READING', 'Day Boarder', '12A', 2017, 'N', 'VVMIC MUNSYARI', '11', 'VILLAGE BALA', 'MUNSYARI', '262553', '1', 'UL', 'INDIA', 'x', 'x@gmail.com', 'Through Internet', '123639', '0000-00-00 00:00:00', 'nitin', '2017-18'),
('2017041403', 'LOVRAJ SING ', 'JASWANT SINGH', '1999.12.16', 'no-image.jpg', 'M', 'INDIAN', 'READING', 'Day Boarder', '12A', 2017, 'N', 'VVMIC MUNSYARI', '11', 'VILLAGE PHAPA', 'MUNSYARI', '262553', '1', 'UL', 'INDIA', '8958308770', 'x@gmail.com', 'Through Internet', '123640', '0000-00-00 00:00:00', 'nitin', '2017-18'),
('2017041404', 'LOVRAJ SINGH JESTHA', 'KALYAN SINGH JESTHA', '1999.12.29', 'no-image.jpg', 'M', 'INDIAN', 'READING', 'Day Boarder', '12A', 2017, 'N', 'VVMIC MUNSYARI', '11', 'VILLAGE KAWADHAR', 'MUNSYARI', '262554', '1', 'UL', 'INDIA', '7536844654', 'x@gmail.com', 'Through Internet', '123641', '0000-00-00 00:00:00', 'nitin', '2017-18'),
('2017041405', 'LAXMAN SINGH DARIYAL', 'KUNDAN SINGH DARIYAL', '2001.07.15', 'no-image.jpg', 'M', 'INDIAN', 'READING', 'Day Boarder', '12A', 2017, 'N', 'VVMIC MUNSYARI', '11', 'VILLAGE PATO', 'MUNSYARI', '262554', '1', 'UL', 'INDIA', '9012667824', 'x@gmail.com', 'Through Internet', '123642', '0000-00-00 00:00:00', 'nitin', '2017-18'),
('2017041406', 'LOKESH KUMAR ', 'DHARAM RAM', '2001.09.27', 'no-image.jpg', 'M', 'INDIAN', 'READING', 'Day Boarder', '12A', 2017, 'N', 'VVMIC MUNSYARI', '11', 'VILLAGE JAINTI', 'MUNSYARI', '262554', '1', 'UL', 'INDIA', '7248204772', 'x@gmail.com', 'Through Internet', '123643', '0000-00-00 00:00:00', 'nitin', '2017-18'),
('2017041407', 'MAHIMANT RAM ', 'KUNWAR RAM', '1999.07.01', 'no-image.jpg', 'M', 'INDIAN', 'READING', 'Day Boarder', '12A', 2017, 'N', 'VVMIC MUNSYARI', '11', 'VILLAGE HOKARA', 'MUNSYARI', '262553', '1', 'UL', 'INDIA', '7409579117', 'x@gmail.com', 'Through Internet', '123644', '0000-00-00 00:00:00', 'nitin', '2017-18'),
('2017041408', 'MANISH SINGH NEGI', 'JAGDISH SINGH NEGI', '2001.04.15', 'no-image.jpg', 'M', 'INDIAN', 'PLAYING', 'Day Boarder', '12A', 2017, 'N', 'VVMIC MUNSYARI', '11', 'VILLAGE HARKOTE ', 'MUNSYARI', '262554', '1', 'UL', 'INDIA', '8057781651', 'x@gmail.com', 'Through Internet', '123645', '0000-00-00 00:00:00', 'nitin', '2017-18'),
('2017041409', 'MANMOHAN SINGH MEHRA', 'DURGA SINGH MEHRA', '2000.05.13', 'no-image.jpg', 'M', 'INDIAN', 'PLAYING', 'Day Boarder', '12A', 2017, 'N', 'VVMIC MUNSYARI', '11', 'VILLAGE MALLA GHORPATTA', 'MUNSYARI', '262554', '1', 'UL', 'INDIA', '8449612743', 'x@gmail.com', 'Through Internet', '123646', '0000-00-00 00:00:00', 'nitin', '2017-18'),
('2017041410', 'MAYANK SINGH DHAPWAL', 'DEVENDRA SINGH DHAPWAL', '2000.11.10', 'no-image.jpg', 'M', 'INDIAN', 'READING', 'Day Boarder', '12A', 2017, 'N', 'VVMIC MUNSYARI', '11', 'VILLAGE DHAPA', 'MUNSYARI', '262554', '1', 'UL', 'INDIA', '7351723539', 'x@gmail.com', 'Through Internet', '123647', '0000-00-00 00:00:00', 'nitin', '2017-18'),
('2017041411', 'NARESH SINGH BHANDARI', 'CHANDRA SINGH BHANDARI', '2001.12.21', 'no-image.jpg', 'M', 'INDIAN', 'READING', 'Day Boarder', '12A', 2017, 'N', 'VVMIC MUNSYARI', '11', 'VILLAGE KUKRAULI DIDIHAT', 'MUNSYARI', '262552', '1', 'UL', 'INDIA', '8476020206', 'x@gmail.com', 'Through Internet', '123648', '0000-00-00 00:00:00', 'nitin', '2017-18'),
('2017041412', 'PANKAJ KUMAR', 'JAGAT RAM', '2002.04.10', 'no-image.jpg', 'M', 'INDIAN', 'PLAYING', 'Day Boarder', '12A', 2017, 'N', 'VVMIC MUNSYARI', '11', 'VILLAGE JAINTI', 'MUNSYARI', '262554', '1', 'UL', 'INDIA', '9557944891', 'x@gmail.com', 'Through Internet', '123649', '0000-00-00 00:00:00', 'nitin', '2017-18'),
('2017041413', 'PANKAJ SINGH JESTHA', 'ANAND SINGH ', '1999.10.12', 'no-image.jpg', 'M', 'INDIAN', 'READING', 'Day Boarder', '12A', 2017, 'N', 'VVMIC MUNSYARI', '11', 'VILLAGE MATENA', 'MUNSYARI', '262554', '1', 'UL', 'INDIA', 'x', 'x@gmail.com', 'Through Internet', '123650', '0000-00-00 00:00:00', 'nitin', '2017-18'),
('2017041414', 'RAHUL RAITO', 'TARINEE RAITO', '1999.03.15', 'no-image.jpg', 'M', 'INDIAN', 'READING', 'Day Boarder', '12A', 2017, 'N', 'VVMIC MUNSYARI', '11', 'SATRA UREESA', 'MUNSYARI', '761214', '1', 'UL', 'INDIA', '9927345629', 'x@gmail.com', 'Through Internet', '123651', '0000-00-00 00:00:00', 'nitin', '2017-18'),
('2017041415', 'RAJENDRA SINGH ', 'KHUSHAL SINGH BARNIYA', '2006.04.03', 'no-image.jpg', 'M', 'INDIAN', 'READING', 'Day Boarder', '12A', 2017, 'N', 'VVMIC MUNSYARI', '11', 'VILLAGE BARNIYAGAON', 'MUNSYARI', '262554', '1', 'UL', 'INDIA', '9997735862', 'x@gmail.com', 'Through Internet', '123652', '0000-00-00 00:00:00', 'nitin', '2017-18'),
('2017041416', 'RAJENDRA SINGH BHANDARI', 'DEEWAN SINGH BHANDARI', '2001.12.05', 'no-image.jpg', 'M', 'INDIAN', 'READING', 'Day Boarder', '12A', 2017, 'N', 'VVMIC MUNSYARI', '11', 'VILLAGE DHUNAMANI', 'MUNSYARI', '262554', '1', 'UL', 'INDIA', '9639279156', 'x@gmail.com', 'Through Internet', '123653', '0000-00-00 00:00:00', 'nitin', '2017-18'),
('2017041417', 'RAJESH JOSHI', 'ANAND BALLABH JOSHI', '2001.07.05', 'no-image.jpg', 'M', 'INDIAN', 'PLAYING', 'Day Boarder', '12A', 2017, 'N', 'VVMIC MUNSYARI', '11', 'VILLAGE SERASURAIDHAR', 'MUNSYARI', '262554', '1', 'UL', 'INDIA', '7088059154', 'x@gmail.com', 'Through Internet', '123654', '0000-00-00 00:00:00', 'nitin', '2017-18'),
('2017041418', 'RAKESH SINGH ', 'BHUPENDRA SINGH', '2003.09.06', 'no-image.jpg', 'M', 'INDIAN', 'READING', 'Day Boarder', '12A', 2017, 'N', 'VVMIC MUNSYARI', '11', 'BHADELI', 'MUNSYARI', '262554', '1', 'UL', 'INDIA', '7900317421', 'x@gmail.com', 'Through Internet', '123655', '0000-00-00 00:00:00', 'nitin', '2017-18'),
('2017041419', 'RISHABH SINGH JESTHA', 'NARAYAN SINGH JESTHA', '2000.01.03', 'no-image.jpg', 'M', 'INDIAN', 'PLAYING', 'Day Boarder', '12A', 2017, 'N', 'VVMIC MUNSYARI', '11', 'VILLAGE  TALLA GHORPATTA', 'MUNSYARI', '262554', '1', 'UL', 'INDIA', '7535880335', 'x@gmail.com', 'Through Internet', '123656', '0000-00-00 00:00:00', 'nitin', '2017-18'),
('2017041420', 'ROHIT PANT', 'TRILOCHAN PANT', '2002.09.02', 'no-image.jpg', 'M', 'INDIAN', 'PLAYING', 'Day Boarder', '12A', 2017, 'N', 'VVMIC MUNSYARI', '11', 'BARSAYAT BERINAG', 'BERINAG', '262552', '1', 'UL', 'INDIA', '8191958779', 'x@gmail.com', 'Through Internet', '123657', '0000-00-00 00:00:00', 'nitin', '2017-18'),
('2017041421', 'SACHIN SINGH GHEENGA', 'GOKARAN SINGH GHINGA', '2001.07.05', 'no-image.jpg', 'M', 'INDIAN', 'READING', 'Day Boarder', '12A', 2017, 'N', 'VVMIC MUNSYARI', '11', 'VILLAGE UCHHAITI', 'MUNSYARI', '262554', '1', 'UL', 'INDIA', '9917193002', 'x@gmail.com', 'Through Internet', '123658', '0000-00-00 00:00:00', 'nitin', '2017-18'),
('2017041422', 'SAGAR SINGH DHOKTI', 'MANOHAR SINGH DHOKTI', '2000.07.12', 'no-image.jpg', 'M', 'INDIAN', 'PLAYING', 'Day Boarder', '12A', 2017, 'N', 'VVMIC MUNSYARI', '11', 'VILLAGE BASANTKOTE', 'MUNSYARI', '262554', '1', 'UL', 'INDIA', '8192067594', 'x@gmail.com', 'Through Internet', '123659', '0000-00-00 00:00:00', 'nitin', '2017-18'),
('2017041423', 'SUNIL SINGH NIKHURPA ', 'MANOHAR SINGH NIKHURPA', '2001.06.15', 'no-image.jpg', 'M', 'INDIAN', 'READING', 'Day Boarder', '12A', 2017, 'N', 'VVMIC MUNSYARI', '11', 'VILLAGE NANASEM', 'MUNSYARI', '262554', '1', 'UL', 'INDIA', '9568794490', 'x@gmail.com', 'Through Internet', '123660', '0000-00-00 00:00:00', 'nitin', '2017-18'),
('2017041424', 'SURAJ SINGH', 'LAXMAN SINGH', '2001.06.04', 'no-image.jpg', 'M', 'INDIAN', 'READING', 'Day Boarder', '12A', 2017, 'N', 'VVMIC MUNSYARI', '11', 'VILLAGE PATO', 'MUNSYARI', '262554', '1', 'UL', 'INDIA', '9756072587', 'x@gmail.com', 'Through Internet', '123661', '0000-00-00 00:00:00', 'nitin', '2017-18'),
('2017041425', 'SURAJ SINGH BHANDARI', 'KUNWAR SINGH BHANDARI', '2001.07.26', 'no-image.jpg', 'M', 'INDIAN', 'PLAYING', 'Day Boarder', '12A', 2017, 'N', 'VVMIC MUNSYARI', '11', 'VILLAGE JOSHA', 'MUNSYARI', '262554', '1', 'UL', 'INDIA', '9760656941', 'x@gmail.com', 'Through Internet', '123662', '0000-00-00 00:00:00', 'nitin', '2017-18'),
('2017041426', 'VIKRAM SINGH GANGHARIA', 'PAAN SINGH GANGHARIA', '1999.04.26', 'no-image.jpg', 'M', 'INDIAN', 'PLAYING', 'Day Boarder', '12A', 2017, 'N', 'VVMIC MUNSYARI', '11', 'VILLAGE LEELAM', 'MUNSYARI', '262554', '1', 'UL', 'INDIA', '9639784104', 'x@gmail.com', 'Through Internet', '123663', '0000-00-00 00:00:00', 'nitin', '2017-18'),
('2017041427', 'VINOD SINGH DHAPWAL', 'DEVENDRA SINGH DHAPWAL', '1999.09.30', 'no-image.jpg', 'M', 'INDIAN', 'READING', 'Day Boarder', '12A', 2017, 'N', 'VVMIC MUNSYARI', '11', 'VILLAGE DHAPA', 'MUNSYARI', '262554', '1', 'UL', 'INDIA', '7055655368', 'x@gmail.com', 'Through Internet', '123664', '0000-00-00 00:00:00', 'nitin', '2017-18'),
('2017051251', 'Rakesh Chandra Gupta', 'Suresh chandra Gupta', '2001-05-12', 'no-image.jpg', 'M', '-x-', '-x-', 'Day Boarder', '9A', 2017, 'YES', 'new era public school', '8', 'Ram Nagar post - Ram Nagar', 'Ram Nagar', '263158', '1', 'UL', 'India', '8449546890', 'hshjj@gmail.com', 'Through Internet', '123456', '2017-05-05 06:52:46', 'nitin', '2017-18');

-- --------------------------------------------------------

--
-- Table structure for table `user_menu`
--

CREATE TABLE `user_menu` (
  `ID` int(11) NOT NULL,
  `MENU` int(11) NOT NULL,
  `USER_` varchar(5) NOT NULL
) ENGINE=InnoDB DEFAULT CHARSET=utf8;

--
-- Dumping data for table `user_menu`
--

INSERT INTO `user_menu` (`ID`, `MENU`, `USER_`) VALUES
(1, 1, 'adm'),
(2, 2, 'adm'),
(3, 3, 'adm'),
(4, 4, 'adm'),
(5, 5, 'adm'),
(6, 6, 'adm'),
(7, 7, 'adm'),
(8, 8, 'adm'),
(9, 9, 'adm'),
(10, 1, 'fc'),
(11, 1, 'deo'),
(12, 2, 'deo'),
(14, 4, 'deo'),
(15, 5, 'deo'),
(16, 6, 'deo'),
(17, 7, 'deo');

-- --------------------------------------------------------

--
-- Table structure for table `_id_`
--

CREATE TABLE `_id_` (
  `ID_` int(11) NOT NULL,
  `regid_` varchar(25) NOT NULL,
  `SESSIONID` varchar(20) NOT NULL
) ENGINE=InnoDB DEFAULT CHARSET=utf8;

--
-- Dumping data for table `_id_`
--

INSERT INTO `_id_` (`ID_`, `regid_`, `SESSIONID`) VALUES
(1450, '2017101450', '2017-18');

--
-- Indexes for dumped tables
--

--
-- Indexes for table `class_1_classes`
--
ALTER TABLE `class_1_classes`
  ADD PRIMARY KEY (`CLASSID`);

--
-- Indexes for table `class_2_in_session`
--
ALTER TABLE `class_2_in_session`
  ADD PRIMARY KEY (`CLSSESSID`),
  ADD KEY `CLASSID` (`CLASSID`),
  ADD KEY `SESSID` (`SESSID`);

--
-- Indexes for table `class_3_class_wise_students`
--
ALTER TABLE `class_3_class_wise_students`
  ADD PRIMARY KEY (`ID_`),
  ADD KEY `regid` (`regid`),
  ADD KEY `CLSSESSID` (`CLSSESSID`),
  ADD KEY `USERNAME_` (`USERNAME_`),
  ADD KEY `regid_2` (`regid`);

--
-- Indexes for table `class_4_class_wise_attendance`
--
ALTER TABLE `class_4_class_wise_attendance`
  ADD PRIMARY KEY (`ATTID`);

--
-- Indexes for table `exam_1_scholastic_items`
--
ALTER TABLE `exam_1_scholastic_items`
  ADD PRIMARY KEY (`itemID`);

--
-- Indexes for table `exam_2_add_scholastic_to_class`
--
ALTER TABLE `exam_2_add_scholastic_to_class`
  ADD PRIMARY KEY (`ADDSCHCLASSID`);

--
-- Indexes for table `exam_3_coscholastic_items`
--
ALTER TABLE `exam_3_coscholastic_items`
  ADD PRIMARY KEY (`coitemID`);

--
-- Indexes for table `exam_4_add_coscholastic_to_class`
--
ALTER TABLE `exam_4_add_coscholastic_to_class`
  ADD PRIMARY KEY (`ADDCOSCHCLASSID`);

--
-- Indexes for table `exam_5_term`
--
ALTER TABLE `exam_5_term`
  ADD PRIMARY KEY (`termID`);

--
-- Indexes for table `exam_6_scholastic_result`
--
ALTER TABLE `exam_6_scholastic_result`
  ADD PRIMARY KEY (`schID`);

--
-- Indexes for table `exam_7_coscholastic_result`
--
ALTER TABLE `exam_7_coscholastic_result`
  ADD PRIMARY KEY (`coschID`);

--
-- Indexes for table `exam_8_result_subject_total`
--
ALTER TABLE `exam_8_result_subject_total`
  ADD PRIMARY KEY (`resultsubtotalID`);

--
-- Indexes for table `exam_9_result_remarks`
--
ALTER TABLE `exam_9_result_remarks`
  ADD PRIMARY KEY (`resultsubtotalID`);

--
-- Indexes for table `fee_0_duration`
--
ALTER TABLE `fee_0_duration`
  ADD PRIMARY KEY (`DURATION`);

--
-- Indexes for table `fee_1_type`
--
ALTER TABLE `fee_1_type`
  ADD PRIMARY KEY (`FEETYPEID`);

--
-- Indexes for table `fee_2`
--
ALTER TABLE `fee_2`
  ADD PRIMARY KEY (`feeID`),
  ADD KEY `regID` (`regID`,`date`),
  ADD KEY `userID` (`username`),
  ADD KEY `username` (`username`),
  ADD KEY `username_2` (`username`),
  ADD KEY `regID_2` (`regID`),
  ADD KEY `feetype` (`feetype`),
  ADD KEY `SESSIONID` (`SESSIONID`);

--
-- Indexes for table `fee_3_static_heads`
--
ALTER TABLE `fee_3_static_heads`
  ADD PRIMARY KEY (`ST_HD_ID`);

--
-- Indexes for table `fee_4_flexible_heads`
--
ALTER TABLE `fee_4_flexible_heads`
  ADD PRIMARY KEY (`FLX_HD_ID`);

--
-- Indexes for table `fee_5_add_flexi_head_to_students`
--
ALTER TABLE `fee_5_add_flexi_head_to_students`
  ADD PRIMARY KEY (`ADFLXFEESTUDID`),
  ADD KEY `FLX_HD_ID` (`FLX_HD_ID`),
  ADD KEY `REGID` (`REGID`),
  ADD KEY `CLSSESSID` (`CLSSESSID`),
  ADD KEY `SESSID` (`SESSID`);

--
-- Indexes for table `fee_6_invoice`
--
ALTER TABLE `fee_6_invoice`
  ADD PRIMARY KEY (`INVID`),
  ADD KEY `SESSID` (`SESSID`);

--
-- Indexes for table `fee_6_invoice_detail`
--
ALTER TABLE `fee_6_invoice_detail`
  ADD PRIMARY KEY (`INVDETID`);

--
-- Indexes for table `fee_7_receipts`
--
ALTER TABLE `fee_7_receipts`
  ADD PRIMARY KEY (`RECPTID`),
  ADD KEY `INVID` (`INVDETID`),
  ADD KEY `regid` (`regid`);

--
-- Indexes for table `fee_8_class_fee`
--
ALTER TABLE `fee_8_class_fee`
  ADD PRIMARY KEY (`CFEEID`),
  ADD KEY `CLSSESSID` (`CLSSESSID`);

--
-- Indexes for table `fee_9_class_fee_split`
--
ALTER TABLE `fee_9_class_fee_split`
  ADD PRIMARY KEY (`CFEESPLITID`),
  ADD KEY `ST_HD_ID` (`ST_HD_ID`),
  ADD KEY `CFEEID` (`CFEEID`);

--
-- Indexes for table `fee_10_class_fee_in_a_session`
--
ALTER TABLE `fee_10_class_fee_in_a_session`
  ADD PRIMARY KEY (`CFEESESSID`);

--
-- Indexes for table `login`
--
ALTER TABLE `login`
  ADD PRIMARY KEY (`USERNAME_`),
  ADD KEY `USER_STATUS` (`USER_STATUS`);

--
-- Indexes for table `master_0_country_`
--
ALTER TABLE `master_0_country_`
  ADD PRIMARY KEY (`ABREV_`);

--
-- Indexes for table `master_1_zone_`
--
ALTER TABLE `master_1_zone_`
  ADD PRIMARY KEY (`ID`);

--
-- Indexes for table `master_2_zone_region`
--
ALTER TABLE `master_2_zone_region`
  ADD PRIMARY KEY (`ID_`);

--
-- Indexes for table `master_4_city_`
--
ALTER TABLE `master_4_city_`
  ADD PRIMARY KEY (`NAME_`);

--
-- Indexes for table `master_5_user_status`
--
ALTER TABLE `master_5_user_status`
  ADD PRIMARY KEY (`ST_ID`);

--
-- Indexes for table `master_6_session`
--
ALTER TABLE `master_6_session`
  ADD PRIMARY KEY (`SESSID`);

--
-- Indexes for table `master_7_stud_personal`
--
ALTER TABLE `master_7_stud_personal`
  ADD PRIMARY KEY (`STUD_ID`),
  ADD UNIQUE KEY `regid_2` (`regid`),
  ADD KEY `regid` (`regid`);

--
-- Indexes for table `master_8_stud_academics`
--
ALTER TABLE `master_8_stud_academics`
  ADD PRIMARY KEY (`AC_ID`),
  ADD UNIQUE KEY `regid_3` (`regid`),
  ADD KEY `regid` (`regid`),
  ADD KEY `regid_2` (`regid`);

--
-- Indexes for table `master_9_stud_address`
--
ALTER TABLE `master_9_stud_address`
  ADD PRIMARY KEY (`ADDRID`),
  ADD KEY `CITY_` (`CITY_`),
  ADD KEY `regid` (`regid`),
  ADD KEY `regid_2` (`regid`);

--
-- Indexes for table `master_10_stud_contact`
--
ALTER TABLE `master_10_stud_contact`
  ADD PRIMARY KEY (`CNTCT_ID`),
  ADD KEY `regid` (`regid`),
  ADD KEY `regid_2` (`regid`);

--
-- Indexes for table `master_11_grading`
--
ALTER TABLE `master_11_grading`
  ADD PRIMARY KEY (`gradeID`);

--
-- Indexes for table `master_12_subject`
--
ALTER TABLE `master_12_subject`
  ADD PRIMARY KEY (`subjectID`);

--
-- Indexes for table `master_13_teacher`
--
ALTER TABLE `master_13_teacher`
  ADD PRIMARY KEY (`teacherID`);

--
-- Indexes for table `master_14_teacher_wise_subject`
--
ALTER TABLE `master_14_teacher_wise_subject`
  ADD PRIMARY KEY (`tasID`);

--
-- Indexes for table `master_15_subject_marks`
--
ALTER TABLE `master_15_subject_marks`
  ADD PRIMARY KEY (`submarkID`),
  ADD KEY `subjectID` (`subjectID`);

--
-- Indexes for table `master_16_discount`
--
ALTER TABLE `master_16_discount`
  ADD PRIMARY KEY (`DID`);

--
-- Indexes for table `menu_1`
--
ALTER TABLE `menu_1`
  ADD PRIMARY KEY (`ID_`);

--
-- Indexes for table `menu_2_submenu`
--
ALTER TABLE `menu_2_submenu`
  ADD PRIMARY KEY (`SUBMENUID`),
  ADD KEY `ID_` (`ID_`);

--
-- Indexes for table `register_sibling`
--
ALTER TABLE `register_sibling`
  ADD PRIMARY KEY (`regid`);

--
-- Indexes for table `register_with_us`
--
ALTER TABLE `register_with_us`
  ADD PRIMARY KEY (`regid`),
  ADD KEY `SESSIONID` (`SESSIONID`);

--
-- Indexes for table `user_menu`
--
ALTER TABLE `user_menu`
  ADD PRIMARY KEY (`ID`),
  ADD KEY `MENU` (`MENU`),
  ADD KEY `USER_` (`USER_`);

--
-- Indexes for table `_id_`
--
ALTER TABLE `_id_`
  ADD KEY `SESSIONID` (`SESSIONID`);

--
-- AUTO_INCREMENT for dumped tables
--

--
-- AUTO_INCREMENT for table `class_2_in_session`
--
ALTER TABLE `class_2_in_session`
  MODIFY `CLSSESSID` int(15) NOT NULL AUTO_INCREMENT, AUTO_INCREMENT=427;
--
-- AUTO_INCREMENT for table `class_3_class_wise_students`
--
ALTER TABLE `class_3_class_wise_students`
  MODIFY `ID_` int(15) NOT NULL AUTO_INCREMENT, AUTO_INCREMENT=430;
--
-- AUTO_INCREMENT for table `class_4_class_wise_attendance`
--
ALTER TABLE `class_4_class_wise_attendance`
  MODIFY `ATTID` bigint(22) NOT NULL AUTO_INCREMENT, AUTO_INCREMENT=80;
--
-- AUTO_INCREMENT for table `exam_1_scholastic_items`
--
ALTER TABLE `exam_1_scholastic_items`
  MODIFY `itemID` int(10) NOT NULL AUTO_INCREMENT, AUTO_INCREMENT=11;
--
-- AUTO_INCREMENT for table `exam_2_add_scholastic_to_class`
--
ALTER TABLE `exam_2_add_scholastic_to_class`
  MODIFY `ADDSCHCLASSID` int(15) NOT NULL AUTO_INCREMENT, AUTO_INCREMENT=18;
--
-- AUTO_INCREMENT for table `exam_3_coscholastic_items`
--
ALTER TABLE `exam_3_coscholastic_items`
  MODIFY `coitemID` int(10) NOT NULL AUTO_INCREMENT, AUTO_INCREMENT=7;
--
-- AUTO_INCREMENT for table `exam_4_add_coscholastic_to_class`
--
ALTER TABLE `exam_4_add_coscholastic_to_class`
  MODIFY `ADDCOSCHCLASSID` int(15) NOT NULL AUTO_INCREMENT, AUTO_INCREMENT=8;
--
-- AUTO_INCREMENT for table `exam_5_term`
--
ALTER TABLE `exam_5_term`
  MODIFY `termID` int(10) NOT NULL AUTO_INCREMENT, AUTO_INCREMENT=3;
--
-- AUTO_INCREMENT for table `exam_6_scholastic_result`
--
ALTER TABLE `exam_6_scholastic_result`
  MODIFY `schID` int(13) NOT NULL AUTO_INCREMENT, AUTO_INCREMENT=103;
--
-- AUTO_INCREMENT for table `exam_7_coscholastic_result`
--
ALTER TABLE `exam_7_coscholastic_result`
  MODIFY `coschID` int(13) NOT NULL AUTO_INCREMENT, AUTO_INCREMENT=100;
--
-- AUTO_INCREMENT for table `exam_8_result_subject_total`
--
ALTER TABLE `exam_8_result_subject_total`
  MODIFY `resultsubtotalID` int(13) NOT NULL AUTO_INCREMENT;
--
-- AUTO_INCREMENT for table `exam_9_result_remarks`
--
ALTER TABLE `exam_9_result_remarks`
  MODIFY `resultsubtotalID` int(13) NOT NULL AUTO_INCREMENT;
--
-- AUTO_INCREMENT for table `fee_2`
--
ALTER TABLE `fee_2`
  MODIFY `feeID` int(11) NOT NULL AUTO_INCREMENT, AUTO_INCREMENT=428;
--
-- AUTO_INCREMENT for table `fee_3_static_heads`
--
ALTER TABLE `fee_3_static_heads`
  MODIFY `ST_HD_ID` int(15) NOT NULL AUTO_INCREMENT, AUTO_INCREMENT=14;
--
-- AUTO_INCREMENT for table `fee_4_flexible_heads`
--
ALTER TABLE `fee_4_flexible_heads`
  MODIFY `FLX_HD_ID` int(15) NOT NULL AUTO_INCREMENT, AUTO_INCREMENT=5;
--
-- AUTO_INCREMENT for table `fee_5_add_flexi_head_to_students`
--
ALTER TABLE `fee_5_add_flexi_head_to_students`
  MODIFY `ADFLXFEESTUDID` int(15) NOT NULL AUTO_INCREMENT, AUTO_INCREMENT=236;
--
-- AUTO_INCREMENT for table `fee_6_invoice`
--
ALTER TABLE `fee_6_invoice`
  MODIFY `INVID` int(15) NOT NULL AUTO_INCREMENT, AUTO_INCREMENT=614;
--
-- AUTO_INCREMENT for table `fee_6_invoice_detail`
--
ALTER TABLE `fee_6_invoice_detail`
  MODIFY `INVDETID` int(11) NOT NULL AUTO_INCREMENT;
--
-- AUTO_INCREMENT for table `fee_7_receipts`
--
ALTER TABLE `fee_7_receipts`
  MODIFY `RECPTID` int(15) NOT NULL AUTO_INCREMENT, AUTO_INCREMENT=56;
--
-- AUTO_INCREMENT for table `fee_8_class_fee`
--
ALTER TABLE `fee_8_class_fee`
  MODIFY `CFEEID` int(15) NOT NULL AUTO_INCREMENT, AUTO_INCREMENT=65;
--
-- AUTO_INCREMENT for table `fee_9_class_fee_split`
--
ALTER TABLE `fee_9_class_fee_split`
  MODIFY `CFEESPLITID` int(15) NOT NULL AUTO_INCREMENT, AUTO_INCREMENT=83;
--
-- AUTO_INCREMENT for table `master_7_stud_personal`
--
ALTER TABLE `master_7_stud_personal`
  MODIFY `STUD_ID` int(11) NOT NULL AUTO_INCREMENT, AUTO_INCREMENT=483;
--
-- AUTO_INCREMENT for table `master_8_stud_academics`
--
ALTER TABLE `master_8_stud_academics`
  MODIFY `AC_ID` int(15) NOT NULL AUTO_INCREMENT, AUTO_INCREMENT=504;
--
-- AUTO_INCREMENT for table `master_9_stud_address`
--
ALTER TABLE `master_9_stud_address`
  MODIFY `ADDRID` int(15) NOT NULL AUTO_INCREMENT, AUTO_INCREMENT=935;
--
-- AUTO_INCREMENT for table `master_10_stud_contact`
--
ALTER TABLE `master_10_stud_contact`
  MODIFY `CNTCT_ID` int(15) NOT NULL AUTO_INCREMENT, AUTO_INCREMENT=453;
--
-- AUTO_INCREMENT for table `master_11_grading`
--
ALTER TABLE `master_11_grading`
  MODIFY `gradeID` int(15) NOT NULL AUTO_INCREMENT, AUTO_INCREMENT=6;
--
-- AUTO_INCREMENT for table `master_12_subject`
--
ALTER TABLE `master_12_subject`
  MODIFY `subjectID` int(10) NOT NULL AUTO_INCREMENT, AUTO_INCREMENT=34;
--
-- AUTO_INCREMENT for table `master_13_teacher`
--
ALTER TABLE `master_13_teacher`
  MODIFY `teacherID` int(13) NOT NULL AUTO_INCREMENT, AUTO_INCREMENT=10;
--
-- AUTO_INCREMENT for table `master_14_teacher_wise_subject`
--
ALTER TABLE `master_14_teacher_wise_subject`
  MODIFY `tasID` int(13) NOT NULL AUTO_INCREMENT, AUTO_INCREMENT=11;
--
-- AUTO_INCREMENT for table `master_15_subject_marks`
--
ALTER TABLE `master_15_subject_marks`
  MODIFY `submarkID` int(10) NOT NULL AUTO_INCREMENT, AUTO_INCREMENT=3;
--
-- AUTO_INCREMENT for table `master_16_discount`
--
ALTER TABLE `master_16_discount`
  MODIFY `DID` int(11) NOT NULL AUTO_INCREMENT, AUTO_INCREMENT=11;
--
-- AUTO_INCREMENT for table `menu_1`
--
ALTER TABLE `menu_1`
  MODIFY `ID_` int(11) NOT NULL AUTO_INCREMENT, AUTO_INCREMENT=10;
--
-- AUTO_INCREMENT for table `menu_2_submenu`
--
ALTER TABLE `menu_2_submenu`
  MODIFY `SUBMENUID` int(11) NOT NULL AUTO_INCREMENT, AUTO_INCREMENT=24;
--
-- AUTO_INCREMENT for table `user_menu`
--
ALTER TABLE `user_menu`
  MODIFY `ID` int(11) NOT NULL AUTO_INCREMENT, AUTO_INCREMENT=18;
--
-- Constraints for dumped tables
--

--
-- Constraints for table `class_2_in_session`
--
ALTER TABLE `class_2_in_session`
  ADD CONSTRAINT `class_2_in_session_ibfk_1` FOREIGN KEY (`CLASSID`) REFERENCES `class_1_classes` (`CLASSID`) ON DELETE CASCADE ON UPDATE CASCADE,
  ADD CONSTRAINT `class_2_in_session_ibfk_2` FOREIGN KEY (`SESSID`) REFERENCES `master_6_session` (`SESSID`) ON DELETE CASCADE ON UPDATE CASCADE;

--
-- Constraints for table `class_3_class_wise_students`
--
ALTER TABLE `class_3_class_wise_students`
  ADD CONSTRAINT `class_3_class_wise_students_ibfk_1` FOREIGN KEY (`CLSSESSID`) REFERENCES `class_2_in_session` (`CLSSESSID`) ON DELETE CASCADE ON UPDATE CASCADE,
  ADD CONSTRAINT `class_3_class_wise_students_ibfk_2` FOREIGN KEY (`regid`) REFERENCES `register_with_us` (`regid`) ON DELETE CASCADE ON UPDATE CASCADE;

--
-- Constraints for table `fee_2`
--
ALTER TABLE `fee_2`
  ADD CONSTRAINT `fee_2_ibfk_1` FOREIGN KEY (`regID`) REFERENCES `register_with_us` (`regid`) ON DELETE CASCADE ON UPDATE CASCADE;

--
-- Constraints for table `fee_8_class_fee`
--
ALTER TABLE `fee_8_class_fee`
  ADD CONSTRAINT `fee_8_class_fee_ibfk_1` FOREIGN KEY (`CLSSESSID`) REFERENCES `class_2_in_session` (`CLSSESSID`) ON DELETE CASCADE ON UPDATE CASCADE;

--
-- Constraints for table `fee_9_class_fee_split`
--
ALTER TABLE `fee_9_class_fee_split`
  ADD CONSTRAINT `fee_9_class_fee_split_ibfk_1` FOREIGN KEY (`ST_HD_ID`) REFERENCES `fee_3_static_heads` (`ST_HD_ID`) ON DELETE CASCADE ON UPDATE CASCADE,
  ADD CONSTRAINT `fee_9_class_fee_split_ibfk_2` FOREIGN KEY (`CFEEID`) REFERENCES `fee_8_class_fee` (`CFEEID`) ON DELETE CASCADE ON UPDATE CASCADE;

--
-- Constraints for table `master_15_subject_marks`
--
ALTER TABLE `master_15_subject_marks`
  ADD CONSTRAINT `master_15_subject_marks_ibfk_1` FOREIGN KEY (`subjectID`) REFERENCES `master_12_subject` (`subjectID`) ON DELETE CASCADE ON UPDATE CASCADE;

--
-- Constraints for table `menu_2_submenu`
--
ALTER TABLE `menu_2_submenu`
  ADD CONSTRAINT `menuid_for_submenu` FOREIGN KEY (`ID_`) REFERENCES `menu_1` (`ID_`);

--
-- Constraints for table `user_menu`
--
ALTER TABLE `user_menu`
  ADD CONSTRAINT `fk_mennu` FOREIGN KEY (`MENU`) REFERENCES `menu_1` (`ID_`) ON DELETE CASCADE ON UPDATE CASCADE,
  ADD CONSTRAINT `fk_user` FOREIGN KEY (`USER_`) REFERENCES `master_5_user_status` (`ST_ID`) ON DELETE CASCADE ON UPDATE CASCADE;

/*!40101 SET CHARACTER_SET_CLIENT=@OLD_CHARACTER_SET_CLIENT */;
/*!40101 SET CHARACTER_SET_RESULTS=@OLD_CHARACTER_SET_RESULTS */;
/*!40101 SET COLLATION_CONNECTION=@OLD_COLLATION_CONNECTION */;
