-- phpMyAdmin SQL Dump
-- version 4.0.4.1
-- http://www.phpmyadmin.net
--
-- Host: 127.0.0.1
-- Generation Time: Jul 18, 2018 at 05:33 PM
-- Server version: 5.6.11
-- PHP Version: 5.5.3

SET SQL_MODE = "NO_AUTO_VALUE_ON_ZERO";
SET time_zone = "+00:00";


/*!40101 SET @OLD_CHARACTER_SET_CLIENT=@@CHARACTER_SET_CLIENT */;
/*!40101 SET @OLD_CHARACTER_SET_RESULTS=@@CHARACTER_SET_RESULTS */;
/*!40101 SET @OLD_COLLATION_CONNECTION=@@COLLATION_CONNECTION */;
/*!40101 SET NAMES utf8 */;

--
-- Database: `erpsch`
--
CREATE DATABASE IF NOT EXISTS `erpsch` DEFAULT CHARACTER SET latin1 COLLATE latin1_swedish_ci;
USE `erpsch`;

-- --------------------------------------------------------

--
-- Table structure for table `class_1_classes`
--

CREATE TABLE IF NOT EXISTS `class_1_classes` (
  `CLASSID` varchar(10) NOT NULL,
  `CLASS` varchar(100) NOT NULL,
  `SECTION` varchar(100) NOT NULL,
  `DATE_` timestamp NOT NULL DEFAULT CURRENT_TIMESTAMP,
  PRIMARY KEY (`CLASSID`)
) ENGINE=InnoDB DEFAULT CHARSET=utf8;

--
-- Dumping data for table `class_1_classes`
--

INSERT INTO `class_1_classes` (`CLASSID`, `CLASS`, `SECTION`, `DATE_`) VALUES
('1', '1', '-', '2016-03-08 15:02:33'),
('10', '10', '-', '2017-12-21 16:23:28'),
('10A', '10', 'A', '2017-04-29 06:51:33'),
('10B', '10', 'B', '2017-04-29 06:51:37'),
('11A', '11', 'A', '2017-04-29 06:51:42'),
('12A', '12', 'A', '2017-04-29 06:51:08'),
('12B', '12', 'B', '2017-04-29 06:51:13'),
('12C', '12', 'C', '2017-08-08 09:27:20'),
('12S', '12', 'S', '2018-05-23 18:58:07'),
('1A', '1', 'A', '2016-03-08 15:00:37'),
('1B', '1', 'B', '2016-03-08 15:00:37'),
('1C', '1', 'C', '2017-02-16 10:24:40'),
('2', '2', '-', '2016-03-08 15:02:33'),
('2A', '2', 'A', '2016-03-08 15:02:15'),
('3', '3', '-', '2016-03-08 15:02:41'),
('3A', '3', 'A', '2016-03-08 15:02:15'),
('4', '4', '-', '2016-03-20 09:46:22'),
('4A', '4', 'A', '2016-03-20 09:46:03'),
('5', '5', '-', '2016-03-20 09:46:03'),
('5A', '5', 'A', '2016-04-05 05:25:03'),
('5B', '5', 'B', '2016-04-05 05:26:46'),
('6', '6', '-', '2017-12-21 16:21:57'),
('6A', '6', 'A', '2017-03-01 13:51:07'),
('7', '7', '-', '2017-04-29 06:27:20'),
('7A', '7', 'A', '2017-03-07 10:26:20'),
('7B', '7', 'B', '2017-04-29 06:26:48'),
('8', '8', '-', '2017-12-21 16:22:25'),
('8A', '8', 'A', '2017-04-29 06:51:18'),
('8B', '8', 'B', '2017-04-29 06:51:22'),
('9', '9', '-', '2017-12-21 16:22:28'),
('9A', '9', 'A', '2017-04-29 06:51:27'),
('9C', '9', 'C', '2017-05-07 09:10:48'),
('L-KG', 'L-KG', '-', '2016-06-20 16:36:36'),
('Nursery', 'Nursery', '-', '2016-06-20 16:33:40'),
('U-KG', 'U-KG', '-', '2016-06-20 16:36:50');

-- --------------------------------------------------------

--
-- Table structure for table `class_2_in_session`
--

CREATE TABLE IF NOT EXISTS `class_2_in_session` (
  `CLSSESSID` int(15) NOT NULL AUTO_INCREMENT,
  `CLASSID` varchar(10) NOT NULL,
  `SESSID` varchar(20) NOT NULL,
  `STATUS_` tinyint(1) NOT NULL,
  `DATE_` timestamp NOT NULL DEFAULT CURRENT_TIMESTAMP,
  PRIMARY KEY (`CLSSESSID`),
  KEY `CLASSID` (`CLASSID`),
  KEY `SESSID` (`SESSID`)
) ENGINE=InnoDB  DEFAULT CHARSET=utf8 AUTO_INCREMENT=545 ;

--
-- Dumping data for table `class_2_in_session`
--

INSERT INTO `class_2_in_session` (`CLSSESSID`, `CLASSID`, `SESSID`, `STATUS_`, `DATE_`) VALUES
(522, '1', '2018-19', 1, '2018-05-23 18:58:41'),
(523, '10', '2018-19', 1, '2018-05-23 18:58:41'),
(524, '12C', '2018-19', 1, '2018-05-23 18:58:41'),
(525, '12S', '2018-19', 1, '2018-05-23 18:58:41'),
(526, '2', '2018-19', 1, '2018-05-23 18:58:41'),
(527, '3', '2018-19', 1, '2018-05-23 18:58:41'),
(528, '4', '2018-19', 1, '2018-05-23 18:58:41'),
(529, '5', '2018-19', 1, '2018-05-23 18:58:41'),
(530, '6', '2018-19', 1, '2018-05-23 18:58:41'),
(531, '7', '2018-19', 1, '2018-05-23 18:58:41'),
(532, '8', '2018-19', 1, '2018-05-23 18:58:41'),
(533, '9', '2018-19', 1, '2018-05-23 18:58:41'),
(534, '1', '2017-18', 1, '2018-07-05 08:55:42'),
(535, '10', '2017-18', 1, '2018-07-05 08:55:43'),
(536, '2', '2017-18', 1, '2018-07-05 08:55:43'),
(537, '3', '2017-18', 1, '2018-07-05 08:55:43'),
(538, '4', '2017-18', 1, '2018-07-05 08:55:43'),
(539, '5', '2017-18', 1, '2018-07-05 08:55:43'),
(540, '6', '2017-18', 1, '2018-07-05 08:55:43'),
(541, '7', '2017-18', 1, '2018-07-05 08:55:43'),
(542, '8', '2017-18', 1, '2018-07-05 08:55:43'),
(543, '9', '2017-18', 1, '2018-07-05 08:55:43'),
(544, '1', '2019-20', 1, '2018-07-05 18:39:13');

-- --------------------------------------------------------

--
-- Table structure for table `class_3_class_wise_students`
--

CREATE TABLE IF NOT EXISTS `class_3_class_wise_students` (
  `ID_` int(15) NOT NULL AUTO_INCREMENT,
  `regid` varchar(25) NOT NULL,
  `ROLLNO` int(11) NOT NULL,
  `CLSSESSID` int(15) NOT NULL,
  `USERNAME_` varchar(40) NOT NULL,
  `DATE_` timestamp NOT NULL DEFAULT CURRENT_TIMESTAMP,
  `SESSID` varchar(20) NOT NULL,
  PRIMARY KEY (`ID_`),
  KEY `regid` (`regid`),
  KEY `CLSSESSID` (`CLSSESSID`),
  KEY `USERNAME_` (`USERNAME_`),
  KEY `regid_2` (`regid`)
) ENGINE=InnoDB  DEFAULT CHARSET=utf8 AUTO_INCREMENT=319 ;

--
-- Dumping data for table `class_3_class_wise_students`
--

INSERT INTO `class_3_class_wise_students` (`ID_`, `regid`, `ROLLNO`, `CLSSESSID`, `USERNAME_`, `DATE_`, `SESSID`) VALUES
(1, '2018041041', 0, 522, 'nitin', '2018-07-01 18:06:28', '2018-19'),
(2, '2018041001', 0, 522, 'nitin', '2018-07-01 18:06:28', '2018-19'),
(3, '2018041002', 0, 522, 'nitin', '2018-07-01 18:06:29', '2018-19'),
(4, '2018041003', 0, 522, 'nitin', '2018-07-01 18:06:29', '2018-19'),
(5, '2018041004', 0, 522, 'nitin', '2018-07-01 18:06:29', '2018-19'),
(6, '2018041005', 0, 522, 'nitin', '2018-07-01 18:06:29', '2018-19'),
(7, '2018041006', 0, 522, 'nitin', '2018-07-01 18:06:29', '2018-19'),
(8, '2018041007', 0, 522, 'nitin', '2018-07-01 18:06:29', '2018-19'),
(9, '2018041008', 0, 522, 'nitin', '2018-07-01 18:06:29', '2018-19'),
(10, '2018041009', 0, 522, 'nitin', '2018-07-01 18:06:29', '2018-19'),
(11, '2018041010', 0, 522, 'nitin', '2018-07-01 18:06:29', '2018-19'),
(12, '2018041011', 0, 522, 'nitin', '2018-07-01 18:06:29', '2018-19'),
(13, '2018041012', 0, 522, 'nitin', '2018-07-01 18:06:29', '2018-19'),
(14, '2018041013', 0, 522, 'nitin', '2018-07-01 18:06:29', '2018-19'),
(15, '2018041014', 0, 522, 'nitin', '2018-07-01 18:06:29', '2018-19'),
(16, '2018041015', 0, 522, 'nitin', '2018-07-01 18:06:30', '2018-19'),
(17, '2018041016', 0, 522, 'nitin', '2018-07-01 18:06:30', '2018-19'),
(18, '2018041017', 0, 522, 'nitin', '2018-07-01 18:06:30', '2018-19'),
(19, '2018041018', 0, 522, 'nitin', '2018-07-01 18:06:30', '2018-19'),
(20, '2018041019', 0, 522, 'nitin', '2018-07-01 18:06:30', '2018-19'),
(21, '2018041020', 0, 522, 'nitin', '2018-07-01 18:06:30', '2018-19'),
(22, '2018041021', 0, 522, 'nitin', '2018-07-01 18:06:30', '2018-19'),
(23, '2018041022', 0, 522, 'nitin', '2018-07-01 18:06:30', '2018-19'),
(24, '2018041023', 0, 522, 'nitin', '2018-07-01 18:06:30', '2018-19'),
(25, '2018041024', 0, 522, 'nitin', '2018-07-01 18:06:30', '2018-19'),
(26, '2018041025', 0, 522, 'nitin', '2018-07-01 18:06:30', '2018-19'),
(27, '2018041026', 0, 522, 'nitin', '2018-07-01 18:06:31', '2018-19'),
(28, '2018041027', 0, 522, 'nitin', '2018-07-01 18:06:31', '2018-19'),
(29, '2018041028', 0, 522, 'nitin', '2018-07-01 18:06:31', '2018-19'),
(30, '2018041029', 0, 522, 'nitin', '2018-07-01 18:06:31', '2018-19'),
(31, '2018041030', 0, 522, 'nitin', '2018-07-01 18:06:31', '2018-19'),
(32, '2018041031', 0, 522, 'nitin', '2018-07-01 18:06:31', '2018-19'),
(33, '2018041032', 0, 522, 'nitin', '2018-07-01 18:06:31', '2018-19'),
(34, '2018041039', 0, 522, 'nitin', '2018-07-01 18:06:31', '2018-19'),
(35, '2018041033', 0, 522, 'nitin', '2018-07-01 18:06:31', '2018-19'),
(36, '2018041040', 0, 522, 'nitin', '2018-07-01 18:06:31', '2018-19'),
(37, '2018041034', 0, 522, 'nitin', '2018-07-01 18:06:31', '2018-19'),
(38, '2018041035', 0, 522, 'nitin', '2018-07-01 18:06:31', '2018-19'),
(39, '2018041036', 0, 522, 'nitin', '2018-07-01 18:06:32', '2018-19'),
(40, '2018041037', 0, 522, 'nitin', '2018-07-01 18:06:32', '2018-19'),
(41, '2018041038', 0, 522, 'nitin', '2018-07-01 18:06:32', '2018-19'),
(42, '2018041042', 0, 526, 'nitin', '2018-07-01 18:28:05', '2018-19'),
(43, '2018041043', 0, 526, 'nitin', '2018-07-01 18:28:05', '2018-19'),
(44, '2018041044', 0, 526, 'nitin', '2018-07-01 18:28:05', '2018-19'),
(45, '2018041045', 0, 526, 'nitin', '2018-07-01 18:28:05', '2018-19'),
(46, '2018041046', 0, 526, 'nitin', '2018-07-01 18:28:05', '2018-19'),
(47, '2018041047', 0, 526, 'nitin', '2018-07-01 18:28:05', '2018-19'),
(48, '2018041048', 0, 526, 'nitin', '2018-07-01 18:28:05', '2018-19'),
(49, '2018041049', 0, 526, 'nitin', '2018-07-01 18:28:05', '2018-19'),
(50, '2018041067', 0, 526, 'nitin', '2018-07-01 18:28:05', '2018-19'),
(51, '2018041050', 0, 526, 'nitin', '2018-07-01 18:28:05', '2018-19'),
(52, '2018041051', 0, 526, 'nitin', '2018-07-01 18:28:05', '2018-19'),
(53, '2018041068', 0, 526, 'nitin', '2018-07-01 18:28:05', '2018-19'),
(54, '2018041052', 0, 526, 'nitin', '2018-07-01 18:28:05', '2018-19'),
(55, '2018041053', 0, 526, 'nitin', '2018-07-01 18:28:06', '2018-19'),
(56, '2018041054', 0, 526, 'nitin', '2018-07-01 18:28:06', '2018-19'),
(57, '2018041055', 0, 526, 'nitin', '2018-07-01 18:28:06', '2018-19'),
(58, '2018041056', 0, 526, 'nitin', '2018-07-01 18:28:06', '2018-19'),
(59, '2018041057', 0, 526, 'nitin', '2018-07-01 18:28:06', '2018-19'),
(60, '2018041058', 0, 526, 'nitin', '2018-07-01 18:28:06', '2018-19'),
(61, '2018041059', 0, 526, 'nitin', '2018-07-01 18:28:06', '2018-19'),
(62, '2018041060', 0, 526, 'nitin', '2018-07-01 18:28:06', '2018-19'),
(63, '2018041061', 0, 526, 'nitin', '2018-07-01 18:28:06', '2018-19'),
(64, '2018041064', 0, 526, 'nitin', '2018-07-01 18:28:06', '2018-19'),
(65, '2018041066', 0, 526, 'nitin', '2018-07-01 18:28:07', '2018-19'),
(66, '2018041063', 0, 526, 'nitin', '2018-07-01 18:28:07', '2018-19'),
(67, '2018041069', 0, 526, 'nitin', '2018-07-01 18:28:07', '2018-19'),
(68, '2018041062', 0, 526, 'nitin', '2018-07-01 18:28:07', '2018-19'),
(69, '2018041065', 0, 526, 'nitin', '2018-07-01 18:28:07', '2018-19'),
(70, '2018041104', 0, 527, 'nitin', '2018-07-02 11:00:35', '2018-19'),
(71, '2018041103', 0, 527, 'nitin', '2018-07-02 11:00:36', '2018-19'),
(72, '2018041070', 0, 527, 'nitin', '2018-07-02 11:00:36', '2018-19'),
(73, '2018041071', 0, 527, 'nitin', '2018-07-02 11:00:36', '2018-19'),
(74, '2018041072', 0, 527, 'nitin', '2018-07-02 11:00:36', '2018-19'),
(75, '2018041073', 0, 527, 'nitin', '2018-07-02 11:00:36', '2018-19'),
(76, '2018041074', 0, 527, 'nitin', '2018-07-02 11:00:36', '2018-19'),
(77, '2018041075', 0, 527, 'nitin', '2018-07-02 11:00:36', '2018-19'),
(78, '2018041076', 0, 527, 'nitin', '2018-07-02 11:00:36', '2018-19'),
(79, '2018041077', 0, 527, 'nitin', '2018-07-02 11:00:36', '2018-19'),
(80, '2018041106', 0, 527, 'nitin', '2018-07-02 11:00:36', '2018-19'),
(81, '2018041078', 0, 527, 'nitin', '2018-07-02 11:00:37', '2018-19'),
(82, '2018041079', 0, 527, 'nitin', '2018-07-02 11:00:37', '2018-19'),
(83, '2018041080', 0, 527, 'nitin', '2018-07-02 11:00:37', '2018-19'),
(84, '2018041107', 0, 527, 'nitin', '2018-07-02 11:00:37', '2018-19'),
(85, '2018041108', 0, 527, 'nitin', '2018-07-02 11:00:37', '2018-19'),
(86, '2018041081', 0, 527, 'nitin', '2018-07-02 11:00:37', '2018-19'),
(87, '2018041082', 0, 527, 'nitin', '2018-07-02 11:00:37', '2018-19'),
(88, '2018041083', 0, 527, 'nitin', '2018-07-02 11:00:37', '2018-19'),
(89, '2018041084', 0, 527, 'nitin', '2018-07-02 11:00:37', '2018-19'),
(90, '2018041085', 0, 527, 'nitin', '2018-07-02 11:00:37', '2018-19'),
(91, '2018041086', 0, 527, 'nitin', '2018-07-02 11:00:38', '2018-19'),
(92, '2018041087', 0, 527, 'nitin', '2018-07-02 11:00:38', '2018-19'),
(93, '2018041109', 0, 527, 'nitin', '2018-07-02 11:00:38', '2018-19'),
(94, '2018041102', 0, 527, 'nitin', '2018-07-02 11:00:38', '2018-19'),
(95, '2018041088', 0, 527, 'nitin', '2018-07-02 11:00:38', '2018-19'),
(96, '2018041105', 0, 527, 'nitin', '2018-07-02 11:00:38', '2018-19'),
(97, '2018041089', 0, 527, 'nitin', '2018-07-02 11:00:39', '2018-19'),
(98, '2018041090', 0, 527, 'nitin', '2018-07-02 11:00:39', '2018-19'),
(99, '2018041091', 0, 527, 'nitin', '2018-07-02 11:00:39', '2018-19'),
(100, '2018041092', 0, 527, 'nitin', '2018-07-02 11:00:39', '2018-19'),
(101, '2018041093', 0, 527, 'nitin', '2018-07-02 11:00:39', '2018-19'),
(102, '2018041094', 0, 527, 'nitin', '2018-07-02 11:00:40', '2018-19'),
(103, '2018041095', 0, 527, 'nitin', '2018-07-02 11:00:40', '2018-19'),
(104, '2018041096', 0, 527, 'nitin', '2018-07-02 11:00:40', '2018-19'),
(105, '2018041097', 0, 527, 'nitin', '2018-07-02 11:00:40', '2018-19'),
(106, '2018041098', 0, 527, 'nitin', '2018-07-02 11:00:40', '2018-19'),
(107, '2018041099', 0, 527, 'nitin', '2018-07-02 11:00:40', '2018-19'),
(108, '2018041100', 0, 527, 'nitin', '2018-07-02 11:00:40', '2018-19'),
(109, '2018041101', 0, 527, 'nitin', '2018-07-02 11:00:40', '2018-19'),
(110, '2018041158', 0, 528, 'nitin', '2018-07-02 12:59:50', '2018-19'),
(111, '2018041110', 0, 528, 'nitin', '2018-07-02 12:59:50', '2018-19'),
(112, '2018041111', 0, 528, 'nitin', '2018-07-02 12:59:50', '2018-19'),
(113, '2018041112', 0, 528, 'nitin', '2018-07-02 12:59:50', '2018-19'),
(114, '2018041113', 0, 528, 'nitin', '2018-07-02 12:59:50', '2018-19'),
(115, '2018041114', 0, 528, 'nitin', '2018-07-02 12:59:50', '2018-19'),
(116, '2018041115', 0, 528, 'nitin', '2018-07-02 12:59:50', '2018-19'),
(117, '2018041116', 0, 528, 'nitin', '2018-07-02 12:59:50', '2018-19'),
(118, '2018041153', 0, 528, 'nitin', '2018-07-02 12:59:51', '2018-19'),
(119, '2018041117', 0, 528, 'nitin', '2018-07-02 12:59:51', '2018-19'),
(120, '2018041118', 0, 528, 'nitin', '2018-07-02 12:59:51', '2018-19'),
(121, '2018041119', 0, 528, 'nitin', '2018-07-02 12:59:51', '2018-19'),
(122, '2018041120', 0, 528, 'nitin', '2018-07-02 12:59:51', '2018-19'),
(123, '2018041121', 0, 528, 'nitin', '2018-07-02 12:59:51', '2018-19'),
(124, '2018041122', 0, 528, 'nitin', '2018-07-02 12:59:51', '2018-19'),
(125, '2018041123', 0, 528, 'nitin', '2018-07-02 12:59:52', '2018-19'),
(126, '2018041124', 0, 528, 'nitin', '2018-07-02 12:59:52', '2018-19'),
(127, '2018041125', 0, 528, 'nitin', '2018-07-02 12:59:52', '2018-19'),
(128, '2018041126', 0, 528, 'nitin', '2018-07-02 12:59:52', '2018-19'),
(129, '2018041127', 0, 528, 'nitin', '2018-07-02 12:59:52', '2018-19'),
(130, '2018041128', 0, 528, 'nitin', '2018-07-02 12:59:52', '2018-19'),
(131, '2018041129', 0, 528, 'nitin', '2018-07-02 12:59:52', '2018-19'),
(132, '2018041154', 0, 528, 'nitin', '2018-07-02 12:59:52', '2018-19'),
(133, '2018041130', 0, 528, 'nitin', '2018-07-02 12:59:52', '2018-19'),
(134, '2018041131', 0, 528, 'nitin', '2018-07-02 12:59:52', '2018-19'),
(135, '2018041132', 0, 528, 'nitin', '2018-07-02 12:59:52', '2018-19'),
(136, '2018041133', 0, 528, 'nitin', '2018-07-02 12:59:52', '2018-19'),
(137, '2018041156', 0, 528, 'nitin', '2018-07-02 12:59:52', '2018-19'),
(138, '2018041134', 0, 528, 'nitin', '2018-07-02 12:59:52', '2018-19'),
(139, '2018041157', 0, 528, 'nitin', '2018-07-02 12:59:53', '2018-19'),
(140, '2018041135', 0, 528, 'nitin', '2018-07-02 12:59:53', '2018-19'),
(141, '2018041136', 0, 528, 'nitin', '2018-07-02 12:59:53', '2018-19'),
(142, '2018041155', 0, 528, 'nitin', '2018-07-02 12:59:53', '2018-19'),
(143, '2018041137', 0, 528, 'nitin', '2018-07-02 12:59:53', '2018-19'),
(144, '2018041138', 0, 528, 'nitin', '2018-07-02 12:59:53', '2018-19'),
(145, '2018041139', 0, 528, 'nitin', '2018-07-02 12:59:53', '2018-19'),
(146, '2018041140', 0, 528, 'nitin', '2018-07-02 12:59:53', '2018-19'),
(147, '2018041141', 0, 528, 'nitin', '2018-07-02 12:59:53', '2018-19'),
(148, '2018041142', 0, 528, 'nitin', '2018-07-02 12:59:53', '2018-19'),
(149, '2018041143', 0, 528, 'nitin', '2018-07-02 12:59:53', '2018-19'),
(150, '2018041144', 0, 528, 'nitin', '2018-07-02 12:59:53', '2018-19'),
(151, '2018041145', 0, 528, 'nitin', '2018-07-02 12:59:53', '2018-19'),
(152, '2018041146', 0, 528, 'nitin', '2018-07-02 12:59:54', '2018-19'),
(153, '2018041147', 0, 528, 'nitin', '2018-07-02 12:59:54', '2018-19'),
(154, '2018041148', 0, 528, 'nitin', '2018-07-02 12:59:54', '2018-19'),
(155, '2018041149', 0, 528, 'nitin', '2018-07-02 12:59:54', '2018-19'),
(156, '2018041150', 0, 528, 'nitin', '2018-07-02 12:59:54', '2018-19'),
(157, '2018041151', 0, 528, 'nitin', '2018-07-02 12:59:54', '2018-19'),
(158, '2018041152', 0, 528, 'nitin', '2018-07-02 12:59:54', '2018-19'),
(159, '2018041195', 0, 529, 'nitin', '2018-07-10 14:32:16', '2018-19'),
(160, '2018041159', 0, 529, 'nitin', '2018-07-10 14:32:16', '2018-19'),
(161, '2018041192', 0, 529, 'nitin', '2018-07-10 14:32:17', '2018-19'),
(162, '2018041160', 0, 529, 'nitin', '2018-07-10 14:32:17', '2018-19'),
(163, '2018041161', 0, 529, 'nitin', '2018-07-10 14:32:17', '2018-19'),
(164, '2018041162', 0, 529, 'nitin', '2018-07-10 14:32:17', '2018-19'),
(165, '2018041196', 0, 529, 'nitin', '2018-07-10 14:32:17', '2018-19'),
(166, '2018041199', 0, 529, 'nitin', '2018-07-10 14:32:17', '2018-19'),
(167, '2018041193', 0, 529, 'nitin', '2018-07-10 14:32:17', '2018-19'),
(168, '2018041198', 0, 529, 'nitin', '2018-07-10 14:32:17', '2018-19'),
(169, '2018041163', 0, 529, 'nitin', '2018-07-10 14:32:17', '2018-19'),
(170, '2018041164', 0, 529, 'nitin', '2018-07-10 14:32:17', '2018-19'),
(171, '2018041165', 0, 529, 'nitin', '2018-07-10 14:32:17', '2018-19'),
(172, '2018041166', 0, 529, 'nitin', '2018-07-10 14:32:17', '2018-19'),
(173, '2018041167', 0, 529, 'nitin', '2018-07-10 14:32:17', '2018-19'),
(174, '2018041189', 0, 529, 'nitin', '2018-07-10 14:32:17', '2018-19'),
(175, '2018041168', 0, 529, 'nitin', '2018-07-10 14:32:17', '2018-19'),
(176, '2018041169', 0, 529, 'nitin', '2018-07-10 14:32:17', '2018-19'),
(177, '2018041170', 0, 529, 'nitin', '2018-07-10 14:32:17', '2018-19'),
(178, '2018041171', 0, 529, 'nitin', '2018-07-10 14:32:18', '2018-19'),
(179, '2018041172', 0, 529, 'nitin', '2018-07-10 14:32:18', '2018-19'),
(180, '2018041173', 0, 529, 'nitin', '2018-07-10 14:32:18', '2018-19'),
(181, '2018041174', 0, 529, 'nitin', '2018-07-10 14:32:18', '2018-19'),
(182, '2018041175', 0, 529, 'nitin', '2018-07-10 14:32:18', '2018-19'),
(183, '2018041176', 0, 529, 'nitin', '2018-07-10 14:32:18', '2018-19'),
(184, '2018041177', 0, 529, 'nitin', '2018-07-10 14:32:18', '2018-19'),
(185, '2018041178', 0, 529, 'nitin', '2018-07-10 14:32:18', '2018-19'),
(186, '2018041179', 0, 529, 'nitin', '2018-07-10 14:32:18', '2018-19'),
(187, '2018041180', 0, 529, 'nitin', '2018-07-10 14:32:18', '2018-19'),
(188, '2018041181', 0, 529, 'nitin', '2018-07-10 14:32:18', '2018-19'),
(189, '2018041190', 0, 529, 'nitin', '2018-07-10 14:32:18', '2018-19'),
(190, '2018041194', 0, 529, 'nitin', '2018-07-10 14:32:18', '2018-19'),
(191, '2018041182', 0, 529, 'nitin', '2018-07-10 14:32:18', '2018-19'),
(192, '2018041183', 0, 529, 'nitin', '2018-07-10 14:32:18', '2018-19'),
(193, '2018041197', 0, 529, 'nitin', '2018-07-10 14:32:19', '2018-19'),
(194, '2018041184', 0, 529, 'nitin', '2018-07-10 14:32:19', '2018-19'),
(195, '2018041185', 0, 529, 'nitin', '2018-07-10 14:32:19', '2018-19'),
(196, '2018041186', 0, 529, 'nitin', '2018-07-10 14:32:19', '2018-19'),
(197, '2018041187', 0, 529, 'nitin', '2018-07-10 14:32:19', '2018-19'),
(198, '2018041188', 0, 529, 'nitin', '2018-07-10 14:32:19', '2018-19'),
(199, '2018041191', 0, 529, 'nitin', '2018-07-10 14:32:19', '2018-19'),
(200, '2018041200', 0, 530, 'nitin', '2018-07-13 06:30:39', '2018-19'),
(201, '2018041201', 0, 530, 'nitin', '2018-07-13 06:30:40', '2018-19'),
(202, '2018041202', 0, 530, 'nitin', '2018-07-13 06:30:40', '2018-19'),
(203, '2018041203', 0, 530, 'nitin', '2018-07-13 06:30:40', '2018-19'),
(204, '2018041204', 0, 530, 'nitin', '2018-07-13 06:30:40', '2018-19'),
(205, '2018041205', 0, 530, 'nitin', '2018-07-13 06:30:40', '2018-19'),
(206, '2018041206', 0, 530, 'nitin', '2018-07-13 06:30:40', '2018-19'),
(207, '2018041207', 0, 530, 'nitin', '2018-07-13 06:30:40', '2018-19'),
(208, '2018041208', 0, 530, 'nitin', '2018-07-13 06:30:40', '2018-19'),
(209, '2018041209', 0, 530, 'nitin', '2018-07-13 06:30:40', '2018-19'),
(210, '2018041210', 0, 530, 'nitin', '2018-07-13 06:30:40', '2018-19'),
(211, '2018041211', 0, 530, 'nitin', '2018-07-13 06:30:40', '2018-19'),
(212, '2018041212', 0, 530, 'nitin', '2018-07-13 06:30:40', '2018-19'),
(213, '2018041213', 0, 530, 'nitin', '2018-07-13 06:30:41', '2018-19'),
(214, '2018041214', 0, 530, 'nitin', '2018-07-13 06:30:41', '2018-19'),
(215, '2018041215', 0, 530, 'nitin', '2018-07-13 06:30:41', '2018-19'),
(216, '2018041241', 0, 530, 'nitin', '2018-07-13 06:30:41', '2018-19'),
(217, '2018041216', 0, 530, 'nitin', '2018-07-13 06:30:41', '2018-19'),
(218, '2018041217', 0, 530, 'nitin', '2018-07-13 06:30:41', '2018-19'),
(219, '2018041218', 0, 530, 'nitin', '2018-07-13 06:30:41', '2018-19'),
(220, '2018041219', 0, 530, 'nitin', '2018-07-13 06:30:41', '2018-19'),
(221, '2018041238', 0, 530, 'nitin', '2018-07-13 06:30:41', '2018-19'),
(222, '2018041243', 0, 530, 'nitin', '2018-07-13 06:30:41', '2018-19'),
(223, '2018041237', 0, 530, 'nitin', '2018-07-13 06:30:41', '2018-19'),
(224, '2018041220', 0, 530, 'nitin', '2018-07-13 06:30:41', '2018-19'),
(225, '2018041221', 0, 530, 'nitin', '2018-07-13 06:30:42', '2018-19'),
(226, '2018041222', 0, 530, 'nitin', '2018-07-13 06:30:42', '2018-19'),
(227, '2018041223', 0, 530, 'nitin', '2018-07-13 06:30:42', '2018-19'),
(228, '2018041224', 0, 530, 'nitin', '2018-07-13 06:30:42', '2018-19'),
(229, '2018041225', 0, 530, 'nitin', '2018-07-13 06:30:42', '2018-19'),
(230, '2018041235', 0, 530, 'nitin', '2018-07-13 06:30:42', '2018-19'),
(231, '2018041226', 0, 530, 'nitin', '2018-07-13 06:30:42', '2018-19'),
(232, '2018041227', 0, 530, 'nitin', '2018-07-13 06:30:42', '2018-19'),
(233, '2018041228', 0, 530, 'nitin', '2018-07-13 06:30:42', '2018-19'),
(234, '2018041229', 0, 530, 'nitin', '2018-07-13 06:30:42', '2018-19'),
(235, '2018041230', 0, 530, 'nitin', '2018-07-13 06:30:43', '2018-19'),
(236, '2018041242', 0, 530, 'nitin', '2018-07-13 06:30:43', '2018-19'),
(237, '2018041240', 0, 530, 'nitin', '2018-07-13 06:30:43', '2018-19'),
(238, '2018041231', 0, 530, 'nitin', '2018-07-13 06:30:43', '2018-19'),
(239, '2018041232', 0, 530, 'nitin', '2018-07-13 06:30:43', '2018-19'),
(240, '2018041233', 0, 530, 'nitin', '2018-07-13 06:30:43', '2018-19'),
(241, '2018041234', 0, 530, 'nitin', '2018-07-13 06:30:43', '2018-19'),
(242, '2018041236', 0, 530, 'nitin', '2018-07-13 06:30:43', '2018-19'),
(243, '2018041239', 0, 530, 'nitin', '2018-07-13 06:30:43', '2018-19'),
(244, '2018041244', 0, 531, 'nitin', '2018-07-13 06:30:58', '2018-19'),
(245, '2018041245', 0, 531, 'nitin', '2018-07-13 06:30:58', '2018-19'),
(246, '2018041246', 0, 531, 'nitin', '2018-07-13 06:30:58', '2018-19'),
(247, '2018041247', 0, 531, 'nitin', '2018-07-13 06:30:58', '2018-19'),
(248, '2018041248', 0, 531, 'nitin', '2018-07-13 06:30:58', '2018-19'),
(249, '2018041249', 0, 531, 'nitin', '2018-07-13 06:30:58', '2018-19'),
(250, '2018041250', 0, 531, 'nitin', '2018-07-13 06:30:58', '2018-19'),
(251, '2018041251', 0, 531, 'nitin', '2018-07-13 06:30:58', '2018-19'),
(252, '2018041252', 0, 531, 'nitin', '2018-07-13 06:30:58', '2018-19'),
(253, '2018041253', 0, 531, 'nitin', '2018-07-13 06:30:59', '2018-19'),
(254, '2018041254', 0, 531, 'nitin', '2018-07-13 06:30:59', '2018-19'),
(255, '2018041255', 0, 531, 'nitin', '2018-07-13 06:30:59', '2018-19'),
(256, '2018041256', 0, 531, 'nitin', '2018-07-13 06:30:59', '2018-19'),
(257, '2018041257', 0, 531, 'nitin', '2018-07-13 06:30:59', '2018-19'),
(258, '2018041258', 0, 531, 'nitin', '2018-07-13 06:30:59', '2018-19'),
(259, '2018041259', 0, 531, 'nitin', '2018-07-13 06:30:59', '2018-19'),
(260, '2018041260', 0, 531, 'nitin', '2018-07-13 06:30:59', '2018-19'),
(261, '2018041261', 0, 531, 'nitin', '2018-07-13 06:30:59', '2018-19'),
(262, '2018041262', 0, 531, 'nitin', '2018-07-13 06:30:59', '2018-19'),
(263, '2018041263', 0, 531, 'nitin', '2018-07-13 06:30:59', '2018-19'),
(264, '2018041264', 0, 531, 'nitin', '2018-07-13 06:30:59', '2018-19'),
(265, '2018041265', 0, 531, 'nitin', '2018-07-13 06:30:59', '2018-19'),
(266, '2018041266', 0, 531, 'nitin', '2018-07-13 06:31:00', '2018-19'),
(267, '2018041267', 0, 531, 'nitin', '2018-07-13 06:31:00', '2018-19'),
(268, '2018041268', 0, 531, 'nitin', '2018-07-13 06:31:00', '2018-19'),
(269, '2018041269', 0, 531, 'nitin', '2018-07-13 06:31:00', '2018-19'),
(270, '2018041270', 0, 531, 'nitin', '2018-07-13 06:31:00', '2018-19'),
(271, '2018041271', 0, 531, 'nitin', '2018-07-13 06:31:00', '2018-19'),
(272, '2018041272', 0, 531, 'nitin', '2018-07-13 06:31:00', '2018-19'),
(273, '2018041273', 0, 531, 'nitin', '2018-07-13 06:31:00', '2018-19'),
(274, '2018041274', 0, 531, 'nitin', '2018-07-13 06:31:00', '2018-19'),
(275, '2018041275', 0, 531, 'nitin', '2018-07-13 06:31:00', '2018-19'),
(276, '2018041276', 0, 531, 'nitin', '2018-07-13 06:31:01', '2018-19'),
(277, '2018041277', 0, 531, 'nitin', '2018-07-13 06:31:01', '2018-19'),
(278, '2018041278', 0, 531, 'nitin', '2018-07-13 06:31:01', '2018-19'),
(279, '2018041279', 0, 531, 'nitin', '2018-07-13 06:31:01', '2018-19'),
(280, '2018041280', 0, 531, 'nitin', '2018-07-13 06:31:01', '2018-19'),
(281, '2018041281', 0, 532, 'nitin', '2018-07-13 06:31:23', '2018-19'),
(282, '2018041282', 0, 532, 'nitin', '2018-07-13 06:31:23', '2018-19'),
(283, '2018041283', 0, 532, 'nitin', '2018-07-13 06:31:23', '2018-19'),
(284, '2018041284', 0, 532, 'nitin', '2018-07-13 06:31:23', '2018-19'),
(285, '2018041285', 0, 532, 'nitin', '2018-07-13 06:31:23', '2018-19'),
(286, '2018041286', 0, 532, 'nitin', '2018-07-13 06:31:24', '2018-19'),
(287, '2018041287', 0, 532, 'nitin', '2018-07-13 06:31:24', '2018-19'),
(288, '2018041288', 0, 532, 'nitin', '2018-07-13 06:31:24', '2018-19'),
(289, '2018041289', 0, 532, 'nitin', '2018-07-13 06:31:24', '2018-19'),
(290, '2018041290', 0, 532, 'nitin', '2018-07-13 06:31:24', '2018-19'),
(291, '2018041291', 0, 532, 'nitin', '2018-07-13 06:31:24', '2018-19'),
(292, '2018041292', 0, 532, 'nitin', '2018-07-13 06:31:24', '2018-19'),
(293, '2018041293', 0, 532, 'nitin', '2018-07-13 06:31:24', '2018-19'),
(294, '2018041294', 0, 532, 'nitin', '2018-07-13 06:31:24', '2018-19'),
(295, '2018041295', 0, 532, 'nitin', '2018-07-13 06:31:24', '2018-19'),
(296, '2018041296', 0, 532, 'nitin', '2018-07-13 06:31:24', '2018-19'),
(297, '2018041318', 0, 532, 'nitin', '2018-07-13 06:31:25', '2018-19'),
(298, '2018041297', 0, 532, 'nitin', '2018-07-13 06:31:25', '2018-19'),
(299, '2018041298', 0, 532, 'nitin', '2018-07-13 06:31:25', '2018-19'),
(300, '2018041299', 0, 532, 'nitin', '2018-07-13 06:31:25', '2018-19'),
(301, '2018041300', 0, 532, 'nitin', '2018-07-13 06:31:25', '2018-19'),
(302, '2018041301', 0, 532, 'nitin', '2018-07-13 06:31:25', '2018-19'),
(303, '2018041302', 0, 532, 'nitin', '2018-07-13 06:31:25', '2018-19'),
(304, '2018041303', 0, 532, 'nitin', '2018-07-13 06:31:25', '2018-19'),
(305, '2018041304', 0, 532, 'nitin', '2018-07-13 06:31:26', '2018-19'),
(306, '2018041305', 0, 532, 'nitin', '2018-07-13 06:31:26', '2018-19'),
(307, '2018041317', 0, 532, 'nitin', '2018-07-13 06:31:26', '2018-19'),
(308, '2018041306', 0, 532, 'nitin', '2018-07-13 06:31:26', '2018-19'),
(309, '2018041307', 0, 532, 'nitin', '2018-07-13 06:31:26', '2018-19'),
(310, '2018041316', 0, 532, 'nitin', '2018-07-13 06:31:26', '2018-19'),
(311, '2018041308', 0, 532, 'nitin', '2018-07-13 06:31:26', '2018-19'),
(312, '2018041309', 0, 532, 'nitin', '2018-07-13 06:31:26', '2018-19'),
(313, '2018041310', 0, 532, 'nitin', '2018-07-13 06:31:26', '2018-19'),
(314, '2018041311', 0, 532, 'nitin', '2018-07-13 06:31:26', '2018-19'),
(315, '2018041312', 0, 532, 'nitin', '2018-07-13 06:31:26', '2018-19'),
(316, '2018041313', 0, 532, 'nitin', '2018-07-13 06:31:27', '2018-19'),
(317, '2018041314', 0, 532, 'nitin', '2018-07-13 06:31:27', '2018-19'),
(318, '2018041315', 0, 532, 'nitin', '2018-07-13 06:31:27', '2018-19');

-- --------------------------------------------------------

--
-- Table structure for table `class_4_class_wise_attendance`
--

CREATE TABLE IF NOT EXISTS `class_4_class_wise_attendance` (
  `ATTID` bigint(22) NOT NULL AUTO_INCREMENT,
  `regid` varchar(25) CHARACTER SET latin1 NOT NULL,
  `ROLLNO` int(11) NOT NULL,
  `CLSSESSID` int(15) NOT NULL,
  `USERNAME_` varchar(40) CHARACTER SET latin1 NOT NULL,
  `DATE_` varchar(15) CHARACTER SET latin1 NOT NULL,
  `TIME_` varchar(12) CHARACTER SET latin1 NOT NULL,
  `STATUS` tinyint(1) NOT NULL,
  `DOE_` timestamp NOT NULL DEFAULT CURRENT_TIMESTAMP,
  PRIMARY KEY (`ATTID`)
) ENGINE=InnoDB DEFAULT CHARSET=utf8 AUTO_INCREMENT=1 ;

-- --------------------------------------------------------

--
-- Table structure for table `exam_1_scholastic_items`
--

CREATE TABLE IF NOT EXISTS `exam_1_scholastic_items` (
  `itemID` int(10) NOT NULL AUTO_INCREMENT,
  `item` varchar(200) CHARACTER SET utf8 NOT NULL,
  `maxMarks` int(3) NOT NULL,
  PRIMARY KEY (`itemID`)
) ENGINE=InnoDB  DEFAULT CHARSET=latin1 AUTO_INCREMENT=4 ;

--
-- Dumping data for table `exam_1_scholastic_items`
--

INSERT INTO `exam_1_scholastic_items` (`itemID`, `item`, `maxMarks`) VALUES
(3, 'Practical', 10);

-- --------------------------------------------------------

--
-- Table structure for table `exam_2_add_scholastic_to_class`
--

CREATE TABLE IF NOT EXISTS `exam_2_add_scholastic_to_class` (
  `ADDSCHCLASSID` int(15) NOT NULL AUTO_INCREMENT,
  `CLSSESSID` int(15) NOT NULL,
  `SESSID` varchar(20) CHARACTER SET utf8 NOT NULL,
  `itemID` int(10) NOT NULL,
  `USERNAME_` varchar(40) CHARACTER SET utf8 NOT NULL,
  `DATE_` timestamp NULL DEFAULT CURRENT_TIMESTAMP,
  PRIMARY KEY (`ADDSCHCLASSID`)
) ENGINE=InnoDB  DEFAULT CHARSET=latin1 AUTO_INCREMENT=18 ;

--
-- Dumping data for table `exam_2_add_scholastic_to_class`
--

INSERT INTO `exam_2_add_scholastic_to_class` (`ADDSCHCLASSID`, `CLSSESSID`, `SESSID`, `itemID`, `USERNAME_`, `DATE_`) VALUES
(7, 391, '2017-18', 3, 'nitin', '2017-06-27 06:30:04'),
(8, 407, '2017-18', 6, 'nitin', '2017-06-27 06:40:30'),
(10, 423, '2017-18', 6, 'nitin', '2017-06-27 06:42:44'),
(11, 424, '2017-18', 6, 'nitin', '2017-06-27 06:42:44'),
(12, 391, '2017-18', 6, 'nitin', '2017-06-27 06:42:44'),
(13, 405, '2017-18', 6, 'nitin', '2017-06-27 06:42:44'),
(14, 406, '2017-18', 6, 'nitin', '2017-06-27 06:42:44'),
(15, 423, '2017-18', 3, 'nitin', '2017-06-27 12:19:41'),
(16, 422, '2017-18', 1, 'nitin', '2017-06-27 16:12:47'),
(17, 424, '2017-18', 3, 'nitin', '2017-07-20 10:28:42');

-- --------------------------------------------------------

--
-- Table structure for table `exam_3_coscholastic_items`
--

CREATE TABLE IF NOT EXISTS `exam_3_coscholastic_items` (
  `coitemID` int(10) NOT NULL AUTO_INCREMENT,
  `coitem` varchar(200) CHARACTER SET utf8 NOT NULL,
  PRIMARY KEY (`coitemID`)
) ENGINE=InnoDB  DEFAULT CHARSET=latin1 AUTO_INCREMENT=7 ;

--
-- Dumping data for table `exam_3_coscholastic_items`
--

INSERT INTO `exam_3_coscholastic_items` (`coitemID`, `coitem`) VALUES
(1, 'Physical Education'),
(5, 'WorkEducation'),
(6, 'Discipline');

-- --------------------------------------------------------

--
-- Table structure for table `exam_4_add_coscholastic_to_class`
--

CREATE TABLE IF NOT EXISTS `exam_4_add_coscholastic_to_class` (
  `ADDCOSCHCLASSID` int(15) NOT NULL AUTO_INCREMENT,
  `CLSSESSID` int(15) NOT NULL,
  `SESSID` varchar(20) CHARACTER SET utf8 NOT NULL,
  `coitemID` int(10) NOT NULL,
  `USERNAME_` varchar(40) CHARACTER SET utf8 NOT NULL,
  `DATE_` timestamp NULL DEFAULT CURRENT_TIMESTAMP,
  PRIMARY KEY (`ADDCOSCHCLASSID`)
) ENGINE=InnoDB  DEFAULT CHARSET=latin1 AUTO_INCREMENT=8 ;

--
-- Dumping data for table `exam_4_add_coscholastic_to_class`
--

INSERT INTO `exam_4_add_coscholastic_to_class` (`ADDCOSCHCLASSID`, `CLSSESSID`, `SESSID`, `coitemID`, `USERNAME_`, `DATE_`) VALUES
(1, 422, '2017-18', 1, 'nitin', '2017-06-28 05:16:14'),
(2, 423, '2017-18', 1, 'nitin', '2017-06-28 05:16:14'),
(6, 422, '2017-18', 5, 'nitin', '2017-06-28 06:39:16'),
(7, 424, '2017-18', 5, 'nitin', '2017-06-28 06:39:16');

-- --------------------------------------------------------

--
-- Table structure for table `exam_5_term`
--

CREATE TABLE IF NOT EXISTS `exam_5_term` (
  `termID` int(10) NOT NULL AUTO_INCREMENT,
  `termName` varchar(100) CHARACTER SET utf8 NOT NULL,
  `SESSID` varchar(20) CHARACTER SET utf8 NOT NULL,
  PRIMARY KEY (`termID`)
) ENGINE=InnoDB  DEFAULT CHARSET=latin1 AUTO_INCREMENT=3 ;

--
-- Dumping data for table `exam_5_term`
--

INSERT INTO `exam_5_term` (`termID`, `termName`, `SESSID`) VALUES
(1, 'HALF-YEARLY', '2017-18'),
(2, 'FINAL', '2017-18');

-- --------------------------------------------------------

--
-- Table structure for table `exam_6_scholastic_result`
--

CREATE TABLE IF NOT EXISTS `exam_6_scholastic_result` (
  `schID` int(13) NOT NULL AUTO_INCREMENT,
  `regid` varchar(25) CHARACTER SET utf8 NOT NULL,
  `CLSSESSID` int(15) NOT NULL,
  `ROLLNO` int(11) NOT NULL,
  `SESSID` varchar(20) CHARACTER SET utf8 NOT NULL,
  `subjectID` int(10) NOT NULL,
  `itemID` int(10) NOT NULL,
  `maxMarks` int(10) NOT NULL,
  `marks` int(10) NOT NULL,
  `termID` int(10) NOT NULL,
  `USERNAME_` varchar(50) CHARACTER SET utf8 NOT NULL,
  `DATE_` timestamp NULL DEFAULT CURRENT_TIMESTAMP,
  PRIMARY KEY (`schID`)
) ENGINE=InnoDB  DEFAULT CHARSET=latin1 AUTO_INCREMENT=103 ;

--
-- Dumping data for table `exam_6_scholastic_result`
--

INSERT INTO `exam_6_scholastic_result` (`schID`, `regid`, `CLSSESSID`, `ROLLNO`, `SESSID`, `subjectID`, `itemID`, `maxMarks`, `marks`, `termID`, `USERNAME_`, `DATE_`) VALUES
(52, '2017041285', 422, 0, '2017-18', 19, 1, 20, 10, 1, 'nitin', '2017-07-02 05:37:57'),
(53, '2017041286', 422, 0, '2017-18', 19, 1, 20, 10, 1, 'nitin', '2017-07-02 05:37:57'),
(54, '2017041287', 422, 0, '2017-18', 19, 1, 20, 10, 1, 'nitin', '2017-07-02 05:37:57'),
(55, '2017041288', 422, 0, '2017-18', 19, 1, 20, 10, 1, 'nitin', '2017-07-02 05:37:57'),
(56, '2017041289', 422, 0, '2017-18', 19, 1, 20, 12, 1, 'nitin', '2017-07-02 05:37:57'),
(57, '2017041290', 422, 0, '2017-18', 19, 1, 20, 13, 1, 'nitin', '2017-07-02 05:37:58'),
(58, '2017041291', 422, 0, '2017-18', 19, 1, 20, 14, 1, 'nitin', '2017-07-02 05:37:58'),
(59, '2017041292', 422, 0, '2017-18', 19, 1, 20, 12, 1, 'nitin', '2017-07-02 05:37:58'),
(60, '2017041293', 422, 0, '2017-18', 19, 1, 20, 12, 1, 'nitin', '2017-07-02 05:37:58'),
(61, '2017041294', 422, 0, '2017-18', 19, 1, 20, 10, 1, 'nitin', '2017-07-02 05:37:58'),
(62, '2017041295', 422, 0, '2017-18', 19, 1, 20, 12, 1, 'nitin', '2017-07-02 05:37:58'),
(63, '2017041296', 422, 0, '2017-18', 19, 1, 20, 20, 1, 'nitin', '2017-07-02 05:37:58'),
(64, '2017041297', 422, 0, '2017-18', 19, 1, 20, 16, 1, 'nitin', '2017-07-02 05:37:58'),
(65, '2017041298', 422, 0, '2017-18', 19, 1, 20, 17, 1, 'nitin', '2017-07-02 05:37:58'),
(66, '2017041299', 422, 0, '2017-18', 19, 1, 20, 18, 1, 'nitin', '2017-07-02 05:37:58'),
(67, '2017041300', 422, 0, '2017-18', 19, 1, 20, 15, 1, 'nitin', '2017-07-02 05:37:58'),
(68, '2017041301', 422, 0, '2017-18', 19, 1, 20, 14, 1, 'nitin', '2017-07-02 05:37:58'),
(69, '2017041302', 422, 0, '2017-18', 19, 1, 20, 17, 1, 'nitin', '2017-07-02 05:37:58'),
(70, '2017041303', 422, 0, '2017-18', 19, 1, 20, 16, 1, 'nitin', '2017-07-02 05:37:58'),
(71, '2017041304', 422, 0, '2017-18', 19, 1, 20, 15, 1, 'nitin', '2017-07-02 05:37:58'),
(72, '2017041305', 422, 0, '2017-18', 19, 1, 20, 18, 1, 'nitin', '2017-07-02 05:37:58'),
(73, '2017041306', 422, 0, '2017-18', 19, 1, 20, 15, 1, 'nitin', '2017-07-02 05:37:58'),
(74, '2017041307', 422, 0, '2017-18', 19, 1, 20, 13, 1, 'nitin', '2017-07-02 05:37:58'),
(75, '2017041308', 422, 0, '2017-18', 19, 1, 20, 15, 1, 'nitin', '2017-07-02 05:37:58'),
(76, '2017041309', 422, 0, '2017-18', 19, 1, 20, 19, 1, 'nitin', '2017-07-02 05:37:58'),
(77, '2017041310', 422, 0, '2017-18', 19, 1, 20, 10, 1, 'nitin', '2017-07-02 05:37:58'),
(78, '2017041311', 422, 0, '2017-18', 19, 1, 20, 17, 1, 'nitin', '2017-07-02 05:37:58'),
(79, '2017041312', 422, 0, '2017-18', 19, 1, 20, 10, 1, 'nitin', '2017-07-02 05:37:58'),
(80, '2017041313', 422, 0, '2017-18', 19, 1, 20, 10, 1, 'nitin', '2017-07-02 05:37:58'),
(81, '2017041314', 422, 0, '2017-18', 19, 1, 20, 18, 1, 'nitin', '2017-07-02 05:37:58'),
(82, '2017041315', 422, 0, '2017-18', 19, 1, 20, 19, 1, 'nitin', '2017-07-02 05:37:58'),
(83, '2017041316', 422, 0, '2017-18', 19, 1, 20, 10, 1, 'nitin', '2017-07-02 05:37:58'),
(84, '2017041317', 422, 0, '2017-18', 19, 1, 20, 10, 1, 'nitin', '2017-07-02 05:37:58'),
(85, '2017041318', 422, 0, '2017-18', 19, 1, 20, 12, 1, 'nitin', '2017-07-02 05:37:59'),
(86, '2017041319', 422, 0, '2017-18', 19, 1, 20, 19, 1, 'nitin', '2017-07-02 05:37:59'),
(87, '2017041320', 422, 0, '2017-18', 19, 1, 20, 18, 1, 'nitin', '2017-07-02 05:37:59'),
(88, '2017041321', 422, 0, '2017-18', 19, 1, 20, 10, 1, 'nitin', '2017-07-02 05:37:59'),
(89, '2017041322', 422, 0, '2017-18', 19, 1, 20, 12, 1, 'nitin', '2017-07-02 05:37:59'),
(90, '2017041323', 422, 0, '2017-18', 19, 1, 20, 12, 1, 'nitin', '2017-07-02 05:37:59'),
(91, '2017041324', 422, 0, '2017-18', 19, 1, 20, 13, 1, 'nitin', '2017-07-02 05:37:59'),
(92, '2017041325', 422, 0, '2017-18', 19, 1, 20, 14, 1, 'nitin', '2017-07-02 05:37:59'),
(93, '2017041326', 422, 0, '2017-18', 19, 1, 20, 10, 1, 'nitin', '2017-07-02 05:37:59'),
(94, '2017041327', 422, 0, '2017-18', 19, 1, 20, 10, 1, 'nitin', '2017-07-02 05:37:59'),
(95, '2017041328', 422, 0, '2017-18', 19, 1, 20, 10, 1, 'nitin', '2017-07-02 05:37:59'),
(96, '2017041329', 422, 0, '2017-18', 19, 1, 20, 10, 1, 'nitin', '2017-07-02 05:37:59'),
(97, '2017041330', 422, 0, '2017-18', 19, 1, 20, 7, 1, 'nitin', '2017-07-02 05:37:59'),
(98, '2017041331', 422, 0, '2017-18', 19, 1, 20, 8, 1, 'nitin', '2017-07-02 05:37:59'),
(99, '2017041332', 422, 0, '2017-18', 19, 1, 20, 8, 1, 'nitin', '2017-07-02 05:37:59'),
(100, '2017041333', 422, 0, '2017-18', 19, 1, 20, 8, 1, 'nitin', '2017-07-02 05:37:59'),
(101, '2017041334', 422, 0, '2017-18', 19, 1, 20, 8, 1, 'nitin', '2017-07-02 05:37:59'),
(102, '2017041335', 422, 0, '2017-18', 19, 1, 20, 8, 1, 'nitin', '2017-07-02 05:37:59');

-- --------------------------------------------------------

--
-- Table structure for table `exam_7_coscholastic_result`
--

CREATE TABLE IF NOT EXISTS `exam_7_coscholastic_result` (
  `coschID` int(13) NOT NULL AUTO_INCREMENT,
  `regid` varchar(25) CHARACTER SET utf8 NOT NULL,
  `CLSSESSID` int(15) NOT NULL,
  `ROLLNO` int(11) NOT NULL,
  `SESSID` varchar(20) CHARACTER SET utf8 NOT NULL,
  `coitemID` int(10) NOT NULL,
  `grade` char(1) CHARACTER SET utf8 NOT NULL,
  `termID` int(10) NOT NULL,
  `USERNAME_` varchar(50) CHARACTER SET utf8 NOT NULL,
  `DATE_` timestamp NULL DEFAULT CURRENT_TIMESTAMP,
  PRIMARY KEY (`coschID`)
) ENGINE=InnoDB  DEFAULT CHARSET=latin1 AUTO_INCREMENT=100 ;

--
-- Dumping data for table `exam_7_coscholastic_result`
--

INSERT INTO `exam_7_coscholastic_result` (`coschID`, `regid`, `CLSSESSID`, `ROLLNO`, `SESSID`, `coitemID`, `grade`, `termID`, `USERNAME_`, `DATE_`) VALUES
(1, '2017041336', 423, 0, '2017-18', 1, 'A', 1, 'nitin', '2017-07-02 04:10:00'),
(2, '2017041337', 423, 0, '2017-18', 1, 'A', 1, 'nitin', '2017-07-02 04:10:00'),
(3, '2017041338', 423, 0, '2017-18', 1, 'A', 1, 'nitin', '2017-07-02 04:10:00'),
(4, '2017041339', 423, 0, '2017-18', 1, 'A', 1, 'nitin', '2017-07-02 04:10:00'),
(5, '2017041340', 423, 0, '2017-18', 1, 'A', 1, 'nitin', '2017-07-02 04:10:00'),
(6, '2017041341', 423, 0, '2017-18', 1, 'A', 1, 'nitin', '2017-07-02 04:10:00'),
(7, '2017041342', 423, 0, '2017-18', 1, 'A', 1, 'nitin', '2017-07-02 04:10:00'),
(8, '2017041343', 423, 0, '2017-18', 1, 'A', 1, 'nitin', '2017-07-02 04:10:00'),
(9, '2017041344', 423, 0, '2017-18', 1, 'A', 1, 'nitin', '2017-07-02 04:10:00'),
(10, '2017041345', 423, 0, '2017-18', 1, 'A', 1, 'nitin', '2017-07-02 04:10:00'),
(11, '2017041346', 423, 0, '2017-18', 1, 'A', 1, 'nitin', '2017-07-02 04:10:00'),
(12, '2017041347', 423, 0, '2017-18', 1, 'A', 1, 'nitin', '2017-07-02 04:10:00'),
(13, '2017041348', 423, 0, '2017-18', 1, 'A', 1, 'nitin', '2017-07-02 04:10:00'),
(14, '2017041349', 423, 0, '2017-18', 1, 'A', 1, 'nitin', '2017-07-02 04:10:00'),
(15, '2017041350', 423, 0, '2017-18', 1, 'A', 1, 'nitin', '2017-07-02 04:10:00'),
(16, '2017041351', 423, 0, '2017-18', 1, 'A', 1, 'nitin', '2017-07-02 04:10:00'),
(17, '2017041352', 423, 0, '2017-18', 1, 'A', 1, 'nitin', '2017-07-02 04:10:00'),
(18, '2017041353', 423, 0, '2017-18', 1, 'A', 1, 'nitin', '2017-07-02 04:10:00'),
(19, '2017041354', 423, 0, '2017-18', 1, 'A', 1, 'nitin', '2017-07-02 04:10:01'),
(20, '2017041355', 423, 0, '2017-18', 1, 'A', 1, 'nitin', '2017-07-02 04:10:01'),
(21, '2017041356', 423, 0, '2017-18', 1, 'A', 1, 'nitin', '2017-07-02 04:10:01'),
(22, '2017041357', 423, 0, '2017-18', 1, 'A', 1, 'nitin', '2017-07-02 04:10:01'),
(23, '2017041358', 423, 0, '2017-18', 1, 'A', 1, 'nitin', '2017-07-02 04:10:01'),
(24, '2017041359', 423, 0, '2017-18', 1, 'A', 1, 'nitin', '2017-07-02 04:10:01'),
(25, '2017041360', 423, 0, '2017-18', 1, 'A', 1, 'nitin', '2017-07-02 04:10:01'),
(26, '2017041361', 423, 0, '2017-18', 1, 'A', 1, 'nitin', '2017-07-02 04:10:01'),
(27, '2017041362', 423, 0, '2017-18', 1, 'A', 1, 'nitin', '2017-07-02 04:10:01'),
(28, '2017041363', 423, 0, '2017-18', 1, 'A', 1, 'nitin', '2017-07-02 04:10:01'),
(29, '2017041364', 423, 0, '2017-18', 1, 'A', 1, 'nitin', '2017-07-02 04:10:01'),
(30, '2017041365', 423, 0, '2017-18', 1, 'A', 1, 'nitin', '2017-07-02 04:10:01'),
(31, '2017041366', 423, 0, '2017-18', 1, 'A', 1, 'nitin', '2017-07-02 04:10:01'),
(32, '2017041367', 423, 0, '2017-18', 1, 'A', 1, 'nitin', '2017-07-02 04:10:01'),
(33, '2017041368', 423, 0, '2017-18', 1, 'A', 1, 'nitin', '2017-07-02 04:10:01'),
(34, '2017041369', 423, 0, '2017-18', 1, 'A', 1, 'nitin', '2017-07-02 04:10:01'),
(35, '2017041370', 423, 0, '2017-18', 1, 'A', 1, 'nitin', '2017-07-02 04:10:01'),
(36, '2017041371', 423, 0, '2017-18', 1, 'A', 1, 'nitin', '2017-07-02 04:10:01'),
(37, '2017041372', 423, 0, '2017-18', 1, 'A', 1, 'nitin', '2017-07-02 04:10:01'),
(38, '2017041373', 423, 0, '2017-18', 1, 'A', 1, 'nitin', '2017-07-02 04:10:01'),
(39, '2017041374', 423, 0, '2017-18', 1, 'A', 1, 'nitin', '2017-07-02 04:10:01'),
(40, '2017041375', 423, 0, '2017-18', 1, 'A', 1, 'nitin', '2017-07-02 04:10:01'),
(41, '2017041376', 423, 0, '2017-18', 1, 'A', 1, 'nitin', '2017-07-02 04:10:01'),
(42, '2017041377', 423, 0, '2017-18', 1, 'A', 1, 'nitin', '2017-07-02 04:10:01'),
(43, '2017041378', 423, 0, '2017-18', 1, 'A', 1, 'nitin', '2017-07-02 04:10:01'),
(44, '2017041379', 423, 0, '2017-18', 1, 'A', 1, 'nitin', '2017-07-02 04:10:01'),
(45, '2017041380', 423, 0, '2017-18', 1, 'A', 1, 'nitin', '2017-07-02 04:10:02'),
(46, '2017041381', 423, 0, '2017-18', 1, 'A', 1, 'nitin', '2017-07-02 04:10:02'),
(47, '2017041382', 423, 0, '2017-18', 1, 'A', 1, 'nitin', '2017-07-02 04:10:02'),
(48, '2017041383', 423, 0, '2017-18', 1, 'A', 1, 'nitin', '2017-07-02 04:10:02'),
(49, '2017041285', 422, 0, '2017-18', 5, 'A', 1, 'nitin', '2017-07-02 04:10:49'),
(50, '2017041286', 422, 0, '2017-18', 5, 'B', 1, 'nitin', '2017-07-02 04:10:49'),
(51, '2017041287', 422, 0, '2017-18', 5, 'B', 1, 'nitin', '2017-07-02 04:10:49'),
(52, '2017041288', 422, 0, '2017-18', 5, 'B', 1, 'nitin', '2017-07-02 04:10:49'),
(53, '2017041289', 422, 0, '2017-18', 5, 'B', 1, 'nitin', '2017-07-02 04:10:49'),
(54, '2017041290', 422, 0, '2017-18', 5, 'B', 1, 'nitin', '2017-07-02 04:10:49'),
(55, '2017041291', 422, 0, '2017-18', 5, 'B', 1, 'nitin', '2017-07-02 04:10:49'),
(56, '2017041292', 422, 0, '2017-18', 5, 'B', 1, 'nitin', '2017-07-02 04:10:49'),
(57, '2017041293', 422, 0, '2017-18', 5, 'B', 1, 'nitin', '2017-07-02 04:10:49'),
(58, '2017041294', 422, 0, '2017-18', 5, 'B', 1, 'nitin', '2017-07-02 04:10:49'),
(59, '2017041295', 422, 0, '2017-18', 5, 'B', 1, 'nitin', '2017-07-02 04:10:49'),
(60, '2017041296', 422, 0, '2017-18', 5, 'B', 1, 'nitin', '2017-07-02 04:10:49'),
(61, '2017041297', 422, 0, '2017-18', 5, 'B', 1, 'nitin', '2017-07-02 04:10:49'),
(62, '2017041298', 422, 0, '2017-18', 5, 'B', 1, 'nitin', '2017-07-02 04:10:49'),
(63, '2017041299', 422, 0, '2017-18', 5, 'C', 1, 'nitin', '2017-07-02 04:10:49'),
(64, '2017041300', 422, 0, '2017-18', 5, 'C', 1, 'nitin', '2017-07-02 04:10:49'),
(65, '2017041301', 422, 0, '2017-18', 5, 'C', 1, 'nitin', '2017-07-02 04:10:49'),
(66, '2017041302', 422, 0, '2017-18', 5, 'C', 1, 'nitin', '2017-07-02 04:10:50'),
(67, '2017041303', 422, 0, '2017-18', 5, 'C', 1, 'nitin', '2017-07-02 04:10:50'),
(68, '2017041304', 422, 0, '2017-18', 5, 'C', 1, 'nitin', '2017-07-02 04:10:50'),
(69, '2017041305', 422, 0, '2017-18', 5, 'C', 1, 'nitin', '2017-07-02 04:10:50'),
(70, '2017041306', 422, 0, '2017-18', 5, 'C', 1, 'nitin', '2017-07-02 04:10:50'),
(71, '2017041307', 422, 0, '2017-18', 5, 'C', 1, 'nitin', '2017-07-02 04:10:50'),
(72, '2017041308', 422, 0, '2017-18', 5, 'C', 1, 'nitin', '2017-07-02 04:10:50'),
(73, '2017041309', 422, 0, '2017-18', 5, 'C', 1, 'nitin', '2017-07-02 04:10:50'),
(74, '2017041310', 422, 0, '2017-18', 5, 'C', 1, 'nitin', '2017-07-02 04:10:50'),
(75, '2017041311', 422, 0, '2017-18', 5, 'A', 1, 'nitin', '2017-07-02 04:10:50'),
(76, '2017041312', 422, 0, '2017-18', 5, 'A', 1, 'nitin', '2017-07-02 04:10:50'),
(77, '2017041313', 422, 0, '2017-18', 5, 'A', 1, 'nitin', '2017-07-02 04:10:50'),
(78, '2017041314', 422, 0, '2017-18', 5, 'A', 1, 'nitin', '2017-07-02 04:10:50'),
(79, '2017041315', 422, 0, '2017-18', 5, 'A', 1, 'nitin', '2017-07-02 04:10:50'),
(80, '2017041316', 422, 0, '2017-18', 5, 'A', 1, 'nitin', '2017-07-02 04:10:50'),
(81, '2017041317', 422, 0, '2017-18', 5, 'A', 1, 'nitin', '2017-07-02 04:10:50'),
(82, '2017041318', 422, 0, '2017-18', 5, 'A', 1, 'nitin', '2017-07-02 04:10:50'),
(83, '2017041319', 422, 0, '2017-18', 5, 'A', 1, 'nitin', '2017-07-02 04:10:50'),
(84, '2017041320', 422, 0, '2017-18', 5, 'A', 1, 'nitin', '2017-07-02 04:10:50'),
(85, '2017041321', 422, 0, '2017-18', 5, 'A', 1, 'nitin', '2017-07-02 04:10:50'),
(86, '2017041322', 422, 0, '2017-18', 5, 'B', 1, 'nitin', '2017-07-02 04:10:50'),
(87, '2017041323', 422, 0, '2017-18', 5, 'B', 1, 'nitin', '2017-07-02 04:10:50'),
(88, '2017041324', 422, 0, '2017-18', 5, 'B', 1, 'nitin', '2017-07-02 04:10:50'),
(89, '2017041325', 422, 0, '2017-18', 5, 'B', 1, 'nitin', '2017-07-02 04:10:50'),
(90, '2017041326', 422, 0, '2017-18', 5, 'B', 1, 'nitin', '2017-07-02 04:10:50'),
(91, '2017041327', 422, 0, '2017-18', 5, 'B', 1, 'nitin', '2017-07-02 04:10:50'),
(92, '2017041328', 422, 0, '2017-18', 5, 'B', 1, 'nitin', '2017-07-02 04:10:50'),
(93, '2017041329', 422, 0, '2017-18', 5, 'B', 1, 'nitin', '2017-07-02 04:10:50'),
(94, '2017041330', 422, 0, '2017-18', 5, 'B', 1, 'nitin', '2017-07-02 04:10:51'),
(95, '2017041331', 422, 0, '2017-18', 5, 'B', 1, 'nitin', '2017-07-02 04:10:51'),
(96, '2017041332', 422, 0, '2017-18', 5, 'C', 1, 'nitin', '2017-07-02 04:10:51'),
(97, '2017041333', 422, 0, '2017-18', 5, 'C', 1, 'nitin', '2017-07-02 04:10:51'),
(98, '2017041334', 422, 0, '2017-18', 5, 'C', 1, 'nitin', '2017-07-02 04:10:51'),
(99, '2017041335', 422, 0, '2017-18', 5, 'C', 1, 'nitin', '2017-07-02 04:10:51');

-- --------------------------------------------------------

--
-- Table structure for table `exam_8_result_subject_total`
--

CREATE TABLE IF NOT EXISTS `exam_8_result_subject_total` (
  `resultsubtotalID` int(13) NOT NULL AUTO_INCREMENT,
  `regid` varchar(25) CHARACTER SET utf8 NOT NULL,
  `CLSSESSID` int(15) NOT NULL,
  `ROLLNO` int(11) NOT NULL,
  `SESSID` varchar(20) CHARACTER SET utf8 NOT NULL,
  `subjectID` int(10) NOT NULL,
  `totalMarks` int(10) NOT NULL,
  `grade` varchar(10) CHARACTER SET utf8 NOT NULL,
  `termID` int(10) NOT NULL,
  `USERNAME_` varchar(50) CHARACTER SET utf8 NOT NULL,
  `DATE_` timestamp NULL DEFAULT CURRENT_TIMESTAMP,
  PRIMARY KEY (`resultsubtotalID`)
) ENGINE=InnoDB DEFAULT CHARSET=latin1 AUTO_INCREMENT=1 ;

-- --------------------------------------------------------

--
-- Table structure for table `exam_9_result_remarks`
--

CREATE TABLE IF NOT EXISTS `exam_9_result_remarks` (
  `resultsubtotalID` int(13) NOT NULL AUTO_INCREMENT,
  `regid` varchar(25) CHARACTER SET utf8 NOT NULL,
  `CLSSESSID` int(15) NOT NULL,
  `ROLLNO` int(11) NOT NULL,
  `SESSID` varchar(20) CHARACTER SET utf8 NOT NULL,
  `teacherRemark` varchar(500) CHARACTER SET utf8 NOT NULL,
  `promotedClass` varchar(10) CHARACTER SET utf8 NOT NULL,
  `termID` int(10) NOT NULL,
  `USERNAME_` varchar(50) CHARACTER SET utf8 NOT NULL,
  `DATE_` timestamp NULL DEFAULT CURRENT_TIMESTAMP,
  PRIMARY KEY (`resultsubtotalID`)
) ENGINE=InnoDB DEFAULT CHARSET=latin1 AUTO_INCREMENT=1 ;

-- --------------------------------------------------------

--
-- Table structure for table `fee_0_duration`
--

CREATE TABLE IF NOT EXISTS `fee_0_duration` (
  `DURATION` varchar(2) NOT NULL,
  `ITEM` varchar(25) NOT NULL,
  `DATE_` timestamp NOT NULL DEFAULT CURRENT_TIMESTAMP,
  PRIMARY KEY (`DURATION`)
) ENGINE=InnoDB DEFAULT CHARSET=utf8;

--
-- Dumping data for table `fee_0_duration`
--

INSERT INTO `fee_0_duration` (`DURATION`, `ITEM`, `DATE_`) VALUES
('1', 'One time', '2017-10-22 05:54:43'),
('n', 'As per selected months', '2017-10-22 05:54:43');

-- --------------------------------------------------------

--
-- Table structure for table `fee_1_type`
--

CREATE TABLE IF NOT EXISTS `fee_1_type` (
  `FEETYPEID` int(15) NOT NULL,
  `TYPE_` varchar(100) NOT NULL,
  `USERNAME` varchar(100) NOT NULL,
  `DATE_` timestamp NOT NULL DEFAULT CURRENT_TIMESTAMP,
  PRIMARY KEY (`FEETYPEID`)
) ENGINE=InnoDB DEFAULT CHARSET=utf8;

-- --------------------------------------------------------

--
-- Table structure for table `fee_2`
--

CREATE TABLE IF NOT EXISTS `fee_2` (
  `feeID` int(11) NOT NULL AUTO_INCREMENT,
  `regID` varchar(25) NOT NULL,
  `date` varchar(20) NOT NULL,
  `Amount` int(11) NOT NULL,
  `username` varchar(100) NOT NULL,
  `feetype` varchar(20) NOT NULL,
  `feemode` varchar(20) NOT NULL,
  `bankname` varchar(50) NOT NULL,
  `dd_ch_no` varchar(20) NOT NULL,
  `dd_ch_date` varchar(20) NOT NULL,
  `DOE_` timestamp NOT NULL DEFAULT CURRENT_TIMESTAMP,
  `SESSIONID` varchar(20) NOT NULL,
  PRIMARY KEY (`feeID`),
  KEY `regID` (`regID`,`date`),
  KEY `userID` (`username`),
  KEY `username` (`username`),
  KEY `username_2` (`username`),
  KEY `regID_2` (`regID`),
  KEY `feetype` (`feetype`),
  KEY `SESSIONID` (`SESSIONID`)
) ENGINE=InnoDB DEFAULT CHARSET=utf8 AUTO_INCREMENT=1 ;

-- --------------------------------------------------------

--
-- Table structure for table `fee_3_static_heads`
--

CREATE TABLE IF NOT EXISTS `fee_3_static_heads` (
  `ST_HD_ID` int(15) NOT NULL AUTO_INCREMENT,
  `FEE_HEAD` varchar(100) NOT NULL,
  `DURATION` varchar(2) NOT NULL,
  `USERNAME` varchar(100) NOT NULL,
  `DATE_` timestamp NOT NULL DEFAULT CURRENT_TIMESTAMP,
  PRIMARY KEY (`ST_HD_ID`)
) ENGINE=InnoDB  DEFAULT CHARSET=utf8 AUTO_INCREMENT=20 ;

--
-- Dumping data for table `fee_3_static_heads`
--

INSERT INTO `fee_3_static_heads` (`ST_HD_ID`, `FEE_HEAD`, `DURATION`, `USERNAME`, `DATE_`) VALUES
(1, 'REGISTRATION', 'n', 'nitin', '2017-10-22 07:15:56'),
(2, 'ADMISSION', '1', 'nitin', '2017-11-12 11:58:00'),
(9, 'WITHDRAWL', 'n', 'nitin', '2017-10-22 07:15:36'),
(10, 'TUITION', '1', 'nitin', '2017-10-22 07:15:33'),
(11, 'BOOK BANK', '1', 'nitin', '2017-10-22 06:17:17'),
(12, 'MEDICAL', 'n', 'nitin', '2017-10-22 06:15:06'),
(13, 'SPORTS', '1', 'nitin', '2017-10-22 06:19:11'),
(19, 'X', 'n', 'nitin', '2018-07-13 13:44:12');

-- --------------------------------------------------------

--
-- Table structure for table `fee_4_flexible_heads`
--

CREATE TABLE IF NOT EXISTS `fee_4_flexible_heads` (
  `FLX_HD_ID` int(15) NOT NULL AUTO_INCREMENT,
  `FEE_HEAD` varchar(100) NOT NULL,
  `DURATION` varchar(2) NOT NULL,
  `AMOUNT` varchar(100) NOT NULL,
  `USERNAME` varchar(100) NOT NULL,
  `DATE_` timestamp NOT NULL DEFAULT CURRENT_TIMESTAMP,
  PRIMARY KEY (`FLX_HD_ID`)
) ENGINE=InnoDB  DEFAULT CHARSET=utf8 AUTO_INCREMENT=9 ;

--
-- Dumping data for table `fee_4_flexible_heads`
--

INSERT INTO `fee_4_flexible_heads` (`FLX_HD_ID`, `FEE_HEAD`, `DURATION`, `AMOUNT`, `USERNAME`, `DATE_`) VALUES
(1, 'EXAM FEE', '1', '500', 'nitin', '2017-10-22 07:38:43'),
(2, 'BUS FEE', 'n', '1000', 'nitin', '2016-03-21 16:12:59'),
(3, 'EXAM FEE (1 CLASS)', '1', '400', 'nitin', '2017-08-29 17:31:11'),
(4, 'CULTURAL PARTICIPATION FEE', '1', '1500', 'nitin', '2017-10-22 07:38:21'),
(5, 'SPORTS FEE', 'n', '1000', 'nitin', '2017-10-28 08:25:59'),
(6, 'MUSIC FEE', 'n', '850', 'nitin', '2017-10-28 08:26:08'),
(7, 'ADMISSION', '1', '2000', 'nitin', '2017-11-07 05:21:58'),
(8, 'A', 'n', '3000', 'nitin', '2018-07-13 13:03:48');

-- --------------------------------------------------------

--
-- Table structure for table `fee_5_add_flexi_head_to_students`
--

CREATE TABLE IF NOT EXISTS `fee_5_add_flexi_head_to_students` (
  `ADFLXFEESTUDID` int(15) NOT NULL AUTO_INCREMENT,
  `REGID` varchar(100) NOT NULL,
  `CLSSESSID` int(15) NOT NULL,
  `SESSID` varchar(20) NOT NULL,
  `FLX_HD_ID` int(15) NOT NULL,
  `STATUS` tinyint(1) NOT NULL,
  `USERNAME` varchar(100) NOT NULL,
  `DATE_` timestamp NOT NULL DEFAULT CURRENT_TIMESTAMP,
  PRIMARY KEY (`ADFLXFEESTUDID`),
  KEY `FLX_HD_ID` (`FLX_HD_ID`),
  KEY `REGID` (`REGID`),
  KEY `CLSSESSID` (`CLSSESSID`),
  KEY `SESSID` (`SESSID`)
) ENGINE=InnoDB DEFAULT CHARSET=utf8 AUTO_INCREMENT=1 ;

-- --------------------------------------------------------

--
-- Table structure for table `fee_6_invoice`
--

CREATE TABLE IF NOT EXISTS `fee_6_invoice` (
  `INVID` int(15) NOT NULL AUTO_INCREMENT,
  `SESSID` varchar(20) NOT NULL,
  `CLSSESSID` int(15) NOT NULL,
  `YEAR_FROM` varchar(15) NOT NULL,
  `MONTH_FROM` varchar(30) NOT NULL,
  `YEAR_TO` varchar(15) NOT NULL,
  `MONTH_TO` varchar(30) NOT NULL,
  `NOM` int(11) NOT NULL,
  `DESCRIPTION_IFANY` text NOT NULL,
  `DATE_` timestamp NOT NULL DEFAULT CURRENT_TIMESTAMP,
  PRIMARY KEY (`INVID`),
  KEY `SESSID` (`SESSID`)
) ENGINE=InnoDB  DEFAULT CHARSET=utf8 AUTO_INCREMENT=16 ;

--
-- Dumping data for table `fee_6_invoice`
--

INSERT INTO `fee_6_invoice` (`INVID`, `SESSID`, `CLSSESSID`, `YEAR_FROM`, `MONTH_FROM`, `YEAR_TO`, `MONTH_TO`, `NOM`, `DESCRIPTION_IFANY`, `DATE_`) VALUES
(1, '2018-19', 522, '2018', '7', '2018', '7', 1, 'X', '2018-07-02 13:11:15'),
(2, '2018-19', 522, '2018', '7', '2018', '7', 1, 'X', '2018-07-02 13:13:02'),
(3, '2018-19', 522, '2018', '7', '2018', '7', 1, 'X', '2018-07-10 08:57:15'),
(4, '2018-19', 522, '2018', '7', '2018', '7', 1, 'X', '2018-07-10 12:25:54'),
(5, '2018-19', 522, '2018', '7', '2018', '7', 1, 'X', '2018-07-10 13:04:50'),
(6, '2018-19', 522, '2018', '7', '2018', '7', 1, 'X', '2018-07-10 19:38:25'),
(7, '2018-19', 526, '2018', '7', '2018', '7', 1, 'X', '2018-07-15 07:01:08'),
(8, '2018-19', 526, '2018', '8', '2018', '8', 1, 'X', '2018-07-15 07:02:05'),
(9, '2018-19', 522, '2018', '7', '2018', '7', 1, 'X', '2018-07-15 11:40:35'),
(10, '2018-19', 522, '2018', '7', '2018', '7', 1, 'X', '2018-07-15 11:40:37'),
(11, '2018-19', 522, '2018', '7', '2018', '7', 1, 'X', '2018-07-15 11:40:37'),
(12, '2018-19', 522, '2018', '7', '2018', '7', 1, 'X', '2018-07-15 11:40:38'),
(13, '2018-19', 522, '2018', '7', '2018', '7', 1, 'X', '2018-07-15 11:40:39'),
(15, '2018-19', 526, '2018', '9', '2018', '9', 1, 'X', '2018-07-15 11:58:29');

-- --------------------------------------------------------

--
-- Table structure for table `fee_6_invoice_detail`
--

CREATE TABLE IF NOT EXISTS `fee_6_invoice_detail` (
  `INVDETID` int(11) NOT NULL AUTO_INCREMENT,
  `INVID` int(11) NOT NULL,
  `STATIC_HEADS_1_TIME` varchar(150) NOT NULL,
  `STATIC_SPLIT_AMT_1_TIME` varchar(150) NOT NULL,
  `STATIC_HEADS_N_TIMES` varchar(150) NOT NULL,
  `STATIC_SPLIT_AMT_N_TIME` varchar(150) NOT NULL,
  `FLEXIBLE_HEADS_1_TIME` varchar(150) NOT NULL,
  `FLEXI_SPLIT_AMT_1_TIME` varchar(150) NOT NULL,
  `FLEXIBLE_HEADS_N_TIMES` varchar(150) NOT NULL,
  `FLEXI_SPLIT_AMT_N_TIMES` varchar(150) NOT NULL,
  `ACTUAL_AMOUNT` float(11,2) NOT NULL,
  `DESCRIPTION_IFANY` text NOT NULL,
  `REGID` varchar(25) NOT NULL,
  `ACTUAL_DUE_AMOUNT` int(11) NOT NULL,
  `PREV_DUE_AMOUNT` int(11) NOT NULL,
  `DUE_AMOUNT` int(11) NOT NULL,
  `DATE_` timestamp NOT NULL DEFAULT CURRENT_TIMESTAMP,
  `STATUS` tinyint(1) NOT NULL DEFAULT '1',
  PRIMARY KEY (`INVDETID`)
) ENGINE=InnoDB  DEFAULT CHARSET=utf8 AUTO_INCREMENT=19 ;

--
-- Dumping data for table `fee_6_invoice_detail`
--

INSERT INTO `fee_6_invoice_detail` (`INVDETID`, `INVID`, `STATIC_HEADS_1_TIME`, `STATIC_SPLIT_AMT_1_TIME`, `STATIC_HEADS_N_TIMES`, `STATIC_SPLIT_AMT_N_TIME`, `FLEXIBLE_HEADS_1_TIME`, `FLEXI_SPLIT_AMT_1_TIME`, `FLEXIBLE_HEADS_N_TIMES`, `FLEXI_SPLIT_AMT_N_TIMES`, `ACTUAL_AMOUNT`, `DESCRIPTION_IFANY`, `REGID`, `ACTUAL_DUE_AMOUNT`, `PREV_DUE_AMOUNT`, `DUE_AMOUNT`, `DATE_`, `STATUS`) VALUES
(1, 1, 'ADMISSION', '5000', 'REGISTRATION', '1000', '', '', '', '', 6000.00, 'X', '2018041041', 6000, 0, 0, '2018-07-02 13:11:15', 1),
(2, 2, 'ADMISSION', '5000', 'REGISTRATION', '1000', '', '', '', '', 6000.00, 'X', '2018041001', 6000, 0, 0, '2018-07-02 13:13:02', 1),
(3, 3, '', '', 'REGISTRATION', '1000', '', '', '', '', 1000.00, 'X', '2018041002', 1000, 0, 0, '2018-07-10 08:57:15', 1),
(4, 4, '', '', 'REGISTRATION', '1000', '', '', '', '', 1000.00, 'X', '2018041003', 1000, 0, 0, '2018-07-10 12:25:54', 1),
(5, 5, '', '', 'REGISTRATION', '1000', '', '', '', '', 1000.00, 'X', '2018041004', 1000, 0, 0, '2018-07-10 13:04:50', 1),
(6, 6, '', '', 'REGISTRATION', '1000', '', '', '', '', 1000.00, 'X', '2018041005', 1000, 0, 0, '2018-07-10 19:38:25', 1),
(7, 7, '', '', 'REGISTRATION', '1000', '', '', '', '', 1000.00, 'X', '2018041042', 1000, 0, 1000, '2018-07-15 07:01:08', 0),
(8, 8, '', '', 'REGISTRATION', '1000', '', '', '', '', 1000.00, 'X', '2018041042', 1000, 1000, 2000, '2018-07-15 07:02:06', 1),
(9, 9, '', '', 'REGISTRATION', '1000', '', '', '', '', 1000.00, 'X', '2018041006', 1000, 0, 1000, '2018-07-15 11:40:35', 1),
(10, 10, '', '', 'REGISTRATION', '1000', '', '', '', '', 1000.00, 'X', '2018041007', 1000, 0, 1000, '2018-07-15 11:40:37', 1),
(11, 11, '', '', 'REGISTRATION', '1000', '', '', '', '', 1000.00, 'X', '2018041008', 1000, 0, 1000, '2018-07-15 11:40:37', 1),
(12, 12, '', '', 'REGISTRATION', '1000', '', '', '', '', 1000.00, 'X', '2018041009', 1000, 0, 1000, '2018-07-15 11:40:38', 1),
(13, 13, '', '', 'REGISTRATION', '1000', '', '', '', '', 1000.00, 'X', '2018041010', 1000, 0, 1000, '2018-07-15 11:40:39', 1),
(18, 15, '', '', 'REGISTRATION', '1000', '', '', '', '', 1000.00, 'X', '2018041043', 1000, 0, 1000, '2018-07-15 11:58:29', 1);

-- --------------------------------------------------------

--
-- Table structure for table `fee_7_receipts`
--

CREATE TABLE IF NOT EXISTS `fee_7_receipts` (
  `RECPTID` int(15) NOT NULL AUTO_INCREMENT,
  `FLEXI_FEE_STATUS` varchar(100) NOT NULL,
  `ADFLXFEESTUDID` text NOT NULL,
  `DISCOUNT` varchar(10) NOT NULL,
  `DISCOUNT_CATEGORY` text NOT NULL,
  `DISCOUNT_AMOUNT` varchar(10) NOT NULL,
  `DESCRIPTION_IFANY` text NOT NULL,
  `ACTUAL_PAID_AMT` int(11) NOT NULL,
  `FINE` float NOT NULL,
  `MODE` varchar(10) NOT NULL,
  `DD_CQ_NO` varchar(15) NOT NULL,
  `DD_CQ_DATE` varchar(25) NOT NULL,
  `regid` varchar(25) NOT NULL,
  `INVDETID` int(15) NOT NULL,
  `DATE_` timestamp NOT NULL DEFAULT CURRENT_TIMESTAMP,
  PRIMARY KEY (`RECPTID`),
  KEY `INVID` (`INVDETID`),
  KEY `regid` (`regid`)
) ENGINE=InnoDB  DEFAULT CHARSET=utf8 AUTO_INCREMENT=9 ;

--
-- Dumping data for table `fee_7_receipts`
--

INSERT INTO `fee_7_receipts` (`RECPTID`, `FLEXI_FEE_STATUS`, `ADFLXFEESTUDID`, `DISCOUNT`, `DISCOUNT_CATEGORY`, `DISCOUNT_AMOUNT`, `DESCRIPTION_IFANY`, `ACTUAL_PAID_AMT`, `FINE`, `MODE`, `DD_CQ_NO`, `DD_CQ_DATE`, `regid`, `INVDETID`, `DATE_`) VALUES
(1, '0', '', '0', 'x', '0', 'x', 6000, 0, 'cash', 'x', 'x', '2018041041', 1, '0000-00-00 00:00:00'),
(2, '0', '', '0', 'x', '0', 'x', 6000, 0, 'cash', 'x', 'x', '2018041001', 2, '0000-00-00 00:00:00'),
(3, '0', '', '1', 'OBC|500', '500', 'x', 1000, 0, 'cash', 'x', 'x', '2018041002', 3, '0000-00-00 00:00:00'),
(4, '0', '', '1', 'SC|50', '50', 'x', 800, 0, 'cash', 'x', 'x', '2018041003', 4, '0000-00-00 00:00:00'),
(5, '0', '', '0', 'x', '0', 'x', 200, 0, 'cash', 'x', 'x', '2018041003', 4, '0000-00-00 00:00:00'),
(7, '0', '', '1', 'SIBLINGS,ST,RTE,ADVERTISEMENTCOUPON|50,80,650', '780', 'x', 1000, 0, 'cash', 'x', 'x', '2018041005', 6, '0000-00-00 00:00:00'),
(8, '0', '', '1', 'SIBLINGS,SC,RTE|700,50,100', '850', 'x', 1000, 0, 'cash', 'x', 'x', '2018041004', 5, '0000-00-00 00:00:00');

-- --------------------------------------------------------

--
-- Table structure for table `fee_8_class_fee`
--

CREATE TABLE IF NOT EXISTS `fee_8_class_fee` (
  `CFEEID` int(15) NOT NULL AUTO_INCREMENT,
  `CLSSESSID` int(15) NOT NULL,
  `TOTFEE` varchar(100) NOT NULL,
  `USERNAME` varchar(100) NOT NULL,
  `DATE_` timestamp NOT NULL DEFAULT CURRENT_TIMESTAMP,
  PRIMARY KEY (`CFEEID`),
  KEY `CLSSESSID` (`CLSSESSID`)
) ENGINE=InnoDB  DEFAULT CHARSET=utf8 AUTO_INCREMENT=14 ;

--
-- Dumping data for table `fee_8_class_fee`
--

INSERT INTO `fee_8_class_fee` (`CFEEID`, `CLSSESSID`, `TOTFEE`, `USERNAME`, `DATE_`) VALUES
(2, 522, '1000', 'nitin', '2018-07-01 17:34:12'),
(3, 523, '1000', 'nitin', '2018-06-29 11:50:43'),
(4, 524, '1000', 'nitin', '2018-06-29 11:50:43'),
(5, 525, '1000', 'nitin', '2018-06-29 11:50:43'),
(6, 526, '1000', 'nitin', '2018-06-29 11:50:43'),
(7, 527, '1000', 'nitin', '2018-06-29 11:50:43'),
(8, 528, '1000', 'nitin', '2018-06-29 11:50:43'),
(9, 529, '1000', 'nitin', '2018-06-29 11:50:43'),
(10, 530, '1000', 'nitin', '2018-06-29 11:50:44'),
(11, 531, '1000', 'nitin', '2018-06-29 11:50:44'),
(12, 532, '1000', 'nitin', '2018-06-29 11:50:44'),
(13, 533, '1000', 'nitin', '2018-06-29 11:50:44');

-- --------------------------------------------------------

--
-- Table structure for table `fee_9_class_fee_split`
--

CREATE TABLE IF NOT EXISTS `fee_9_class_fee_split` (
  `CFEESPLITID` int(15) NOT NULL AUTO_INCREMENT,
  `CFEEID` int(15) NOT NULL,
  `ST_HD_ID` int(15) NOT NULL,
  `AMOUNT` varchar(100) NOT NULL,
  `PAYMENT_STATUS` varchar(15) NOT NULL,
  `USERNAME` varchar(100) NOT NULL,
  `DATE_` timestamp NOT NULL DEFAULT CURRENT_TIMESTAMP,
  PRIMARY KEY (`CFEESPLITID`),
  KEY `ST_HD_ID` (`ST_HD_ID`),
  KEY `CFEEID` (`CFEEID`)
) ENGINE=InnoDB  DEFAULT CHARSET=utf8 AUTO_INCREMENT=13 ;

--
-- Dumping data for table `fee_9_class_fee_split`
--

INSERT INTO `fee_9_class_fee_split` (`CFEESPLITID`, `CFEEID`, `ST_HD_ID`, `AMOUNT`, `PAYMENT_STATUS`, `USERNAME`, `DATE_`) VALUES
(1, 2, 1, '1000', '12', 'nitin', '2018-06-29 11:50:43'),
(2, 3, 1, '1000', '12', 'nitin', '2018-06-29 11:50:43'),
(3, 4, 1, '1000', '12', 'nitin', '2018-06-29 11:50:43'),
(4, 5, 1, '1000', '12', 'nitin', '2018-06-29 11:50:43'),
(5, 6, 1, '1000', '12', 'nitin', '2018-06-29 11:50:43'),
(6, 7, 1, '1000', '12', 'nitin', '2018-06-29 11:50:43'),
(7, 8, 1, '1000', '12', 'nitin', '2018-06-29 11:50:43'),
(8, 9, 1, '1000', '12', 'nitin', '2018-06-29 11:50:44'),
(9, 10, 1, '1000', '12', 'nitin', '2018-06-29 11:50:44'),
(10, 11, 1, '1000', '12', 'nitin', '2018-06-29 11:50:44'),
(11, 12, 1, '1000', '12', 'nitin', '2018-06-29 11:50:44'),
(12, 13, 1, '1000', '12', 'nitin', '2018-06-29 11:50:44');

-- --------------------------------------------------------

--
-- Table structure for table `fee_10_class_fee_in_a_session`
--

CREATE TABLE IF NOT EXISTS `fee_10_class_fee_in_a_session` (
  `CFEESESSID` int(15) NOT NULL,
  `CFEEID` int(15) NOT NULL,
  `CLSSESSID` int(15) NOT NULL,
  `SESSID` int(15) NOT NULL,
  `USERNAME` varchar(100) NOT NULL,
  `DATE_` timestamp NOT NULL DEFAULT CURRENT_TIMESTAMP,
  PRIMARY KEY (`CFEESESSID`)
) ENGINE=InnoDB DEFAULT CHARSET=utf8;

-- --------------------------------------------------------

--
-- Table structure for table `login`
--

CREATE TABLE IF NOT EXISTS `login` (
  `USERNAME_` varchar(40) NOT NULL,
  `PASSWORD_` varchar(25) NOT NULL,
  `STAFFID` int(11) NOT NULL,
  `ACTIVE` tinyint(1) NOT NULL DEFAULT '1',
  PRIMARY KEY (`USERNAME_`),
  KEY `USER_STATUS` (`STAFFID`)
) ENGINE=InnoDB DEFAULT CHARSET=utf8;

--
-- Dumping data for table `login`
--

INSERT INTO `login` (`USERNAME_`, `PASSWORD_`, `STAFFID`, `ACTIVE`) VALUES
('gopal', '123', 7, 1),
('gunjan', '123', 9, 1),
('naveen', '123', 6, 1),
('nitin', '123', 8, 1);

-- --------------------------------------------------------

--
-- Table structure for table `master_0_country_`
--

CREATE TABLE IF NOT EXISTS `master_0_country_` (
  `ABREV_` varchar(5) NOT NULL,
  `NAME_` varchar(25) NOT NULL,
  PRIMARY KEY (`ABREV_`)
) ENGINE=InnoDB DEFAULT CHARSET=utf8;

--
-- Dumping data for table `master_0_country_`
--

INSERT INTO `master_0_country_` (`ABREV_`, `NAME_`) VALUES
('AD', 'Andorra'),
('AE', 'United Arab Emirates'),
('AF', 'Afghanistan'),
('AG', 'Antigua and Barbuda'),
('AI', 'Anguilla'),
('AL', 'Albania'),
('AM', 'Armenia'),
('AN', 'Netherlands Antilles'),
('AO', 'Angola'),
('AQ', 'Antarctica'),
('AR', 'Argentina'),
('AS', 'American Samoa'),
('AT', 'Austria'),
('AU', 'Australia'),
('AW', 'Aruba'),
('AX', ''),
('AZ', 'Azerbaijan'),
('BA', 'Bosnia and Herzegovina'),
('BB', 'Barbados'),
('BD', 'Bangladesh'),
('BE', 'Belgium'),
('BF', 'Burkina Faso'),
('BG', 'Bulgaria'),
('BH', 'Bahrain'),
('BI', 'Burundi'),
('BJ', 'Benin'),
('BL', 'Saint Barth'),
('BM', 'Bermuda'),
('BN', 'Brunei'),
('BO', 'Bolivia'),
('BQ', 'British Antarctic Territo'),
('BR', 'Brazil'),
('BS', 'Bahamas'),
('BT', 'Bhutan'),
('BV', 'Bouvet Island'),
('BW', 'Botswana'),
('BY', 'Belarus'),
('BZ', 'Belize'),
('CA', 'Canada'),
('CC', 'Cocos [Keeling] Islands'),
('CD', 'Congo - Kinshasa'),
('CF', 'Central African Republic'),
('CG', 'Congo - Brazzaville'),
('CH', 'Switzerland'),
('CI', 'C'),
('CK', 'Cook Islands'),
('CL', 'Chile'),
('CM', 'Cameroon'),
('CN', 'China'),
('CO', 'Colombia'),
('CR', 'Costa Rica'),
('CS', 'Serbia and Montenegro'),
('CT', 'Canton and Enderbury Isla'),
('CU', 'Cuba'),
('CV', 'Cape Verde'),
('CX', 'Christmas Island'),
('CY', 'Cyprus'),
('CZ', 'Czech Republic'),
('DD', 'East Germany'),
('DE', 'Germany'),
('DJ', 'Djibouti'),
('DK', 'Denmark'),
('DM', 'Dominica'),
('DO', 'Dominican Republic'),
('DZ', 'Algeria'),
('EC', 'Ecuador'),
('EE', 'Estonia'),
('EG', 'Egypt'),
('EH', 'Western Sahara'),
('ER', 'Eritrea'),
('ES', 'Spain'),
('ET', 'Ethiopia'),
('FI', 'Finland'),
('FJ', 'Fiji'),
('FK', 'Falkland Islands'),
('FM', 'Micronesia'),
('FO', 'Faroe Islands'),
('FQ', 'French Southern and Antar'),
('FR', 'France'),
('FX', 'Metropolitan France'),
('GA', 'Gabon'),
('GB', 'United Kingdom'),
('GD', 'Grenada'),
('GE', 'Georgia'),
('GF', 'French Guiana'),
('GG', 'Guernsey'),
('GH', 'Ghana'),
('GI', 'Gibraltar'),
('GL', 'Greenland'),
('GM', 'Gambia'),
('GN', 'Guinea'),
('GP', 'Guadeloupe'),
('GQ', 'Equatorial Guinea'),
('GR', 'Greece'),
('GS', 'South Georgia and the Sou'),
('GT', 'Guatemala'),
('GU', 'Guam'),
('GW', 'Guinea-Bissau'),
('GY', 'Guyana'),
('HK', 'Hong Kong SAR China'),
('HM', 'Heard Island and McDonald'),
('HN', 'Honduras'),
('HR', 'Croatia'),
('HT', 'Haiti'),
('HU', 'Hungary'),
('ID', 'Indonesia'),
('IE', 'Ireland'),
('IL', 'Israel'),
('IM', 'Isle of Man'),
('IN', 'India'),
('IO', 'British Indian Ocean Terr'),
('IQ', 'Iraq'),
('IR', 'Iran'),
('IS', 'Iceland'),
('IT', 'Italy'),
('JE', 'Jersey'),
('JM', 'Jamaica'),
('JO', 'Jordan'),
('JP', 'Japan'),
('JT', 'Johnston Island'),
('KE', 'Kenya'),
('KG', 'Kyrgyzstan'),
('KH', 'Cambodia'),
('KI', 'Kiribati'),
('KM', 'Comoros'),
('KN', 'Saint Kitts and Nevis'),
('KP', 'North Korea'),
('KR', 'South Korea'),
('KW', 'Kuwait'),
('KY', 'Cayman Islands'),
('KZ', 'Kazakhstan'),
('LA', 'Laos'),
('LB', 'Lebanon'),
('LC', 'Saint Lucia'),
('LI', 'Liechtenstein'),
('LK', 'Sri Lanka'),
('LR', 'Liberia'),
('LS', 'Lesotho'),
('LT', 'Lithuania'),
('LU', 'Luxembourg'),
('LV', 'Latvia'),
('LY', 'Libya'),
('MA', 'Morocco'),
('MC', 'Monaco'),
('MD', 'Moldova'),
('ME', 'Montenegro'),
('MF', 'Saint Martin'),
('MG', 'Madagascar'),
('MH', 'Marshall Islands'),
('MI', 'Midway Islands'),
('MK', 'Macedonia'),
('ML', 'Mali'),
('MM', 'Myanmar [Burma]'),
('MN', 'Mongolia'),
('MO', 'Macau SAR China'),
('MP', 'Northern Mariana Islands'),
('MQ', 'Martinique'),
('MR', 'Mauritania'),
('MS', 'Montserrat'),
('MT', 'Malta'),
('MU', 'Mauritius'),
('MV', 'Maldives'),
('MW', 'Malawi'),
('MX', 'Mexico'),
('MY', 'Malaysia'),
('MZ', 'Mozambique'),
('NA', 'Namibia'),
('NC', 'New Caledonia'),
('NE', 'Niger'),
('NF', 'Norfolk Island'),
('NG', 'Nigeria'),
('NI', 'Nicaragua'),
('NL', 'Netherlands'),
('NO', 'Norway'),
('NP', 'Nepal'),
('NQ', 'Dronning Maud Land'),
('NR', 'Nauru'),
('NT', 'Neutral Zone'),
('NU', 'Niue'),
('NZ', 'New Zealand'),
('OM', 'Oman'),
('PA', 'Panama'),
('PC', 'Pacific Islands Trust Ter'),
('PE', 'Peru'),
('PF', 'French Polynesia'),
('PG', 'Papua New Guinea'),
('PH', 'Philippines'),
('PK', 'Pakistan'),
('PL', 'Poland'),
('PM', 'Saint Pierre and Miquelon'),
('PN', 'Pitcairn Islands'),
('PR', 'Puerto Rico'),
('PS', 'Palestinian Territories'),
('PT', 'Portugal'),
('PU', 'U.S. Miscellaneous Pacifi'),
('PW', 'Palau'),
('PY', 'Paraguay'),
('PZ', 'Panama Canal Zone'),
('QA', 'Qatar'),
('RE', 'R'),
('RO', 'Romania'),
('RS', 'Serbia'),
('RU', 'Russia'),
('RW', 'Rwanda'),
('SA', 'Saudi Arabia'),
('SB', 'Solomon Islands'),
('SC', 'Seychelles'),
('SD', 'Sudan'),
('SE', 'Sweden'),
('SG', 'Singapore'),
('SH', 'Saint Helena'),
('SI', 'Slovenia'),
('SJ', 'Svalbard and Jan Mayen'),
('SK', 'Slovakia'),
('SL', 'Sierra Leone'),
('SM', 'San Marino'),
('SN', 'Senegal'),
('SO', 'Somalia'),
('SR', 'Suriname'),
('ST', 'S'),
('SU', 'Union of Soviet Socialist'),
('SV', 'El Salvador'),
('SY', 'Syria'),
('SZ', 'Swaziland'),
('TC', 'Turks and Caicos Islands'),
('TD', 'Chad'),
('TF', 'French Southern Territori'),
('TG', 'Togo'),
('TH', 'Thailand'),
('TJ', 'Tajikistan'),
('TK', 'Tokelau'),
('TL', 'Timor-Leste'),
('TM', 'Turkmenistan'),
('TN', 'Tunisia'),
('TO', 'Tonga'),
('TR', 'Turkey'),
('TT', 'Trinidad and Tobago'),
('TV', 'Tuvalu'),
('TW', 'Taiwan'),
('TZ', 'Tanzania'),
('UA', 'Ukraine'),
('UG', 'Uganda'),
('UM', 'U.S. Minor Outlying Islan'),
('US', 'United States'),
('UY', 'Uruguay'),
('UZ', 'Uzbekistan'),
('VA', 'Vatican City'),
('VC', 'Saint Vincent and the Gre'),
('VD', 'North Vietnam'),
('VE', 'Venezuela'),
('VG', 'British Virgin Islands'),
('VI', 'U.S. Virgin Islands'),
('VN', 'Vietnam'),
('VU', 'Vanuatu'),
('WF', 'Wallis and Futuna'),
('WK', 'Wake Island'),
('WS', 'Samoa'),
('YD', 'People''s Democratic Repub'),
('YE', 'Yemen'),
('YT', 'Mayotte'),
('ZA', 'South Africa'),
('ZM', 'Zambia'),
('ZW', 'Zimbabwe'),
('ZZ', 'Unknown or Invalid Region');

-- --------------------------------------------------------

--
-- Table structure for table `master_1_zone_`
--

CREATE TABLE IF NOT EXISTS `master_1_zone_` (
  `ID` int(11) NOT NULL,
  `ZONE` varchar(10) NOT NULL,
  PRIMARY KEY (`ID`)
) ENGINE=InnoDB DEFAULT CHARSET=utf8;

--
-- Dumping data for table `master_1_zone_`
--

INSERT INTO `master_1_zone_` (`ID`, `ZONE`) VALUES
(1, 'NORTH'),
(2, 'SOUTH'),
(3, 'EAST'),
(4, 'WEST'),
(5, 'NORTH EAST'),
(6, 'CENTRAL');

-- --------------------------------------------------------

--
-- Table structure for table `master_2_zone_region`
--

CREATE TABLE IF NOT EXISTS `master_2_zone_region` (
  `ID_` int(11) NOT NULL,
  `ZONE_` int(11) NOT NULL,
  `REGION` varchar(10) NOT NULL,
  `REG_NAME` varchar(50) NOT NULL,
  PRIMARY KEY (`ID_`)
) ENGINE=InnoDB DEFAULT CHARSET=utf8;

--
-- Dumping data for table `master_2_zone_region`
--

INSERT INTO `master_2_zone_region` (`ID_`, `ZONE_`, `REGION`, `REG_NAME`) VALUES
(1, 1, 'PB', 'Punjab'),
(2, 1, 'JK', 'Jammu & Kashmi'),
(3, 1, 'HR', 'Harayana'),
(4, 1, 'HP', 'Himanchal Pradesh'),
(5, 1, 'UP', 'Uttar Pradesh'),
(6, 1, 'UL', 'Uttarakhand'),
(7, 1, 'RJ', 'Rajasthan'),
(8, 1, 'CH', 'Chandigarh'),
(9, 1, 'DL', 'Delhi'),
(10, 2, 'AP', 'Andhra Pradesh'),
(11, 2, 'KA', 'Karnataka'),
(12, 2, 'KL', 'Kerala'),
(13, 2, 'TN', 'Tamil Nadu'),
(14, 2, 'TG', 'Telangana'),
(15, 3, 'WB', 'West Bengal'),
(16, 3, 'OS', 'Odisa'),
(17, 3, 'BR', 'Bihar'),
(18, 3, 'JH', 'Jharkhand'),
(19, 3, 'AN', 'Andaman and Nicobaar Islands'),
(20, 4, 'GJ', 'Gujrat'),
(21, 4, 'MH', 'Maharshtra'),
(22, 4, 'GO', 'Goa'),
(23, 4, 'DD', 'Daman and Diu'),
(24, 4, 'DN', 'Dadra and Nagar Havali'),
(25, 6, 'MP', 'Madhya Pradesh'),
(26, 6, 'CG', 'Chhatisgarh'),
(27, 5, 'AS', 'Assam'),
(28, 5, 'SK', 'Sikkim'),
(29, 5, 'NG', 'Nagaland'),
(30, 5, 'MG', 'Meghalaya'),
(31, 5, 'MN', 'Manipur'),
(32, 5, 'MZ', 'Mizoram'),
(33, 5, 'TR', 'Tripura'),
(34, 5, 'AZ', 'Arunachal Pradesh');

-- --------------------------------------------------------

--
-- Table structure for table `master_3_state_`
--

CREATE TABLE IF NOT EXISTS `master_3_state_` (
  `NAME_` varchar(100) NOT NULL
) ENGINE=InnoDB DEFAULT CHARSET=utf8;

--
-- Dumping data for table `master_3_state_`
--

INSERT INTO `master_3_state_` (`NAME_`) VALUES
('UTTARAKHAND'),
('UTTAR PRADESH'),
('DELHI'),
('HARAYANA'),
('KARNATAKA'),
('MAHARASHTRA');

-- --------------------------------------------------------

--
-- Table structure for table `master_4_city_`
--

CREATE TABLE IF NOT EXISTS `master_4_city_` (
  `NAME_` varchar(25) NOT NULL,
  PRIMARY KEY (`NAME_`)
) ENGINE=InnoDB DEFAULT CHARSET=utf8;

--
-- Dumping data for table `master_4_city_`
--

INSERT INTO `master_4_city_` (`NAME_`) VALUES
('BAJPUR'),
('HALDWANI'),
('KICHHA'),
('PANTNAGAR'),
('RAM NAGAR'),
('RAMPUR'),
('SWAR');

-- --------------------------------------------------------

--
-- Table structure for table `master_5_user_status`
--

CREATE TABLE IF NOT EXISTS `master_5_user_status` (
  `ST_ID` varchar(5) NOT NULL,
  `STATUS` varchar(25) NOT NULL,
  PRIMARY KEY (`ST_ID`)
) ENGINE=InnoDB DEFAULT CHARSET=utf8;

--
-- Dumping data for table `master_5_user_status`
--

INSERT INTO `master_5_user_status` (`ST_ID`, `STATUS`) VALUES
('acc', 'Accounts'),
('adm', 'Admininistrator'),
('deo', 'Data Entry Operator'),
('fc', 'Faculty'),
('meo', 'Marks Entry Operator'),
('prnpl', 'Principal');

-- --------------------------------------------------------

--
-- Table structure for table `master_6_session`
--

CREATE TABLE IF NOT EXISTS `master_6_session` (
  `SESSID` varchar(20) NOT NULL,
  `SESSSTART` varchar(100) NOT NULL,
  `SESSEND` varchar(100) NOT NULL,
  `DATE_` timestamp NOT NULL DEFAULT CURRENT_TIMESTAMP,
  PRIMARY KEY (`SESSID`)
) ENGINE=InnoDB DEFAULT CHARSET=utf8;

--
-- Dumping data for table `master_6_session`
--

INSERT INTO `master_6_session` (`SESSID`, `SESSSTART`, `SESSEND`, `DATE_`) VALUES
('2014-15', '2014', '2015', '2016-03-08 15:10:15'),
('2015-16', '2015', '2016', '2016-03-08 15:10:15'),
('2016-17', '2016', '2017', '2016-03-14 17:35:52'),
('2017-18', '2017', '2018', '2016-03-14 17:35:52'),
('2018-19', '23-05-2018', '23-05-2019', '2018-05-23 15:25:53'),
('2019-20', '06-07-2019', '06-07-2020', '2018-07-05 18:38:23');

-- --------------------------------------------------------

--
-- Table structure for table `master_7_stud_personal`
--

CREATE TABLE IF NOT EXISTS `master_7_stud_personal` (
  `STUD_ID` int(11) NOT NULL AUTO_INCREMENT,
  `FNAME` varchar(50) NOT NULL,
  `MNAME` varchar(50) NOT NULL DEFAULT '-x-',
  `LNAME` varchar(50) NOT NULL DEFAULT '-x-',
  `PHOTO_` varchar(100) NOT NULL,
  `DOB_` varchar(15) NOT NULL DEFAULT '00/00/0000',
  `GENDER` varchar(10) NOT NULL,
  `FATHER` varchar(50) NOT NULL,
  `F_MOBILE` varchar(50) NOT NULL,
  `F_EMAIL` varchar(50) NOT NULL,
  `F_PROFESSION` varchar(25) NOT NULL,
  `MOTHER` varchar(50) NOT NULL,
  `M_MOBILE` varchar(50) NOT NULL,
  `M_EMAIL` varchar(50) NOT NULL,
  `M_PROFESSION` varchar(50) NOT NULL,
  `CATEGORY` varchar(50) NOT NULL,
  `regid` varchar(25) NOT NULL,
  `SESSID` varchar(20) NOT NULL,
  `USERNAME_` varchar(40) NOT NULL,
  `DATE_` timestamp NOT NULL DEFAULT CURRENT_TIMESTAMP,
  PRIMARY KEY (`STUD_ID`),
  UNIQUE KEY `regid_2` (`regid`),
  KEY `regid` (`regid`)
) ENGINE=InnoDB  DEFAULT CHARSET=utf8 AUTO_INCREMENT=439 ;

--
-- Dumping data for table `master_7_stud_personal`
--

INSERT INTO `master_7_stud_personal` (`STUD_ID`, `FNAME`, `MNAME`, `LNAME`, `PHOTO_`, `DOB_`, `GENDER`, `FATHER`, `F_MOBILE`, `F_EMAIL`, `F_PROFESSION`, `MOTHER`, `M_MOBILE`, `M_EMAIL`, `M_PROFESSION`, `CATEGORY`, `regid`, `SESSID`, `USERNAME_`, `DATE_`) VALUES
(1, 'Anand Tigga', '-x-', '-x-', '2018041001.jpg', '29/12/2012', 'M', 'Ranjeet Tigga', 'x', 'x@gmail.com', 'x', 'Urmilla Tigga', 'x', 'x@gmail.com', 'x', 'GENERAL', '2018041001', '2018-19', 'nitin', '2018-06-29 07:11:15'),
(2, 'Ayusman Sati', '-x-', '-x-', 'no-image.jpg', '5/12/2012', 'M', 'Kamal Sati', 'x', 'x@gmail.com', 'x', 'Deepa Sati', 'x', 'x@gmail.com', 'x', 'OBC', '2018041002', '2018-19', 'nitin', '2018-07-10 08:59:57'),
(3, 'Bhasker Singh Nainwal', '-x-', '-x-', 'no-image.jpg', '4/7/2012', 'M', 'Madan Singh', 'x', 'x@gmail.com', 'x', 'Hema Devi', 'x', 'x@gmail.com', 'x', 'SC', '2018041003', '2018-19', 'nitin', '2018-07-10 12:28:30'),
(4, 'Deepika Pant', '-x-', '-x-', 'no-image.jpg', '6/5/2013', 'F', 'Umesh Chandra Pant', 'x', 'x@gmail.com', 'x', 'Lata Pant', 'x', 'x@gmail.com', 'x', 'SC', '2018041004', '2018-19', 'nitin', '2018-07-12 12:27:09'),
(5, 'Devam Khati', '-x-', '-x-', 'no-image.jpg', '3/9/2012', 'M', 'Ramesh Singh Khati', 'x', 'x@gmail.com', 'x', 'Bhagwati Khati', 'x', 'x@gmail.com', 'x', 'ST', '2018041005', '2018-19', 'nitin', '2018-07-10 20:49:28'),
(6, 'Dikshita Tiwari', 'x', 'x', 'no-image.jpg', '2/9/2012', 'Female', 'Ajay Tiwari', 'x', 'x@gmail.com', 'x', 'Heena Tiwari', 'x', 'x@gmail.com', 'x', 'x', '2018041006', '2018-19', 'nitin', '0000-00-00 00:00:00'),
(7, 'Gaurav Pandey', 'x', 'x', 'no-image.jpg', '7/8/2012', 'Male', 'Bacchi Dutt Pandey', 'x', 'x@gmail.com', 'x', 'Kamla Devi', 'x', 'x@gmail.com', 'x', 'x', '2018041007', '2018-19', 'nitin', '0000-00-00 00:00:00'),
(8, 'Geetanjali Joshi', 'x', 'x', 'no-image.jpg', '7/7/2012', 'Female', 'Deepak Chandra Joshi', 'x', 'x@gmail.com', 'x', 'Babita Joshi', 'x', 'x@gmail.com', 'x', 'x', '2018041008', '2018-19', 'nitin', '0000-00-00 00:00:00'),
(9, 'Harshita Dwivedi', 'x', 'x', 'no-image.jpg', '26/05/2012', 'Female', 'Hari Om Dwivedi', 'x', 'x@gmail.com', 'x', 'Neema Dwivedi', 'x', 'x@gmail.com', 'x', 'x', '2018041009', '2018-19', 'nitin', '0000-00-00 00:00:00'),
(10, 'Jhilmil Pant', 'x', 'x', 'no-image.jpg', '27/10/2012', 'Female', 'Subhash Pant', 'x', 'x@gmail.com', 'x', 'Sushila Pant', 'x', 'x@gmail.com', 'x', 'x', '2018041010', '2018-19', 'nitin', '0000-00-00 00:00:00'),
(11, 'Kapil Mehra', 'x', 'x', 'no-image.jpg', '3/3/2013', 'Male', 'Suresh Chandra Singh', 'x', 'x@gmail.com', 'x', 'Uma Devi', 'x', 'x@gmail.com', 'x', 'x', '2018041011', '2018-19', 'nitin', '0000-00-00 00:00:00'),
(12, 'Khusboo Tiwari', 'x', 'x', 'no-image.jpg', '29/08/2015', 'Female', 'Gopal Tiwari', 'x', 'x@gmail.com', 'x', 'Lalita Tiwari', 'x', 'x@gmail.com', 'x', 'x', '2018041012', '2018-19', 'nitin', '0000-00-00 00:00:00'),
(13, 'Komal Arya', 'x', 'x', 'no-image.jpg', '3/2/2011', 'Female', 'Deepak Kumar', 'x', 'x@gmail.com', 'x', 'Nandi Devi', 'x', 'x@gmail.com', 'x', 'x', '2018041013', '2018-19', 'nitin', '0000-00-00 00:00:00'),
(14, 'Lakshita Joshi', 'x', 'x', 'no-image.jpg', '19/05/2012', 'Female', 'Prakash Chandra Joshi', 'x', 'x@gmail.com', 'x', 'Mamta Joshi', 'x', 'x@gmail.com', 'x', 'x', '2018041014', '2018-19', 'nitin', '0000-00-00 00:00:00'),
(15, 'Lovelesh Joshi', 'x', 'x', 'no-image.jpg', '26/03/2013', 'Male', 'Harish Chandra Joshi', 'x', 'x@gmail.com', 'x', 'Pushpa Joshi', 'x', 'x@gmail.com', 'x', 'x', '2018041015', '2018-19', 'nitin', '0000-00-00 00:00:00'),
(16, 'Manisha Chadda', 'x', 'x', 'no-image.jpg', '18/08/2011', 'Female', 'Kaushal Singh Chadda', 'x', 'x@gmail.com', 'x', 'Anita Chadda', 'x', 'x@gmail.com', 'x', 'x', '2018041016', '2018-19', 'nitin', '0000-00-00 00:00:00'),
(17, 'Mayank Singh', 'x', 'x', 'no-image.jpg', '15/01/2013', 'Male', 'Lalit Mohan', 'x', 'x@gmail.com', 'x', 'Usha Devi', 'x', 'x@gmail.com', 'x', 'x', '2018041017', '2018-19', 'nitin', '0000-00-00 00:00:00'),
(18, 'Navya Shukla', 'x', 'x', 'no-image.jpg', '16/06/2012', 'Female', 'Munna Lal Shukla', 'x', 'x@gmail.com', 'x', 'Babita Shukla', 'x', 'x@gmail.com', 'x', 'x', '2018041018', '2018-19', 'nitin', '0000-00-00 00:00:00'),
(19, 'Neha Bargali', 'x', 'x', 'no-image.jpg', '4/9/2011', 'Female', 'Harendra Bargali', 'x', 'x@gmail.com', 'x', 'Pushpa Bargali', 'x', 'x@gmail.com', 'x', 'x', '2018041019', '2018-19', 'nitin', '0000-00-00 00:00:00'),
(20, 'Niharika Bhatt', 'x', 'x', 'no-image.jpg', '10/4/2012', 'Female', 'Manoj Bhatt', 'x', 'x@gmail.com', 'x', 'Bhawna Bhatt', 'x', 'x@gmail.com', 'x', 'x', '2018041020', '2018-19', 'nitin', '0000-00-00 00:00:00'),
(21, 'Nivedita Danu', 'x', 'x', 'no-image.jpg', '10/12/2012', 'Female', 'Rajendra Singh Danu', 'x', 'x@gmail.com', 'x', 'Bhawna Devi', 'x', 'x@gmail.com', 'x', 'x', '2018041021', '2018-19', 'nitin', '0000-00-00 00:00:00'),
(22, 'Poorva Lohiya', 'x', 'x', 'no-image.jpg', '21/02/2013', 'Female', 'Hem Chandra', 'x', 'x@gmail.com', 'x', 'Meena Lohiya', 'x', 'x@gmail.com', 'x', 'x', '2018041022', '2018-19', 'nitin', '0000-00-00 00:00:00'),
(23, 'Pranshu Bhatt', 'x', 'x', 'no-image.jpg', '24/07/2013', 'Male', 'Deep Chandra Bhatt', 'x', 'x@gmail.com', 'x', 'Rukmani Bhatt', 'x', 'x@gmail.com', 'x', 'x', '2018041023', '2018-19', 'nitin', '0000-00-00 00:00:00'),
(24, 'Priyanjal Bhandari', 'x', 'x', 'no-image.jpg', '25/10/2012', 'Female', 'Shyam Singh Bhandari', 'x', 'x@gmail.com', 'x', 'Rekha Bhandari', 'x', 'x@gmail.com', 'x', 'x', '2018041024', '2018-19', 'nitin', '0000-00-00 00:00:00'),
(25, 'Priyank Ojha', 'x', 'x', 'no-image.jpg', '2/5/2012', 'Male', 'Harish Chandra', 'x', 'x@gmail.com', 'x', 'Uma', 'x', 'x@gmail.com', 'x', 'x', '2018041025', '2018-19', 'nitin', '0000-00-00 00:00:00'),
(26, 'Rahul Joshi', 'x', 'x', 'no-image.jpg', '26/10/2012', 'Male', 'Rajendra Prasad Joshi', 'x', 'x@gmail.com', 'x', 'Kiran Joshi', 'x', 'x@gmail.com', 'x', 'x', '2018041026', '2018-19', 'nitin', '0000-00-00 00:00:00'),
(27, 'Riya Karnatak', 'x', 'x', 'no-image.jpg', '16/01/2012', 'Female', 'Girish Chandra Karnatak', 'x', 'x@gmail.com', 'x', 'Vimla Karnatak', 'x', 'x@gmail.com', 'x', 'x', '2018041027', '2018-19', 'nitin', '0000-00-00 00:00:00'),
(28, 'Riya Rana', 'x', 'x', 'no-image.jpg', '16/10/2012', 'Female', 'Mohan Singh Rana', 'x', 'x@gmail.com', 'x', 'Deepa Rana', 'x', 'x@gmail.com', 'x', 'x', '2018041028', '2018-19', 'nitin', '0000-00-00 00:00:00'),
(29, 'Rohan Fartyal', 'x', 'x', 'no-image.jpg', '29/06/2012', 'Male', 'Kripal Singh Fartyal', 'x', 'x@gmail.com', 'x', 'Bhwana Fartiyal', 'x', 'x@gmail.com', 'x', 'x', '2018041029', '2018-19', 'nitin', '0000-00-00 00:00:00'),
(30, 'Roshni Sharma', 'x', 'x', 'no-image.jpg', '9/12/2011', 'Female', 'Chandra Shekhar Sharma', 'x', 'x@gmail.com', 'x', 'Kamlesh Sharma', 'x', 'x@gmail.com', 'x', 'x', '2018041030', '2018-19', 'nitin', '0000-00-00 00:00:00'),
(31, 'Sagar Kashyap', 'x', 'x', 'no-image.jpg', '25/11/2010', 'Male', 'Pappu Kashyap', 'x', 'x@gmail.com', 'x', 'Priti Kashyap', 'x', 'x@gmail.com', 'x', 'x', '2018041031', '2018-19', 'nitin', '0000-00-00 00:00:00'),
(32, 'Sahil Singh', 'x', 'x', 'no-image.jpg', '6/3/2013', 'Male', 'Jitendra Singh', 'x', 'x@gmail.com', 'x', 'Deepa Devi', 'x', 'x@gmail.com', 'x', 'x', '2018041032', '2018-19', 'nitin', '0000-00-00 00:00:00'),
(33, 'Saurabh Danu', 'x', 'x', 'no-image.jpg', '21/06/2011', 'Male', 'Madho Singh Danu', 'x', 'x@gmail.com', 'x', 'Basanti Devi', 'x', 'x@gmail.com', 'x', 'x', '2018041033', '2018-19', 'nitin', '0000-00-00 00:00:00'),
(34, 'Vaibhav Mishra', 'x', 'x', 'no-image.jpg', '18/06/2013', 'Male', 'Deepak Mishra', 'x', 'x@gmail.com', 'x', 'Asha Mishra', 'x', 'x@gmail.com', 'x', 'x', '2018041034', '2018-19', 'nitin', '0000-00-00 00:00:00'),
(35, 'Vanshika Durgapal', 'x', 'x', 'no-image.jpg', '19/01/2012', 'Female', 'Basant Ballabh', 'x', 'x@gmail.com', 'x', 'Geeta Durgapal', 'x', 'x@gmail.com', 'x', 'x', '2018041035', '2018-19', 'nitin', '0000-00-00 00:00:00'),
(36, 'Vinay Goswami', 'x', 'x', 'no-image.jpg', '16/01/2011', 'Male', 'Shankar Puri Goswami', 'x', 'x@gmail.com', 'x', 'Meena Goswami', 'x', 'x@gmail.com', 'x', 'x', '2018041036', '2018-19', 'nitin', '0000-00-00 00:00:00'),
(37, 'Yaman Singh Koshyari', 'x', 'x', 'no-image.jpg', '1/6/2013', 'Male', 'Kundan Koshyari', 'x', 'x@gmail.com', 'x', 'Rekha Devi', 'x', 'x@gmail.com', 'x', 'x', '2018041037', '2018-19', 'nitin', '0000-00-00 00:00:00'),
(38, 'Yashaswi Padiyar', 'x', 'x', 'no-image.jpg', '16/11/2012', 'Male', 'Pratap Singh Padiyar', 'x', 'x@gmail.com', 'x', 'Govindi', 'x', 'x@gmail.com', 'x', 'x', '2018041038', '2018-19', 'nitin', '0000-00-00 00:00:00'),
(39, 'Sarita Rautela', 'x', 'x', 'no-image.jpg', '3/8/2012', 'Female', 'Rajendra Singh', 'x', 'x@gmail.com', 'x', 'Hema Devi', 'x', 'x@gmail.com', 'x', 'x', '2018041039', '2018-19', 'nitin', '0000-00-00 00:00:00'),
(40, 'Suraj Singh Padiyar', 'x', 'x', 'no-image.jpg', '10/6/2012', 'Male', 'Prakash Singh', 'x', 'x@gmail.com', 'x', 'Prema', 'x', 'x@gmail.com', 'x', 'x', '2018041040', '2018-19', 'nitin', '0000-00-00 00:00:00'),
(41, 'Akshat Saxena', 'x', 'x', 'no-image.jpg', '18/12/12', 'Male', 'Amit Kumar Saxena', 'x', 'x@gmail.com', 'x', 'Vartika Saxena', 'x', 'x@gmail.com', 'x', 'x', '2018041041', '2018-19', 'nitin', '0000-00-00 00:00:00'),
(42, 'Aayushi Joshi', '-x-', '-x-', 'no-image.jpg', '2011-08-19', 'F', 'Deep Chandra Joshi', 'x', 'x@gmail.com', 'x', 'Prema Joshi', 'x', 'x@gmail.com', 'x', 'GENERAL', '2018041042', '2018-19', 'nitin', '2018-07-10 08:30:46'),
(43, 'Abhishek Neolia', '-x-', '-x-', 'no-image.jpg', '2011-06-10', 'M', 'Prem Prakash', 'x', 'x@gmail.com', 'x', 'Geeta Devi', 'x', 'x@gmail.com', 'x', 'GENERAL', '2018041043', '2018-19', 'nitin', '2018-07-10 14:02:12'),
(44, 'Amit Singh Sah', 'x', 'x', 'no-image.jpg', '2012-03-12', 'Male', 'Chandan Singh Sah', 'x', 'x@gmail.com', 'x', 'Leela Sah', 'x', 'x@gmail.com', 'x', 'x', '2018041044', '2018-19', 'nitin', '0000-00-00 00:00:00'),
(45, 'Anju Kashyap', 'x', 'x', 'no-image.jpg', '2011-01-12', 'Female', 'Anil Kashyap', 'x', 'x@gmail.com', 'x', 'Pushpa Kashyap', 'x', 'x@gmail.com', 'x', 'x', '2018041045', '2018-19', 'nitin', '0000-00-00 00:00:00'),
(46, 'Anushka Pandey', 'x', 'x', 'no-image.jpg', '2011-11-14', 'Female', 'Naveen Chandra Pandey', 'x', 'x@gmail.com', 'x', 'Pooja Pandey', 'x', 'x@gmail.com', 'x', 'x', '2018041046', '2018-19', 'nitin', '0000-00-00 00:00:00'),
(47, 'Bhoomika Pandey', 'x', 'x', 'no-image.jpg', '2010-06-10', 'Female', 'Lalit Mohan Pandey', 'x', 'x@gmail.com', 'x', 'Hema Pandey', 'x', 'x@gmail.com', 'x', 'x', '2018041047', '2018-19', 'nitin', '0000-00-00 00:00:00'),
(48, 'Divya Pargai', 'x', 'x', 'no-image.jpg', '2011-07-18', 'Female', 'Diwan Singh Pargai', 'x', 'x@gmail.com', 'x', 'Prema Pargai', 'x', 'x@gmail.com', 'x', 'x', '2018041048', '2018-19', 'nitin', '0000-00-00 00:00:00'),
(49, 'Garima Pandey', 'x', 'x', 'no-image.jpg', '2011-04-11', 'Female', 'Naveen Chandra Pandey', 'x', 'x@gmail.com', 'x', 'Chandra Kala Pandey', 'x', 'x@gmail.com', 'x', 'x', '2018041049', '2018-19', 'nitin', '0000-00-00 00:00:00'),
(50, 'Himanshu Adhikari', 'x', 'x', 'no-image.jpg', '2015-04-01', 'Male', 'Ravi Adhikari', 'x', 'x@gmail.com', 'x', 'Hema Adhikari', 'x', 'x@gmail.com', 'x', 'x', '2018041050', '2018-19', 'nitin', '0000-00-00 00:00:00'),
(51, 'Hridyanshi Ojha', 'x', 'x', 'no-image.jpg', '2010-05-19', 'Female', 'Pankaj Kumar Ojha', 'x', 'x@gmail.com', 'x', 'Bhawana Ojha', 'x', 'x@gmail.com', 'x', 'x', '2018041051', '2018-19', 'nitin', '0000-00-00 00:00:00'),
(52, 'Kanisk Bhatt', 'x', 'x', 'no-image.jpg', '2011-08-24', 'Male', 'Mohan Chandra Bhatt', 'x', 'x@gmail.com', 'x', 'Parul Bhatt', 'x', 'x@gmail.com', 'x', 'x', '2018041052', '2018-19', 'nitin', '0000-00-00 00:00:00'),
(53, 'Khushi Bora', 'x', 'x', 'no-image.jpg', '2011-07-16', 'Female', 'Ramesh Singh Bora', 'x', 'x@gmail.com', 'x', 'Bhawana Bora', 'x', 'x@gmail.com', 'x', 'x', '2018041053', '2018-19', 'nitin', '0000-00-00 00:00:00'),
(54, 'Mahima Pant', 'x', 'x', 'no-image.jpg', '2011-08-01', 'Female', 'Naresh Pant', 'x', 'x@gmail.com', 'x', 'Rama Pant', 'x', 'x@gmail.com', 'x', 'x', '2018041054', '2018-19', 'nitin', '0000-00-00 00:00:00'),
(55, 'Mohit Goswami', 'x', 'x', 'no-image.jpg', '2012-06-10', 'Male', 'Shankar Puri Goswami', 'x', 'x@gmail.com', 'x', 'Neema Goswami', 'x', 'x@gmail.com', 'x', 'x', '2018041055', '2018-19', 'nitin', '0000-00-00 00:00:00'),
(56, 'Navneet Pandey', 'x', 'x', 'no-image.jpg', '2011-01-15', 'Male', 'Prakash Pandey', 'x', 'x@gmail.com', 'x', 'Namita Pandey', 'x', 'x@gmail.com', 'x', 'x', '2018041056', '2018-19', 'nitin', '0000-00-00 00:00:00'),
(57, 'Navya Arya', 'x', 'x', 'no-image.jpg', '2012-01-19', 'Female', 'Dinesh Chandra', 'x', 'x@gmail.com', 'x', 'Deepa Pandey', 'x', 'x@gmail.com', 'x', 'x', '2018041057', '2018-19', 'nitin', '0000-00-00 00:00:00'),
(58, 'Nisha Joshi', 'x', 'x', 'no-image.jpg', '2011-07-08', 'Female', 'Manoj Joshi', 'x', 'x@gmail.com', 'x', 'Radha Joshi', 'x', 'x@gmail.com', 'x', 'x', '2018041058', '2018-19', 'nitin', '0000-00-00 00:00:00'),
(59, 'Nitin Singh Rautela', 'x', 'x', 'no-image.jpg', '2012-06-25', 'Male', 'Bishan Singh Rautela', 'x', 'x@gmail.com', 'x', 'Uma Rautela', 'x', 'x@gmail.com', 'x', 'x', '2018041059', '2018-19', 'nitin', '0000-00-00 00:00:00'),
(60, 'Priya Danu', 'x', 'x', 'no-image.jpg', '2010-11-30', 'Female', 'Raju Singh Danu', 'x', 'x@gmail.com', 'x', 'Kshti Danu', 'x', 'x@gmail.com', 'x', 'x', '2018041060', '2018-19', 'nitin', '0000-00-00 00:00:00'),
(61, 'Priyanshi Patni', 'x', 'x', 'no-image.jpg', '2012-01-15', 'Female', 'Mohan Chandra Patani', 'x', 'x@gmail.com', 'x', 'Radha Patni', 'x', 'x@gmail.com', 'x', 'x', '2018041061', '2018-19', 'nitin', '0000-00-00 00:00:00'),
(62, 'Srishti Arya', 'x', 'x', 'no-image.jpg', '2011-09-13', 'Female', 'Chandra Prakash', 'x', 'x@gmail.com', 'x', 'Deepa', 'x', 'x@gmail.com', 'x', 'x', '2018041062', '2018-19', 'nitin', '0000-00-00 00:00:00'),
(63, 'Shorya Kumar Arya', 'x', 'x', 'no-image.jpg', '2010-09-26', 'Male', 'Mahanad Arya', 'x', 'x@gmail.com', 'x', 'Babit Arya', 'x', 'x@gmail.com', 'x', 'x', '2018041063', '2018-19', 'nitin', '0000-00-00 00:00:00'),
(64, 'Saksham Lohiya', 'x', 'x', 'no-image.jpg', '2008-08-07', 'Male', 'Hem Chandra', 'x', 'x@gmail.com', 'x', 'Meena Arya', 'x', 'x@gmail.com', 'x', 'x', '2018041064', '2018-19', 'nitin', '0000-00-00 00:00:00'),
(65, 'Yash Syalakoti', 'x', 'x', 'no-image.jpg', '2011-10-30', 'Male', 'Devandra Singh', 'x', 'x@gmail.com', 'x', 'Neema Devi', 'x', 'x@gmail.com', 'x', 'x', '2018041065', '2018-19', 'nitin', '0000-00-00 00:00:00'),
(66, 'Shorya Kumar', 'x', 'x', 'no-image.jpg', '2011-08-03', 'Male', 'Sanjay Kumar', 'x', 'x@gmail.com', 'x', 'Shandhaya', 'x', 'x@gmail.com', 'x', 'x', '2018041066', '2018-19', 'nitin', '0000-00-00 00:00:00'),
(67, 'Harshit Karnatak', 'x', 'x', 'no-image.jpg', '1/4/2011', 'Male', 'Trivendra Karnatak', 'x', 'x@gmail.com', 'x', 'Naina Karnatak', 'x', 'x@gmail.com', 'x', 'x', '2018041067', '2018-19', 'nitin', '0000-00-00 00:00:00'),
(68, 'Ishant Singh Bisht', 'x', 'x', 'no-image.jpg', '20/01/2012', 'Male', 'Bahadur Singh Bisht', 'x', 'x@gmail.com', 'x', 'Nisha Bisht', 'x', 'x@gmail.com', 'x', 'x', '2018041068', '2018-19', 'nitin', '0000-00-00 00:00:00'),
(69, 'Soni Shukla ', 'x', 'x', 'no-image.jpg', '10/9/2009', 'Female', 'Munna Lal Shukla', 'x', 'x@gmail.com', 'x', 'Babita Shukla', 'x', 'x@gmail.com', 'x', 'x', '2018041069', '2018-19', 'nitin', '0000-00-00 00:00:00'),
(70, 'Benedik Tigga', 'x', 'x', 'no-image.jpg', '29/11/2009', 'Male', 'Ranjeet Tigga', 'x', 'x@gmail.com', 'x', 'Urmilla Tigga', 'x', 'x@gmail.com', 'x', 'x', '2018041070', '2018-19', 'nitin', '0000-00-00 00:00:00'),
(71, 'Bhargav Joshi', 'x', 'x', 'no-image.jpg', '1/31/2011', 'Male', 'Vinod Joshi', 'x', 'x@gmail.com', 'x', 'Deepa Joshi', 'x', 'x@gmail.com', 'x', 'x', '2018041071', '2018-19', 'nitin', '0000-00-00 00:00:00'),
(72, 'Bhawesh Sharma', 'x', 'x', 'no-image.jpg', '7/23/2010', 'Male', 'Mahesh Chandra Sharma', 'x', 'x@gmail.com', 'x', 'Pushpa Sharma', 'x', 'x@gmail.com', 'x', 'x', '2018041072', '2018-19', 'nitin', '0000-00-00 00:00:00'),
(73, 'Bhawika Sharma', 'x', 'x', 'no-image.jpg', '7/23/2010', 'Female', 'Mahesh Chandra Sharma', 'x', 'x@gmail.com', 'x', 'Pushpa Sharma', 'x', 'x@gmail.com', 'x', 'x', '2018041073', '2018-19', 'nitin', '0000-00-00 00:00:00'),
(74, 'Brijesh Singh Mehra', 'x', 'x', 'no-image.jpg', '26/01/2010', 'Male', 'Gokul Singh', 'x', 'x@gmail.com', 'x', 'Rekha Devi', 'x', 'x@gmail.com', 'x', 'x', '2018041074', '2018-19', 'nitin', '0000-00-00 00:00:00'),
(75, 'Chetan Kumar', 'x', 'x', 'no-image.jpg', '2/8/2010', 'Male', 'Harish Chandra Arya', 'x', 'x@gmail.com', 'x', 'Prema Devi', 'x', 'x@gmail.com', 'x', 'x', '2018041075', '2018-19', 'nitin', '0000-00-00 00:00:00'),
(76, 'Chetan Rautela', 'x', 'x', 'no-image.jpg', '2/8/2010', 'Male', 'Narendra Singh Rautella', 'x', 'x@gmail.com', 'x', 'Neema Rautella', 'x', 'x@gmail.com', 'x', 'x', '2018041076', '2018-19', 'nitin', '0000-00-00 00:00:00'),
(77, 'Chetna Suntha', 'x', 'x', 'no-image.jpg', '2/8/2010', 'Female', 'Shanker Dutt Suntha', 'x', 'x@gmail.com', 'x', 'Rekha Suntha', 'x', 'x@gmail.com', 'x', 'x', '2018041077', '2018-19', 'nitin', '0000-00-00 00:00:00'),
(78, 'Deepanshi Tiwari', 'x', 'x', 'no-image.jpg', '25/09/2010', 'Female', 'Ranbindra Chandra Tiwari', 'x', 'x@gmail.com', 'x', 'Shobha Tewari', 'x', 'x@gmail.com', 'x', 'x', '2018041078', '2018-19', 'nitin', '0000-00-00 00:00:00'),
(79, 'Deepanshu Gour', 'x', 'x', 'no-image.jpg', '4/7/2010', 'Male', 'Prakash Singh Gaur', 'x', 'x@gmail.com', 'x', 'Sarita Devi', 'x', 'x@gmail.com', 'x', 'x', '2018041079', '2018-19', 'nitin', '0000-00-00 00:00:00'),
(80, 'Deepanshu Joshi', 'x', 'x', 'no-image.jpg', '5/9/2010', 'Male', 'Rajendra Joshi', 'x', 'x@gmail.com', 'x', 'Kiran Joshi', 'x', 'x@gmail.com', 'x', 'x', '2018041080', '2018-19', 'nitin', '0000-00-00 00:00:00'),
(81, 'Dishita Durgapal', 'x', 'x', 'no-image.jpg', '12/10/2011', 'Female', 'Deepak Durgapal', 'x', 'x@gmail.com', 'x', 'Anju Durgapal', 'x', 'x@gmail.com', 'x', 'x', '2018041081', '2018-19', 'nitin', '0000-00-00 00:00:00'),
(82, 'Garima Danu', 'x', 'x', 'no-image.jpg', '13/03/2010', 'Female', 'Madhav Singh Danu', 'x', 'x@gmail.com', 'x', 'Basanti Danu', 'x', 'x@gmail.com', 'x', 'x', '2018041082', '2018-19', 'nitin', '0000-00-00 00:00:00'),
(83, 'Gauri Upreti', 'x', 'x', 'no-image.jpg', '28/07/2010', 'Female', 'Naveen Chandra Upreti', 'x', 'x@gmail.com', 'x', 'Renu Upreti', 'x', 'x@gmail.com', 'x', 'x', '2018041083', '2018-19', 'nitin', '0000-00-00 00:00:00'),
(84, 'Hitesh Pandey', 'x', 'x', 'no-image.jpg', '4/7/2008', 'Male', 'Naveen Pandey', 'x', 'x@gmail.com', 'x', 'Deepa Pandey', 'x', 'x@gmail.com', 'x', 'x', '2018041084', '2018-19', 'nitin', '0000-00-00 00:00:00'),
(85, 'Isha Bisht', 'x', 'x', 'no-image.jpg', '11/3/2011', 'Female', 'Lalit Mohan', 'x', 'x@gmail.com', 'x', 'Usha Bisht', 'x', 'x@gmail.com', 'x', 'x', '2018041085', '2018-19', 'nitin', '0000-00-00 00:00:00'),
(86, 'Jay Adhikari', 'x', 'x', 'no-image.jpg', '26/01/2010', 'Male', 'Ravindra Singh Adhikari', 'x', 'x@gmail.com', 'x', 'Hema Adhikari', 'x', 'x@gmail.com', 'x', 'x', '2018041086', '2018-19', 'nitin', '0000-00-00 00:00:00'),
(87, 'Jigyasa Sharma', 'x', 'x', 'no-image.jpg', '22/08/2010', 'Male', 'Mohan Sharma', 'x', 'x@gmail.com', 'x', 'Indra Sharma', 'x', 'x@gmail.com', 'x', 'x', '2018041087', '2018-19', 'nitin', '0000-00-00 00:00:00'),
(88, 'Krishlesh Rathour', 'x', 'x', 'no-image.jpg', '17/08/2009', 'Male', 'Virendra Singh', 'x', 'x@gmail.com', 'x', 'Susheela Rathour', 'x', 'x@gmail.com', 'x', 'x', '2018041088', '2018-19', 'nitin', '0000-00-00 00:00:00'),
(89, 'Manisha Arya', 'x', 'x', 'no-image.jpg', '23/04/2010', 'Female', 'Chandra Prakash', 'x', 'x@gmail.com', 'x', 'Deepa Arya', 'x', 'x@gmail.com', 'x', 'x', '2018041089', '2018-19', 'nitin', '0000-00-00 00:00:00'),
(90, 'Mohit Tiwari', 'x', 'x', 'no-image.jpg', '11/11/2011', 'Male', 'Suresh Chandra Tiwari', 'x', 'x@gmail.com', 'x', 'Geeta Tiwari', 'x', 'x@gmail.com', 'x', 'x', '2018041090', '2018-19', 'nitin', '0000-00-00 00:00:00'),
(91, 'Naval Joshi', 'x', 'x', 'no-image.jpg', '30/04/2011', 'Male', 'Suresh Joshi', 'x', 'x@gmail.com', 'x', 'Hansha Joshi', 'x', 'x@gmail.com', 'x', 'x', '2018041091', '2018-19', 'nitin', '0000-00-00 00:00:00'),
(92, 'Neeraj Pandey', 'x', 'x', 'no-image.jpg', '21/07/2010', 'Male', 'Shyam Sundar Pandey', 'x', 'x@gmail.com', 'x', 'Bhawana Pandey', 'x', 'x@gmail.com', 'x', 'x', '2018041092', '2018-19', 'nitin', '0000-00-00 00:00:00'),
(93, 'Prince Bhakuni', 'x', 'x', 'no-image.jpg', '13/08/2010', 'Male', 'Bablu Singh Bhakuni', 'x', 'x@gmail.com', 'x', 'Reena Bhakuni', 'x', 'x@gmail.com', 'x', 'x', '2018041093', '2018-19', 'nitin', '0000-00-00 00:00:00'),
(94, 'Priyanshu Rana', 'x', 'x', 'no-image.jpg', '2/6/2011', 'Male', 'Heera Singh Rana', 'x', 'x@gmail.com', 'x', 'Vimla Rana', 'x', 'x@gmail.com', 'x', 'x', '2018041094', '2018-19', 'nitin', '0000-00-00 00:00:00'),
(95, 'Rahul Singh Nagarkoti', 'x', 'x', 'no-image.jpg', '9568163900', 'Male', 'Lakshman Singh Nagarkoti', 'x', 'x@gmail.com', 'x', 'Madhavi ', 'x', 'x@gmail.com', 'x', 'x', '2018041095', '2018-19', 'nitin', '0000-00-00 00:00:00'),
(96, 'Sapna Patni', 'x', 'x', 'no-image.jpg', '21/09/2010', 'Female', 'Mohan Chandra Patni', 'x', 'x@gmail.com', 'x', 'Radha Patni', 'x', 'x@gmail.com', 'x', 'x', '2018041096', '2018-19', 'nitin', '0000-00-00 00:00:00'),
(97, 'Shivam Joshi', 'x', 'x', 'no-image.jpg', '5/4/2011', 'Male', 'N.B. Joshi', 'x', 'x@gmail.com', 'x', 'Sunita Joshi', 'x', 'x@gmail.com', 'x', 'x', '2018041097', '2018-19', 'nitin', '0000-00-00 00:00:00'),
(98, 'Suryanshu Bisht', 'x', 'x', 'no-image.jpg', '23/05/2011', 'Male', 'Balwant Singh Bisht', 'x', 'x@gmail.com', 'x', 'Nirmala Bisht', 'x', 'x@gmail.com', 'x', 'x', '2018041098', '2018-19', 'nitin', '0000-00-00 00:00:00'),
(99, 'Swati Bangari', 'x', 'x', 'no-image.jpg', '28/07/2010', 'Female', 'Karan Singh Bangari', 'x', 'x@gmail.com', 'x', 'Neha Bangari', 'x', 'x@gmail.com', 'x', 'x', '2018041099', '2018-19', 'nitin', '0000-00-00 00:00:00'),
(100, 'Tanishka Sati', 'x', 'x', 'no-image.jpg', '23/02/2011', 'Female', 'Kamal Sati', 'x', 'x@gmail.com', 'x', 'Deepa Sati', 'x', 'x@gmail.com', 'x', 'x', '2018041100', '2018-19', 'nitin', '0000-00-00 00:00:00'),
(101, 'Yogesh Sharma', 'x', 'x', 'no-image.jpg', '6/12/2010', 'Male', 'Bachi dutt Sharma', 'x', 'x@gmail.com', 'x', 'Bhagirathi Sharma', 'x', 'x@gmail.com', 'x', 'x', '2018041101', '2018-19', 'nitin', '0000-00-00 00:00:00'),
(102, 'Kartikay Soun', 'x', 'x', 'no-image.jpg', '6/3/2011', 'Male', 'Harish Soun', 'x', 'x@gmail.com', 'x', 'Kamlesh Soun', 'x', 'x@gmail.com', 'x', 'x', '2018041102', '2018-19', 'nitin', '0000-00-00 00:00:00'),
(103, 'Arti Bora', 'x', 'x', 'no-image.jpg', '27/05/2010', 'Female', 'Kamal Kishor Singh Bora', 'x', 'x@gmail.com', 'x', 'Ishwari Bora', 'x', 'x@gmail.com', 'x', 'x', '2018041103', '2018-19', 'nitin', '0000-00-00 00:00:00'),
(104, 'Ankit Lamgharia', 'x', 'x', 'no-image.jpg', '10/6/2010', 'Male', 'Govind Singh Lamgharia', 'x', 'x@gmail.com', 'x', 'Neema Lamgharia', 'x', 'x@gmail.com', 'x', 'x', '2018041104', '2018-19', 'nitin', '0000-00-00 00:00:00'),
(105, 'Kuldeep Joshi', 'x', 'x', 'no-image.jpg', '30/09/2010', 'Male', 'Vinod Joshi', 'x', 'x@gmail.com', 'x', 'Deepa Joshi', 'x', 'x@gmail.com', 'x', 'x', '2018041105', '2018-19', 'nitin', '0000-00-00 00:00:00'),
(106, 'Chirag Chandra Belwal', 'x', 'x', 'no-image.jpg', '12/1/2011', 'Female', 'Harish Chandra Belwal', 'x', 'x@gmail.com', 'x', 'Mohini Belwal', 'x', 'x@gmail.com', 'x', 'x', '2018041106', '2018-19', 'nitin', '0000-00-00 00:00:00'),
(107, 'Devesh Tiwari', 'x', 'x', 'no-image.jpg', '21/01/2010', 'Male', 'Deep Chandra Tiwari', 'x', 'x@gmail.com', 'x', 'Lata Tiwari', 'x', 'x@gmail.com', 'x', 'x', '2018041107', '2018-19', 'nitin', '0000-00-00 00:00:00'),
(108, 'Diksha Mehra', 'x', 'x', 'no-image.jpg', '22/04/2010', 'Female', 'Suresh Chandra Singh', 'x', 'x@gmail.com', 'x', 'Uma Devi', 'x', 'x@gmail.com', 'x', 'x', '2018041108', '2018-19', 'nitin', '0000-00-00 00:00:00'),
(109, 'Karan Bahuguna', 'x', 'x', 'no-image.jpg', 'x/x/x', 'Male', 'Bhola Dutt Bahuguna', 'x', 'x@gmail.com', 'x', 'Poonam Bahuguna', 'x', 'x@gmail.com', 'x', 'x', '2018041109', '2018-19', 'nitin', '0000-00-00 00:00:00'),
(110, 'Akshat Ghugtyal', 'x', 'x', 'no-image.jpg', '10/2/2009', 'Male', 'Mohan Singh Ghugtyal', 'x', 'x@gmail.com', 'x', 'Deepa Devi', 'x', 'x@gmail.com', 'x', 'x', '2018041110', '2018-19', 'nitin', '0000-00-00 00:00:00'),
(111, 'Amit Joshi', 'x', 'x', 'no-image.jpg', '20/06/2010', 'Male', 'D.C.Joshi', 'x', 'x@gmail.com', 'x', 'Rekha Joshi', 'x', 'x@gmail.com', 'x', 'x', '2018041111', '2018-19', 'nitin', '0000-00-00 00:00:00'),
(112, 'Anjali Pal', 'x', 'x', 'no-image.jpg', '18/09/2009', 'Female', 'Nain Singh Pal', 'x', 'x@gmail.com', 'x', 'Hansi Devi Pal', 'x', 'x@gmail.com', 'x', 'x', '2018041112', '2018-19', 'nitin', '0000-00-00 00:00:00'),
(113, 'Bhavesh Singh', 'x', 'x', 'no-image.jpg', '4/5/2009', 'Male', 'Harpal Singh', 'x', 'x@gmail.com', 'x', 'Kusumlata', 'x', 'x@gmail.com', 'x', 'x', '2018041113', '2018-19', 'nitin', '0000-00-00 00:00:00'),
(114, 'Bhawesh Pant', 'x', 'x', 'no-image.jpg', '26/12/2008', 'Male', 'Vinod Pant', 'x', 'x@gmail.com', 'x', 'Deeepa Pant', 'x', 'x@gmail.com', 'x', 'x', '2018041114', '2018-19', 'nitin', '0000-00-00 00:00:00'),
(115, 'Bhawna Kashyp', 'x', 'x', 'no-image.jpg', '4/5/2009', 'Female', 'Bhoop Ram', 'x', 'x@gmail.com', 'x', 'Rammurti Kashyap', 'x', 'x@gmail.com', 'x', 'x', '2018041115', '2018-19', 'nitin', '0000-00-00 00:00:00'),
(116, 'Bhumika Joshi', 'x', 'x', 'no-image.jpg', '3/11/2008', 'Female', 'Naveen Chandra Joshi', 'x', 'x@gmail.com', 'x', 'Beena Joshi', 'x', 'x@gmail.com', 'x', 'x', '2018041116', '2018-19', 'nitin', '0000-00-00 00:00:00'),
(117, 'Divyanshu Joshi I', 'x', 'x', 'no-image.jpg', '19/08/2011', 'Male', 'Prakash Chandra Joshi', 'x', 'x@gmail.com', 'x', 'Sarita Joshi', 'x', 'x@gmail.com', 'x', 'x', '2018041117', '2018-19', 'nitin', '0000-00-00 00:00:00'),
(118, 'Divyanshu Joshi II', 'x', 'x', 'no-image.jpg', '3/1/2010', 'Male', 'Kailash Chandra Joshi', 'x', 'x@gmail.com', 'x', 'Lalita Joshi', 'x', 'x@gmail.com', 'x', 'x', '2018041118', '2018-19', 'nitin', '0000-00-00 00:00:00'),
(119, 'Gaurav Bora', 'x', 'x', 'no-image.jpg', '7/8/2009', 'Male', 'Ramesh Singh Bora', 'x', 'x@gmail.com', 'x', 'Bhawana Bora', 'x', 'x@gmail.com', 'x', 'x', '2018041119', '2018-19', 'nitin', '0000-00-00 00:00:00'),
(120, 'Gayatri Joshi', 'x', 'x', 'no-image.jpg', '27/08/2010', 'Female', 'Suresh Joshi', 'x', 'x@gmail.com', 'x', 'Hansi Joshi', 'x', 'x@gmail.com', 'x', 'x', '2018041120', '2018-19', 'nitin', '0000-00-00 00:00:00'),
(121, 'Gunjan Joshi', 'x', 'x', 'no-image.jpg', '20/12/2009', 'Female', 'Naveen Chandra Joshi', 'x', 'x@gmail.com', 'x', 'Bhagwati Joshi', 'x', 'x@gmail.com', 'x', 'x', '2018041121', '2018-19', 'nitin', '0000-00-00 00:00:00'),
(122, 'Harsh Pratap S. Padiyar', 'x', 'x', 'no-image.jpg', '14/10/2010', 'Male', 'Pratap Singh Padiyar', 'x', 'x@gmail.com', 'x', 'Govindi Padiyar', 'x', 'x@gmail.com', 'x', 'x', '2018041122', '2018-19', 'nitin', '0000-00-00 00:00:00'),
(123, 'Harsh Vardhan', 'x', 'x', 'no-image.jpg', '22/10/2008', 'Male', 'Vijay Prasad', 'x', 'x@gmail.com', 'x', 'Kiran Devi', 'x', 'x@gmail.com', 'x', 'x', '2018041123', '2018-19', 'nitin', '0000-00-00 00:00:00'),
(124, 'Harshit Fulara', 'x', 'x', 'no-image.jpg', '22/02/2008', 'Male', 'Manoj Chandra Fulara', 'x', 'x@gmail.com', 'x', 'Prema Fulara', 'x', 'x@gmail.com', 'x', 'x', '2018041124', '2018-19', 'nitin', '0000-00-00 00:00:00'),
(125, 'Harshit Mehra', 'x', 'x', 'no-image.jpg', '15/09/2009', 'Male', 'Anand Singh Mehra', 'x', 'x@gmail.com', 'x', 'Daya Mehra', 'x', 'x@gmail.com', 'x', 'x', '2018041125', '2018-19', 'nitin', '0000-00-00 00:00:00'),
(126, 'Harshit Negi ', 'x', 'x', 'no-image.jpg', '11/8/2009', 'Male', 'Virendra Singh Negi', 'x', 'x@gmail.com', 'x', 'Hema Negi', 'x', 'x@gmail.com', 'x', 'x', '2018041126', '2018-19', 'nitin', '0000-00-00 00:00:00'),
(127, 'Harshita Sah', 'x', 'x', 'no-image.jpg', '23/10/2009', 'Female', 'Jagdish lal Sah', 'x', 'x@gmail.com', 'x', 'Indra Sah', 'x', 'x@gmail.com', 'x', 'x', '2018041127', '2018-19', 'nitin', '0000-00-00 00:00:00'),
(128, 'Himani Tiwari', 'x', 'x', 'no-image.jpg', '31/10/2009', 'Female', 'Manoj Kumar Tiwari', 'x', 'x@gmail.com', 'x', 'Ganga Tiwari', 'x', 'x@gmail.com', 'x', 'x', '2018041128', '2018-19', 'nitin', '0000-00-00 00:00:00'),
(129, 'Ishant Joshi', 'x', 'x', 'no-image.jpg', '28/10/2009', 'Male', 'Tribhuwan Joshi', 'x', 'x@gmail.com', 'x', 'Kamla Joshi', 'x', 'x@gmail.com', 'x', 'x', '2018041129', '2018-19', 'nitin', '0000-00-00 00:00:00'),
(130, 'Kamlesh Baghri', 'x', 'x', 'no-image.jpg', '9/8/2009', 'Male', 'Kaushal Singh Baghri', 'x', 'x@gmail.com', 'x', 'Champa Baghri', 'x', 'x@gmail.com', 'x', 'x', '2018041130', '2018-19', 'nitin', '0000-00-00 00:00:00'),
(131, 'Kanishka Bisht', 'x', 'x', 'no-image.jpg', '5/2/2010', 'Female', 'Virendra Bisht', 'x', 'x@gmail.com', 'x', 'Asha Bisht', 'x', 'x@gmail.com', 'x', 'x', '2018041131', '2018-19', 'nitin', '0000-00-00 00:00:00'),
(132, 'Karan Karki', 'x', 'x', 'no-image.jpg', '5/3/2009', 'Male', 'Pooran Singh Karki', 'x', 'x@gmail.com', 'x', 'Rekha Karki', 'x', 'x@gmail.com', 'x', 'x', '2018041132', '2018-19', 'nitin', '0000-00-00 00:00:00'),
(133, 'Khushi Tiwari', 'x', 'x', 'no-image.jpg', '3/12/2010', 'Female', 'Gopal Tiwari', 'x', 'x@gmail.com', 'x', 'Lalita Tiwari', 'x', 'x@gmail.com', 'x', 'x', '2018041133', '2018-19', 'nitin', '0000-00-00 00:00:00'),
(134, 'Lavanya Bhatt', 'x', 'x', 'no-image.jpg', '1/5/2010', 'Female', 'Mahesh Chandra Bhatt', 'x', 'x@gmail.com', 'x', 'Parul Bhatt', 'x', 'x@gmail.com', 'x', 'x', '2018041134', '2018-19', 'nitin', '0000-00-00 00:00:00'),
(135, 'Manoj Tripathi', 'x', 'x', 'no-image.jpg', '4/7/2009', 'Male', 'Naveen Chandra Tripathi', 'x', 'x@gmail.com', 'x', 'Uma Tripathi', 'x', 'x@gmail.com', 'x', 'x', '2018041135', '2018-19', 'nitin', '0000-00-00 00:00:00'),
(136, 'Manshi Fartyal', 'x', 'x', 'no-image.jpg', '30/5/2009', 'Female', 'Kripal Singh Fartyal', 'x', 'x@gmail.com', 'x', 'Bhawana Fartyal', 'x', 'x@gmail.com', 'x', 'x', '2018041136', '2018-19', 'nitin', '0000-00-00 00:00:00'),
(137, 'Nishant Gupta', 'x', 'x', 'no-image.jpg', '22/06/2008', 'Male', 'Dinesh Kumar Gupta', 'x', 'x@gmail.com', 'x', 'Kavita Gupta', 'x', 'x@gmail.com', 'x', 'x', '2018041137', '2018-19', 'nitin', '0000-00-00 00:00:00'),
(138, 'Pawan Palariya', 'x', 'x', 'no-image.jpg', '27/07/2010', 'Male', 'Ramesh Chandra Palariya', 'x', 'x@gmail.com', 'x', 'Pushpa Palariya', 'x', 'x@gmail.com', 'x', 'x', '2018041138', '2018-19', 'nitin', '0000-00-00 00:00:00'),
(139, 'Pawan Singh Mer', 'x', 'x', 'no-image.jpg', '15/09/2009', 'Male', 'Ganga Singh Mer', 'x', 'x@gmail.com', 'x', 'Neema Mer', 'x', 'x@gmail.com', 'x', 'x', '2018041139', '2018-19', 'nitin', '0000-00-00 00:00:00'),
(140, 'Pooja Rautela', 'x', 'x', 'no-image.jpg', '15/08/2009', 'Female', 'Narendra Singh Rautella', 'x', 'x@gmail.com', 'x', 'Neema Rautella', 'x', 'x@gmail.com', 'x', 'x', '2018041140', '2018-19', 'nitin', '0000-00-00 00:00:00'),
(141, 'Prachi Fartyal', 'x', 'x', 'no-image.jpg', '17/01/2009', 'Female', 'Indra Singh Fartyal', 'x', 'x@gmail.com', 'x', 'Nirmala Fartyal', 'x', 'x@gmail.com', 'x', 'x', '2018041141', '2018-19', 'nitin', '0000-00-00 00:00:00'),
(142, 'Pratham Joshi', 'x', 'x', 'no-image.jpg', '30/09/2011', 'Male', 'Sandeep Joshi', 'x', 'x@gmail.com', 'x', 'Saroj  Joshi', 'x', 'x@gmail.com', 'x', 'x', '2018041142', '2018-19', 'nitin', '0000-00-00 00:00:00'),
(143, 'Priya Rana', 'x', 'x', 'no-image.jpg', '7/9/2012', 'Female', 'Bhupendra Singh Rana', 'x', 'x@gmail.com', 'x', 'Manju Rana', 'x', 'x@gmail.com', 'x', 'x', '2018041143', '2018-19', 'nitin', '0000-00-00 00:00:00'),
(144, 'Rahul Fartyal', 'x', 'x', 'no-image.jpg', '5/7/2009', 'Male', 'Chandan Singh', 'x', 'x@gmail.com', 'x', 'Kamala Devi', 'x', 'x@gmail.com', 'x', 'x', '2018041144', '2018-19', 'nitin', '0000-00-00 00:00:00'),
(145, 'Riya Mishra', 'x', 'x', 'no-image.jpg', '8/7/2010', 'Female', 'Manoj Mishra', 'x', 'x@gmail.com', 'x', 'Sunita Mishra', 'x', 'x@gmail.com', 'x', 'x', '2018041145', '2018-19', 'nitin', '0000-00-00 00:00:00'),
(146, 'Rohit Sharma', 'x', 'x', 'no-image.jpg', '7/2/2009', 'Male', 'B.B Sharma', 'x', 'x@gmail.com', 'x', 'Nirmala Sharma', 'x', 'x@gmail.com', 'x', 'x', '2018041146', '2018-19', 'nitin', '0000-00-00 00:00:00'),
(147, 'Sakshi Pandey', 'x', 'x', 'no-image.jpg', '1/4/2015', 'Female', 'Bachi Dutt Pandey', 'x', 'x@gmail.com', 'x', 'Kamla Devi', 'x', 'x@gmail.com', 'x', 'x', '2018041147', '2018-19', 'nitin', '0000-00-00 00:00:00'),
(148, 'Saurabh Tiwari', 'x', 'x', 'no-image.jpg', '8/2/2008', 'Male', 'Bhuwan Chandra', 'x', 'x@gmail.com', 'x', 'Kamala Tiwari', 'x', 'x@gmail.com', 'x', 'x', '2018041148', '2018-19', 'nitin', '0000-00-00 00:00:00'),
(149, 'Sweta Arya', 'x', 'x', 'no-image.jpg', '1/4/2015', 'Female', 'Mahanand Arya', 'x', 'x@gmail.com', 'x', 'Babita Arya', 'x', 'x@gmail.com', 'x', 'x', '2018041149', '2018-19', 'nitin', '0000-00-00 00:00:00'),
(150, 'Tanisha Khati', 'x', 'x', 'no-image.jpg', '25/08/2009', 'Female', 'Ramesh Singh Khati', 'x', 'x@gmail.com', 'x', 'Bhagwati Khati', 'x', 'x@gmail.com', 'x', 'x', '2018041150', '2018-19', 'nitin', '0000-00-00 00:00:00'),
(151, 'Taniya Syalakoti', 'x', 'x', 'no-image.jpg', '15/02/2009', 'Female', 'Ratan Singh Syalakoti', 'x', 'x@gmail.com', 'x', 'Neeta Syalakoti', 'x', 'x@gmail.com', 'x', 'x', '2018041151', '2018-19', 'nitin', '0000-00-00 00:00:00'),
(152, 'Tanmay Rawat', 'x', 'x', 'no-image.jpg', '26/06/2001', 'Male', 'Bharat Singh Rawat', 'x', 'x@gmail.com', 'x', 'Bimla Rawat', 'x', 'x@gmail.com', 'x', 'x', '2018041152', '2018-19', 'nitin', '0000-00-00 00:00:00'),
(153, 'Deepesh Mahar', 'x', 'x', 'no-image.jpg', '28/02/2010', 'Male', 'Sundar Singh Mahar', 'x', 'x@gmail.com', 'x', 'Pushpa Mahar', 'x', 'x@gmail.com', 'x', 'x', '2018041153', '2018-19', 'nitin', '0000-00-00 00:00:00'),
(154, 'Jai Singh Bisht', 'x', 'x', 'no-image.jpg', '18/09/2010', 'Male', 'Bahadur Singh Bisht', 'x', 'x@gmail.com', 'x', 'Nisha Bisht', 'x', 'x@gmail.com', 'x', 'x', '2018041154', '2018-19', 'nitin', '0000-00-00 00:00:00'),
(155, 'Nikita Pandey', 'x', 'x', 'no-image.jpg', '16/03/2009', 'Female', 'Girish Chandra Pandey', 'x', 'x@gmail.com', 'x', 'Mamta Pandey', 'x', 'x@gmail.com', 'x', 'x', '2018041155', '2018-19', 'nitin', '0000-00-00 00:00:00'),
(156, 'Lakshmi Padiyar', 'x', 'x', 'no-image.jpg', '23/01/2010', 'Female', 'Prakash Singh', 'x', 'x@gmail.com', 'x', 'Prema', 'x', 'x@gmail.com', 'x', 'x', '2018041156', '2018-19', 'nitin', '0000-00-00 00:00:00'),
(157, 'Mahi Danu', 'x', 'x', 'no-image.jpg', '16/09/2009', 'Female', 'Raghuvar Singh Danu', 'x', 'x@gmail.com', 'x', 'Khasti Danu', 'x', 'x@gmail.com', 'x', 'x', '2018041157', '2018-19', 'nitin', '0000-00-00 00:00:00'),
(158, 'Ahyan Chandra', 'x', 'x', 'no-image.jpg', 'x/x/x', 'Male', 'Ganesh Chandra', 'x', 'x@gmail.com', 'x', 'Lata Chandra', 'x', 'x@gmail.com', 'x', 'x', '2018041158', '2018-19', 'nitin', '0000-00-00 00:00:00'),
(159, 'Aditi Fulara', 'x', 'x', 'no-image.jpg', '3/12/2009', 'Female', 'Manoj Fulara', 'x', 'x@gmail.com', 'x', 'Prema Fulara', 'x', 'x@gmail.com', 'x', 'x', '2018041159', '2018-19', 'nitin', '0000-00-00 00:00:00'),
(160, 'Aishwarya Joshi', 'x', 'x', 'no-image.jpg', '25/12/2008', 'Male', 'Dinesh Chandra Joshi', 'x', 'x@gmail.com', 'x', 'Kiran Joshi', 'x', 'x@gmail.com', 'x', 'x', '2018041160', '2018-19', 'nitin', '0000-00-00 00:00:00'),
(161, 'Akshita Bhatt', 'x', 'x', 'no-image.jpg', '4/6/2008', 'Female', 'Basant Bhatt', 'x', 'x@gmail.com', 'x', 'Rekha Bhatt', 'x', 'x@gmail.com', 'x', 'x', '2018041161', '2018-19', 'nitin', '0000-00-00 00:00:00'),
(162, 'Anjali Goswami', 'x', 'x', 'no-image.jpg', '29/09/2008', 'Female', 'Mohan Nath Goswami', 'x', 'x@gmail.com', 'x', 'Meena Goswami', 'x', 'x@gmail.com', 'x', 'x', '2018041162', '2018-19', 'nitin', '0000-00-00 00:00:00'),
(163, 'Bhoomika Upadhyay', 'x', 'x', 'no-image.jpg', '3/4/2008', 'Female', 'Rajendra Kumar Upadhyay', 'x', 'x@gmail.com', 'x', 'Premlata Upadhyay', 'x', 'x@gmail.com', 'x', 'x', '2018041163', '2018-19', 'nitin', '0000-00-00 00:00:00'),
(164, 'Chandra Prakash', 'x', 'x', 'no-image.jpg', '17/03/2009', 'Male', 'Deepak Kumar', 'x', 'x@gmail.com', 'x', 'Nandi Devi', 'x', 'x@gmail.com', 'x', 'x', '2018041164', '2018-19', 'nitin', '0000-00-00 00:00:00'),
(165, 'Deepak Rana', 'x', 'x', 'no-image.jpg', '30/11/2009', 'Male', 'Heera Singh Rana', 'x', 'x@gmail.com', 'x', 'Vimla Rana', 'x', 'x@gmail.com', 'x', 'x', '2018041165', '2018-19', 'nitin', '0000-00-00 00:00:00'),
(166, 'Dikshit Brijwashi', 'x', 'x', 'no-image.jpg', '29/05/2008', 'Male', 'Daya Krishna Brijwasi', 'x', 'x@gmail.com', 'x', 'Chandra Brijwasi', 'x', 'x@gmail.com', 'x', 'x', '2018041166', '2018-19', 'nitin', '0000-00-00 00:00:00'),
(167, 'Dikshit kotal', 'x', 'x', 'no-image.jpg', '8/7/2008', 'Male', 'Jeewan Lal Kotal', 'x', 'x@gmail.com', 'x', 'Sonam Kotal', 'x', 'x@gmail.com', 'x', 'x', '2018041167', '2018-19', 'nitin', '0000-00-00 00:00:00'),
(168, 'Harshvardhan Vishwakarma', 'x', 'x', 'no-image.jpg', '19/02/2008', 'Male', 'Krishnakant Vishwakarma', 'x', 'x@gmail.com', 'x', 'Poonam Vishwakarma', 'x', 'x@gmail.com', 'x', 'x', '2018041168', '2018-19', 'nitin', '0000-00-00 00:00:00'),
(169, 'Himanshu Durgapal', 'x', 'x', 'no-image.jpg', '14/07/2007', 'Male', 'Chandra Shekhar Durgapal', 'x', 'x@gmail.com', 'x', 'Bhawana Durgapal', 'x', 'x@gmail.com', 'x', 'x', '2018041169', '2018-19', 'nitin', '0000-00-00 00:00:00'),
(170, 'Jagdish Goswami', 'x', 'x', 'no-image.jpg', '11/9/2008', 'Male', 'Ravindranath Goswami', 'x', 'x@gmail.com', 'x', 'Leela Goswami', 'x', 'x@gmail.com', 'x', 'x', '2018041170', '2018-19', 'nitin', '0000-00-00 00:00:00'),
(171, 'Kajal Mishra', 'x', 'x', 'no-image.jpg', '1/6/2008', 'Female', 'Dinesh Chandra Mishra', 'x', 'x@gmail.com', 'x', 'Shubha Mishra', 'x', 'x@gmail.com', 'x', 'x', '2018041171', '2018-19', 'nitin', '0000-00-00 00:00:00'),
(172, 'Kartik Mehra', 'x', 'x', 'no-image.jpg', '12/5/2009', 'Male', 'Hukum Singh Mehra', 'x', 'x@gmail.com', 'x', 'Neema Mehra', 'x', 'x@gmail.com', 'x', 'x', '2018041172', '2018-19', 'nitin', '0000-00-00 00:00:00'),
(173, 'Keerti Dhondiyal', 'x', 'x', 'no-image.jpg', '4/10/2008', 'Female', 'Mahesh Chandra Dhondiyal', 'x', 'x@gmail.com', 'x', 'Chandani Dhondiyal', 'x', 'x@gmail.com', 'x', 'x', '2018041173', '2018-19', 'nitin', '0000-00-00 00:00:00'),
(174, 'Kunal Joshi', 'x', 'x', 'no-image.jpg', '10/4/2008', 'Male', 'Prabhakar Joshi', 'x', 'x@gmail.com', 'x', 'Hema Joshi', 'x', 'x@gmail.com', 'x', 'x', '2018041174', '2018-19', 'nitin', '0000-00-00 00:00:00'),
(175, 'Manshi kala', 'x', 'x', 'no-image.jpg', '23/10/2008', 'Female', 'Bishan Singh', 'x', 'x@gmail.com', 'x', 'Kamla Kala', 'x', 'x@gmail.com', 'x', 'x', '2018041175', '2018-19', 'nitin', '0000-00-00 00:00:00'),
(176, 'Mohit Palariya', 'x', 'x', 'no-image.jpg', '8/10/2008', 'Male', 'Ramesh Chandra Palariya', 'x', 'x@gmail.com', 'x', 'Pushpa Palariya', 'x', 'x@gmail.com', 'x', 'x', '2018041176', '2018-19', 'nitin', '0000-00-00 00:00:00'),
(177, 'Mridul Dangwal', 'x', 'x', 'no-image.jpg', '10/7/2007', 'Male', 'Ramesh Singh Dangwal', 'x', 'x@gmail.com', 'x', 'Sunita Dangwal', 'x', 'x@gmail.com', 'x', 'x', '2018041177', '2018-19', 'nitin', '0000-00-00 00:00:00'),
(178, 'Neeraj Goswami', 'x', 'x', 'no-image.jpg', '5/11/2008', 'Male', 'Lalit puri Goswami ', 'x', 'x@gmail.com', 'x', 'Beena Goswami', 'x', 'x@gmail.com', 'x', 'x', '2018041178', '2018-19', 'nitin', '0000-00-00 00:00:00'),
(179, 'Neha Fartyal', 'x', 'x', 'no-image.jpg', '29/06/2008', 'Female', 'Chandan Singh Fartyal', 'x', 'x@gmail.com', 'x', 'Kamala Devi', 'x', 'x@gmail.com', 'x', 'x', '2018041179', '2018-19', 'nitin', '0000-00-00 00:00:00'),
(180, 'Priya Brijwasi', 'x', 'x', 'no-image.jpg', '3/6/2007', 'Female', 'Kheemanand Brijwasi', 'x', 'x@gmail.com', 'x', 'Hema Brijwasi', 'x', 'x@gmail.com', 'x', 'x', '2018041180', '2018-19', 'nitin', '0000-00-00 00:00:00'),
(181, 'Rahul Bisht', 'x', 'x', 'no-image.jpg', '18/06/2008', 'Male', 'Nandan Singh Bisht', 'x', 'x@gmail.com', 'x', 'Geeta Bisht', 'x', 'x@gmail.com', 'x', 'x', '2018041181', '2018-19', 'nitin', '0000-00-00 00:00:00'),
(182, 'Saket Joshi', 'x', 'x', 'no-image.jpg', '29/05/2009', 'Male', 'Narayan Dutt Joshi', 'x', 'x@gmail.com', 'x', 'Sunita Joshi', 'x', 'x@gmail.com', 'x', 'x', '2018041182', '2018-19', 'nitin', '0000-00-00 00:00:00'),
(183, 'Sanjay Pandey', 'x', 'x', 'no-image.jpg', '8/4/2009', 'Male', 'Pooran Chandra Pandey', 'x', 'x@gmail.com', 'x', 'Geeta Pandey', 'x', 'x@gmail.com', 'x', 'x', '2018041183', '2018-19', 'nitin', '0000-00-00 00:00:00'),
(184, 'Sumit Singh', 'x', 'x', 'no-image.jpg', '4/3/2009', 'Male', 'Kripal Singh', 'x', 'x@gmail.com', 'x', 'Munni Devi', 'x', 'x@gmail.com', 'x', 'x', '2018041184', '2018-19', 'nitin', '0000-00-00 00:00:00'),
(185, 'Swastika Bisht', 'x', 'x', 'no-image.jpg', '4/10/2008', 'Female', ' Bahadur Bisht', 'x', 'x@gmail.com', 'x', 'Nisha Bisht', 'x', 'x@gmail.com', 'x', 'x', '2018041185', '2018-19', 'nitin', '0000-00-00 00:00:00'),
(186, 'Sweta Tiwari', 'x', 'x', 'no-image.jpg', '13/05/2008', 'Female', 'Manoj Kumar Tiwari', 'x', 'x@gmail.com', 'x', 'Chandra Tiwari', 'x', 'x@gmail.com', 'x', 'x', '2018041186', '2018-19', 'nitin', '0000-00-00 00:00:00'),
(187, 'Tanisha Bisht', 'x', 'x', 'no-image.jpg', '23/12/2008', 'Female', 'Balwant Singh Bisht', 'x', 'x@gmail.com', 'x', 'Nirmala Bisht', 'x', 'x@gmail.com', 'x', 'x', '2018041187', '2018-19', 'nitin', '0000-00-00 00:00:00'),
(188, 'Tarun Goswami', 'x', 'x', 'no-image.jpg', '12/7/2008', 'Male', 'Taraknath Goswami', 'x', 'x@gmail.com', 'x', 'Neema Goswami', 'x', 'x@gmail.com', 'x', 'x', '2018041188', '2018-19', 'nitin', '0000-00-00 00:00:00'),
(189, 'Divya Pandey', 'x', 'x', 'no-image.jpg', '6/12/2009', 'Female', 'Govind Pandey', 'x', 'x@gmail.com', 'x', 'Geeta Pandey', 'x', 'x@gmail.com', 'x', 'x', '2018041189', '2018-19', 'nitin', '0000-00-00 00:00:00'),
(190, 'Ramesh Singh', 'x', 'x', 'no-image.jpg', '1/6/2008', 'Female', 'Trilok Singh', 'x', 'x@gmail.com', 'x', 'Munni Devi', 'x', 'x@gmail.com', 'x', 'x', '2018041190', '2018-19', 'nitin', '0000-00-00 00:00:00'),
(191, 'Tarun Kumar', 'x', 'x', 'no-image.jpg', '9/8/2008', 'Male', 'Jagdish Chandra Arya', 'x', 'x@gmail.com', 'x', 'Rajni', 'x', 'x@gmail.com', 'x', 'x', '2018041191', '2018-19', 'nitin', '0000-00-00 00:00:00'),
(192, 'Aditya Andola', 'x', 'x', 'no-image.jpg', '27/08/2009', 'Male', 'Manohar Chandra', 'x', 'x@gmail.com', 'x', 'Manju Andola', 'x', 'x@gmail.com', 'x', 'x', '2018041192', '2018-19', 'nitin', '0000-00-00 00:00:00'),
(193, 'Bhagyata Soun', 'x', 'x', 'no-image.jpg', '18/10/2008', 'Female', 'Harish Soun', 'x', 'x@gmail.com', 'x', 'Kamlesh Soun', 'x', 'x@gmail.com', 'x', 'x', '2018041193', '2018-19', 'nitin', '0000-00-00 00:00:00'),
(194, 'Sachin Bisht', 'x', 'x', 'no-image.jpg', '3/4/2008', 'Male', 'Puran Singh Bisht', 'x', 'x@gmail.com', 'x', 'Kamla Bisht', 'x', 'x@gmail.com', 'x', 'x', '2018041194', '2018-19', 'nitin', '0000-00-00 00:00:00'),
(195, 'Abhishek Shukla', '-x-', '-x-', 'no-image.jpg', '9/10/2007', 'M', 'Munna Lal Shukla', 'x', 'x@gmail.com', 'x', 'Babita Shukla', 'x', 'x@gmail.com', 'x', 'GENERAL', '2018041195', '2018-19', 'nitin', '2018-07-10 16:31:56'),
(196, 'Ankit Bahuguna', 'x', 'x', 'no-image.jpg', '6/5/2008', 'Male', 'Bhola Dutt Bahuguna', 'x', 'x@gmail.com', 'x', 'Poonam Bahuguna', 'x', 'x@gmail.com', 'x', 'x', '2018041196', '2018-19', 'nitin', '0000-00-00 00:00:00'),
(197, 'Sumit Bora', 'x', 'x', 'no-image.jpg', '14/09/2018', 'Male', 'Kamal Kishor Singh Bora', 'x', 'x@gmail.com', 'x', 'Ishwari Bora', 'x', 'x@gmail.com', 'x', 'x', '2018041197', '2018-19', 'nitin', '0000-00-00 00:00:00'),
(198, 'Bhawna Tiwari', 'x', 'x', 'no-image.jpg', '4/2/2008', 'Female', 'Keval Tiwari', 'x', 'x@gmail.com', 'x', 'Deepa Tiwari', 'x', 'x@gmail.com', 'x', 'x', '2018041198', '2018-19', 'nitin', '0000-00-00 00:00:00'),
(199, 'Avni Chandra', 'x', 'x', 'no-image.jpg', 'x/x/x', 'Female', 'Ganesh Chandra', 'x', 'x@gmail.com', 'x', 'Lata Chandra', 'x', 'x@gmail.com', 'x', 'x', '2018041199', '2018-19', 'nitin', '0000-00-00 00:00:00'),
(200, 'Abhay Neolia', 'x', 'x', 'no-image.jpg', '26/10/2007', 'Male', 'Lalit Mohan Neolia', 'x', 'x@gmail.com', 'x', 'Snehlata', 'x', 'x@gmail.com', 'x', 'x', '2018041200', '2018-19', 'nitin', '0000-00-00 00:00:00'),
(201, 'Amit Saini', 'x', 'x', 'no-image.jpg', '20/11/2006', 'Male', 'Dharam Singh Saini', 'x', 'x@gmail.com', 'x', 'Ramkali Saini', 'x', 'x@gmail.com', 'x', 'x', '2018041201', '2018-19', 'nitin', '0000-00-00 00:00:00'),
(202, 'Anjali Pandey', 'x', 'x', 'no-image.jpg', '8/5/2007', 'Female', 'Pooran Chandra Pandey', 'x', 'x@gmail.com', 'x', 'Geeta Pandey', 'x', 'x@gmail.com', 'x', 'x', '2018041202', '2018-19', 'nitin', '0000-00-00 00:00:00'),
(203, 'Ankit Mer', 'x', 'x', 'no-image.jpg', '31/12/2007', 'Male', 'Ganga Singh Mer', 'x', 'x@gmail.com', 'x', 'Neema Devi', 'x', 'x@gmail.com', 'x', 'x', '2018041203', '2018-19', 'nitin', '0000-00-00 00:00:00'),
(204, 'Ankit Sah', 'x', 'x', 'no-image.jpg', '28/10/2007', 'Male', 'Jagdish lal sah', 'x', 'x@gmail.com', 'x', 'Indra Sah', 'x', 'x@gmail.com', 'x', 'x', '2018041204', '2018-19', 'nitin', '0000-00-00 00:00:00'),
(205, 'Bhawesh Pandey', 'x', 'x', 'no-image.jpg', '18/10/2008', 'Male', 'Chandra Shekhar Pandey', 'x', 'x@gmail.com', 'x', 'Bhagwati Pandey', 'x', 'x@gmail.com', 'x', 'x', '2018041205', '2018-19', 'nitin', '0000-00-00 00:00:00'),
(206, 'Bhawna Joshi', 'x', 'x', 'no-image.jpg', '16/05/2007', 'Female', 'D.C. Joshi', 'x', 'x@gmail.com', 'x', 'Rekha Joshi', 'x', 'x@gmail.com', 'x', 'x', '2018041206', '2018-19', 'nitin', '0000-00-00 00:00:00'),
(207, 'Chandra Shekhar Tripathi', 'x', 'x', 'no-image.jpg', '16/07/2008', 'Female', 'Naveen Chandra Tripathi', 'x', 'x@gmail.com', 'x', 'Uma Tripathi', 'x', 'x@gmail.com', 'x', 'x', '2018041207', '2018-19', 'nitin', '0000-00-00 00:00:00'),
(208, 'Digvijay Bisht', 'x', 'x', 'no-image.jpg', '1/4/2013', 'Male', 'Sher Singh Bisht', 'x', 'x@gmail.com', 'x', 'Neeru Bisht', 'x', 'x@gmail.com', 'x', 'x', '2018041208', '2018-19', 'nitin', '0000-00-00 00:00:00'),
(209, 'Gaurav Bisht', 'x', 'x', 'no-image.jpg', '19/06/2007', 'Male', 'Nandan Singh Bisht', 'x', 'x@gmail.com', 'x', 'Geeta Bisht', 'x', 'x@gmail.com', 'x', 'x', '2018041209', '2018-19', 'nitin', '0000-00-00 00:00:00'),
(210, 'Gaurav Singh Bora', 'x', 'x', 'no-image.jpg', '8/6/2008', 'Male', 'Kundan Bora', 'x', 'x@gmail.com', 'x', 'Khasti Devi', 'x', 'x@gmail.com', 'x', 'x', '2018041210', '2018-19', 'nitin', '0000-00-00 00:00:00'),
(211, 'Gunjan Joshi', 'x', 'x', 'no-image.jpg', '27/08/2007', 'Female', 'Bhuwan Chandra Joshi', 'x', 'x@gmail.com', 'x', 'Deepa Joshi', 'x', 'x@gmail.com', 'x', 'x', '2018041211', '2018-19', 'nitin', '0000-00-00 00:00:00'),
(212, 'Harshit Joshi', 'x', 'x', 'no-image.jpg', '28/09/2007', 'Male', 'Dinesh Chandra Joshi', 'x', 'x@gmail.com', 'x', 'Beena Joshi', 'x', 'x@gmail.com', 'x', 'x', '2018041212', '2018-19', 'nitin', '0000-00-00 00:00:00'),
(213, 'Himanshu Bargali', 'x', 'x', 'no-image.jpg', '16/03/2008', 'Male', 'Rajendra Singh Bargali', 'x', 'x@gmail.com', 'x', 'Shanti Bargali', 'x', 'x@gmail.com', 'x', 'x', '2018041213', '2018-19', 'nitin', '0000-00-00 00:00:00'),
(214, 'Himanshu Mishra', 'x', 'x', 'no-image.jpg', '8/11/2007', 'Male', 'Deepak Mishra', 'x', 'x@gmail.com', 'x', 'Aasha Mishra', 'x', 'x@gmail.com', 'x', 'x', '2018041214', '2018-19', 'nitin', '0000-00-00 00:00:00'),
(215, 'Jay Manral', 'x', 'x', 'no-image.jpg', '15/08/2015', 'Male', 'Harish Chandra Singh', 'x', 'x@gmail.com', 'x', 'Neema Manral', 'x', 'x@gmail.com', 'x', 'x', '2018041215', '2018-19', 'nitin', '0000-00-00 00:00:00'),
(216, 'Kashish Mehra', 'x', 'x', 'no-image.jpg', '26/11/2008', 'Male', 'Gokul Mehra', 'x', 'x@gmail.com', 'x', 'Rekha Mehra', 'x', 'x@gmail.com', 'x', 'x', '2018041216', '2018-19', 'nitin', '0000-00-00 00:00:00'),
(217, 'Krishna Belwal', 'x', 'x', 'no-image.jpg', '8/10/2007', 'Male', 'Kheemanand Belwal', 'x', 'x@gmail.com', 'x', 'Heema Belwal', 'x', 'x@gmail.com', 'x', 'x', '2018041217', '2018-19', 'nitin', '0000-00-00 00:00:00'),
(218, 'Laksita Fulara', 'x', 'x', 'no-image.jpg', '12/3/2007', 'Female', 'Manoj Chandra Fulara', 'x', 'x@gmail.com', 'x', 'Prema Fulara', 'x', 'x@gmail.com', 'x', 'x', '2018041218', '2018-19', 'nitin', '0000-00-00 00:00:00'),
(219, 'Lalit Rawat', 'x', 'x', 'no-image.jpg', '27/06/2006', 'Male', 'Nandan Singh Rawat', 'x', 'x@gmail.com', 'x', 'Sobha Rawat', 'x', 'x@gmail.com', 'x', 'x', '2018041219', '2018-19', 'nitin', '0000-00-00 00:00:00'),
(220, 'Mamta Rautela', 'x', 'x', 'no-image.jpg', '25/08/2008', 'Female', 'Narendra Singh Rautela', 'x', 'x@gmail.com', 'x', 'Neema Rautela', 'x', 'x@gmail.com', 'x', 'x', '2018041220', '2018-19', 'nitin', '0000-00-00 00:00:00'),
(221, 'Manish Singh Sugra', 'x', 'x', 'no-image.jpg', '7/1/2009', 'Male', 'Prakash Singh Sugra', 'x', 'x@gmail.com', 'x', 'Parwati Sugra', 'x', 'x@gmail.com', 'x', 'x', '2018041221', '2018-19', 'nitin', '0000-00-00 00:00:00'),
(222, 'Meenakshi Ojha', 'x', 'x', 'no-image.jpg', '1/7/2008', 'Female', 'Harish Chandra Ojha', 'x', 'x@gmail.com', 'x', 'Kamla Ojha', 'x', 'x@gmail.com', 'x', 'x', '2018041222', '2018-19', 'nitin', '0000-00-00 00:00:00'),
(223, 'Nikhil Joshi', 'x', 'x', 'no-image.jpg', '26/07/2007', 'Male', 'Naveen Chandra Joshi', 'x', 'x@gmail.com', 'x', 'Reena Joshi', 'x', 'x@gmail.com', 'x', 'x', '2018041223', '2018-19', 'nitin', '0000-00-00 00:00:00'),
(224, 'Pankaj Bhatt', 'x', 'x', 'no-image.jpg', '17/08/2007', 'Male', 'Suresh Chandra Bhatt', 'x', 'x@gmail.com', 'x', 'Janki Bhatt', 'x', 'x@gmail.com', 'x', 'x', '2018041224', '2018-19', 'nitin', '0000-00-00 00:00:00'),
(225, 'Piyush Danu', 'x', 'x', 'no-image.jpg', '26/05/2007', 'Male', 'Pushkar Singh Danu', 'x', 'x@gmail.com', 'x', 'Neelam Danu', 'x', 'x@gmail.com', 'x', 'x', '2018041225', '2018-19', 'nitin', '0000-00-00 00:00:00'),
(226, 'Poorva Chauhan', 'x', 'x', 'no-image.jpg', '12/12/2006', 'Male', 'Devendra Chauhan', 'x', 'x@gmail.com', 'x', 'Tara Chauhan', 'x', 'x@gmail.com', 'x', 'x', '2018041226', '2018-19', 'nitin', '0000-00-00 00:00:00'),
(227, 'Prachi Adhikari', 'x', 'x', 'no-image.jpg', '1/4/2013', 'Female', 'Shankar Singh Adhikari', 'x', 'x@gmail.com', 'x', 'Anita Adhikari', 'x', 'x@gmail.com', 'x', 'x', '2018041227', '2018-19', 'nitin', '0000-00-00 00:00:00');
INSERT INTO `master_7_stud_personal` (`STUD_ID`, `FNAME`, `MNAME`, `LNAME`, `PHOTO_`, `DOB_`, `GENDER`, `FATHER`, `F_MOBILE`, `F_EMAIL`, `F_PROFESSION`, `MOTHER`, `M_MOBILE`, `M_EMAIL`, `M_PROFESSION`, `CATEGORY`, `regid`, `SESSID`, `USERNAME_`, `DATE_`) VALUES
(228, 'Priya Gouni', 'x', 'x', 'no-image.jpg', '20/07/2007', 'Female', 'Bacchi Singh Gouni', 'x', 'x@gmail.com', 'x', 'Geeta Gouni', 'x', 'x@gmail.com', 'x', 'x', '2018041228', '2018-19', 'nitin', '0000-00-00 00:00:00'),
(229, 'Priyanshi Joshi', 'x', 'x', 'no-image.jpg', '2/7/2007', 'Female', 'Prakash Chandra Joshi', 'x', 'x@gmail.com', 'x', 'Sarita Joshi', 'x', 'x@gmail.com', 'x', 'x', '2018041229', '2018-19', 'nitin', '0000-00-00 00:00:00'),
(230, 'Shubham Negi', 'x', 'x', 'no-image.jpg', '11/6/2007', 'Male', 'Mohan Singh Negi', 'x', 'x@gmail.com', 'x', 'Bimla Negi ', 'x', 'x@gmail.com', 'x', 'x', '2018041230', '2018-19', 'nitin', '0000-00-00 00:00:00'),
(231, 'Tanuj Kandpal', 'x', 'x', 'no-image.jpg', '24/07/2008', 'Male', 'Gopal Dutt Kandpal', 'x', 'x@gmail.com', 'x', 'Tara Kandpal', 'x', 'x@gmail.com', 'x', 'x', '2018041231', '2018-19', 'nitin', '0000-00-00 00:00:00'),
(232, 'Tanuja Bisht', 'x', 'x', 'no-image.jpg', '4/8/2007', 'Female', 'Shiv Singh', 'x', 'x@gmail.com', 'x', 'Deepa Bisht', 'x', 'x@gmail.com', 'x', 'x', '2018041232', '2018-19', 'nitin', '0000-00-00 00:00:00'),
(233, 'Varsha Dhami', 'x', 'x', 'no-image.jpg', '9/4/2007', 'Female', 'Bishan Singh Dhami', 'x', 'x@gmail.com', 'x', 'Saruli Dhami', 'x', 'x@gmail.com', 'x', 'x', '2018041233', '2018-19', 'nitin', '0000-00-00 00:00:00'),
(234, 'Vimal Joshi', 'x', 'x', 'no-image.jpg', '14/03/2008', 'Male', 'Kailash Chandra Joshi', 'x', 'x@gmail.com', 'x', 'Kalawati Joshi', 'x', 'x@gmail.com', 'x', 'x', '2018041234', '2018-19', 'nitin', '0000-00-00 00:00:00'),
(235, 'Piyush Joshi', 'x', 'x', 'no-image.jpg', '23/08/2008', 'Male', 'Late Dinesh Chandra', 'x', 'x@gmail.com', 'x', 'Radha Joshi', 'x', 'x@gmail.com', 'x', 'x', '2018041235', '2018-19', 'nitin', '0000-00-00 00:00:00'),
(236, 'Vishal Sangela', 'x', 'x', 'no-image.jpg', '4/9/2009', 'Male', 'Mohan Singh Sangela', 'x', 'x@gmail.com', 'x', 'Bhawna Sangela', 'x', 'x@gmail.com', 'x', 'x', '2018041236', '2018-19', 'nitin', '0000-00-00 00:00:00'),
(237, 'Lokesh Joshi', 'x', 'x', 'no-image.jpg', '30/09/2008', 'Female', 'Kailash Chandra Joshi', 'x', 'x@gmail.com', 'x', 'Anju Joshi', 'x', 'x@gmail.com', 'x', 'x', '2018041237', '2018-19', 'nitin', '0000-00-00 00:00:00'),
(238, 'Lav Yadav', 'x', 'x', 'no-image.jpg', '', 'Male', 'Netrapal Yadav', 'x', 'x@gmail.com', 'x', 'Nilam Yadav', 'x', 'x@gmail.com', 'x', 'x', '2018041238', '2018-19', 'nitin', '0000-00-00 00:00:00'),
(239, 'Yash Prajapati', 'x', 'x', 'no-image.jpg', '15/10/2007', 'Male', 'Rajesh Prajapati', 'x', 'x@gmail.com', 'x', 'Pooja Prajapati', 'x', 'x@gmail.com', 'x', 'x', '2018041239', '2018-19', 'nitin', '0000-00-00 00:00:00'),
(240, 'Tanisha Joshi', 'x', 'x', 'no-image.jpg', '18/09/2007', 'Female', 'Vinod Kumar', 'x', 'x@gmail.com', 'x', 'Deepa Joshi', 'x', 'x@gmail.com', 'x', 'x', '2018041240', '2018-19', 'nitin', '0000-00-00 00:00:00'),
(241, 'Kajal Mehra', 'x', 'x', 'no-image.jpg', '6/9/2008', 'Female', 'Suresh Chandra Singh', 'x', 'x@gmail.com', 'x', 'Uma Devi', 'x', 'x@gmail.com', 'x', 'x', '2018041241', '2018-19', 'nitin', '0000-00-00 00:00:00'),
(242, 'Sujeet Kumar', 'x', 'x', 'no-image.jpg', '1/1/2004', 'Male', 'Harendra Kumar', 'x', 'x@gmail.com', 'x', 'Poonam', 'x', 'x@gmail.com', 'x', 'x', '2018041242', '2018-19', 'nitin', '0000-00-00 00:00:00'),
(243, 'Lokesh Bahuguna', 'x', 'x', 'no-image.jpg', 'x/x/x', 'Male', 'Hem Chandra Bahuguna', 'x', 'x@gmail.com', 'x', 'Gomti Bahuguna', 'x', 'x@gmail.com', 'x', 'x', '2018041243', '2018-19', 'nitin', '0000-00-00 00:00:00'),
(244, 'Babita Bhatt', 'x', 'x', 'no-image.jpg', '29/04/2006', 'Female', 'Suresh Chandra Bhatt', 'x', 'x@gmail.com', 'x', 'Janki Bhatt', 'x', 'x@gmail.com', 'x', 'x', '2018041244', '2018-19', 'nitin', '0000-00-00 00:00:00'),
(245, 'Bharat Karmiyal', 'x', 'x', 'no-image.jpg', '24/06/2006', 'Male', 'Jitendra Singh Karmiyal', 'x', 'x@gmail.com', 'x', 'Hema Karmiyal', 'x', 'x@gmail.com', 'x', 'x', '2018041245', '2018-19', 'nitin', '0000-00-00 00:00:00'),
(246, 'Charulata Sharma', 'x', 'x', 'no-image.jpg', '10/12/2005', 'Female', 'B.B. Sharma', 'x', 'x@gmail.com', 'x', 'Nirmala Sharma', 'x', 'x@gmail.com', 'x', 'x', '2018041246', '2018-19', 'nitin', '0000-00-00 00:00:00'),
(247, 'Deepak Gangwar', 'x', 'x', 'no-image.jpg', '3/11/2006', 'Male', 'Mulchand Gangwar', 'x', 'x@gmail.com', 'x', 'Neema Devi', 'x', 'x@gmail.com', 'x', 'x', '2018041247', '2018-19', 'nitin', '0000-00-00 00:00:00'),
(248, 'Deepak Goswami', 'x', 'x', 'no-image.jpg', '26/04/2007', 'Male', 'Lalit Puri Goswami', 'x', 'x@gmail.com', 'x', 'Beena Goswami', 'x', 'x@gmail.com', 'x', 'x', '2018041248', '2018-19', 'nitin', '0000-00-00 00:00:00'),
(249, 'Diksha Negi', 'x', 'x', 'no-image.jpg', '20/02/2007', 'Female', 'Mohan Singh', 'x', 'x@gmail.com', 'x', 'Dhanuli Devi', 'x', 'x@gmail.com', 'x', 'x', '2018041249', '2018-19', 'nitin', '0000-00-00 00:00:00'),
(250, 'Divyanshu Lohani', 'x', 'x', 'no-image.jpg', '7/7/2006', 'Male', 'Bhuwan Chandra Lohani', 'x', 'x@gmail.com', 'x', 'Sunita Lohani', 'x', 'x@gmail.com', 'x', 'x', '2018041250', '2018-19', 'nitin', '0000-00-00 00:00:00'),
(251, 'Gaurav Pathak', 'x', 'x', 'no-image.jpg', '26/02/2006', 'Male', 'Bhuwan Chandra Pathak', 'x', 'x@gmail.com', 'x', 'Kamala Pathak', 'x', 'x@gmail.com', 'x', 'x', '2018041251', '2018-19', 'nitin', '0000-00-00 00:00:00'),
(252, 'Gaurav Singh Bisht', 'x', 'x', 'no-image.jpg', '1/2/2006', 'Male', 'Min Bahadur Bisht', 'x', 'x@gmail.com', 'x', 'Nisha Devi', 'x', 'x@gmail.com', 'x', 'x', '2018041252', '2018-19', 'nitin', '0000-00-00 00:00:00'),
(253, 'Himani Bisht', 'x', 'x', 'no-image.jpg', '1/2/2007', 'Female', 'Bhawan Singh Bisht', 'x', 'x@gmail.com', 'x', 'Deepa Bisht', 'x', 'x@gmail.com', 'x', 'x', '2018041253', '2018-19', 'nitin', '0000-00-00 00:00:00'),
(254, 'Himani Joshi', 'x', 'x', 'no-image.jpg', '29/05/2006', 'Female', 'Tribhuwan Joshi', 'x', 'x@gmail.com', 'x', 'Kamala Joshi', 'x', 'x@gmail.com', 'x', 'x', '2018041254', '2018-19', 'nitin', '0000-00-00 00:00:00'),
(255, 'Jagdish Singh Negi', 'x', 'x', 'no-image.jpg', '1/8/2007', 'Male', 'Moti Singh Negi', 'x', 'x@gmail.com', 'x', 'Shoba Negi', 'x', 'x@gmail.com', 'x', 'x', '2018041255', '2018-19', 'nitin', '0000-00-00 00:00:00'),
(256, 'Jyoti Joshi', 'x', 'x', 'no-image.jpg', '3/3/2006', 'Female', 'Suresh Joshi', 'x', 'x@gmail.com', 'x', 'Hansa Joshi', 'x', 'x@gmail.com', 'x', 'x', '2018041256', '2018-19', 'nitin', '0000-00-00 00:00:00'),
(257, 'Kavita Pargai', 'x', 'x', 'no-image.jpg', '1/8/2006', 'Female', 'Mahesh Chandra Pargai', 'x', 'x@gmail.com', 'x', 'Vimla Pargai', 'x', 'x@gmail.com', 'x', 'x', '2018041257', '2018-19', 'nitin', '0000-00-00 00:00:00'),
(258, 'Kavya Pant', 'x', 'x', 'no-image.jpg', '16/12/2006', 'Male', 'Subhash Chandra Pant', 'x', 'x@gmail.com', 'x', 'Susheela Pant', 'x', 'x@gmail.com', 'x', 'x', '2018041258', '2018-19', 'nitin', '0000-00-00 00:00:00'),
(259, 'Khushi Joshi', 'x', 'x', 'no-image.jpg', '26/02/2006', 'Female', 'Bhuwan Chandra Joshi', 'x', 'x@gmail.com', 'x', 'Deepa Joshi', 'x', 'x@gmail.com', 'x', 'x', '2018041259', '2018-19', 'nitin', '0000-00-00 00:00:00'),
(260, 'Kiran Fartyal', 'x', 'x', 'no-image.jpg', '12/6/2006', 'Female', 'Indra Singh Fartyal', 'x', 'x@gmail.com', 'x', 'Nirmala Fartyal', 'x', 'x@gmail.com', 'x', 'x', '2018041260', '2018-19', 'nitin', '0000-00-00 00:00:00'),
(261, 'Kumkum Kashyap', 'x', 'x', 'no-image.jpg', '8/12/2006', 'Female', 'Suraj Pal', 'x', 'x@gmail.com', 'x', 'Veena Pal', 'x', 'x@gmail.com', 'x', 'x', '2018041261', '2018-19', 'nitin', '0000-00-00 00:00:00'),
(262, 'Lucky Upreti', 'x', 'x', 'no-image.jpg', '4/3/2006', 'Male', 'Naveen Chandra Upreti', 'x', 'x@gmail.com', 'x', 'Renu Upreti', 'x', 'x@gmail.com', 'x', 'x', '2018041262', '2018-19', 'nitin', '0000-00-00 00:00:00'),
(263, 'Manisha Rathour', 'x', 'x', 'no-image.jpg', '8/4/2008', 'Female', 'Surendra Singh Rathour', 'x', 'x@gmail.com', 'x', 'Maya Rathour', 'x', 'x@gmail.com', 'x', 'x', '2018041263', '2018-19', 'nitin', '0000-00-00 00:00:00'),
(264, 'Mayank Joshi', 'x', 'x', 'no-image.jpg', '17/11/2006', 'Male', 'Anil Joshi', 'x', 'x@gmail.com', 'x', 'Champa Joshi', 'x', 'x@gmail.com', 'x', 'x', '2018041264', '2018-19', 'nitin', '0000-00-00 00:00:00'),
(265, 'Mayank Kumar', 'x', 'x', 'no-image.jpg', '18/07/2007', 'Male', 'Heera Lal', 'x', 'x@gmail.com', 'x', 'Prabha Devi', 'x', 'x@gmail.com', 'x', 'x', '2018041265', '2018-19', 'nitin', '0000-00-00 00:00:00'),
(266, 'Mohit Bisht', 'x', 'x', 'no-image.jpg', '8/9/2007', 'Male', 'Shiv Singh Bisht', 'x', 'x@gmail.com', 'x', 'Pushpa Bisht', 'x', 'x@gmail.com', 'x', 'x', '2018041266', '2018-19', 'nitin', '0000-00-00 00:00:00'),
(267, 'Mohit Joshi', 'x', 'x', 'no-image.jpg', '17/07/2007', 'Male', 'Mahesh Chandra Joshi', 'x', 'x@gmail.com', 'x', 'Tara Joshi', 'x', 'x@gmail.com', 'x', 'x', '2018041267', '2018-19', 'nitin', '0000-00-00 00:00:00'),
(268, 'Naresh Pargai', 'x', 'x', 'no-image.jpg', '20/03/2006', 'Male', 'Ganga Dutt Pargai', 'x', 'x@gmail.com', 'x', 'Basanti Pargai', 'x', 'x@gmail.com', 'x', 'x', '2018041268', '2018-19', 'nitin', '0000-00-00 00:00:00'),
(269, 'Neeraj Suyal', 'x', 'x', 'no-image.jpg', '5/7/2006', 'Male', 'Dinesh Chandra Suyal', 'x', 'x@gmail.com', 'x', 'Pushpa Devi', 'x', 'x@gmail.com', 'x', 'x', '2018041269', '2018-19', 'nitin', '0000-00-00 00:00:00'),
(270, 'Neha Tiwari', 'x', 'x', 'no-image.jpg', '2/4/2012', 'Female', 'Suresh Chandra Tiwari', 'x', 'x@gmail.com', 'x', 'Geeta Tiwari', 'x', 'x@gmail.com', 'x', 'x', '2018041270', '2018-19', 'nitin', '0000-00-00 00:00:00'),
(271, 'Priyanshu Vishwakarma', 'x', 'x', 'no-image.jpg', '11/12/2005', 'Male', 'Krishnakant Vishwakarma', 'x', 'x@gmail.com', 'x', 'Poonam Vishwakarma', 'x', 'x@gmail.com', 'x', 'x', '2018041271', '2018-19', 'nitin', '0000-00-00 00:00:00'),
(272, 'Sagar Goswami', 'x', 'x', 'no-image.jpg', '19/03/2007', 'Male', 'Mohan Nath Goswami', 'x', 'x@gmail.com', 'x', 'Meena Goswami', 'x', 'x@gmail.com', 'x', 'x', '2018041272', '2018-19', 'nitin', '0000-00-00 00:00:00'),
(273, 'Sakshi Rana', 'x', 'x', 'no-image.jpg', '12/8/2007', 'Female', 'Bhupendra Singh Rana', 'x', 'x@gmail.com', 'x', 'Manju Rana', 'x', 'x@gmail.com', 'x', 'x', '2018041273', '2018-19', 'nitin', '0000-00-00 00:00:00'),
(274, 'Shubham Bisht', 'x', 'x', 'no-image.jpg', '18/06/2006', 'Male', 'Kuldeep Bisht', 'x', 'x@gmail.com', 'x', 'Meena Bisht', 'x', 'x@gmail.com', 'x', 'x', '2018041274', '2018-19', 'nitin', '0000-00-00 00:00:00'),
(275, 'Suresh Singh Takuli', 'x', 'x', 'no-image.jpg', '29/06/2006', 'Male', 'Durga Singh Takuli', 'x', 'x@gmail.com', 'x', 'Bhawani Takuli', 'x', 'x@gmail.com', 'x', 'x', '2018041275', '2018-19', 'nitin', '0000-00-00 00:00:00'),
(276, 'Vikas Rawat', 'x', 'x', 'no-image.jpg', '18/09/2006', 'Male', 'Nandan Singh Rawat', 'x', 'x@gmail.com', 'x', 'Shoba Rawat', 'x', 'x@gmail.com', 'x', 'x', '2018041276', '2018-19', 'nitin', '0000-00-00 00:00:00'),
(277, 'Vineeta Joshi', 'x', 'x', 'no-image.jpg', '1/11/2006', 'Female', 'Prabhakar Joshi', 'x', 'x@gmail.com', 'x', 'Heema Joshi', 'x', 'x@gmail.com', 'x', 'x', '2018041277', '2018-19', 'nitin', '0000-00-00 00:00:00'),
(278, 'Vipin Chandra Joshi', 'x', 'x', 'no-image.jpg', '20/07/2007', 'Male', 'Chintamani Joshi', 'x', 'x@gmail.com', 'x', 'Pushpa Devi', 'x', 'x@gmail.com', 'x', 'x', '2018041278', '2018-19', 'nitin', '0000-00-00 00:00:00'),
(279, 'Vivek Kotal', 'x', 'x', 'no-image.jpg', '22/10/2005', 'Male', 'Jeevan Lal Kotal', 'x', 'x@gmail.com', 'x', 'Sonam Kotal', 'x', 'x@gmail.com', 'x', 'x', '2018041279', '2018-19', 'nitin', '0000-00-00 00:00:00'),
(280, 'Yashu Gupta', 'x', 'x', 'no-image.jpg', '2/9/2005', 'Male', 'Dinesh Kumar Gupta', 'x', 'x@gmail.com', 'x', 'Kavita Gupta', 'x', 'x@gmail.com', 'x', 'x', '2018041280', '2018-19', 'nitin', '0000-00-00 00:00:00'),
(281, 'Aashi Sharma', '-x-', '-x-', 'no-image.jpg', '20/07/2005', 'F', 'Satish Sharma', 'x', 'x@gmail.com', 'x', 'Geeta Sharma', 'x', 'x@gmail.com', 'x', 'SC', '2018041281', '2018-19', 'nitin', '2018-07-10 16:40:31'),
(282, 'Akhilesh Pandey', 'x', 'x', 'no-image.jpg', '11/8/2005', 'Male', 'Tej Prakash Pandey', 'x', 'x@gmail.com', 'x', 'Radha Pandey', 'x', 'x@gmail.com', 'x', 'x', '2018041282', '2018-19', 'nitin', '0000-00-00 00:00:00'),
(283, 'Akshit Singh Nayal', 'x', 'x', 'no-image.jpg', '4/11/2004', 'Male', 'Tej Singh Nayal', 'x', 'x@gmail.com', 'x', 'Deepa Nayal', 'x', 'x@gmail.com', 'x', 'x', '2018041283', '2018-19', 'nitin', '0000-00-00 00:00:00'),
(284, 'Anjali Goswami', 'x', 'x', 'no-image.jpg', '19/01/2006', 'Female', 'Shankar Puri Goswami', 'x', 'x@gmail.com', 'x', 'Beena Goswami', 'x', 'x@gmail.com', 'x', 'x', '2018041284', '2018-19', 'nitin', '0000-00-00 00:00:00'),
(285, 'Chandra Bisht', 'x', 'x', 'no-image.jpg', '17/03/2006', 'Female', 'Harish Singh Bisht', 'x', 'x@gmail.com', 'x', 'Kamala Bisht', 'x', 'x@gmail.com', 'x', 'x', '2018041285', '2018-19', 'nitin', '0000-00-00 00:00:00'),
(286, 'Chhaya Joshi', 'x', 'x', 'no-image.jpg', '3/9/2006', 'Female', 'Mahesh Chandra Joshi', 'x', 'x@gmail.com', 'x', 'Tara Joshi', 'x', 'x@gmail.com', 'x', 'x', '2018041286', '2018-19', 'nitin', '0000-00-00 00:00:00'),
(287, 'Garima Pant', 'x', 'x', 'no-image.jpg', '19/11/2005', 'Female', 'Vinod Pant', 'x', 'x@gmail.com', 'x', 'Deepa Pant', 'x', 'x@gmail.com', 'x', 'x', '2018041287', '2018-19', 'nitin', '0000-00-00 00:00:00'),
(288, 'Gaurav Joshi', 'x', 'x', 'no-image.jpg', '22/10/2005', 'Male', 'Harish Chandra Joshi', 'x', 'x@gmail.com', 'x', 'Pushpa Joshi', 'x', 'x@gmail.com', 'x', 'x', '2018041288', '2018-19', 'nitin', '0000-00-00 00:00:00'),
(289, 'Gaurav Kumar', 'x', 'x', 'no-image.jpg', '3/8/2005', 'Male', 'Anil Kumar', 'x', 'x@gmail.com', 'x', 'Geeta Devi', 'x', 'x@gmail.com', 'x', 'x', '2018041289', '2018-19', 'nitin', '0000-00-00 00:00:00'),
(290, 'Harshit Durgapal', 'x', 'x', 'no-image.jpg', '28/09/2005', 'Male', 'Chandra Shekhar Durgapal', 'x', 'x@gmail.com', 'x', 'Bhawana Durgapal', 'x', 'x@gmail.com', 'x', 'x', '2018041290', '2018-19', 'nitin', '0000-00-00 00:00:00'),
(291, 'Kamal Upadhyay', 'x', 'x', 'no-image.jpg', '20/01/2005', 'Male', 'Mohan Chandra Upadhyay', 'x', 'x@gmail.com', 'x', 'Durga Devi', 'x', 'x@gmail.com', 'x', 'x', '2018041291', '2018-19', 'nitin', '0000-00-00 00:00:00'),
(292, 'Kamlesh Singh Rautela', 'x', 'x', 'no-image.jpg', '13/03/2006', 'Male', 'Bhagat Singh Rautela', 'x', 'x@gmail.com', 'x', 'Rajuli Devi', 'x', 'x@gmail.com', 'x', 'x', '2018041292', '2018-19', 'nitin', '0000-00-00 00:00:00'),
(293, 'Kanchan Bhatt', 'x', 'x', 'no-image.jpg', '28/11/2005', 'Female', 'Suresh Chandra Bhatt', 'x', 'x@gmail.com', 'x', 'Janki Bhatt', 'x', 'x@gmail.com', 'x', 'x', '2018041293', '2018-19', 'nitin', '0000-00-00 00:00:00'),
(294, 'Karishma Baghri', 'x', 'x', 'no-image.jpg', '26/12/2005', 'Female', 'Kushal Singh Baghri', 'x', 'x@gmail.com', 'x', 'Champa Bhagri', 'x', 'x@gmail.com', 'x', 'x', '2018041294', '2018-19', 'nitin', '0000-00-00 00:00:00'),
(295, 'Kaushal Suyal', 'x', 'x', 'no-image.jpg', '26/12/2004', 'Male', 'Dinesh Chandra Suyal', 'x', 'x@gmail.com', 'x', 'Pushpa Devi', 'x', 'x@gmail.com', 'x', 'x', '2018041295', '2018-19', 'nitin', '0000-00-00 00:00:00'),
(296, 'Kaushal Yadav', 'x', 'x', 'no-image.jpg', '2/11/2004', 'Male', 'N.P. Yadav', 'x', 'x@gmail.com', 'x', 'Neelam Yadav', 'x', 'x@gmail.com', 'x', 'x', '2018041296', '2018-19', 'nitin', '0000-00-00 00:00:00'),
(297, 'Khushi Pandey', 'x', 'x', 'no-image.jpg', '15/09/2005', 'Female', 'Prakash Pandey', 'x', 'x@gmail.com', 'x', 'Namita Pandey', 'x', 'x@gmail.com', 'x', 'x', '2018041297', '2018-19', 'nitin', '0000-00-00 00:00:00'),
(298, 'Manoj Bisht', 'x', 'x', 'no-image.jpg', '10/2/2005', 'Male', 'Balam Singh Bisht', 'x', 'x@gmail.com', 'x', 'Tara Bisht', 'x', 'x@gmail.com', 'x', 'x', '2018041298', '2018-19', 'nitin', '0000-00-00 00:00:00'),
(299, 'Mansi Joshi', 'x', 'x', 'no-image.jpg', '6/6/2007', 'Female', 'Kailash Chandra Joshi', 'x', 'x@gmail.com', 'x', 'Lalita Joshi', 'x', 'x@gmail.com', 'x', 'x', '2018041299', '2018-19', 'nitin', '0000-00-00 00:00:00'),
(300, 'Mohit Bisht', 'x', 'x', 'no-image.jpg', '31/12/2005', 'Male', 'Shiv Singh Bisht', 'x', 'x@gmail.com', 'x', 'Deepa Bisht', 'x', 'x@gmail.com', 'x', 'x', '2018041300', '2018-19', 'nitin', '0000-00-00 00:00:00'),
(301, 'Neha Palariya', 'x', 'x', 'no-image.jpg', '8/9/2006', 'Female', 'Ramesh Chandra Palariya', 'x', 'x@gmail.com', 'x', 'Pushpa Palariya', 'x', 'x@gmail.com', 'x', 'x', '2018041301', '2018-19', 'nitin', '0000-00-00 00:00:00'),
(302, 'Nikita Negi', 'x', 'x', 'no-image.jpg', '10/1/2005', 'Female', 'Mohan Negi', 'x', 'x@gmail.com', 'x', 'Bimla Negi', 'x', 'x@gmail.com', 'x', 'x', '2018041302', '2018-19', 'nitin', '0000-00-00 00:00:00'),
(303, 'Pooja Joshi', 'x', 'x', 'no-image.jpg', '9/3/2005', 'Female', 'Kailash Chandra Joshi', 'x', 'x@gmail.com', 'x', 'Kalawati Joshi', 'x', 'x@gmail.com', 'x', 'x', '2018041303', '2018-19', 'nitin', '0000-00-00 00:00:00'),
(304, 'Prabha Pant', 'x', 'x', 'no-image.jpg', '12/5/2004', 'Female', 'Naresh Pant', 'x', 'x@gmail.com', 'x', 'Rama Pant', 'x', 'x@gmail.com', 'x', 'x', '2018041304', '2018-19', 'nitin', '0000-00-00 00:00:00'),
(305, 'Prachi Padiyar', 'x', 'x', 'no-image.jpg', '5/9/2006', 'Female', 'Daljeet Singh', 'x', 'x@gmail.com', 'x', 'Ganga Devi', 'x', 'x@gmail.com', 'x', 'x', '2018041305', '2018-19', 'nitin', '0000-00-00 00:00:00'),
(306, 'Priyanshi Tiwari', 'x', 'x', 'no-image.jpg', '27/08/2007', 'Female', 'Ravindra Tiwari', 'x', 'x@gmail.com', 'x', 'Sobha Tiwari', 'x', 'x@gmail.com', 'x', 'x', '2018041306', '2018-19', 'nitin', '0000-00-00 00:00:00'),
(307, 'Priyanshu Arya', 'x', 'x', 'no-image.jpg', '6/7/2005', 'Male', 'Harendra Kumar', 'x', 'x@gmail.com', 'x', 'Monika Devi', 'x', 'x@gmail.com', 'x', 'x', '2018041307', '2018-19', 'nitin', '0000-00-00 00:00:00'),
(308, 'Rahul Arya', 'x', 'x', 'no-image.jpg', '10/6/2005', 'Male', 'Harish Chandra', 'x', 'x@gmail.com', 'x', 'Chandra Devi', 'x', 'x@gmail.com', 'x', 'x', '2018041308', '2018-19', 'nitin', '0000-00-00 00:00:00'),
(309, 'Rahul Joshi', 'x', 'x', 'no-image.jpg', '1/1/2006', 'Male', 'Manoj Joshi', 'x', 'x@gmail.com', 'x', 'Radha Joshi', 'x', 'x@gmail.com', 'x', 'x', '2018041309', '2018-19', 'nitin', '0000-00-00 00:00:00'),
(310, 'Rahul Kumar', 'x', 'x', 'no-image.jpg', '1/1/2006', 'Male', 'Harish Chandra', 'x', 'x@gmail.com', 'x', 'Prema Devi', 'x', 'x@gmail.com', 'x', 'x', '2018041310', '2018-19', 'nitin', '0000-00-00 00:00:00'),
(311, 'Rohit Mishra', 'x', 'x', 'no-image.jpg', '5/12/2005', 'Male', 'Manoj Mishra', 'x', 'x@gmail.com', 'x', 'Sunita Mishra', 'x', 'x@gmail.com', 'x', 'x', '2018041311', '2018-19', 'nitin', '0000-00-00 00:00:00'),
(312, 'Sagar Badhani', 'x', 'x', 'no-image.jpg', '28/02/2007', 'Male', 'Bhola Dutt', 'x', 'x@gmail.com', 'x', 'Rajni Badhani', 'x', 'x@gmail.com', 'x', 'x', '2018041312', '2018-19', 'nitin', '0000-00-00 00:00:00'),
(313, 'Simran Kaur', 'x', 'x', 'no-image.jpg', '8/7/2005', 'Female', 'Mahaveer Singh', 'x', 'x@gmail.com', 'x', 'Sandeep Kaur', 'x', 'x@gmail.com', 'x', 'x', '2018041313', '2018-19', 'nitin', '0000-00-00 00:00:00'),
(314, 'Swarnima Rawat', 'x', 'x', 'no-image.jpg', '16/04/2006', 'Female', 'Vijay Singh Rawat', 'x', 'x@gmail.com', 'x', 'Uma Rawat', 'x', 'x@gmail.com', 'x', 'x', '2018041314', '2018-19', 'nitin', '0000-00-00 00:00:00'),
(315, 'Swati Arya', 'x', 'x', 'no-image.jpg', '9/11/2005', 'Female', 'Pooran Lal Arya', 'x', 'x@gmail.com', 'x', 'Neha Arya', 'x', 'x@gmail.com', 'x', 'x', '2018041315', '2018-19', 'nitin', '0000-00-00 00:00:00'),
(316, 'Priyanshu Joshi', 'x', 'x', 'no-image.jpg', '3/1/2005', 'Male', 'Naresh Joshi', 'x', 'x@gmail.com', 'x', 'Prabha Joshi', 'x', 'x@gmail.com', 'x', 'x', '2018041316', '2018-19', 'nitin', '0000-00-00 00:00:00'),
(317, 'Pramod Singh Koshyari', 'x', 'x', 'no-image.jpg', '11/2/2006', 'Male', 'Kishan Singh Koshyari', 'x', 'x@gmail.com', 'x', 'Bimla Koshyari', 'x', 'x@gmail.com', 'x', 'x', '2018041317', '2018-19', 'nitin', '0000-00-00 00:00:00'),
(318, 'Kavita Bahuguna', 'x', 'x', 'no-image.jpg', '30/08/2005', 'Female', 'Bhola Dutt Bahuguna', 'x', 'x@gmail.com', 'x', 'Poonam Bahuguna', 'x', 'x@gmail.com', 'x', 'x', '2018041318', '2018-19', 'nitin', '0000-00-00 00:00:00'),
(319, 'Ankush Karmiyal', 'x', 'x', 'no-image.jpg', '4/1/2005', 'Male', 'Jitendra Singh Karmiyal', 'x', 'x@gmail.com', 'x', 'Hema Karmiyal', 'x', 'x@gmail.com', 'x', 'x', '2018041319', '2018-19', 'nitin', '0000-00-00 00:00:00'),
(320, 'Bhanu Manral', 'x', 'x', 'no-image.jpg', '12/4/2004', 'Male', 'Harish Chandra Singh', 'x', 'x@gmail.com', 'x', 'Neema Manral', 'x', 'x@gmail.com', 'x', 'x', '2018041320', '2018-19', 'nitin', '0000-00-00 00:00:00'),
(321, 'Bhaskar Pathak', 'x', 'x', 'no-image.jpg', '10/2/2003', 'Male', 'Bhuwan Chandra Pathak', 'x', 'x@gmail.com', 'x', 'Kamala Pathak', 'x', 'x@gmail.com', 'x', 'x', '2018041321', '2018-19', 'nitin', '0000-00-00 00:00:00'),
(322, 'Chandan Adhikari', 'x', 'x', 'no-image.jpg', '19/02/2003', 'Male', 'Shiv Singh Adhikari', 'x', 'x@gmail.com', 'x', 'Basanti Adhikari', 'x', 'x@gmail.com', 'x', 'x', '2018041322', '2018-19', 'nitin', '0000-00-00 00:00:00'),
(323, 'Chirag Kothari', 'x', 'x', 'no-image.jpg', '12/5/2004', 'Male', 'Suresh Chandra Kothari', 'x', 'x@gmail.com', 'x', 'Beena Kothari', 'x', 'x@gmail.com', 'x', 'x', '2018041323', '2018-19', 'nitin', '0000-00-00 00:00:00'),
(324, 'Deepa Bisht', 'x', 'x', 'no-image.jpg', '11/7/2005', 'Female', 'Shiv Singh Bisht', 'x', 'x@gmail.com', 'x', 'Pushpa Bisht', 'x', 'x@gmail.com', 'x', 'x', '2018041324', '2018-19', 'nitin', '0000-00-00 00:00:00'),
(325, 'Deepanshu Fulara', 'x', 'x', 'no-image.jpg', '12/2/2003', 'Male', 'Suresh Chandra Fulara', 'x', 'x@gmail.com', 'x', 'Neema Fulara', 'x', 'x@gmail.com', 'x', 'x', '2018041325', '2018-19', 'nitin', '0000-00-00 00:00:00'),
(326, 'Dheeraj Pandey', 'x', 'x', 'no-image.jpg', '3/5/2005', 'Male', 'Kailash Chandra Pandey', 'x', 'x@gmail.com', 'x', 'Anju Pandey', 'x', 'x@gmail.com', 'x', 'x', '2018041326', '2018-19', 'nitin', '0000-00-00 00:00:00'),
(327, 'Gaurav Pandey', 'x', 'x', 'no-image.jpg', '13/08/2005', 'Male', 'Chandra Shekhar Pandey', 'x', 'x@gmail.com', 'x', 'Bhagwati Pandey', 'x', 'x@gmail.com', 'x', 'x', '2018041327', '2018-19', 'nitin', '0000-00-00 00:00:00'),
(328, 'Himanshi Sharma', 'x', 'x', 'no-image.jpg', '14/09/2003', 'Female', 'N.B. Sharma', 'x', 'x@gmail.com', 'x', 'Basanti Sharma', 'x', 'x@gmail.com', 'x', 'x', '2018041328', '2018-19', 'nitin', '0000-00-00 00:00:00'),
(329, 'Himanshu Mehra', 'x', 'x', 'no-image.jpg', '15/04/2005', 'Male', 'Anand Singh Mehra', 'x', 'x@gmail.com', 'x', 'Mohini Mehra', 'x', 'x@gmail.com', 'x', 'x', '2018041329', '2018-19', 'nitin', '0000-00-00 00:00:00'),
(330, 'Jyoti Bora', 'x', 'x', 'no-image.jpg', '8/1/2005', 'Female', 'Kundan Singh Bora', 'x', 'x@gmail.com', 'x', 'Khasti Devi', 'x', 'x@gmail.com', 'x', 'x', '2018041330', '2018-19', 'nitin', '0000-00-00 00:00:00'),
(331, 'Kalpana Bisht', 'x', 'x', 'no-image.jpg', '6/1/2005', 'Female', 'Virendra Bisht', 'x', 'x@gmail.com', 'x', 'Asha Bisht', 'x', 'x@gmail.com', 'x', 'x', '2018041331', '2018-19', 'nitin', '0000-00-00 00:00:00'),
(332, 'Kalpana Joshi', 'x', 'x', 'no-image.jpg', '12/9/2003', 'Female', 'Mahesh Chandra Joshi', 'x', 'x@gmail.com', 'x', 'Tara Joshi', 'x', 'x@gmail.com', 'x', 'x', '2018041332', '2018-19', 'nitin', '0000-00-00 00:00:00'),
(333, 'Kavita Negi', 'x', 'x', 'no-image.jpg', '29/09/2004', 'Female', 'Roop Singh Negi', 'x', 'x@gmail.com', 'x', 'Leela Negi', 'x', 'x@gmail.com', 'x', 'x', '2018041333', '2018-19', 'nitin', '0000-00-00 00:00:00'),
(334, 'Kunal Gangwar', 'x', 'x', 'no-image.jpg', '14/05/2005', 'Male', 'Moolchand Gangwar', 'x', 'x@gmail.com', 'x', 'Neema Devi', 'x', 'x@gmail.com', 'x', 'x', '2018041334', '2018-19', 'nitin', '0000-00-00 00:00:00'),
(335, 'Lata Rautela', 'x', 'x', 'no-image.jpg', '25/02/2003', 'Female', 'Sundar Singh Rautela', 'x', 'x@gmail.com', 'x', 'Manju Rautela', 'x', 'x@gmail.com', 'x', 'x', '2018041335', '2018-19', 'nitin', '0000-00-00 00:00:00'),
(336, 'Mahesh Diniya', 'x', 'x', 'no-image.jpg', '26/08/2004', 'Male', 'Hayat Singh Diniya', 'x', 'x@gmail.com', 'x', 'Basanti Diniya', 'x', 'x@gmail.com', 'x', 'x', '2018041336', '2018-19', 'nitin', '0000-00-00 00:00:00'),
(337, 'Manisha Pandey', 'x', 'x', 'no-image.jpg', '3/6/2006', 'Female', 'Bacchi Dutt Pandey', 'x', 'x@gmail.com', 'x', 'Kamala Pandey', 'x', 'x@gmail.com', 'x', 'x', '2018041337', '2018-19', 'nitin', '0000-00-00 00:00:00'),
(338, 'Mayank Danu', 'x', 'x', 'no-image.jpg', '5/4/2010', 'Male', 'Pushkar Singh Danu', 'x', 'x@gmail.com', 'x', 'Neelam Danu', 'x', 'x@gmail.com', 'x', 'x', '2018041338', '2018-19', 'nitin', '0000-00-00 00:00:00'),
(339, 'Meenakshi Joshi', 'x', 'x', 'no-image.jpg', '30/09/2004', 'Female', 'Tribhuwan Joshi', 'x', 'x@gmail.com', 'x', 'Kamala Joshi', 'x', 'x@gmail.com', 'x', 'x', '2018041339', '2018-19', 'nitin', '0000-00-00 00:00:00'),
(340, 'Monika Bargali', 'x', 'x', 'no-image.jpg', '4/7/2004', 'Female', 'Rajendra Singh Bargali', 'x', 'x@gmail.com', 'x', 'Shanti Bargali', 'x', 'x@gmail.com', 'x', 'x', '2018041340', '2018-19', 'nitin', '0000-00-00 00:00:00'),
(341, 'Mukesh Palariya', 'x', 'x', 'no-image.jpg', '10/11/2004', 'Male', 'Tara Chandra Palariya', 'x', 'x@gmail.com', 'x', 'Prema Palariya', 'x', 'x@gmail.com', 'x', 'x', '2018041341', '2018-19', 'nitin', '0000-00-00 00:00:00'),
(342, 'Neha Bohra', 'x', 'x', 'no-image.jpg', '11/3/2004', 'Female', 'Prem Singh Bora', 'x', 'x@gmail.com', 'x', 'Radha Devi', 'x', 'x@gmail.com', 'x', 'x', '2018041342', '2018-19', 'nitin', '0000-00-00 00:00:00'),
(343, 'Nikhil Pandey', 'x', 'x', 'no-image.jpg', '22/12/2004', 'Male', 'Ghanshyam Pandey', 'x', 'x@gmail.com', 'x', 'Lalita Pandey', 'x', 'x@gmail.com', 'x', 'x', '2018041343', '2018-19', 'nitin', '0000-00-00 00:00:00'),
(344, 'Nikita Gouni', 'x', 'x', 'no-image.jpg', '30/09/2004', 'Female', 'Bacchi Singh Gouni', 'x', 'x@gmail.com', 'x', 'Geeta Gouni', 'x', 'x@gmail.com', 'x', 'x', '2018041344', '2018-19', 'nitin', '0000-00-00 00:00:00'),
(345, 'Nitin Joshi', 'x', 'x', 'no-image.jpg', '14/02/2006', 'Male', 'Girish Chandra Joshi', 'x', 'x@gmail.com', 'x', 'Mamta Joshi', 'x', 'x@gmail.com', 'x', 'x', '2018041345', '2018-19', 'nitin', '0000-00-00 00:00:00'),
(346, 'Pankaj Sharma', 'x', 'x', 'no-image.jpg', '6/10/2005', 'Male', 'Girish Chandra Sharma', 'x', 'x@gmail.com', 'x', 'Kiran Sharma', 'x', 'x@gmail.com', 'x', 'x', '2018041346', '2018-19', 'nitin', '0000-00-00 00:00:00'),
(347, 'Pooja Palariya', 'x', 'x', 'no-image.jpg', '10/8/2004', 'Female', 'Kanti Ballabh Palariya', 'x', 'x@gmail.com', 'x', 'Prema Devi', 'x', 'x@gmail.com', 'x', 'x', '2018041347', '2018-19', 'nitin', '0000-00-00 00:00:00'),
(348, 'Priyanshu Fulara', 'x', 'x', 'no-image.jpg', '3/8/2004', 'Male', 'Rajendra Prasad Fulara', 'x', 'x@gmail.com', 'x', 'Geeta Fulara', 'x', 'x@gmail.com', 'x', 'x', '2018041348', '2018-19', 'nitin', '0000-00-00 00:00:00'),
(349, 'Rajat Pant', 'x', 'x', 'no-image.jpg', '29/06/2004', 'Male', 'Mohan Chandra Pant', 'x', 'x@gmail.com', 'x', 'Kamala Pant', 'x', 'x@gmail.com', 'x', 'x', '2018041349', '2018-19', 'nitin', '0000-00-00 00:00:00'),
(350, 'Rashmi Arya', 'x', 'x', 'no-image.jpg', '20/03/2004', 'Female', 'Heera Lal', 'x', 'x@gmail.com', 'x', 'Prabha', 'x', 'x@gmail.com', 'x', 'x', '2018041350', '2018-19', 'nitin', '0000-00-00 00:00:00'),
(351, 'Ritika Mehra', 'x', 'x', 'no-image.jpg', '7/7/2004', 'Female', 'Jeevan Singh Mehra', 'x', 'x@gmail.com', 'x', 'Deepa Mehra', 'x', 'x@gmail.com', 'x', 'x', '2018041351', '2018-19', 'nitin', '0000-00-00 00:00:00'),
(352, 'Sachin Bisht', 'x', 'x', 'no-image.jpg', '3/11/2004', 'Male', 'Nandan Singh Bisht', 'x', 'x@gmail.com', 'x', 'Geeta Bisht', 'x', 'x@gmail.com', 'x', 'x', '2018041352', '2018-19', 'nitin', '0000-00-00 00:00:00'),
(353, 'Sagar Kumar', 'x', 'x', 'no-image.jpg', '16/10/2005', 'Male', 'Harish Chandra Arya', 'x', 'x@gmail.com', 'x', 'Manju Devi', 'x', 'x@gmail.com', 'x', 'x', '2018041353', '2018-19', 'nitin', '0000-00-00 00:00:00'),
(354, 'Sapna Gangwar', 'x', 'x', 'no-image.jpg', '10/7/2004', 'Female', 'Mulchand Gangwar', 'x', 'x@gmail.com', 'x', 'Neema Devi', 'x', 'x@gmail.com', 'x', 'x', '2018041354', '2018-19', 'nitin', '0000-00-00 00:00:00'),
(355, 'Saurabh Kumar', 'x', 'x', 'no-image.jpg', '27/08/2004', 'Male', 'Pooran Lal Arya', 'x', 'x@gmail.com', 'x', 'Neha Arya', 'x', 'x@gmail.com', 'x', 'x', '2018041355', '2018-19', 'nitin', '0000-00-00 00:00:00'),
(356, 'Saurabh Singh', 'x', 'x', 'no-image.jpg', '16/01/2004', 'Male', 'Sohan Singh', 'x', 'x@gmail.com', 'x', 'Sobha Singh', 'x', 'x@gmail.com', 'x', 'x', '2018041356', '2018-19', 'nitin', '0000-00-00 00:00:00'),
(357, 'Soni Pandey', 'x', 'x', 'no-image.jpg', '18/1/2006', 'Female', 'Pooran Chandra Pandey', 'x', 'x@gmail.com', 'x', 'Geeta Pandey', 'x', 'x@gmail.com', 'x', 'x', '2018041357', '2018-19', 'nitin', '0000-00-00 00:00:00'),
(358, 'Suraj Singh Negi', 'x', 'x', 'no-image.jpg', '15/04/2005', 'Male', 'Kharak Singh Negi', 'x', 'x@gmail.com', 'x', 'Bhawana Negi', 'x', 'x@gmail.com', 'x', 'x', '2018041358', '2018-19', 'nitin', '0000-00-00 00:00:00'),
(359, 'Ujjwal Lohani', 'x', 'x', 'no-image.jpg', '4/1/2005', 'Male', 'Bhuwan Chandra Lohani', 'x', 'x@gmail.com', 'x', 'Sunita Lohani', 'x', 'x@gmail.com', 'x', 'x', '2018041359', '2018-19', 'nitin', '0000-00-00 00:00:00'),
(360, 'Vaishali Joshi', 'x', 'x', 'no-image.jpg', '20/07/2005', 'Female', 'Kailash Chandra Joshi', 'x', 'x@gmail.com', 'x', 'Lalita Joshi', 'x', 'x@gmail.com', 'x', 'x', '2018041360', '2018-19', 'nitin', '0000-00-00 00:00:00'),
(361, 'Vaishali Upreti', 'x', 'x', 'no-image.jpg', '3/4/2006', 'Female', 'Naveen Chandra Upreti', 'x', 'x@gmail.com', 'x', 'Renu Upreti', 'x', 'x@gmail.com', 'x', 'x', '2018041361', '2018-19', 'nitin', '0000-00-00 00:00:00'),
(362, 'Yogita Syalakoti', 'x', 'x', 'no-image.jpg', '6/3/2004', 'Female', 'Ratan Singh Syalakoti', 'x', 'x@gmail.com', 'x', 'Namita Syalakoti', 'x', 'x@gmail.com', 'x', 'x', '2018041362', '2018-19', 'nitin', '0000-00-00 00:00:00'),
(363, 'Riya Bisht', 'x', 'x', 'no-image.jpg', '19/08/2005', 'Female', 'Nandan Singh Bisht', 'x', 'x@gmail.com', 'x', 'Hema Bisht', 'x', 'x@gmail.com', 'x', 'x', '2018041363', '2018-19', 'nitin', '0000-00-00 00:00:00'),
(364, 'Satyam Pasi', 'x', 'x', 'no-image.jpg', '5/12/2003', 'Male', 'Sanjay Pasi', 'x', 'x@gmail.com', 'x', 'Rukmani Pasi', 'x', 'x@gmail.com', 'x', 'x', '2018041364', '2018-19', 'nitin', '0000-00-00 00:00:00'),
(365, 'Priti Kharayat', 'x', 'x', 'no-image.jpg', '19/01/2003', 'Female', 'Trilok Singh', 'x', 'x@gmail.com', 'x', 'Munni Devi', 'x', 'x@gmail.com', 'x', 'x', '2018041365', '2018-19', 'nitin', '0000-00-00 00:00:00'),
(366, 'Lokesh Koshyari', 'x', 'x', 'no-image.jpg', '17/07/04', 'Male', 'Kishan Singh Koshyari', 'x', 'x@gmail.com', 'x', 'Bimla Koshyari', 'x', 'x@gmail.com', 'x', 'x', '2018041366', '2018-19', 'nitin', '0000-00-00 00:00:00'),
(367, 'Prashant Kumar', 'x', 'x', 'no-image.jpg', '18/12/2003', 'Male', 'Ganesh Lal', 'x', 'x@gmail.com', 'x', 'Geeta Devi', 'x', 'x@gmail.com', 'x', 'x', '2018041367', '2018-19', 'nitin', '0000-00-00 00:00:00'),
(368, 'Harshit Kandpal', 'x', 'x', 'no-image.jpg', '3/3/2004', 'Male', 'Naveen Chandra Kandpal', 'x', 'x@gmail.com', 'x', 'Tulsi Kandpal', 'x', 'x@gmail.com', 'x', 'x', '2018041368', '2018-19', 'nitin', '0000-00-00 00:00:00'),
(369, 'Jatin Dumka', 'x', 'x', 'no-image.jpg', '9/10/2004', 'Male', 'Veeru Dumka', 'x', 'x@gmail.com', 'x', 'Sunita Dumka', 'x', 'x@gmail.com', 'x', 'x', '2018041369', '2018-19', 'nitin', '0000-00-00 00:00:00'),
(370, 'Mayank Joshi', 'x', 'x', 'no-image.jpg', '27/02/2002', 'Male', 'Jitendra Joshi', 'x', 'x@gmail.com', 'x', 'Rita Joshi', 'x', 'x@gmail.com', 'x', 'x', '2018041370', '2018-19', 'nitin', '0000-00-00 00:00:00'),
(371, 'Vivek Joshi', 'x', 'x', 'no-image.jpg', '10/12/2004', 'Male', 'Ramesh Chandra Joshi', 'x', 'x@gmail.com', 'x', 'Bhawana Joshi', 'x', 'x@gmail.com', 'x', 'x', '2018041371', '2018-19', 'nitin', '0000-00-00 00:00:00'),
(372, 'Priyanka Joshi', 'x', 'x', 'no-image.jpg', '28/11/2005', 'Female', 'Sandeep Joshi', 'x', 'x@gmail.com', 'x', 'Saroj Joshi', 'x', 'x@gmail.com', 'x', 'x', '2018041372', '2018-19', 'nitin', '0000-00-00 00:00:00'),
(373, 'Lovely Belwal', 'x', 'x', 'no-image.jpg', '28/10/2004', 'Female', 'Harish Chandra Belwal', 'x', 'x@gmail.com', 'x', 'Mohini Belwal', 'x', 'x@gmail.com', 'x', 'x', '2018041373', '2018-19', 'nitin', '0000-00-00 00:00:00'),
(374, 'Udit Lohani', 'x', 'x', 'no-image.jpg', '15/03/2005', 'Male', 'Chandra Shekhar Lohani', 'x', 'x@gmail.com', 'x', 'Lata Lohani', 'x', 'x@gmail.com', 'x', 'x', '2018041374', '2018-19', 'nitin', '0000-00-00 00:00:00'),
(375, 'Anita Bahuguna', 'x', 'x', 'no-image.jpg', '23/07/2004', 'Female', 'Hem Chandra Bahuguna', 'x', 'x@gmail.com', 'x', 'Gomti Bahuguna', 'x', 'x@gmail.com', 'x', 'x', '2018041375', '2018-19', 'nitin', '0000-00-00 00:00:00'),
(376, 'Bhaskar Bahuguna', 'x', 'x', 'no-image.jpg', '15/07/2005', 'Male', 'Hem Chandra Bahuguna', 'x', 'x@gmail.com', 'x', 'Gomti Bahuguna', 'x', 'x@gmail.com', 'x', 'x', '2018041376', '2018-19', 'nitin', '0000-00-00 00:00:00'),
(377, 'Babli Malkani', 'x', 'x', 'no-image.jpg', '9/12/2003', 'Female', 'Devi Dutt Malkani', 'x', 'x@gmail.com', 'x', 'Hansa Devi', 'x', 'x@gmail.com', 'x', 'x', '2018041377', '2018-19', 'nitin', '0000-00-00 00:00:00'),
(378, 'Charu Rawat', 'x', 'x', 'no-image.jpg', '3/10/2002', 'Male', 'Bhupendra Singh Rawa', 'x', 'x@gmail.com', 'x', 'Sarita Rawat', 'x', 'x@gmail.com', 'x', 'x', '2018041378', '2018-19', 'nitin', '0000-00-00 00:00:00'),
(379, 'Deepa Pargai', 'x', 'x', 'no-image.jpg', '10/7/2003', 'Female', 'Ganga Dutt Pargai', 'x', 'x@gmail.com', 'x', 'Basanti Pargai', 'x', 'x@gmail.com', 'x', 'x', '2018041379', '2018-19', 'nitin', '0000-00-00 00:00:00'),
(380, 'Devansh Dangwal', 'x', 'x', 'no-image.jpg', '13/09/2003', 'Male', 'Ramesh Singh Dangwal', 'x', 'x@gmail.com', 'x', 'Sunita Dangwal', 'x', 'x@gmail.com', 'x', 'x', '2018041380', '2018-19', 'nitin', '0000-00-00 00:00:00'),
(381, 'Dheeraj Adhikari', 'x', 'x', 'no-image.jpg', '19/02/2003', 'Male', 'Surendra Singh Adhikari', 'x', 'x@gmail.com', 'x', 'Basanti Adhikari', 'x', 'x@gmail.com', 'x', 'x', '2018041381', '2018-19', 'nitin', '0000-00-00 00:00:00'),
(382, 'Diksha Bisht', 'x', 'x', 'no-image.jpg', '16/11/2002', 'Female', 'Balram Singh Bisht', 'x', 'x@gmail.com', 'x', 'Tara Bisht', 'x', 'x@gmail.com', 'x', 'x', '2018041382', '2018-19', 'nitin', '0000-00-00 00:00:00'),
(383, 'Divya Rawat', 'x', 'x', 'no-image.jpg', '25/05/2003', 'Female', 'Jagdish Singh Rawat', 'x', 'x@gmail.com', 'x', 'Kamala Rawat', 'x', 'x@gmail.com', 'x', 'x', '2018041383', '2018-19', 'nitin', '0000-00-00 00:00:00'),
(384, 'Dolly Rawat', 'x', 'x', 'no-image.jpg', '12/5/2003', 'Female', 'Nandan Singh Rawat', 'x', 'x@gmail.com', 'x', 'Shoba Rawat', 'x', 'x@gmail.com', 'x', 'x', '2018041384', '2018-19', 'nitin', '0000-00-00 00:00:00'),
(385, 'Gaurav Sharma', 'x', 'x', 'no-image.jpg', '1/0/1900', 'Male', 'Girish Chandra Sharma', 'x', 'x@gmail.com', 'x', 'Kiran Sharma', 'x', 'x@gmail.com', 'x', 'x', '2018041385', '2018-19', 'nitin', '0000-00-00 00:00:00'),
(386, 'Gaurav Singh Negi', 'x', 'x', 'no-image.jpg', '3/1/2003', 'Male', 'Moti Singh Negi', 'x', 'x@gmail.com', 'x', 'Shoba Negi', 'x', 'x@gmail.com', 'x', 'x', '2018041386', '2018-19', 'nitin', '0000-00-00 00:00:00'),
(387, 'Jitendra Palariya', 'x', 'x', 'no-image.jpg', '5/9/2003', 'Male', 'Tara Chandra Palariya', 'x', 'x@gmail.com', 'x', 'Prema Palariya', 'x', 'x@gmail.com', 'x', 'x', '2018041387', '2018-19', 'nitin', '0000-00-00 00:00:00'),
(388, 'Mohit Suyal', 'x', 'x', 'no-image.jpg', '18/03/2003', 'Male', 'Tara Dutt Suyal', 'x', 'x@gmail.com', 'x', 'Kesavi Devi', 'x', 'x@gmail.com', 'x', 'x', '2018041388', '2018-19', 'nitin', '0000-00-00 00:00:00'),
(389, 'Nikhil Singh Mehra', 'x', 'x', 'no-image.jpg', '20/07/2003', 'Male', 'Anand Singh Mehra', 'x', 'x@gmail.com', 'x', 'Daya Mehra', 'x', 'x@gmail.com', 'x', 'x', '2018041389', '2018-19', 'nitin', '0000-00-00 00:00:00'),
(390, 'Nisha Negi', 'x', 'x', 'no-image.jpg', '15/9/2002', 'Female', 'Mohan Singh Negi', 'x', 'x@gmail.com', 'x', 'Bimla Negi', 'x', 'x@gmail.com', 'x', 'x', '2018041390', '2018-19', 'nitin', '0000-00-00 00:00:00'),
(391, 'Palak Bisht', 'x', 'x', 'no-image.jpg', '20/03/2003', 'Female', 'Sher Singh Bisht', 'x', 'x@gmail.com', 'x', 'Neeru Bisht', 'x', 'x@gmail.com', 'x', 'x', '2018041391', '2018-19', 'nitin', '0000-00-00 00:00:00'),
(392, 'Pawan Singh Chilwal', 'x', 'x', 'no-image.jpg', '20/03/2003', 'Male', 'Uttam Singh Chilwal', 'x', 'x@gmail.com', 'x', 'Prema Devi', 'x', 'x@gmail.com', 'x', 'x', '2018041392', '2018-19', 'nitin', '0000-00-00 00:00:00'),
(393, 'Priya Palariya', 'x', 'x', 'no-image.jpg', '10/3/2003', 'Female', 'Naveen Chandra Palariya', 'x', 'x@gmail.com', 'x', 'Lata Palariya', 'x', 'x@gmail.com', 'x', 'x', '2018041393', '2018-19', 'nitin', '0000-00-00 00:00:00'),
(394, 'Rachit Bargali', 'x', 'x', 'no-image.jpg', '14/08/2002', 'Male', 'Rajendra Singh Bargali', 'x', 'x@gmail.com', 'x', 'Santi Bargali', 'x', 'x@gmail.com', 'x', 'x', '2018041394', '2018-19', 'nitin', '0000-00-00 00:00:00'),
(395, 'Rajesh Upadhyay', 'x', 'x', 'no-image.jpg', '19/02/2003', 'Male', 'Mohan Chandra Upadhyay', 'x', 'x@gmail.com', 'x', 'Durga Devi', 'x', 'x@gmail.com', 'x', 'x', '2018041395', '2018-19', 'nitin', '0000-00-00 00:00:00'),
(396, 'Rohit Joshi', 'x', 'x', 'no-image.jpg', '9/6/2003', 'Male', 'Iswari Dutt Joshi', 'x', 'x@gmail.com', 'x', 'Suman Joshi', 'x', 'x@gmail.com', 'x', 'x', '2018041396', '2018-19', 'nitin', '0000-00-00 00:00:00'),
(397, 'Shubhangi Mehra', 'x', 'x', 'no-image.jpg', '3/8/2003', 'Female', 'Humkum Singh Mehra', 'x', 'x@gmail.com', 'x', 'Neema Mehra', 'x', 'x@gmail.com', 'x', 'x', '2018041397', '2018-19', 'nitin', '0000-00-00 00:00:00'),
(398, 'Nirmala ', 'x', 'x', 'no-image.jpg', '13/09/2003', 'Female', 'Hayat Singh', 'x', 'x@gmail.com', 'x', 'Govindi Devi', 'x', 'x@gmail.com', 'x', 'x', '2018041398', '2018-19', 'nitin', '0000-00-00 00:00:00'),
(399, 'Bharat Singh', 'x', 'x', 'no-image.jpg', '14/06/2004', 'Male', 'Promod Singh', 'x', 'x@gmail.com', 'x', 'Pushpa Devi', 'x', 'x@gmail.com', 'x', 'x', '2018041399', '2018-19', 'nitin', '0000-00-00 00:00:00'),
(400, 'Pradeep Pargai', 'x', 'x', 'no-image.jpg', '3/10/2003', 'Male', 'Pooran Chandra Pargai', 'x', 'x@gmail.com', 'x', 'Leela Devi', 'x', 'x@gmail.com', 'x', 'x', '2018041400', '2018-19', 'nitin', '0000-00-00 00:00:00'),
(401, 'Anjali Bisht', 'x', 'x', 'no-image.jpg', '4/11/2001', 'Female', 'Heera Singh Bisht', 'x', 'x@gmail.com', 'x', 'Manju Bisht', 'x', 'x@gmail.com', 'x', 'x', '2018041401', '2018-19', 'nitin', '0000-00-00 00:00:00'),
(402, 'Bhaskar Arya', 'x', 'x', 'no-image.jpg', '28/11/2001', 'Male', 'Prakash Chandra', 'x', 'x@gmail.com', 'x', 'Deepa Devi', 'x', 'x@gmail.com', 'x', 'x', '2018041402', '2018-19', 'nitin', '0000-00-00 00:00:00'),
(403, 'Bhuwan Arya', 'x', 'x', 'no-image.jpg', '28/11/2001', 'Male', 'Prakash Chandra', 'x', 'x@gmail.com', 'x', 'Deepa Devi', 'x', 'x@gmail.com', 'x', 'x', '2018041403', '2018-19', 'nitin', '0000-00-00 00:00:00'),
(404, 'Deepak Singh Bisht', 'x', 'x', 'no-image.jpg', '26/02/2001', 'Male', 'Jasod Singh Bisht', 'x', 'x@gmail.com', 'x', 'Deepa Bisht', 'x', 'x@gmail.com', 'x', 'x', '2018041404', '2018-19', 'nitin', '0000-00-00 00:00:00'),
(405, 'Deepika Bisht', 'x', 'x', 'no-image.jpg', '9/8/2002', 'Female', 'Dungar Singh Bisht', 'x', 'x@gmail.com', 'x', 'Bhawna Bisht', 'x', 'x@gmail.com', 'x', 'x', '2018041405', '2018-19', 'nitin', '0000-00-00 00:00:00'),
(406, 'Harshit Pandey', 'x', 'x', 'no-image.jpg', '25/03/2002', 'Male', 'Navin Chandra Pandey', 'x', 'x@gmail.com', 'x', 'Geeta Pandey', 'x', 'x@gmail.com', 'x', 'x', '2018041406', '2018-19', 'nitin', '0000-00-00 00:00:00'),
(407, 'Jayant Kumar', 'x', 'x', 'no-image.jpg', '1/3/2001', 'Male', 'Puran Chandra Arya', 'x', 'x@gmail.com', 'x', 'Chandra Arya', 'x', 'x@gmail.com', 'x', 'x', '2018041407', '2018-19', 'nitin', '0000-00-00 00:00:00'),
(408, 'Jitendra Sanwal', 'x', 'x', 'no-image.jpg', '2/11/2000', 'Male', 'Durga Dutt Sanwal', 'x', 'x@gmail.com', 'x', 'Rekha Sanwal', 'x', 'x@gmail.com', 'x', 'x', '2018041408', '2018-19', 'nitin', '0000-00-00 00:00:00'),
(409, 'Kavita Bisht', 'x', 'x', 'no-image.jpg', '13/09/2002', 'Female', 'Shiv Singh Bisht', 'x', 'x@gmail.com', 'x', 'Pushpa Bisht', 'x', 'x@gmail.com', 'x', 'x', '2018041409', '2018-19', 'nitin', '0000-00-00 00:00:00'),
(410, 'Lavi Brijwashi', 'x', 'x', 'no-image.jpg', '21/01/2002', 'Male', 'Daya Krishna Brijwasi', 'x', 'x@gmail.com', 'x', 'Chandra Brijwasi', 'x', 'x@gmail.com', 'x', 'x', '2018041410', '2018-19', 'nitin', '0000-00-00 00:00:00'),
(411, 'Manoj Pargai', 'x', 'x', 'no-image.jpg', '7/2/2001', 'Male', 'Ganga Dutt Pargai', 'x', 'x@gmail.com', 'x', 'Basanti Pargai', 'x', 'x@gmail.com', 'x', 'x', '2018041411', '2018-19', 'nitin', '0000-00-00 00:00:00'),
(412, 'Manshi Bisht', 'x', 'x', 'no-image.jpg', '10/6/2001', 'Female', 'Puran Singh Bisht', 'x', 'x@gmail.com', 'x', 'Kamla Bisht', 'x', 'x@gmail.com', 'x', 'x', '2018041412', '2018-19', 'nitin', '0000-00-00 00:00:00'),
(413, 'Nikhil Singh Bhandari', 'x', 'x', 'no-image.jpg', '8/7/2002', 'Male', 'Kedar Singh Bhandari', 'x', 'x@gmail.com', 'x', 'Manju Bhandari', 'x', 'x@gmail.com', 'x', 'x', '2018041413', '2018-19', 'nitin', '0000-00-00 00:00:00'),
(414, 'Ramesh Palariya', 'x', 'x', 'no-image.jpg', '14/11/2000', 'Male', 'T. C. Palariya', 'x', 'x@gmail.com', 'x', 'Prema Palariya', 'x', 'x@gmail.com', 'x', 'x', '2018041414', '2018-19', 'nitin', '0000-00-00 00:00:00'),
(415, 'Rohit Khani', 'x', 'x', 'no-image.jpg', '26/10/2001', 'Male', 'Gopal Singh Khani', 'x', 'x@gmail.com', 'x', 'Shanti Khani', 'x', 'x@gmail.com', 'x', 'x', '2018041415', '2018-19', 'nitin', '0000-00-00 00:00:00'),
(416, 'Yogita Gupta', 'x', 'x', 'no-image.jpg', '24/12/2001', 'Female', 'Satya Narayan Gupta', 'x', 'x@gmail.com', 'x', 'Geeta Gupta', 'x', 'x@gmail.com', 'x', 'x', '2018041416', '2018-19', 'nitin', '0000-00-00 00:00:00'),
(417, 'Bhaskar Bharti', 'x', 'x', 'no-image.jpg', '12/4/2001', 'Male', 'Puran Bharti', 'x', 'x@gmail.com', 'x', 'Govindi Devi', 'x', 'x@gmail.com', 'x', 'x', '2018041417', '', '', '0000-00-00 00:00:00'),
(418, 'Bhawana Joshi', 'x', 'x', 'no-image.jpg', '16/01/2001', 'Female', 'Harish Chandra Joshi', 'x', 'x@gmail.com', 'x', 'Deepa Joshi', 'x', 'x@gmail.com', 'x', 'x', '2018041418', '', '', '0000-00-00 00:00:00'),
(419, 'Bhupesh Joshi', 'x', 'x', 'no-image.jpg', '23/10/2000', 'Male', 'Prabhakar Joshi', 'x', 'x@gmail.com', 'x', 'Hema Joshi', 'x', 'x@gmail.com', 'x', 'x', '2018041419', '', '', '0000-00-00 00:00:00'),
(420, 'Charu Bisht', 'x', 'x', 'no-image.jpg', '24/01/1999', 'Male', 'G.C. Bisht', 'x', 'x@gmail.com', 'x', 'Rekha Bisht', 'x', 'x@gmail.com', 'x', 'x', '2018041420', '', '', '0000-00-00 00:00:00'),
(421, 'Dheeraj Tiwari', 'x', 'x', 'no-image.jpg', '8/9/2001', 'Male', 'Bhuwan Chandra Tiwari', 'x', 'x@gmail.com', 'x', 'Bhuwan Chandra Tiwari', 'x', 'x@gmail.com', 'x', 'x', '2018041421', '', '', '0000-00-00 00:00:00'),
(422, 'Gauri Padiyar', 'x', 'x', 'no-image.jpg', '10/10/2000', 'Male', 'Laxman Singh Padiyar', 'x', 'x@gmail.com', 'x', 'Geeta Padiyar', 'x', 'x@gmail.com', 'x', 'x', '2018041422', '', '', '0000-00-00 00:00:00'),
(423, 'Himanshu Upadhyay', 'x', 'x', 'no-image.jpg', '24/06/2002', 'Male', 'Prakash Chandra Upadhyay', 'x', 'x@gmail.com', 'x', 'Bimla Upadhyay', 'x', 'x@gmail.com', 'x', 'x', '2018041423', '', '', '0000-00-00 00:00:00'),
(424, 'Kanchan Bhatt', 'x', 'x', 'no-image.jpg', '11/2/1999', 'Male', 'Jagdish Bhatt', 'x', 'x@gmail.com', 'x', 'Basanti Bhatt', 'x', 'x@gmail.com', 'x', 'x', '2018041424', '', '', '0000-00-00 00:00:00'),
(425, 'Kanika Pandey', 'x', 'x', 'no-image.jpg', '22/02/2003', 'Female', 'Surendra Mohan Pandey', 'x', 'x@gmail.com', 'x', 'Hema Pandey', 'x', 'x@gmail.com', 'x', 'x', '2018041425', '', '', '0000-00-00 00:00:00'),
(426, 'Needhi Papnai', 'x', 'x', 'no-image.jpg', '10/1/2003', 'Female', 'Deepak Papnai', 'x', 'x@gmail.com', 'x', 'Bhawna Papnai', 'x', 'x@gmail.com', 'x', 'x', '2018041426', '', '', '0000-00-00 00:00:00'),
(427, 'Pooja Neolia', 'x', 'x', 'no-image.jpg', '23/07/2002', 'Female', 'Lalit Mohan Neolia', 'x', 'x@gmail.com', 'x', 'Snehlata Neolia', 'x', 'x@gmail.com', 'x', 'x', '2018041427', '', '', '0000-00-00 00:00:00'),
(428, 'Rohit Mehta', 'x', 'x', 'no-image.jpg', '12/10/2002', 'Male', 'Narayan Singh Mehta', 'x', 'x@gmail.com', 'x', 'Leela Mehta', 'x', 'x@gmail.com', 'x', 'x', '2018041428', '', '', '0000-00-00 00:00:00'),
(429, 'Shivam Joshi', 'x', 'x', 'no-image.jpg', '12/3/2003', 'Male', 'Dinesh Chandra Joshi', 'x', 'x@gmail.com', 'x', 'Beena Joshi', 'x', 'x@gmail.com', 'x', 'x', '2018041429', '', '', '0000-00-00 00:00:00'),
(430, 'Tanuja Sharma', 'x', 'x', 'no-image.jpg', '12/12/2001', 'Female', 'B.B. Sharma', 'x', 'x@gmail.com', 'x', 'Nirmala Sharma', 'x', 'x@gmail.com', 'x', 'x', '2018041430', '', '', '0000-00-00 00:00:00'),
(431, 'Yamini Pant', 'x', 'x', 'no-image.jpg', '10/5/2001', 'Female', 'Mohan Chandra Pant', 'x', 'x@gmail.com', 'x', 'Kamala Pant', 'x', 'x@gmail.com', 'x', 'x', '2018041431', '', '', '0000-00-00 00:00:00'),
(432, 'nitin', '-x-', '-x-', '', '06-07-2018', 'M', '', '', '', '', '', '', '', '', 'GENERAL', '2018070144', '2018-19', 'nitin', '2018-07-05 18:36:20'),
(434, 'sdsd', '-x-', '-x-', '', '06-07-2019', 'M', '', '', '', '', '', '', '', '', 'GENERAL', '2019070145', '2019-20', 'nitin', '2019-07-05 18:50:02'),
(435, 'asdasd', '-x-', '-x-', '', '06-07-2019', 'M', '', '', '', '', '', '', '', '', 'GENERAL', '2019070146', '2019-20', 'nitin', '2018-07-05 18:54:05'),
(436, 'x', '-x-', '-x-', 'no-image.jpg', '06-07-2018', 'M', '', '', '', '', '', '', '', '', 'GENERAL', '2018070147', '2018-19', 'nitin', '2018-07-05 18:54:59'),
(437, 'D', '-x-', '-x-', '2018070148.JPG', '06-07-2018', 'M', '', '', '', '', '', '', '', '', 'GENERAL', '2018070148', '2018-19', 'nitin', '2018-07-05 19:12:24'),
(438, 'nanu', '-x-', '-x-', 'no-image.jpg', '10-07-2018', 'M', '', '', '', '', '', '', '', '', 'GENERAL', '2018070149', '2018-19', 'nitin', '2018-07-10 08:49:26');

-- --------------------------------------------------------

--
-- Table structure for table `master_8_stud_academics`
--

CREATE TABLE IF NOT EXISTS `master_8_stud_academics` (
  `AC_ID` int(15) NOT NULL AUTO_INCREMENT,
  `DOA` varchar(50) DEFAULT NULL,
  `CLASS_OF_ADMISSION` int(15) NOT NULL COMMENT 'ClassSessID from class_2_in_session',
  `STATUS_OF_ADMISSION` tinyint(1) NOT NULL COMMENT '0 means modification is possible and 1 means no changes from now',
  `ANY_REMARK` text NOT NULL,
  `regid` varchar(25) NOT NULL,
  `SESSID` varchar(20) NOT NULL,
  `USERNAME_` varchar(40) NOT NULL,
  `DATE_` timestamp NULL DEFAULT CURRENT_TIMESTAMP,
  `DOL` varchar(50) DEFAULT NULL COMMENT 'Date of Left School',
  `STATUS_` tinyint(1) NOT NULL DEFAULT '1' COMMENT '1 for exists and 0 for left school',
  PRIMARY KEY (`AC_ID`),
  UNIQUE KEY `regid_3` (`regid`),
  KEY `regid` (`regid`),
  KEY `regid_2` (`regid`)
) ENGINE=InnoDB  DEFAULT CHARSET=utf8 AUTO_INCREMENT=439 ;

--
-- Dumping data for table `master_8_stud_academics`
--

INSERT INTO `master_8_stud_academics` (`AC_ID`, `DOA`, `CLASS_OF_ADMISSION`, `STATUS_OF_ADMISSION`, `ANY_REMARK`, `regid`, `SESSID`, `USERNAME_`, `DATE_`, `DOL`, `STATUS_`) VALUES
(1, '4/29/2018 16:13', 522, 1, '-x-', '2018041001', '2018-19', 'nitin', '2018-06-29 07:11:15', NULL, 1),
(2, '4/29/2018 16:13', 522, 0, '-x-', '2018041002', '2018-19', 'nitin', '2018-07-10 08:59:57', NULL, 1),
(3, '4/29/2018 16:13', 522, 0, '-x-', '2018041003', '2018-19', 'nitin', '2018-07-10 12:28:30', NULL, 1),
(4, '4/29/2018 16:13', 522, 0, '-x-', '2018041004', '2018-19', 'nitin', '2018-07-12 12:27:09', NULL, 1),
(5, '4/29/2018 16:13', 522, 0, '-x-', '2018041005', '2018-19', 'nitin', '2018-07-10 20:49:28', NULL, 1),
(6, '4/29/2018 16:13', 522, 1, '-x-', '2018041006', '2018-19', 'nitin', '0000-00-00 00:00:00', NULL, 1),
(7, '4/29/2018 16:13', 522, 1, '-x-', '2018041007', '2018-19', 'nitin', '0000-00-00 00:00:00', NULL, 1),
(8, '4/29/2018 16:13', 522, 1, '-x-', '2018041008', '2018-19', 'nitin', '0000-00-00 00:00:00', NULL, 1),
(9, '4/29/2018 16:13', 522, 1, '-x-', '2018041009', '2018-19', 'nitin', '0000-00-00 00:00:00', NULL, 1),
(10, '4/29/2018 16:13', 522, 1, '-x-', '2018041010', '2018-19', 'nitin', '0000-00-00 00:00:00', NULL, 1),
(11, '4/29/2018 16:13', 522, 1, '-x-', '2018041011', '2018-19', 'nitin', '0000-00-00 00:00:00', NULL, 1),
(12, '4/29/2018 16:13', 522, 1, '-x-', '2018041012', '2018-19', 'nitin', '0000-00-00 00:00:00', NULL, 1),
(13, '4/29/2018 16:13', 522, 1, '-x-', '2018041013', '2018-19', 'nitin', '0000-00-00 00:00:00', NULL, 1),
(14, '4/29/2018 16:13', 522, 1, '-x-', '2018041014', '2018-19', 'nitin', '0000-00-00 00:00:00', NULL, 1),
(15, '4/29/2018 16:13', 522, 1, '-x-', '2018041015', '2018-19', 'nitin', '0000-00-00 00:00:00', NULL, 1),
(16, '4/29/2018 16:13', 522, 1, '-x-', '2018041016', '2018-19', 'nitin', '0000-00-00 00:00:00', NULL, 1),
(17, '4/29/2018 16:13', 522, 1, '-x-', '2018041017', '2018-19', 'nitin', '0000-00-00 00:00:00', NULL, 1),
(18, '4/29/2018 16:13', 522, 1, '-x-', '2018041018', '2018-19', 'nitin', '0000-00-00 00:00:00', NULL, 1),
(19, '4/29/2018 16:13', 522, 1, '-x-', '2018041019', '2018-19', 'nitin', '0000-00-00 00:00:00', NULL, 1),
(20, '4/29/2018 16:13', 522, 1, '-x-', '2018041020', '2018-19', 'nitin', '0000-00-00 00:00:00', NULL, 1),
(21, '4/29/2018 16:13', 522, 1, '-x-', '2018041021', '2018-19', 'nitin', '0000-00-00 00:00:00', NULL, 1),
(22, '4/29/2018 16:13', 522, 1, '-x-', '2018041022', '2018-19', 'nitin', '0000-00-00 00:00:00', NULL, 1),
(23, '4/29/2018 16:13', 522, 1, '-x-', '2018041023', '2018-19', 'nitin', '0000-00-00 00:00:00', NULL, 1),
(24, '4/29/2018 16:13', 522, 1, '-x-', '2018041024', '2018-19', 'nitin', '0000-00-00 00:00:00', NULL, 1),
(25, '4/29/2018 16:13', 522, 1, '-x-', '2018041025', '2018-19', 'nitin', '0000-00-00 00:00:00', NULL, 1),
(26, '4/29/2018 16:13', 522, 1, '-x-', '2018041026', '2018-19', 'nitin', '0000-00-00 00:00:00', NULL, 1),
(27, '4/29/2018 16:13', 522, 1, '-x-', '2018041027', '2018-19', 'nitin', '0000-00-00 00:00:00', NULL, 1),
(28, '4/29/2018 16:13', 522, 1, '-x-', '2018041028', '2018-19', 'nitin', '0000-00-00 00:00:00', NULL, 1),
(29, '4/29/2018 16:13', 522, 1, '-x-', '2018041029', '2018-19', 'nitin', '0000-00-00 00:00:00', NULL, 1),
(30, '4/29/2018 16:13', 522, 1, '-x-', '2018041030', '2018-19', 'nitin', '0000-00-00 00:00:00', NULL, 1),
(31, '4/29/2018 16:13', 522, 1, '-x-', '2018041031', '2018-19', 'nitin', '0000-00-00 00:00:00', NULL, 1),
(32, '4/29/2018 16:13', 522, 1, '-x-', '2018041032', '2018-19', 'nitin', '0000-00-00 00:00:00', NULL, 1),
(33, '4/29/2018 16:13', 522, 1, '-x-', '2018041033', '2018-19', 'nitin', '0000-00-00 00:00:00', NULL, 1),
(34, '4/29/2018 16:13', 522, 1, '-x-', '2018041034', '2018-19', 'nitin', '0000-00-00 00:00:00', NULL, 1),
(35, '4/29/2018 16:13', 522, 1, '-x-', '2018041035', '2018-19', 'nitin', '0000-00-00 00:00:00', NULL, 1),
(36, '4/29/2018 16:13', 522, 1, '-x-', '2018041036', '2018-19', 'nitin', '0000-00-00 00:00:00', NULL, 1),
(37, '4/29/2018 16:13', 522, 1, '-x-', '2018041037', '2018-19', 'nitin', '0000-00-00 00:00:00', NULL, 1),
(38, '4/29/2018 16:13', 522, 1, '-x-', '2018041038', '2018-19', 'nitin', '0000-00-00 00:00:00', NULL, 1),
(39, '4/29/2018 16:13', 522, 1, '-x-', '2018041039', '2018-19', 'nitin', '0000-00-00 00:00:00', NULL, 1),
(40, '4/29/2018 16:13', 522, 1, '-x-', '2018041040', '2018-19', 'nitin', '0000-00-00 00:00:00', NULL, 1),
(41, '4/29/2018 16:13', 522, 1, '-x-', '2018041041', '2018-19', 'nitin', '0000-00-00 00:00:00', NULL, 1),
(42, '4/29/2018 16:13', 526, 0, '-x-', '2018041042', '2018-19', 'nitin', '2018-07-10 08:30:46', NULL, 1),
(43, '4/29/2018 16:13', 526, 0, '-x-', '2018041043', '2018-19', 'nitin', '2018-07-10 14:02:12', NULL, 1),
(44, '4/29/2018 16:13', 526, 1, '-x-', '2018041044', '2018-19', 'nitin', '0000-00-00 00:00:00', NULL, 1),
(45, '4/29/2018 16:13', 526, 1, '-x-', '2018041045', '2018-19', 'nitin', '0000-00-00 00:00:00', NULL, 1),
(46, '4/29/2018 16:13', 526, 1, '-x-', '2018041046', '2018-19', 'nitin', '0000-00-00 00:00:00', NULL, 1),
(47, '4/29/2018 16:13', 526, 1, '-x-', '2018041047', '2018-19', 'nitin', '0000-00-00 00:00:00', NULL, 1),
(48, '4/29/2018 16:13', 526, 1, '-x-', '2018041048', '2018-19', 'nitin', '0000-00-00 00:00:00', NULL, 1),
(49, '4/29/2018 16:13', 526, 1, '-x-', '2018041049', '2018-19', 'nitin', '0000-00-00 00:00:00', NULL, 1),
(50, '4/29/2018 16:13', 526, 1, '-x-', '2018041050', '2018-19', 'nitin', '0000-00-00 00:00:00', NULL, 1),
(51, '4/29/2018 16:13', 526, 1, '-x-', '2018041051', '2018-19', 'nitin', '0000-00-00 00:00:00', NULL, 1),
(52, '4/29/2018 16:13', 526, 1, '-x-', '2018041052', '2018-19', 'nitin', '0000-00-00 00:00:00', NULL, 1),
(53, '4/29/2018 16:13', 526, 1, '-x-', '2018041053', '2018-19', 'nitin', '0000-00-00 00:00:00', NULL, 1),
(54, '4/29/2018 16:13', 526, 1, '-x-', '2018041054', '2018-19', 'nitin', '0000-00-00 00:00:00', NULL, 1),
(55, '4/29/2018 16:13', 526, 1, '-x-', '2018041055', '2018-19', 'nitin', '0000-00-00 00:00:00', NULL, 1),
(56, '4/29/2018 16:13', 526, 1, '-x-', '2018041056', '2018-19', 'nitin', '0000-00-00 00:00:00', NULL, 1),
(57, '4/29/2018 16:13', 526, 1, '-x-', '2018041057', '2018-19', 'nitin', '0000-00-00 00:00:00', NULL, 1),
(58, '4/29/2018 16:13', 526, 1, '-x-', '2018041058', '2018-19', 'nitin', '0000-00-00 00:00:00', NULL, 1),
(59, '4/29/2018 16:13', 526, 1, '-x-', '2018041059', '2018-19', 'nitin', '0000-00-00 00:00:00', NULL, 1),
(60, '4/29/2018 16:13', 526, 1, '-x-', '2018041060', '2018-19', 'nitin', '0000-00-00 00:00:00', NULL, 1),
(61, '4/29/2018 16:13', 526, 1, '-x-', '2018041061', '2018-19', 'nitin', '0000-00-00 00:00:00', NULL, 1),
(62, '4/29/2018 16:13', 526, 1, '-x-', '2018041062', '2018-19', 'nitin', '0000-00-00 00:00:00', NULL, 1),
(63, '4/29/2018 16:13', 526, 1, '-x-', '2018041063', '2018-19', 'nitin', '0000-00-00 00:00:00', NULL, 1),
(64, '4/29/2018 16:13', 526, 1, '-x-', '2018041064', '2018-19', 'nitin', '0000-00-00 00:00:00', NULL, 1),
(65, '4/29/2018 16:13', 526, 1, '-x-', '2018041065', '2018-19', 'nitin', '0000-00-00 00:00:00', NULL, 1),
(66, '4/29/2018 16:13', 526, 1, '-x-', '2018041066', '2018-19', 'nitin', '0000-00-00 00:00:00', NULL, 1),
(67, '4/29/2018 16:13', 526, 1, '-x-', '2018041067', '2018-19', 'nitin', '0000-00-00 00:00:00', NULL, 1),
(68, '4/29/2018 16:13', 526, 1, '-x-', '2018041068', '2018-19', 'nitin', '0000-00-00 00:00:00', NULL, 1),
(69, '4/29/2018 16:13', 526, 1, '-x-', '2018041069', '2018-19', 'nitin', '0000-00-00 00:00:00', NULL, 1),
(70, '4/29/2018 16:13', 527, 1, '-x-', '2018041070', '2018-19', 'nitin', '0000-00-00 00:00:00', NULL, 1),
(71, '4/29/2018 16:13', 527, 1, '-x-', '2018041071', '2018-19', 'nitin', '0000-00-00 00:00:00', NULL, 1),
(72, '4/29/2018 16:13', 527, 1, '-x-', '2018041072', '2018-19', 'nitin', '0000-00-00 00:00:00', NULL, 1),
(73, '4/29/2018 16:13', 527, 1, '-x-', '2018041073', '2018-19', 'nitin', '0000-00-00 00:00:00', NULL, 1),
(74, '4/29/2018 16:13', 527, 1, '-x-', '2018041074', '2018-19', 'nitin', '0000-00-00 00:00:00', NULL, 1),
(75, '4/29/2018 16:13', 527, 1, '-x-', '2018041075', '2018-19', 'nitin', '0000-00-00 00:00:00', NULL, 1),
(76, '4/29/2018 16:13', 527, 1, '-x-', '2018041076', '2018-19', 'nitin', '0000-00-00 00:00:00', NULL, 1),
(77, '4/29/2018 16:13', 527, 1, '-x-', '2018041077', '2018-19', 'nitin', '0000-00-00 00:00:00', NULL, 1),
(78, '4/29/2018 16:13', 527, 1, '-x-', '2018041078', '2018-19', 'nitin', '0000-00-00 00:00:00', NULL, 1),
(79, '4/29/2018 16:13', 527, 1, '-x-', '2018041079', '2018-19', 'nitin', '0000-00-00 00:00:00', NULL, 1),
(80, '4/29/2018 16:13', 527, 1, '-x-', '2018041080', '2018-19', 'nitin', '0000-00-00 00:00:00', NULL, 1),
(81, '4/29/2018 16:13', 527, 1, '-x-', '2018041081', '2018-19', 'nitin', '0000-00-00 00:00:00', NULL, 1),
(82, '4/29/2018 16:13', 527, 1, '-x-', '2018041082', '2018-19', 'nitin', '0000-00-00 00:00:00', NULL, 1),
(83, '4/29/2018 16:13', 527, 1, '-x-', '2018041083', '2018-19', 'nitin', '0000-00-00 00:00:00', NULL, 1),
(84, '4/29/2018 16:13', 527, 1, '-x-', '2018041084', '2018-19', 'nitin', '0000-00-00 00:00:00', NULL, 1),
(85, '4/29/2018 16:13', 527, 1, '-x-', '2018041085', '2018-19', 'nitin', '0000-00-00 00:00:00', NULL, 1),
(86, '4/29/2018 16:13', 527, 1, '-x-', '2018041086', '2018-19', 'nitin', '0000-00-00 00:00:00', NULL, 1),
(87, '4/29/2018 16:13', 527, 1, '-x-', '2018041087', '2018-19', 'nitin', '0000-00-00 00:00:00', NULL, 1),
(88, '4/29/2018 16:13', 527, 1, '-x-', '2018041088', '2018-19', 'nitin', '0000-00-00 00:00:00', NULL, 1),
(89, '4/29/2018 16:13', 527, 1, '-x-', '2018041089', '2018-19', 'nitin', '0000-00-00 00:00:00', NULL, 1),
(90, '4/29/2018 16:13', 527, 1, '-x-', '2018041090', '2018-19', 'nitin', '0000-00-00 00:00:00', NULL, 1),
(91, '4/29/2018 16:13', 527, 1, '-x-', '2018041091', '2018-19', 'nitin', '0000-00-00 00:00:00', NULL, 1),
(92, '4/29/2018 16:13', 527, 1, '-x-', '2018041092', '2018-19', 'nitin', '0000-00-00 00:00:00', NULL, 1),
(93, '4/29/2018 16:13', 527, 1, '-x-', '2018041093', '2018-19', 'nitin', '0000-00-00 00:00:00', NULL, 1),
(94, '4/29/2018 16:13', 527, 1, '-x-', '2018041094', '2018-19', 'nitin', '0000-00-00 00:00:00', NULL, 1),
(95, '4/29/2018 16:13', 527, 1, '-x-', '2018041095', '2018-19', 'nitin', '0000-00-00 00:00:00', NULL, 1),
(96, '4/29/2018 16:13', 527, 1, '-x-', '2018041096', '2018-19', 'nitin', '0000-00-00 00:00:00', NULL, 1),
(97, '4/29/2018 16:13', 527, 1, '-x-', '2018041097', '2018-19', 'nitin', '0000-00-00 00:00:00', NULL, 1),
(98, '4/29/2018 16:13', 527, 1, '-x-', '2018041098', '2018-19', 'nitin', '0000-00-00 00:00:00', NULL, 1),
(99, '4/29/2018 16:13', 527, 1, '-x-', '2018041099', '2018-19', 'nitin', '0000-00-00 00:00:00', NULL, 1),
(100, '4/29/2018 16:13', 527, 1, '-x-', '2018041100', '2018-19', 'nitin', '0000-00-00 00:00:00', NULL, 1),
(101, '4/29/2018 16:13', 527, 1, '-x-', '2018041101', '2018-19', 'nitin', '0000-00-00 00:00:00', NULL, 1),
(102, '4/29/2018 16:13', 527, 1, '-x-', '2018041102', '2018-19', 'nitin', '0000-00-00 00:00:00', NULL, 1),
(103, '4/29/2018 16:13', 527, 1, '-x-', '2018041103', '2018-19', 'nitin', '0000-00-00 00:00:00', NULL, 1),
(104, '4/29/2018 16:13', 527, 1, '-x-', '2018041104', '2018-19', 'nitin', '0000-00-00 00:00:00', NULL, 1),
(105, '4/29/2018 16:13', 527, 1, '-x-', '2018041105', '2018-19', 'nitin', '0000-00-00 00:00:00', NULL, 1),
(106, '4/29/2018 16:13', 527, 1, '-x-', '2018041106', '2018-19', 'nitin', '0000-00-00 00:00:00', NULL, 1),
(107, '4/29/2018 16:13', 527, 1, '-x-', '2018041107', '2018-19', 'nitin', '0000-00-00 00:00:00', NULL, 1),
(108, '4/29/2018 16:13', 527, 1, '-x-', '2018041108', '2018-19', 'nitin', '0000-00-00 00:00:00', NULL, 1),
(109, '4/29/2018 16:13', 527, 1, '-x-', '2018041109', '2018-19', 'nitin', '0000-00-00 00:00:00', NULL, 1),
(110, '4/29/2018 16:13', 528, 1, '-x-', '2018041110', '2018-19', 'nitin', '0000-00-00 00:00:00', NULL, 1),
(111, '4/29/2018 16:13', 528, 1, '-x-', '2018041111', '2018-19', 'nitin', '0000-00-00 00:00:00', NULL, 1),
(112, '4/29/2018 16:13', 528, 1, '-x-', '2018041112', '2018-19', 'nitin', '0000-00-00 00:00:00', NULL, 1),
(113, '4/29/2018 16:13', 528, 1, '-x-', '2018041113', '2018-19', 'nitin', '0000-00-00 00:00:00', NULL, 1),
(114, '4/29/2018 16:13', 528, 1, '-x-', '2018041114', '2018-19', 'nitin', '0000-00-00 00:00:00', NULL, 1),
(115, '4/29/2018 16:13', 528, 1, '-x-', '2018041115', '2018-19', 'nitin', '0000-00-00 00:00:00', NULL, 1),
(116, '4/29/2018 16:13', 528, 1, '-x-', '2018041116', '2018-19', 'nitin', '0000-00-00 00:00:00', NULL, 1),
(117, '4/29/2018 16:13', 528, 1, '-x-', '2018041117', '2018-19', 'nitin', '0000-00-00 00:00:00', NULL, 1),
(118, '4/29/2018 16:13', 528, 1, '-x-', '2018041118', '2018-19', 'nitin', '0000-00-00 00:00:00', NULL, 1),
(119, '4/29/2018 16:13', 528, 1, '-x-', '2018041119', '2018-19', 'nitin', '0000-00-00 00:00:00', NULL, 1),
(120, '4/29/2018 16:13', 528, 1, '-x-', '2018041120', '2018-19', 'nitin', '0000-00-00 00:00:00', NULL, 1),
(121, '4/29/2018 16:13', 528, 1, '-x-', '2018041121', '2018-19', 'nitin', '0000-00-00 00:00:00', NULL, 1),
(122, '4/29/2018 16:13', 528, 1, '-x-', '2018041122', '2018-19', 'nitin', '0000-00-00 00:00:00', NULL, 1),
(123, '4/29/2018 16:13', 528, 1, '-x-', '2018041123', '2018-19', 'nitin', '0000-00-00 00:00:00', NULL, 1),
(124, '4/29/2018 16:13', 528, 1, '-x-', '2018041124', '2018-19', 'nitin', '0000-00-00 00:00:00', NULL, 1),
(125, '4/29/2018 16:13', 528, 1, '-x-', '2018041125', '2018-19', 'nitin', '0000-00-00 00:00:00', NULL, 1),
(126, '4/29/2018 16:13', 528, 1, '-x-', '2018041126', '2018-19', 'nitin', '0000-00-00 00:00:00', NULL, 1),
(127, '4/29/2018 16:13', 528, 1, '-x-', '2018041127', '2018-19', 'nitin', '0000-00-00 00:00:00', NULL, 1),
(128, '4/29/2018 16:13', 528, 1, '-x-', '2018041128', '2018-19', 'nitin', '0000-00-00 00:00:00', NULL, 1),
(129, '4/29/2018 16:13', 528, 1, '-x-', '2018041129', '2018-19', 'nitin', '0000-00-00 00:00:00', NULL, 1),
(130, '4/29/2018 16:13', 528, 1, '-x-', '2018041130', '2018-19', 'nitin', '0000-00-00 00:00:00', NULL, 1),
(131, '4/29/2018 16:13', 528, 1, '-x-', '2018041131', '2018-19', 'nitin', '0000-00-00 00:00:00', NULL, 1),
(132, '4/29/2018 16:13', 528, 1, '-x-', '2018041132', '2018-19', 'nitin', '0000-00-00 00:00:00', NULL, 1),
(133, '4/29/2018 16:13', 528, 1, '-x-', '2018041133', '2018-19', 'nitin', '0000-00-00 00:00:00', NULL, 1),
(134, '4/29/2018 16:13', 528, 1, '-x-', '2018041134', '2018-19', 'nitin', '0000-00-00 00:00:00', NULL, 1),
(135, '4/29/2018 16:13', 528, 1, '-x-', '2018041135', '2018-19', 'nitin', '0000-00-00 00:00:00', NULL, 1),
(136, '4/29/2018 16:13', 528, 1, '-x-', '2018041136', '2018-19', 'nitin', '0000-00-00 00:00:00', NULL, 1),
(137, '4/29/2018 16:13', 528, 1, '-x-', '2018041137', '2018-19', 'nitin', '0000-00-00 00:00:00', NULL, 1),
(138, '4/29/2018 16:13', 528, 1, '-x-', '2018041138', '2018-19', 'nitin', '0000-00-00 00:00:00', NULL, 1),
(139, '4/29/2018 16:13', 528, 1, '-x-', '2018041139', '2018-19', 'nitin', '0000-00-00 00:00:00', NULL, 1),
(140, '4/29/2018 16:13', 528, 1, '-x-', '2018041140', '2018-19', 'nitin', '0000-00-00 00:00:00', NULL, 1),
(141, '4/29/2018 16:13', 528, 1, '-x-', '2018041141', '2018-19', 'nitin', '0000-00-00 00:00:00', NULL, 1),
(142, '4/29/2018 16:13', 528, 1, '-x-', '2018041142', '2018-19', 'nitin', '0000-00-00 00:00:00', NULL, 1),
(143, '4/29/2018 16:13', 528, 1, '-x-', '2018041143', '2018-19', 'nitin', '0000-00-00 00:00:00', NULL, 1),
(144, '4/29/2018 16:13', 528, 1, '-x-', '2018041144', '2018-19', 'nitin', '0000-00-00 00:00:00', NULL, 1),
(145, '4/29/2018 16:13', 528, 1, '-x-', '2018041145', '2018-19', 'nitin', '0000-00-00 00:00:00', NULL, 1),
(146, '4/29/2018 16:13', 528, 1, '-x-', '2018041146', '2018-19', 'nitin', '0000-00-00 00:00:00', NULL, 1),
(147, '4/29/2018 16:13', 528, 1, '-x-', '2018041147', '2018-19', 'nitin', '0000-00-00 00:00:00', NULL, 1),
(148, '4/29/2018 16:13', 528, 1, '-x-', '2018041148', '2018-19', 'nitin', '0000-00-00 00:00:00', NULL, 1),
(149, '4/29/2018 16:13', 528, 1, '-x-', '2018041149', '2018-19', 'nitin', '0000-00-00 00:00:00', NULL, 1),
(150, '4/29/2018 16:13', 528, 1, '-x-', '2018041150', '2018-19', 'nitin', '0000-00-00 00:00:00', NULL, 1),
(151, '4/29/2018 16:13', 528, 1, '-x-', '2018041151', '2018-19', 'nitin', '0000-00-00 00:00:00', NULL, 1),
(152, '4/29/2018 16:13', 528, 1, '-x-', '2018041152', '2018-19', 'nitin', '0000-00-00 00:00:00', NULL, 1),
(153, '4/29/2018 16:13', 528, 1, '-x-', '2018041153', '2018-19', 'nitin', '0000-00-00 00:00:00', NULL, 1),
(154, '4/29/2018 16:13', 528, 1, '-x-', '2018041154', '2018-19', 'nitin', '0000-00-00 00:00:00', NULL, 1),
(155, '4/29/2018 16:13', 528, 1, '-x-', '2018041155', '2018-19', 'nitin', '0000-00-00 00:00:00', NULL, 1),
(156, '4/29/2018 16:13', 528, 1, '-x-', '2018041156', '2018-19', 'nitin', '0000-00-00 00:00:00', NULL, 1),
(157, '4/29/2018 16:13', 528, 1, '-x-', '2018041157', '2018-19', 'nitin', '0000-00-00 00:00:00', NULL, 1),
(158, '4/29/2018 16:13', 528, 1, '-x-', '2018041158', '2018-19', 'nitin', '0000-00-00 00:00:00', NULL, 1),
(159, '4/29/2018 16:13', 529, 1, '-x-', '2018041159', '2018-19', 'nitin', '0000-00-00 00:00:00', NULL, 1),
(160, '4/29/2018 16:13', 529, 1, '-x-', '2018041160', '2018-19', 'nitin', '0000-00-00 00:00:00', NULL, 1),
(161, '4/29/2018 16:13', 529, 1, '-x-', '2018041161', '2018-19', 'nitin', '0000-00-00 00:00:00', NULL, 1),
(162, '4/29/2018 16:13', 529, 1, '-x-', '2018041162', '2018-19', 'nitin', '0000-00-00 00:00:00', NULL, 1),
(163, '4/29/2018 16:13', 529, 1, '-x-', '2018041163', '2018-19', 'nitin', '0000-00-00 00:00:00', NULL, 1),
(164, '4/29/2018 16:13', 529, 1, '-x-', '2018041164', '2018-19', 'nitin', '0000-00-00 00:00:00', NULL, 1),
(165, '4/29/2018 16:13', 529, 1, '-x-', '2018041165', '2018-19', 'nitin', '0000-00-00 00:00:00', NULL, 1),
(166, '4/29/2018 16:13', 529, 1, '-x-', '2018041166', '2018-19', 'nitin', '0000-00-00 00:00:00', NULL, 1),
(167, '4/29/2018 16:13', 529, 1, '-x-', '2018041167', '2018-19', 'nitin', '0000-00-00 00:00:00', NULL, 1),
(168, '4/29/2018 16:13', 529, 1, '-x-', '2018041168', '2018-19', 'nitin', '0000-00-00 00:00:00', NULL, 1),
(169, '4/29/2018 16:13', 529, 1, '-x-', '2018041169', '2018-19', 'nitin', '0000-00-00 00:00:00', NULL, 1),
(170, '4/29/2018 16:13', 529, 1, '-x-', '2018041170', '2018-19', 'nitin', '0000-00-00 00:00:00', NULL, 1),
(171, '4/29/2018 16:13', 529, 1, '-x-', '2018041171', '2018-19', 'nitin', '0000-00-00 00:00:00', NULL, 1),
(172, '4/29/2018 16:13', 529, 1, '-x-', '2018041172', '2018-19', 'nitin', '0000-00-00 00:00:00', NULL, 1),
(173, '4/29/2018 16:13', 529, 1, '-x-', '2018041173', '2018-19', 'nitin', '0000-00-00 00:00:00', NULL, 1),
(174, '4/29/2018 16:13', 529, 1, '-x-', '2018041174', '2018-19', 'nitin', '0000-00-00 00:00:00', NULL, 1),
(175, '4/29/2018 16:13', 529, 1, '-x-', '2018041175', '2018-19', 'nitin', '0000-00-00 00:00:00', NULL, 1),
(176, '4/29/2018 16:13', 529, 1, '-x-', '2018041176', '2018-19', 'nitin', '0000-00-00 00:00:00', NULL, 1),
(177, '4/29/2018 16:13', 529, 1, '-x-', '2018041177', '2018-19', 'nitin', '0000-00-00 00:00:00', NULL, 1),
(178, '4/29/2018 16:13', 529, 1, '-x-', '2018041178', '2018-19', 'nitin', '0000-00-00 00:00:00', NULL, 1),
(179, '4/29/2018 16:13', 529, 1, '-x-', '2018041179', '2018-19', 'nitin', '0000-00-00 00:00:00', NULL, 1),
(180, '4/29/2018 16:13', 529, 1, '-x-', '2018041180', '2018-19', 'nitin', '0000-00-00 00:00:00', NULL, 1),
(181, '4/29/2018 16:13', 529, 1, '-x-', '2018041181', '2018-19', 'nitin', '0000-00-00 00:00:00', NULL, 1),
(182, '4/29/2018 16:13', 529, 1, '-x-', '2018041182', '2018-19', 'nitin', '0000-00-00 00:00:00', NULL, 1),
(183, '4/29/2018 16:13', 529, 1, '-x-', '2018041183', '2018-19', 'nitin', '0000-00-00 00:00:00', NULL, 1),
(184, '4/29/2018 16:13', 529, 1, '-x-', '2018041184', '2018-19', 'nitin', '0000-00-00 00:00:00', NULL, 1),
(185, '4/29/2018 16:13', 529, 1, '-x-', '2018041185', '2018-19', 'nitin', '0000-00-00 00:00:00', NULL, 1),
(186, '4/29/2018 16:13', 529, 1, '-x-', '2018041186', '2018-19', 'nitin', '0000-00-00 00:00:00', NULL, 1),
(187, '4/29/2018 16:13', 529, 1, '-x-', '2018041187', '2018-19', 'nitin', '0000-00-00 00:00:00', NULL, 1),
(188, '4/29/2018 16:13', 529, 1, '-x-', '2018041188', '2018-19', 'nitin', '0000-00-00 00:00:00', NULL, 1),
(189, '4/29/2018 16:13', 529, 1, '-x-', '2018041189', '2018-19', 'nitin', '0000-00-00 00:00:00', NULL, 1),
(190, '4/29/2018 16:13', 529, 1, '-x-', '2018041190', '2018-19', 'nitin', '0000-00-00 00:00:00', NULL, 1),
(191, '4/29/2018 16:13', 529, 1, '-x-', '2018041191', '2018-19', 'nitin', '0000-00-00 00:00:00', NULL, 1),
(192, '4/29/2018 16:13', 529, 1, '-x-', '2018041192', '2018-19', 'nitin', '0000-00-00 00:00:00', NULL, 1),
(193, '4/29/2018 16:13', 529, 1, '-x-', '2018041193', '2018-19', 'nitin', '0000-00-00 00:00:00', NULL, 1),
(194, '4/29/2018 16:13', 529, 1, '-x-', '2018041194', '2018-19', 'nitin', '0000-00-00 00:00:00', NULL, 1),
(195, '4/29/2018 16:13', 529, 0, '-x-', '2018041195', '2018-19', 'nitin', '2018-07-10 16:31:56', NULL, 1),
(196, '4/29/2018 16:13', 529, 1, '-x-', '2018041196', '2018-19', 'nitin', '0000-00-00 00:00:00', NULL, 1),
(197, '4/29/2018 16:13', 529, 1, '-x-', '2018041197', '2018-19', 'nitin', '0000-00-00 00:00:00', NULL, 1),
(198, '4/29/2018 16:13', 529, 1, '-x-', '2018041198', '2018-19', 'nitin', '0000-00-00 00:00:00', NULL, 1),
(199, '4/29/2018 16:13', 529, 1, '-x-', '2018041199', '2018-19', 'nitin', '0000-00-00 00:00:00', NULL, 1),
(200, '4/29/2018 16:13', 530, 1, '-x-', '2018041200', '2018-19', 'nitin', '0000-00-00 00:00:00', NULL, 1),
(201, '4/29/2018 16:13', 530, 1, '-x-', '2018041201', '2018-19', 'nitin', '0000-00-00 00:00:00', NULL, 1),
(202, '4/29/2018 16:13', 530, 1, '-x-', '2018041202', '2018-19', 'nitin', '0000-00-00 00:00:00', NULL, 1),
(203, '4/29/2018 16:13', 530, 1, '-x-', '2018041203', '2018-19', 'nitin', '0000-00-00 00:00:00', NULL, 1),
(204, '4/29/2018 16:13', 530, 1, '-x-', '2018041204', '2018-19', 'nitin', '0000-00-00 00:00:00', NULL, 1),
(205, '4/29/2018 16:13', 530, 1, '-x-', '2018041205', '2018-19', 'nitin', '0000-00-00 00:00:00', NULL, 1),
(206, '4/29/2018 16:13', 530, 1, '-x-', '2018041206', '2018-19', 'nitin', '0000-00-00 00:00:00', NULL, 1),
(207, '4/29/2018 16:13', 530, 1, '-x-', '2018041207', '2018-19', 'nitin', '0000-00-00 00:00:00', NULL, 1),
(208, '4/29/2018 16:13', 530, 1, '-x-', '2018041208', '2018-19', 'nitin', '0000-00-00 00:00:00', NULL, 1),
(209, '4/29/2018 16:13', 530, 1, '-x-', '2018041209', '2018-19', 'nitin', '0000-00-00 00:00:00', NULL, 1),
(210, '4/29/2018 16:13', 530, 1, '-x-', '2018041210', '2018-19', 'nitin', '0000-00-00 00:00:00', NULL, 1),
(211, '4/29/2018 16:13', 530, 1, '-x-', '2018041211', '2018-19', 'nitin', '0000-00-00 00:00:00', NULL, 1),
(212, '4/29/2018 16:13', 530, 1, '-x-', '2018041212', '2018-19', 'nitin', '0000-00-00 00:00:00', NULL, 1),
(213, '4/29/2018 16:13', 530, 1, '-x-', '2018041213', '2018-19', 'nitin', '0000-00-00 00:00:00', NULL, 1),
(214, '4/29/2018 16:13', 530, 1, '-x-', '2018041214', '2018-19', 'nitin', '0000-00-00 00:00:00', NULL, 1),
(215, '4/29/2018 16:13', 530, 1, '-x-', '2018041215', '2018-19', 'nitin', '0000-00-00 00:00:00', NULL, 1),
(216, '4/29/2018 16:13', 530, 1, '-x-', '2018041216', '2018-19', 'nitin', '0000-00-00 00:00:00', NULL, 1),
(217, '4/29/2018 16:13', 530, 1, '-x-', '2018041217', '2018-19', 'nitin', '0000-00-00 00:00:00', NULL, 1),
(218, '4/29/2018 16:13', 530, 1, '-x-', '2018041218', '2018-19', 'nitin', '0000-00-00 00:00:00', NULL, 1),
(219, '4/29/2018 16:13', 530, 1, '-x-', '2018041219', '2018-19', 'nitin', '0000-00-00 00:00:00', NULL, 1),
(220, '4/29/2018 16:13', 530, 1, '-x-', '2018041220', '2018-19', 'nitin', '0000-00-00 00:00:00', NULL, 1),
(221, '4/29/2018 16:13', 530, 1, '-x-', '2018041221', '2018-19', 'nitin', '0000-00-00 00:00:00', NULL, 1),
(222, '4/29/2018 16:13', 530, 1, '-x-', '2018041222', '2018-19', 'nitin', '0000-00-00 00:00:00', NULL, 1),
(223, '4/29/2018 16:13', 530, 1, '-x-', '2018041223', '2018-19', 'nitin', '0000-00-00 00:00:00', NULL, 1),
(224, '4/29/2018 16:13', 530, 1, '-x-', '2018041224', '2018-19', 'nitin', '0000-00-00 00:00:00', NULL, 1),
(225, '4/29/2018 16:13', 530, 1, '-x-', '2018041225', '2018-19', 'nitin', '0000-00-00 00:00:00', NULL, 1),
(226, '4/29/2018 16:13', 530, 1, '-x-', '2018041226', '2018-19', 'nitin', '0000-00-00 00:00:00', NULL, 1),
(227, '4/29/2018 16:13', 530, 1, '-x-', '2018041227', '2018-19', 'nitin', '0000-00-00 00:00:00', NULL, 1),
(228, '4/29/2018 16:13', 530, 1, '-x-', '2018041228', '2018-19', 'nitin', '0000-00-00 00:00:00', NULL, 1),
(229, '4/29/2018 16:13', 530, 1, '-x-', '2018041229', '2018-19', 'nitin', '0000-00-00 00:00:00', NULL, 1),
(230, '4/29/2018 16:13', 530, 1, '-x-', '2018041230', '2018-19', 'nitin', '0000-00-00 00:00:00', NULL, 1),
(231, '4/29/2018 16:13', 530, 1, '-x-', '2018041231', '2018-19', 'nitin', '0000-00-00 00:00:00', NULL, 1),
(232, '4/29/2018 16:13', 530, 1, '-x-', '2018041232', '2018-19', 'nitin', '0000-00-00 00:00:00', NULL, 1),
(233, '4/29/2018 16:13', 530, 1, '-x-', '2018041233', '2018-19', 'nitin', '0000-00-00 00:00:00', NULL, 1),
(234, '4/29/2018 16:13', 530, 1, '-x-', '2018041234', '2018-19', 'nitin', '0000-00-00 00:00:00', NULL, 1),
(235, '4/29/2018 16:13', 530, 1, '-x-', '2018041235', '2018-19', 'nitin', '0000-00-00 00:00:00', NULL, 1),
(236, '4/29/2018 16:13', 530, 1, '-x-', '2018041236', '2018-19', 'nitin', '0000-00-00 00:00:00', NULL, 1),
(237, '4/29/2018 16:13', 530, 1, '-x-', '2018041237', '2018-19', 'nitin', '0000-00-00 00:00:00', NULL, 1),
(238, '4/29/2018 16:13', 530, 1, '-x-', '2018041238', '2018-19', 'nitin', '0000-00-00 00:00:00', NULL, 1),
(239, '4/29/2018 16:13', 530, 1, '-x-', '2018041239', '2018-19', 'nitin', '0000-00-00 00:00:00', NULL, 1),
(240, '4/29/2018 16:13', 530, 1, '-x-', '2018041240', '2018-19', 'nitin', '0000-00-00 00:00:00', NULL, 1),
(241, '4/29/2018 16:13', 530, 1, '-x-', '2018041241', '2018-19', 'nitin', '0000-00-00 00:00:00', NULL, 1),
(242, '4/29/2018 16:13', 530, 1, '-x-', '2018041242', '2018-19', 'nitin', '0000-00-00 00:00:00', NULL, 1),
(243, '4/29/2018 16:13', 530, 1, '-x-', '2018041243', '2018-19', 'nitin', '0000-00-00 00:00:00', NULL, 1),
(244, '4/29/2018 16:13', 531, 1, '-x-', '2018041244', '2018-19', 'nitin', '0000-00-00 00:00:00', NULL, 1),
(245, '4/29/2018 16:13', 531, 1, '-x-', '2018041245', '2018-19', 'nitin', '0000-00-00 00:00:00', NULL, 1),
(246, '4/29/2018 16:13', 531, 1, '-x-', '2018041246', '2018-19', 'nitin', '0000-00-00 00:00:00', NULL, 1),
(247, '4/29/2018 16:13', 531, 1, '-x-', '2018041247', '2018-19', 'nitin', '0000-00-00 00:00:00', NULL, 1),
(248, '4/29/2018 16:13', 531, 1, '-x-', '2018041248', '2018-19', 'nitin', '0000-00-00 00:00:00', NULL, 1),
(249, '4/29/2018 16:13', 531, 1, '-x-', '2018041249', '2018-19', 'nitin', '0000-00-00 00:00:00', NULL, 1),
(250, '4/29/2018 16:13', 531, 1, '-x-', '2018041250', '2018-19', 'nitin', '0000-00-00 00:00:00', NULL, 1),
(251, '4/29/2018 16:13', 531, 1, '-x-', '2018041251', '2018-19', 'nitin', '0000-00-00 00:00:00', NULL, 1),
(252, '4/29/2018 16:13', 531, 1, '-x-', '2018041252', '2018-19', 'nitin', '0000-00-00 00:00:00', NULL, 1),
(253, '4/29/2018 16:13', 531, 1, '-x-', '2018041253', '2018-19', 'nitin', '0000-00-00 00:00:00', NULL, 1),
(254, '4/29/2018 16:13', 531, 1, '-x-', '2018041254', '2018-19', 'nitin', '0000-00-00 00:00:00', NULL, 1),
(255, '4/29/2018 16:13', 531, 1, '-x-', '2018041255', '2018-19', 'nitin', '0000-00-00 00:00:00', NULL, 1),
(256, '4/29/2018 16:13', 531, 1, '-x-', '2018041256', '2018-19', 'nitin', '0000-00-00 00:00:00', NULL, 1),
(257, '4/29/2018 16:13', 531, 1, '-x-', '2018041257', '2018-19', 'nitin', '0000-00-00 00:00:00', NULL, 1),
(258, '4/29/2018 16:13', 531, 1, '-x-', '2018041258', '2018-19', 'nitin', '0000-00-00 00:00:00', NULL, 1),
(259, '4/29/2018 16:13', 531, 1, '-x-', '2018041259', '2018-19', 'nitin', '0000-00-00 00:00:00', NULL, 1),
(260, '4/29/2018 16:13', 531, 1, '-x-', '2018041260', '2018-19', 'nitin', '0000-00-00 00:00:00', NULL, 1),
(261, '4/29/2018 16:13', 531, 1, '-x-', '2018041261', '2018-19', 'nitin', '0000-00-00 00:00:00', NULL, 1),
(262, '4/29/2018 16:13', 531, 1, '-x-', '2018041262', '2018-19', 'nitin', '0000-00-00 00:00:00', NULL, 1),
(263, '4/29/2018 16:13', 531, 1, '-x-', '2018041263', '2018-19', 'nitin', '0000-00-00 00:00:00', NULL, 1),
(264, '4/29/2018 16:13', 531, 1, '-x-', '2018041264', '2018-19', 'nitin', '0000-00-00 00:00:00', NULL, 1),
(265, '4/29/2018 16:13', 531, 1, '-x-', '2018041265', '2018-19', 'nitin', '0000-00-00 00:00:00', NULL, 1),
(266, '4/29/2018 16:13', 531, 1, '-x-', '2018041266', '2018-19', 'nitin', '0000-00-00 00:00:00', NULL, 1),
(267, '4/29/2018 16:13', 531, 1, '-x-', '2018041267', '2018-19', 'nitin', '0000-00-00 00:00:00', NULL, 1),
(268, '4/29/2018 16:13', 531, 1, '-x-', '2018041268', '2018-19', 'nitin', '0000-00-00 00:00:00', NULL, 1),
(269, '4/29/2018 16:13', 531, 1, '-x-', '2018041269', '2018-19', 'nitin', '0000-00-00 00:00:00', NULL, 1),
(270, '4/29/2018 16:13', 531, 1, '-x-', '2018041270', '2018-19', 'nitin', '0000-00-00 00:00:00', NULL, 1),
(271, '4/29/2018 16:13', 531, 1, '-x-', '2018041271', '2018-19', 'nitin', '0000-00-00 00:00:00', NULL, 1),
(272, '4/29/2018 16:13', 531, 1, '-x-', '2018041272', '2018-19', 'nitin', '0000-00-00 00:00:00', NULL, 1),
(273, '4/29/2018 16:13', 531, 1, '-x-', '2018041273', '2018-19', 'nitin', '0000-00-00 00:00:00', NULL, 1),
(274, '4/29/2018 16:13', 531, 1, '-x-', '2018041274', '2018-19', 'nitin', '0000-00-00 00:00:00', NULL, 1),
(275, '4/29/2018 16:13', 531, 1, '-x-', '2018041275', '2018-19', 'nitin', '0000-00-00 00:00:00', NULL, 1),
(276, '4/29/2018 16:13', 531, 1, '-x-', '2018041276', '2018-19', 'nitin', '0000-00-00 00:00:00', NULL, 1),
(277, '4/29/2018 16:13', 531, 1, '-x-', '2018041277', '2018-19', 'nitin', '0000-00-00 00:00:00', NULL, 1),
(278, '4/29/2018 16:13', 531, 1, '-x-', '2018041278', '2018-19', 'nitin', '0000-00-00 00:00:00', NULL, 1),
(279, '4/29/2018 16:13', 531, 1, '-x-', '2018041279', '2018-19', 'nitin', '0000-00-00 00:00:00', NULL, 1),
(280, '4/29/2018 16:13', 531, 1, '-x-', '2018041280', '2018-19', 'nitin', '0000-00-00 00:00:00', NULL, 1),
(281, '4/29/2018 16:13', 532, 1, '-x-', '2018041281', '2018-19', 'nitin', '2018-07-10 16:40:31', NULL, 1),
(282, '4/29/2018 16:13', 532, 1, '-x-', '2018041282', '2018-19', 'nitin', '0000-00-00 00:00:00', NULL, 1),
(283, '4/29/2018 16:13', 532, 1, '-x-', '2018041283', '2018-19', 'nitin', '0000-00-00 00:00:00', NULL, 1),
(284, '4/29/2018 16:13', 532, 1, '-x-', '2018041284', '2018-19', 'nitin', '0000-00-00 00:00:00', NULL, 1),
(285, '4/29/2018 16:13', 532, 1, '-x-', '2018041285', '2018-19', 'nitin', '0000-00-00 00:00:00', NULL, 1),
(286, '4/29/2018 16:13', 532, 1, '-x-', '2018041286', '2018-19', 'nitin', '0000-00-00 00:00:00', NULL, 1),
(287, '4/29/2018 16:13', 532, 1, '-x-', '2018041287', '2018-19', 'nitin', '0000-00-00 00:00:00', NULL, 1),
(288, '4/29/2018 16:13', 532, 1, '-x-', '2018041288', '2018-19', 'nitin', '0000-00-00 00:00:00', NULL, 1),
(289, '4/29/2018 16:13', 532, 1, '-x-', '2018041289', '2018-19', 'nitin', '0000-00-00 00:00:00', NULL, 1),
(290, '4/29/2018 16:13', 532, 1, '-x-', '2018041290', '2018-19', 'nitin', '0000-00-00 00:00:00', NULL, 1),
(291, '4/29/2018 16:13', 532, 1, '-x-', '2018041291', '2018-19', 'nitin', '0000-00-00 00:00:00', NULL, 1),
(292, '4/29/2018 16:13', 532, 1, '-x-', '2018041292', '2018-19', 'nitin', '0000-00-00 00:00:00', NULL, 1),
(293, '4/29/2018 16:13', 532, 1, '-x-', '2018041293', '2018-19', 'nitin', '0000-00-00 00:00:00', NULL, 1),
(294, '4/29/2018 16:13', 532, 1, '-x-', '2018041294', '2018-19', 'nitin', '0000-00-00 00:00:00', NULL, 1),
(295, '4/29/2018 16:13', 532, 1, '-x-', '2018041295', '2018-19', 'nitin', '0000-00-00 00:00:00', NULL, 1),
(296, '4/29/2018 16:13', 532, 1, '-x-', '2018041296', '2018-19', 'nitin', '0000-00-00 00:00:00', NULL, 1),
(297, '4/29/2018 16:13', 532, 1, '-x-', '2018041297', '2018-19', 'nitin', '0000-00-00 00:00:00', NULL, 1),
(298, '4/29/2018 16:13', 532, 1, '-x-', '2018041298', '2018-19', 'nitin', '0000-00-00 00:00:00', NULL, 1),
(299, '4/29/2018 16:13', 532, 1, '-x-', '2018041299', '2018-19', 'nitin', '0000-00-00 00:00:00', NULL, 1),
(300, '4/29/2018 16:13', 532, 1, '-x-', '2018041300', '2018-19', 'nitin', '0000-00-00 00:00:00', NULL, 1),
(301, '4/29/2018 16:13', 532, 1, '-x-', '2018041301', '2018-19', 'nitin', '0000-00-00 00:00:00', NULL, 1),
(302, '4/29/2018 16:13', 532, 1, '-x-', '2018041302', '2018-19', 'nitin', '0000-00-00 00:00:00', NULL, 1),
(303, '4/29/2018 16:13', 532, 1, '-x-', '2018041303', '2018-19', 'nitin', '0000-00-00 00:00:00', NULL, 1),
(304, '4/29/2018 16:13', 532, 1, '-x-', '2018041304', '2018-19', 'nitin', '0000-00-00 00:00:00', NULL, 1),
(305, '4/29/2018 16:13', 532, 1, '-x-', '2018041305', '2018-19', 'nitin', '0000-00-00 00:00:00', NULL, 1),
(306, '4/29/2018 16:13', 532, 1, '-x-', '2018041306', '2018-19', 'nitin', '0000-00-00 00:00:00', NULL, 1),
(307, '4/29/2018 16:13', 532, 1, '-x-', '2018041307', '2018-19', 'nitin', '0000-00-00 00:00:00', NULL, 1),
(308, '4/29/2018 16:13', 532, 1, '-x-', '2018041308', '2018-19', 'nitin', '0000-00-00 00:00:00', NULL, 1),
(309, '4/29/2018 16:13', 532, 1, '-x-', '2018041309', '2018-19', 'nitin', '0000-00-00 00:00:00', NULL, 1),
(310, '4/29/2018 16:13', 532, 1, '-x-', '2018041310', '2018-19', 'nitin', '0000-00-00 00:00:00', NULL, 1),
(311, '4/29/2018 16:13', 532, 1, '-x-', '2018041311', '2018-19', 'nitin', '0000-00-00 00:00:00', NULL, 1),
(312, '4/29/2018 16:13', 532, 1, '-x-', '2018041312', '2018-19', 'nitin', '0000-00-00 00:00:00', NULL, 1),
(313, '4/29/2018 16:13', 532, 1, '-x-', '2018041313', '2018-19', 'nitin', '0000-00-00 00:00:00', NULL, 1),
(314, '4/29/2018 16:13', 532, 1, '-x-', '2018041314', '2018-19', 'nitin', '0000-00-00 00:00:00', NULL, 1),
(315, '4/29/2018 16:13', 532, 1, '-x-', '2018041315', '2018-19', 'nitin', '0000-00-00 00:00:00', NULL, 1),
(316, '4/29/2018 16:13', 532, 1, '-x-', '2018041316', '2018-19', 'nitin', '0000-00-00 00:00:00', NULL, 1),
(317, '4/29/2018 16:13', 532, 1, '-x-', '2018041317', '2018-19', 'nitin', '0000-00-00 00:00:00', NULL, 1),
(318, '4/29/2018 16:13', 532, 1, '-x-', '2018041318', '2018-19', 'nitin', '0000-00-00 00:00:00', NULL, 1),
(319, '4/29/2018 16:13', 533, 0, '-x-', '2018041319', '2018-19', 'nitin', '0000-00-00 00:00:00', NULL, 1),
(320, '4/29/2018 16:13', 533, 0, '-x-', '2018041320', '2018-19', 'nitin', '0000-00-00 00:00:00', NULL, 1),
(321, '4/29/2018 16:13', 533, 0, '-x-', '2018041321', '2018-19', 'nitin', '0000-00-00 00:00:00', NULL, 1),
(322, '4/29/2018 16:13', 533, 0, '-x-', '2018041322', '2018-19', 'nitin', '0000-00-00 00:00:00', NULL, 1),
(323, '4/29/2018 16:13', 533, 0, '-x-', '2018041323', '2018-19', 'nitin', '0000-00-00 00:00:00', NULL, 1),
(324, '4/29/2018 16:13', 533, 0, '-x-', '2018041324', '2018-19', 'nitin', '0000-00-00 00:00:00', NULL, 1),
(325, '4/29/2018 16:13', 533, 0, '-x-', '2018041325', '2018-19', 'nitin', '0000-00-00 00:00:00', NULL, 1),
(326, '4/29/2018 16:13', 533, 0, '-x-', '2018041326', '2018-19', 'nitin', '0000-00-00 00:00:00', NULL, 1),
(327, '4/29/2018 16:13', 533, 0, '-x-', '2018041327', '2018-19', 'nitin', '0000-00-00 00:00:00', NULL, 1),
(328, '4/29/2018 16:13', 533, 0, '-x-', '2018041328', '2018-19', 'nitin', '0000-00-00 00:00:00', NULL, 1),
(329, '4/29/2018 16:13', 533, 0, '-x-', '2018041329', '2018-19', 'nitin', '0000-00-00 00:00:00', NULL, 1),
(330, '4/29/2018 16:13', 533, 0, '-x-', '2018041330', '2018-19', 'nitin', '0000-00-00 00:00:00', NULL, 1),
(331, '4/29/2018 16:13', 533, 0, '-x-', '2018041331', '2018-19', 'nitin', '0000-00-00 00:00:00', NULL, 1),
(332, '4/29/2018 16:13', 533, 0, '-x-', '2018041332', '2018-19', 'nitin', '0000-00-00 00:00:00', NULL, 1),
(333, '4/29/2018 16:13', 533, 0, '-x-', '2018041333', '2018-19', 'nitin', '0000-00-00 00:00:00', NULL, 1),
(334, '4/29/2018 16:13', 533, 0, '-x-', '2018041334', '2018-19', 'nitin', '0000-00-00 00:00:00', NULL, 1),
(335, '4/29/2018 16:13', 533, 0, '-x-', '2018041335', '2018-19', 'nitin', '0000-00-00 00:00:00', NULL, 1),
(336, '4/29/2018 16:13', 533, 0, '-x-', '2018041336', '2018-19', 'nitin', '0000-00-00 00:00:00', NULL, 1),
(337, '4/29/2018 16:13', 533, 0, '-x-', '2018041337', '2018-19', 'nitin', '0000-00-00 00:00:00', NULL, 1),
(338, '4/29/2018 16:13', 533, 0, '-x-', '2018041338', '2018-19', 'nitin', '0000-00-00 00:00:00', NULL, 1),
(339, '4/29/2018 16:13', 533, 0, '-x-', '2018041339', '2018-19', 'nitin', '0000-00-00 00:00:00', NULL, 1),
(340, '4/29/2018 16:13', 533, 0, '-x-', '2018041340', '2018-19', 'nitin', '0000-00-00 00:00:00', NULL, 1),
(341, '4/29/2018 16:13', 533, 0, '-x-', '2018041341', '2018-19', 'nitin', '0000-00-00 00:00:00', NULL, 1),
(342, '4/29/2018 16:13', 533, 0, '-x-', '2018041342', '2018-19', 'nitin', '0000-00-00 00:00:00', NULL, 1),
(343, '4/29/2018 16:13', 533, 0, '-x-', '2018041343', '2018-19', 'nitin', '0000-00-00 00:00:00', NULL, 1),
(344, '4/29/2018 16:13', 533, 0, '-x-', '2018041344', '2018-19', 'nitin', '0000-00-00 00:00:00', NULL, 1),
(345, '4/29/2018 16:13', 533, 0, '-x-', '2018041345', '2018-19', 'nitin', '0000-00-00 00:00:00', NULL, 1),
(346, '4/29/2018 16:13', 533, 0, '-x-', '2018041346', '2018-19', 'nitin', '0000-00-00 00:00:00', NULL, 1),
(347, '4/29/2018 16:13', 533, 0, '-x-', '2018041347', '2018-19', 'nitin', '0000-00-00 00:00:00', NULL, 1),
(348, '4/29/2018 16:13', 533, 0, '-x-', '2018041348', '2018-19', 'nitin', '0000-00-00 00:00:00', NULL, 1),
(349, '4/29/2018 16:13', 533, 0, '-x-', '2018041349', '2018-19', 'nitin', '0000-00-00 00:00:00', NULL, 1),
(350, '4/29/2018 16:13', 533, 0, '-x-', '2018041350', '2018-19', 'nitin', '0000-00-00 00:00:00', NULL, 1),
(351, '4/29/2018 16:13', 533, 0, '-x-', '2018041351', '2018-19', 'nitin', '0000-00-00 00:00:00', NULL, 1),
(352, '4/29/2018 16:13', 533, 0, '-x-', '2018041352', '2018-19', 'nitin', '0000-00-00 00:00:00', NULL, 1),
(353, '4/29/2018 16:13', 533, 0, '-x-', '2018041353', '2018-19', 'nitin', '0000-00-00 00:00:00', NULL, 1),
(354, '4/29/2018 16:13', 533, 0, '-x-', '2018041354', '2018-19', 'nitin', '0000-00-00 00:00:00', NULL, 1),
(355, '4/29/2018 16:13', 533, 0, '-x-', '2018041355', '2018-19', 'nitin', '0000-00-00 00:00:00', NULL, 1),
(356, '4/29/2018 16:13', 533, 0, '-x-', '2018041356', '2018-19', 'nitin', '0000-00-00 00:00:00', NULL, 1),
(357, '4/29/2018 16:13', 533, 0, '-x-', '2018041357', '2018-19', 'nitin', '0000-00-00 00:00:00', NULL, 1),
(358, '4/29/2018 16:13', 533, 0, '-x-', '2018041358', '2018-19', 'nitin', '0000-00-00 00:00:00', NULL, 1),
(359, '4/29/2018 16:13', 533, 0, '-x-', '2018041359', '2018-19', 'nitin', '0000-00-00 00:00:00', NULL, 1),
(360, '4/29/2018 16:13', 533, 0, '-x-', '2018041360', '2018-19', 'nitin', '0000-00-00 00:00:00', NULL, 1),
(361, '4/29/2018 16:13', 533, 0, '-x-', '2018041361', '2018-19', 'nitin', '0000-00-00 00:00:00', NULL, 1),
(362, '4/29/2018 16:13', 533, 0, '-x-', '2018041362', '2018-19', 'nitin', '0000-00-00 00:00:00', NULL, 1),
(363, '4/29/2018 16:13', 533, 0, '-x-', '2018041363', '2018-19', 'nitin', '0000-00-00 00:00:00', NULL, 1),
(364, '4/29/2018 16:13', 533, 0, '-x-', '2018041364', '2018-19', 'nitin', '0000-00-00 00:00:00', NULL, 1),
(365, '4/29/2018 16:13', 533, 0, '-x-', '2018041365', '2018-19', 'nitin', '0000-00-00 00:00:00', NULL, 1),
(366, '4/29/2018 16:13', 533, 0, '-x-', '2018041366', '2018-19', 'nitin', '0000-00-00 00:00:00', NULL, 1),
(367, '4/29/2018 16:13', 533, 0, '-x-', '2018041367', '2018-19', 'nitin', '0000-00-00 00:00:00', NULL, 1),
(368, '4/29/2018 16:13', 533, 0, '-x-', '2018041368', '2018-19', 'nitin', '0000-00-00 00:00:00', NULL, 1),
(369, '4/29/2018 16:13', 533, 0, '-x-', '2018041369', '2018-19', 'nitin', '0000-00-00 00:00:00', NULL, 1),
(370, '4/29/2018 16:13', 533, 0, '-x-', '2018041370', '2018-19', 'nitin', '0000-00-00 00:00:00', NULL, 1),
(371, '4/29/2018 16:13', 533, 0, '-x-', '2018041371', '2018-19', 'nitin', '0000-00-00 00:00:00', NULL, 1),
(372, '4/29/2018 16:13', 533, 0, '-x-', '2018041372', '2018-19', 'nitin', '0000-00-00 00:00:00', NULL, 1),
(373, '4/29/2018 16:13', 533, 0, '-x-', '2018041373', '2018-19', 'nitin', '0000-00-00 00:00:00', NULL, 1),
(374, '4/29/2018 16:13', 533, 0, '-x-', '2018041374', '2018-19', 'nitin', '0000-00-00 00:00:00', NULL, 1),
(375, '4/29/2018 16:13', 533, 0, '-x-', '2018041375', '2018-19', 'nitin', '0000-00-00 00:00:00', NULL, 1),
(376, '4/29/2018 16:13', 533, 0, '-x-', '2018041376', '2018-19', 'nitin', '0000-00-00 00:00:00', NULL, 1),
(377, '4/29/2018 16:13', 523, 0, '-x-', '2018041377', '2018-19', 'nitin', '0000-00-00 00:00:00', NULL, 1),
(378, '4/29/2018 16:13', 523, 0, '-x-', '2018041378', '2018-19', 'nitin', '0000-00-00 00:00:00', NULL, 1),
(379, '4/29/2018 16:13', 523, 0, '-x-', '2018041379', '2018-19', 'nitin', '0000-00-00 00:00:00', NULL, 1),
(380, '4/29/2018 16:13', 523, 0, '-x-', '2018041380', '2018-19', 'nitin', '0000-00-00 00:00:00', NULL, 1),
(381, '4/29/2018 16:13', 523, 0, '-x-', '2018041381', '2018-19', 'nitin', '0000-00-00 00:00:00', NULL, 1),
(382, '4/29/2018 16:13', 523, 0, '-x-', '2018041382', '2018-19', 'nitin', '0000-00-00 00:00:00', NULL, 1),
(383, '4/29/2018 16:13', 523, 0, '-x-', '2018041383', '2018-19', 'nitin', '0000-00-00 00:00:00', NULL, 1),
(384, '4/29/2018 16:13', 523, 0, '-x-', '2018041384', '2018-19', 'nitin', '0000-00-00 00:00:00', NULL, 1),
(385, '4/29/2018 16:13', 523, 0, '-x-', '2018041385', '2018-19', 'nitin', '0000-00-00 00:00:00', NULL, 1),
(386, '4/29/2018 16:13', 523, 0, '-x-', '2018041386', '2018-19', 'nitin', '0000-00-00 00:00:00', NULL, 1),
(387, '4/29/2018 16:13', 523, 0, '-x-', '2018041387', '2018-19', 'nitin', '0000-00-00 00:00:00', NULL, 1),
(388, '4/29/2018 16:13', 523, 0, '-x-', '2018041388', '2018-19', 'nitin', '0000-00-00 00:00:00', NULL, 1),
(389, '4/29/2018 16:13', 523, 0, '-x-', '2018041389', '2018-19', 'nitin', '0000-00-00 00:00:00', NULL, 1),
(390, '4/29/2018 16:13', 523, 0, '-x-', '2018041390', '2018-19', 'nitin', '0000-00-00 00:00:00', NULL, 1),
(391, '4/29/2018 16:13', 523, 0, '-x-', '2018041391', '2018-19', 'nitin', '0000-00-00 00:00:00', NULL, 1),
(392, '4/29/2018 16:13', 523, 0, '-x-', '2018041392', '2018-19', 'nitin', '0000-00-00 00:00:00', NULL, 1),
(393, '4/29/2018 16:13', 523, 0, '-x-', '2018041393', '2018-19', 'nitin', '0000-00-00 00:00:00', NULL, 1),
(394, '4/29/2018 16:13', 523, 0, '-x-', '2018041394', '2018-19', 'nitin', '0000-00-00 00:00:00', NULL, 1),
(395, '4/29/2018 16:13', 523, 0, '-x-', '2018041395', '2018-19', 'nitin', '0000-00-00 00:00:00', NULL, 1),
(396, '4/29/2018 16:13', 523, 0, '-x-', '2018041396', '2018-19', 'nitin', '0000-00-00 00:00:00', NULL, 1),
(397, '4/29/2018 16:13', 523, 0, '-x-', '2018041397', '2018-19', 'nitin', '0000-00-00 00:00:00', NULL, 1),
(398, '4/29/2018 16:13', 523, 0, '-x-', '2018041398', '2018-19', 'nitin', '0000-00-00 00:00:00', NULL, 1),
(399, '4/29/2018 16:13', 523, 0, '-x-', '2018041399', '2018-19', 'nitin', '0000-00-00 00:00:00', NULL, 1),
(400, '4/29/2018 16:13', 523, 0, '-x-', '2018041400', '2018-19', 'nitin', '0000-00-00 00:00:00', NULL, 1),
(401, '4/29/2018 16:13', 524, 0, '-x-', '2018041401', '2018-19', 'nitin', '0000-00-00 00:00:00', NULL, 1),
(402, '4/29/2018 16:13', 524, 0, '-x-', '2018041402', '2018-19', 'nitin', '0000-00-00 00:00:00', NULL, 1),
(403, '4/29/2018 16:13', 524, 0, '-x-', '2018041403', '2018-19', 'nitin', '0000-00-00 00:00:00', NULL, 1),
(404, '4/29/2018 16:13', 524, 0, '-x-', '2018041404', '2018-19', 'nitin', '0000-00-00 00:00:00', NULL, 1),
(405, '4/29/2018 16:13', 524, 0, '-x-', '2018041405', '2018-19', 'nitin', '0000-00-00 00:00:00', NULL, 1),
(406, '4/29/2018 16:13', 524, 0, '-x-', '2018041406', '2018-19', 'nitin', '0000-00-00 00:00:00', NULL, 1),
(407, '4/29/2018 16:13', 524, 0, '-x-', '2018041407', '2018-19', 'nitin', '0000-00-00 00:00:00', NULL, 1),
(408, '4/29/2018 16:13', 524, 0, '-x-', '2018041408', '2018-19', 'nitin', '0000-00-00 00:00:00', NULL, 1),
(409, '4/29/2018 16:13', 524, 0, '-x-', '2018041409', '2018-19', 'nitin', '0000-00-00 00:00:00', NULL, 1),
(410, '4/29/2018 16:13', 524, 0, '-x-', '2018041410', '2018-19', 'nitin', '0000-00-00 00:00:00', NULL, 1),
(411, '4/29/2018 16:13', 524, 0, '-x-', '2018041411', '2018-19', 'nitin', '0000-00-00 00:00:00', NULL, 1),
(412, '4/29/2018 16:13', 524, 0, '-x-', '2018041412', '2018-19', 'nitin', '0000-00-00 00:00:00', NULL, 1),
(413, '4/29/2018 16:13', 524, 0, '-x-', '2018041413', '2018-19', 'nitin', '0000-00-00 00:00:00', NULL, 1),
(414, '4/29/2018 16:13', 524, 0, '-x-', '2018041414', '2018-19', 'nitin', '0000-00-00 00:00:00', NULL, 1),
(415, '4/29/2018 16:13', 524, 0, '-x-', '2018041415', '2018-19', 'nitin', '0000-00-00 00:00:00', NULL, 1),
(416, '4/29/2018 16:13', 524, 0, '-x-', '2018041416', '2018-19', 'nitin', '0000-00-00 00:00:00', NULL, 1),
(417, '4/29/2018 16:13', 525, 0, '-x-', '2018041417', '2018-19', 'nitin', '0000-00-00 00:00:00', NULL, 1),
(418, '4/29/2018 16:13', 525, 0, '-x-', '2018041418', '2018-19', 'nitin', '0000-00-00 00:00:00', NULL, 1),
(419, '4/29/2018 16:13', 525, 0, '-x-', '2018041419', '2018-19', 'nitin', '0000-00-00 00:00:00', NULL, 1),
(420, '4/29/2018 16:13', 525, 0, '-x-', '2018041420', '2018-19', 'nitin', '0000-00-00 00:00:00', NULL, 1),
(421, '4/29/2018 16:13', 525, 0, '-x-', '2018041421', '2018-19', 'nitin', '0000-00-00 00:00:00', NULL, 1),
(422, '4/29/2018 16:13', 525, 0, '-x-', '2018041422', '2018-19', 'nitin', '0000-00-00 00:00:00', NULL, 1),
(423, '4/29/2018 16:13', 525, 0, '-x-', '2018041423', '2018-19', 'nitin', '0000-00-00 00:00:00', NULL, 1),
(424, '4/29/2018 16:13', 525, 0, '-x-', '2018041424', '2018-19', 'nitin', '0000-00-00 00:00:00', NULL, 1),
(425, '4/29/2018 16:13', 525, 0, '-x-', '2018041425', '2018-19', 'nitin', '0000-00-00 00:00:00', NULL, 1),
(426, '4/29/2018 16:13', 525, 0, '-x-', '2018041426', '2018-19', 'nitin', '0000-00-00 00:00:00', NULL, 1),
(427, '4/29/2018 16:13', 525, 0, '-x-', '2018041427', '2018-19', 'nitin', '0000-00-00 00:00:00', NULL, 1),
(428, '4/29/2018 16:13', 525, 0, '-x-', '2018041428', '2018-19', 'nitin', '0000-00-00 00:00:00', NULL, 1),
(429, '4/29/2018 16:13', 525, 0, '-x-', '2018041429', '2018-19', 'nitin', '0000-00-00 00:00:00', NULL, 1),
(430, '4/29/2018 16:13', 525, 0, '-x-', '2018041430', '2018-19', 'nitin', '0000-00-00 00:00:00', NULL, 1),
(431, '4/29/2018 16:13', 525, 0, '-x-', '2018041431', '2018-19', 'nitin', '0000-00-00 00:00:00', NULL, 1),
(432, '06-07-2018', 522, 0, '-x-', '2018070144', '2018-19', 'nitin', '2018-07-05 18:36:20', NULL, 1),
(434, '06-07-2019', 544, 0, '-x-', '2019070145', '2019-20', 'nitin', '2019-07-05 18:50:02', NULL, 1),
(435, '06-07-2019', 544, 0, '-x-', '2019070146', '2019-20', 'nitin', '2018-07-05 18:54:05', NULL, 1),
(436, '06-07-2018', 522, 0, '-x-', '2018070147', '2018-19', 'nitin', '2018-07-05 18:54:59', NULL, 1),
(437, '06-07-2018', 522, 0, '-x-', '2018070148', '2018-19', 'nitin', '2018-07-05 19:12:24', NULL, 1),
(438, '10-07-2018', 522, 0, '-x-', '2018070149', '2018-19', 'nitin', '2018-07-10 08:49:26', NULL, 1);

-- --------------------------------------------------------

--
-- Table structure for table `master_9_stud_address`
--

CREATE TABLE IF NOT EXISTS `master_9_stud_address` (
  `ADDRID` int(15) NOT NULL AUTO_INCREMENT,
  `STREET_1` text NOT NULL,
  `CITY_` varchar(25) NOT NULL,
  `PIN_` varchar(8) NOT NULL,
  `DISTT_` varchar(20) NOT NULL,
  `STATE_` varchar(50) NOT NULL,
  `COUNTRY_` varchar(25) NOT NULL,
  `DOC_` varchar(50) NOT NULL,
  `STATUS` tinyint(1) NOT NULL COMMENT 'TRUE/FALSE OR 1/0',
  `ADDRESS_STATUS` varchar(25) NOT NULL COMMENT 'PERMANENT/LG/CORRESPONDANCE',
  `regid` varchar(25) NOT NULL,
  `SESSID` varchar(20) NOT NULL,
  `USERNAME_` varchar(40) NOT NULL,
  `DATE_` timestamp NOT NULL DEFAULT CURRENT_TIMESTAMP,
  PRIMARY KEY (`ADDRID`),
  KEY `CITY_` (`CITY_`),
  KEY `regid` (`regid`),
  KEY `regid_2` (`regid`)
) ENGINE=InnoDB  DEFAULT CHARSET=utf8 AUTO_INCREMENT=877 ;

--
-- Dumping data for table `master_9_stud_address`
--

INSERT INTO `master_9_stud_address` (`ADDRID`, `STREET_1`, `CITY_`, `PIN_`, `DISTT_`, `STATE_`, `COUNTRY_`, `DOC_`, `STATUS`, `ADDRESS_STATUS`, `regid`, `SESSID`, `USERNAME_`, `DATE_`) VALUES
(1, 'Haripur Nayak', 'Haldwani', 'Nainital', '263139', 'UTTARAKHAND', 'India', '4/29/2018 16:13', 1, 'PERMANENT', '2018041001', '2018-19', 'nitin', '2018-06-29 07:11:15'),
(2, 'Bhagwanpur Bichla', 'Haldwani', 'Nainital', '263139', 'UTTARAKHAND', 'India', '4/29/2018 16:13', 1, 'PERMANENT', '2018041002', '2018-19', 'nitin', '2018-07-10 08:59:57'),
(3, 'Kamaluaganja', 'Haldwani', 'Nainital', '263139', 'UTTARAKHAND', 'India', '4/29/2018 16:13', 1, 'PERMANENT', '2018041003', '2018-19', 'nitin', '2018-07-10 12:28:30'),
(4, 'Haripur Nayak', 'Haldwani', '263139', 'Nainital', 'UTTARAKHAND', 'India', '4/29/2018 16:13', 1, 'PERMANENT', '2018041004', '2018-19', 'nitin', '2018-07-12 12:27:09'),
(5, 'Kamaluaganja', 'Haldwani', '263139', 'Nainital', 'UTTARAKHAND', 'India', '4/29/2018 16:13', 1, 'PERMANENT', '2018041005', '2018-19', 'nitin', '2018-07-10 20:49:28'),
(6, 'Himmatpur Talla', 'Haldwani', 'Nainital', '263139', 'Uttarakhand', 'India', '4/29/2018 16:13', 1, 'PERMANENT', '2018041006', '2018-19', 'nitin', '0000-00-00 00:00:00'),
(7, 'Himmatpur Talla', 'Haldwani', 'Nainital', '263139', 'Uttarakhand', 'India', '4/29/2018 16:13', 1, 'PERMANENT', '2018041007', '2018-19', 'nitin', '0000-00-00 00:00:00'),
(8, 'Govindpur Garwal', 'Haldwani', 'Nainital', '263139', 'Uttarakhand', 'India', '4/29/2018 16:13', 1, 'PERMANENT', '2018041008', '2018-19', 'nitin', '0000-00-00 00:00:00'),
(9, 'Kamaluaganja', 'Haldwani', 'Nainital', '263139', 'Uttarakhand', 'India', '4/29/2018 16:13', 1, 'PERMANENT', '2018041009', '2018-19', 'nitin', '0000-00-00 00:00:00'),
(10, 'Kusumkhera', 'Haldwani', 'Nainital', '263139', 'Uttarakhand', 'India', '4/29/2018 16:13', 1, 'PERMANENT', '2018041010', '2018-19', 'nitin', '0000-00-00 00:00:00'),
(11, 'Govindpur Garwal', 'Haldwani', 'Nainital', '263139', 'Uttarakhand', 'India', '4/29/2018 16:13', 1, 'PERMANENT', '2018041011', '2018-19', 'nitin', '0000-00-00 00:00:00'),
(12, 'Haripur Nayak', 'Haldwani', 'Nainital', '263139', 'Uttarakhand', 'India', '4/29/2018 16:13', 1, 'PERMANENT', '2018041012', '2018-19', 'nitin', '0000-00-00 00:00:00'),
(13, 'Bhagwanpur Bichla', 'Haldwani', 'Nainital', '263139', 'Uttarakhand', 'India', '4/29/2018 16:13', 1, 'PERMANENT', '2018041013', '2018-19', 'nitin', '0000-00-00 00:00:00'),
(14, 'Kamaluaganja', 'Haldwani', 'Nainital', '263139', 'Uttarakhand', 'India', '4/29/2018 16:13', 1, 'PERMANENT', '2018041014', '2018-19', 'nitin', '0000-00-00 00:00:00'),
(15, 'Gas Godam Road', 'Haldwani', 'Nainital', '263139', 'Uttarakhand', 'India', '4/29/2018 16:13', 1, 'PERMANENT', '2018041015', '2018-19', 'nitin', '0000-00-00 00:00:00'),
(16, 'Govindpur Garwal', 'Haldwani', 'Nainital', '263139', 'Uttarakhand', 'India', '4/29/2018 16:13', 1, 'PERMANENT', '2018041016', '2018-19', 'nitin', '0000-00-00 00:00:00'),
(17, 'Himmatpur Talla', 'Haldwani', 'Nainital', '263139', 'Uttarakhand', 'India', '4/29/2018 16:13', 1, 'PERMANENT', '2018041017', '2018-19', 'nitin', '0000-00-00 00:00:00'),
(18, 'Himmatpur Talla', 'Haldwani', 'Nainital', '263139', 'Uttarakhand', 'India', '4/29/2018 16:13', 1, 'PERMANENT', '2018041018', '2018-19', 'nitin', '0000-00-00 00:00:00'),
(19, 'Himmatpur Talla', 'Haldwani', 'Nainital', '263139', 'Uttarakhand', 'India', '4/29/2018 16:13', 1, 'PERMANENT', '2018041019', '2018-19', 'nitin', '0000-00-00 00:00:00'),
(20, 'Bithoriya No.1', 'Haldwani', 'Nainital', '263139', 'Uttarakhand', 'India', '4/29/2018 16:13', 1, 'PERMANENT', '2018041020', '2018-19', 'nitin', '0000-00-00 00:00:00'),
(21, 'Himmatpur Talla', 'Haldwani', 'Nainital', '263139', 'Uttarakhand', 'India', '4/29/2018 16:13', 1, 'PERMANENT', '2018041021', '2018-19', 'nitin', '0000-00-00 00:00:00'),
(22, 'Bhagwanpur Bichla', 'Haldwani', 'Nainital', '263139', 'Uttarakhand', 'India', '4/29/2018 16:13', 1, 'PERMANENT', '2018041022', '2018-19', 'nitin', '0000-00-00 00:00:00'),
(23, 'Bhagwanpur Talla', 'Haldwani', 'Nainital', '263139', 'Uttarakhand', 'India', '4/29/2018 16:13', 1, 'PERMANENT', '2018041023', '2018-19', 'nitin', '0000-00-00 00:00:00'),
(24, 'Himmatpur Talla', 'Haldwani', 'Nainital', '263139', 'Uttarakhand', 'India', '4/29/2018 16:13', 1, 'PERMANENT', '2018041024', '2018-19', 'nitin', '0000-00-00 00:00:00'),
(25, 'Bhagwanpur Talla', 'Haldwani', 'Nainital', '263139', 'Uttarakhand', 'India', '4/29/2018 16:13', 1, 'PERMANENT', '2018041025', '2018-19', 'nitin', '0000-00-00 00:00:00'),
(26, 'Himmatpur Talla', 'Haldwani', 'Nainital', '263139', 'Uttarakhand', 'India', '4/29/2018 16:13', 1, 'PERMANENT', '2018041026', '2018-19', 'nitin', '0000-00-00 00:00:00'),
(27, 'Bhagwanpur Talla', 'Haldwani', 'Nainital', '263139', 'Uttarakhand', 'India', '4/29/2018 16:13', 1, 'PERMANENT', '2018041027', '2018-19', 'nitin', '0000-00-00 00:00:00'),
(28, 'Himmatpur Talla', 'Haldwani', 'Nainital', '263139', 'Uttarakhand', 'India', '4/29/2018 16:13', 1, 'PERMANENT', '2018041028', '2018-19', 'nitin', '0000-00-00 00:00:00'),
(29, 'Haripur Nayak', 'Haldwani', 'Nainital', '263139', 'Uttarakhand', 'India', '4/29/2018 16:13', 1, 'PERMANENT', '2018041029', '2018-19', 'nitin', '0000-00-00 00:00:00'),
(30, 'Himmatpur Malla', 'Haldwani', 'Nainital', '263139', 'Uttarakhand', 'India', '4/29/2018 16:13', 1, 'PERMANENT', '2018041030', '2018-19', 'nitin', '0000-00-00 00:00:00'),
(31, 'Panpur, Kathgharia', 'Haldwani', 'Nainital', '263139', 'Uttarakhand', 'India', '4/29/2018 16:13', 1, 'PERMANENT', '2018041031', '2018-19', 'nitin', '0000-00-00 00:00:00'),
(32, 'Bhagwanpur', 'Haldwani', 'Nainital', '263139', 'Uttarakhand', 'India', '4/29/2018 16:13', 1, 'PERMANENT', '2018041032', '2018-19', 'nitin', '0000-00-00 00:00:00'),
(33, 'Haripur Nayak', 'Haldwani', 'Nainital', '263139', 'Uttarakhand', 'India', '4/29/2018 16:13', 1, 'PERMANENT', '2018041033', '2018-19', 'nitin', '0000-00-00 00:00:00'),
(34, 'Himmatpur Talla', 'Haldwani', 'Nainital', '263139', 'Uttarakhand', 'India', '4/29/2018 16:13', 1, 'PERMANENT', '2018041034', '2018-19', 'nitin', '0000-00-00 00:00:00'),
(35, 'Kamaluaganja', 'Haldwani', 'Nainital', '263139', 'Uttarakhand', 'India', '4/29/2018 16:13', 1, 'PERMANENT', '2018041035', '2018-19', 'nitin', '0000-00-00 00:00:00'),
(36, 'Girija Vihar', 'Haldwani', 'Nainital', '263139', 'Uttarakhand', 'India', '4/29/2018 16:13', 1, 'PERMANENT', '2018041036', '2018-19', 'nitin', '0000-00-00 00:00:00'),
(37, 'Narsingh Talla', 'Haldwani', 'Nainital', '263139', 'Uttarakhand', 'India', '4/29/2018 16:13', 1, 'PERMANENT', '2018041037', '2018-19', 'nitin', '0000-00-00 00:00:00'),
(38, 'Himmatpur Talla', 'Haldwani', 'Nainital', '263139', 'Uttarakhand', 'India', '4/29/2018 16:13', 1, 'PERMANENT', '2018041038', '2018-19', 'nitin', '0000-00-00 00:00:00'),
(39, 'Girija Vihar', 'Haldwani', 'Nainital', '263139', 'Uttarakhand', 'India', '4/29/2018 16:13', 1, 'PERMANENT', '2018041039', '2018-19', 'nitin', '0000-00-00 00:00:00'),
(40, 'RTO Road, Mangla Vihar', 'Haldwani', 'Nainital', '263139', 'Uttarakhand', 'India', '4/29/2018 16:13', 1, 'PERMANENT', '2018041040', '2018-19', 'nitin', '0000-00-00 00:00:00'),
(41, 'Himmatpur Talla Near trimurti mandir', 'Haldwani', 'Nainital', '263140', 'Uttarakhand', 'India', '4/29/2018 16:13', 1, 'PERMANENT', '2018041041', '2018-19', 'nitin', '0000-00-00 00:00:00'),
(42, 'Haripur Nayak', 'Haldwani', 'Nainital', '263139', 'UTTARAKHAND', 'India', '4/29/2018 16:13', 1, 'CORRESPONDANCE', '2018041001', '2018-19', 'nitin', '2018-06-29 07:11:15'),
(43, 'Bhagwanpur Bichla', 'Haldwani', 'Nainital', '263139', 'UTTARAKHAND', 'India', '4/29/2018 16:13', 1, 'CORRESPONDANCE', '2018041002', '2018-19', 'nitin', '2018-07-10 08:59:57'),
(44, 'Kamaluaganja', 'Haldwani', 'Nainital', '263139', 'UTTARAKHAND', 'India', '4/29/2018 16:13', 1, 'CORRESPONDANCE', '2018041003', '2018-19', 'nitin', '2018-07-10 12:28:30'),
(45, 'Haripur Nayak', 'Haldwani', 'Nainital', '263139', 'UTTARAKHAND', 'India', '4/29/2018 16:13', 1, 'CORRESPONDANCE', '2018041004', '2018-19', 'nitin', '2018-07-12 12:27:09'),
(46, 'Kamaluaganja', 'Haldwani', 'Nainital', '263139', 'UTTARAKHAND', 'India', '4/29/2018 16:13', 1, 'CORRESPONDANCE', '2018041005', '2018-19', 'nitin', '2018-07-10 20:49:28'),
(47, 'Himmatpur Talla', 'Haldwani', 'Nainital', '263139', 'Uttarakhand', 'India', '4/29/2018 16:13', 1, 'CORRESPONDANCE', '2018041006', '2018-19', 'nitin', '0000-00-00 00:00:00'),
(48, 'Himmatpur Talla', 'Haldwani', 'Nainital', '263139', 'Uttarakhand', 'India', '4/29/2018 16:13', 1, 'CORRESPONDANCE', '2018041007', '2018-19', 'nitin', '0000-00-00 00:00:00'),
(49, 'Govindpur Garwal', 'Haldwani', 'Nainital', '263139', 'Uttarakhand', 'India', '4/29/2018 16:13', 1, 'CORRESPONDANCE', '2018041008', '2018-19', 'nitin', '0000-00-00 00:00:00'),
(50, 'Kamaluaganja', 'Haldwani', 'Nainital', '263139', 'Uttarakhand', 'India', '4/29/2018 16:13', 1, 'CORRESPONDANCE', '2018041009', '2018-19', 'nitin', '0000-00-00 00:00:00'),
(51, 'Kusumkhera', 'Haldwani', 'Nainital', '263139', 'Uttarakhand', 'India', '4/29/2018 16:13', 1, 'CORRESPONDANCE', '2018041010', '2018-19', 'nitin', '0000-00-00 00:00:00'),
(52, 'Govindpur Garwal', 'Haldwani', 'Nainital', '263139', 'Uttarakhand', 'India', '4/29/2018 16:13', 1, 'CORRESPONDANCE', '2018041011', '2018-19', 'nitin', '0000-00-00 00:00:00'),
(53, 'Haripur Nayak', 'Haldwani', 'Nainital', '263139', 'Uttarakhand', 'India', '4/29/2018 16:13', 1, 'CORRESPONDANCE', '2018041012', '2018-19', 'nitin', '0000-00-00 00:00:00'),
(54, 'Bhagwanpur Bichla', 'Haldwani', 'Nainital', '263139', 'Uttarakhand', 'India', '4/29/2018 16:13', 1, 'CORRESPONDANCE', '2018041013', '2018-19', 'nitin', '0000-00-00 00:00:00'),
(55, 'Kamaluaganja', 'Haldwani', 'Nainital', '263139', 'Uttarakhand', 'India', '4/29/2018 16:13', 1, 'CORRESPONDANCE', '2018041014', '2018-19', 'nitin', '0000-00-00 00:00:00'),
(56, 'Gas Godam Road', 'Haldwani', 'Nainital', '263139', 'Uttarakhand', 'India', '4/29/2018 16:13', 1, 'CORRESPONDANCE', '2018041015', '2018-19', 'nitin', '0000-00-00 00:00:00'),
(57, 'Govindpur Garwal', 'Haldwani', 'Nainital', '263139', 'Uttarakhand', 'India', '4/29/2018 16:13', 1, 'CORRESPONDANCE', '2018041016', '2018-19', 'nitin', '0000-00-00 00:00:00'),
(58, 'Himmatpur Talla', 'Haldwani', 'Nainital', '263139', 'Uttarakhand', 'India', '4/29/2018 16:13', 1, 'CORRESPONDANCE', '2018041017', '2018-19', 'nitin', '0000-00-00 00:00:00'),
(59, 'Himmatpur Talla', 'Haldwani', 'Nainital', '263139', 'Uttarakhand', 'India', '4/29/2018 16:13', 1, 'CORRESPONDANCE', '2018041018', '2018-19', 'nitin', '0000-00-00 00:00:00'),
(60, 'Himmatpur Talla', 'Haldwani', 'Nainital', '263139', 'Uttarakhand', 'India', '4/29/2018 16:13', 1, 'CORRESPONDANCE', '2018041019', '2018-19', 'nitin', '0000-00-00 00:00:00'),
(61, 'Bithoriya No.1', 'Haldwani', 'Nainital', '263139', 'Uttarakhand', 'India', '4/29/2018 16:13', 1, 'CORRESPONDANCE', '2018041020', '2018-19', 'nitin', '0000-00-00 00:00:00'),
(62, 'Himmatpur Talla', 'Haldwani', 'Nainital', '263139', 'Uttarakhand', 'India', '4/29/2018 16:13', 1, 'CORRESPONDANCE', '2018041021', '2018-19', 'nitin', '0000-00-00 00:00:00'),
(63, 'Bhagwanpur Bichla', 'Haldwani', 'Nainital', '263139', 'Uttarakhand', 'India', '4/29/2018 16:13', 1, 'CORRESPONDANCE', '2018041022', '2018-19', 'nitin', '0000-00-00 00:00:00'),
(64, 'Bhagwanpur Talla', 'Haldwani', 'Nainital', '263139', 'Uttarakhand', 'India', '4/29/2018 16:13', 1, 'CORRESPONDANCE', '2018041023', '2018-19', 'nitin', '0000-00-00 00:00:00'),
(65, 'Himmatpur Talla', 'Haldwani', 'Nainital', '263139', 'Uttarakhand', 'India', '4/29/2018 16:13', 1, 'CORRESPONDANCE', '2018041024', '2018-19', 'nitin', '0000-00-00 00:00:00'),
(66, 'Bhagwanpur Talla', 'Haldwani', 'Nainital', '263139', 'Uttarakhand', 'India', '4/29/2018 16:13', 1, 'CORRESPONDANCE', '2018041025', '2018-19', 'nitin', '0000-00-00 00:00:00'),
(67, 'Himmatpur Talla', 'Haldwani', 'Nainital', '263139', 'Uttarakhand', 'India', '4/29/2018 16:13', 1, 'CORRESPONDANCE', '2018041026', '2018-19', 'nitin', '0000-00-00 00:00:00'),
(68, 'Bhagwanpur Talla', 'Haldwani', 'Nainital', '263139', 'Uttarakhand', 'India', '4/29/2018 16:13', 1, 'CORRESPONDANCE', '2018041027', '2018-19', 'nitin', '0000-00-00 00:00:00'),
(69, 'Himmatpur Talla', 'Haldwani', 'Nainital', '263139', 'Uttarakhand', 'India', '4/29/2018 16:13', 1, 'CORRESPONDANCE', '2018041028', '2018-19', 'nitin', '0000-00-00 00:00:00'),
(70, 'Haripur Nayak', 'Haldwani', 'Nainital', '263139', 'Uttarakhand', 'India', '4/29/2018 16:13', 1, 'CORRESPONDANCE', '2018041029', '2018-19', 'nitin', '0000-00-00 00:00:00'),
(71, 'Himmatpur Malla', 'Haldwani', 'Nainital', '263139', 'Uttarakhand', 'India', '4/29/2018 16:13', 1, 'CORRESPONDANCE', '2018041030', '2018-19', 'nitin', '0000-00-00 00:00:00'),
(72, 'Panpur, Kathgharia', 'Haldwani', 'Nainital', '263139', 'Uttarakhand', 'India', '4/29/2018 16:13', 1, 'CORRESPONDANCE', '2018041031', '2018-19', 'nitin', '0000-00-00 00:00:00'),
(73, 'Bhagwanpur', 'Haldwani', 'Nainital', '263139', 'Uttarakhand', 'India', '4/29/2018 16:13', 1, 'CORRESPONDANCE', '2018041032', '2018-19', 'nitin', '0000-00-00 00:00:00'),
(74, 'Haripur Nayak', 'Haldwani', 'Nainital', '263139', 'Uttarakhand', 'India', '4/29/2018 16:13', 1, 'CORRESPONDANCE', '2018041033', '2018-19', 'nitin', '0000-00-00 00:00:00'),
(75, 'Himmatpur Talla', 'Haldwani', 'Nainital', '263139', 'Uttarakhand', 'India', '4/29/2018 16:13', 1, 'CORRESPONDANCE', '2018041034', '2018-19', 'nitin', '0000-00-00 00:00:00'),
(76, 'Kamaluaganja', 'Haldwani', 'Nainital', '263139', 'Uttarakhand', 'India', '4/29/2018 16:13', 1, 'CORRESPONDANCE', '2018041035', '2018-19', 'nitin', '0000-00-00 00:00:00'),
(77, 'Girija Vihar', 'Haldwani', 'Nainital', '263139', 'Uttarakhand', 'India', '4/29/2018 16:13', 1, 'CORRESPONDANCE', '2018041036', '2018-19', 'nitin', '0000-00-00 00:00:00'),
(78, 'Narsingh Talla', 'Haldwani', 'Nainital', '263139', 'Uttarakhand', 'India', '4/29/2018 16:13', 1, 'CORRESPONDANCE', '2018041037', '2018-19', 'nitin', '0000-00-00 00:00:00'),
(79, 'Himmatpur Talla', 'Haldwani', 'Nainital', '263139', 'Uttarakhand', 'India', '4/29/2018 16:13', 1, 'CORRESPONDANCE', '2018041038', '2018-19', 'nitin', '0000-00-00 00:00:00'),
(80, 'Girija Vihar', 'Haldwani', 'Nainital', '263139', 'Uttarakhand', 'India', '4/29/2018 16:13', 1, 'CORRESPONDANCE', '2018041039', '2018-19', 'nitin', '0000-00-00 00:00:00'),
(81, 'RTO Road, Mangla Vihar', 'Haldwani', 'Nainital', '263139', 'Uttarakhand', 'India', '4/29/2018 16:13', 1, 'CORRESPONDANCE', '2018041040', '2018-19', 'nitin', '0000-00-00 00:00:00'),
(82, 'Himmatpur Talla Near trimurti mandir', 'Haldwani', 'Nainital', '263140', 'Uttarakhand', 'India', '4/29/2018 16:13', 1, 'CORRESPONDANCE', '2018041041', '2018-19', 'nitin', '0000-00-00 00:00:00'),
(83, 'Himmatpur Talla', 'Haldwani', '263139', 'Nainital', 'UTTARAKHAND', 'India', '4/29/2018 16:13', 1, 'PERMANENT', '2018041042', '2018-19', 'nitin', '2018-07-10 08:30:46'),
(84, 'Narsingh Talla', 'Haldwani', '263139', 'Nainital', 'UTTARAKHAND', 'India', '4/29/2018 16:13', 1, 'PERMANENT', '2018041043', '2018-19', 'nitin', '2018-07-10 14:02:12'),
(85, 'Haripur Nayak', 'Haldwani', 'Nainital', '263139', 'Uttarakhand', 'India', '4/29/2018 16:13', 1, 'PERMANENT', '2018041044', '2018-19', 'nitin', '0000-00-00 00:00:00'),
(86, 'Govindpur Garwal', 'Haldwani', 'Nainital', '263139', 'Uttarakhand', 'India', '4/29/2018 16:13', 1, 'PERMANENT', '2018041045', '2018-19', 'nitin', '0000-00-00 00:00:00'),
(87, 'Govindpur Garwal', 'Haldwani', 'Nainital', '263139', 'Uttarakhand', 'India', '4/29/2018 16:13', 1, 'PERMANENT', '2018041046', '2018-19', 'nitin', '0000-00-00 00:00:00'),
(88, 'Himmatpur Talla', 'Haldwani', 'Nainital', '263139', 'Uttarakhand', 'India', '4/29/2018 16:13', 1, 'PERMANENT', '2018041047', '2018-19', 'nitin', '0000-00-00 00:00:00'),
(89, 'Himmatpur Talla', 'Haldwani', 'Nainital', '263139', 'Uttarakhand', 'India', '4/29/2018 16:13', 1, 'PERMANENT', '2018041048', '2018-19', 'nitin', '0000-00-00 00:00:00'),
(90, 'Kamaluaganja', 'Haldwani', 'Nainital', '263139', 'Uttarakhand', 'India', '4/29/2018 16:13', 1, 'PERMANENT', '2018041049', '2018-19', 'nitin', '0000-00-00 00:00:00'),
(91, 'RTO Road', 'Haldwani', 'Nainital', '263139', 'Uttarakhand', 'India', '4/29/2018 16:13', 1, 'PERMANENT', '2018041050', '2018-19', 'nitin', '0000-00-00 00:00:00'),
(92, 'Bhagwanpur Talla', 'Haldwani', 'Nainital', '263139', 'Uttarakhand', 'India', '4/29/2018 16:13', 1, 'PERMANENT', '2018041051', '2018-19', 'nitin', '0000-00-00 00:00:00'),
(93, 'Himmatpur Talla', 'Haldwani', 'Nainital', '263139', 'Uttarakhand', 'India', '4/29/2018 16:13', 1, 'PERMANENT', '2018041052', '2018-19', 'nitin', '0000-00-00 00:00:00'),
(94, 'Bhagwanpur Talla', 'Haldwani', 'Nainital', '263139', 'Uttarakhand', 'India', '4/29/2018 16:13', 1, 'PERMANENT', '2018041053', '2018-19', 'nitin', '0000-00-00 00:00:00'),
(95, 'Kamaluaganja', 'Haldwani', 'Nainital', '263139', 'Uttarakhand', 'India', '4/29/2018 16:13', 1, 'PERMANENT', '2018041054', '2018-19', 'nitin', '0000-00-00 00:00:00'),
(96, 'Girija Vihar', 'Haldwani', 'Nainital', '263139', 'Uttarakhand', 'India', '4/29/2018 16:13', 1, 'PERMANENT', '2018041055', '2018-19', 'nitin', '0000-00-00 00:00:00'),
(97, 'Narsingh Talla', 'Haldwani', 'Nainital', '263139', 'Uttarakhand', 'India', '4/29/2018 16:13', 1, 'PERMANENT', '2018041056', '2018-19', 'nitin', '0000-00-00 00:00:00'),
(98, 'Bhagwanpur Bichala', 'Haldwani', 'Nainital', '263139', 'Uttarakhand', 'India', '4/29/2018 16:13', 1, 'PERMANENT', '2018041057', '2018-19', 'nitin', '0000-00-00 00:00:00'),
(99, 'Haripur Nayak', 'Haldwani', 'Nainital', '263139', 'Uttarakhand', 'India', '4/29/2018 16:13', 1, 'PERMANENT', '2018041058', '2018-19', 'nitin', '0000-00-00 00:00:00'),
(100, 'Himmatpur Talla', 'Haldwani', 'Nainital', '263139', 'Uttarakhand', 'India', '4/29/2018 16:13', 1, 'PERMANENT', '2018041059', '2018-19', 'nitin', '0000-00-00 00:00:00'),
(101, 'Himmatpur Talla', 'Haldwani', 'Nainital', '263139', 'Uttarakhand', 'India', '4/29/2018 16:13', 1, 'PERMANENT', '2018041060', '2018-19', 'nitin', '0000-00-00 00:00:00'),
(102, 'Bhagwanpur Talla', 'Haldwani', 'Nainital', '263139', 'Uttarakhand', 'India', '4/29/2018 16:13', 1, 'PERMANENT', '2018041061', '2018-19', 'nitin', '0000-00-00 00:00:00'),
(103, 'Bhagwanpur', 'Haldwani', 'Nainital', '263139', 'Uttarakhand', 'India', '4/29/2018 16:13', 1, 'PERMANENT', '2018041062', '2018-19', 'nitin', '0000-00-00 00:00:00'),
(104, 'Narayan Nagar', 'Haldwani', 'Nainital', '263139', 'Uttarakhand', 'India', '4/29/2018 16:13', 1, 'PERMANENT', '2018041063', '2018-19', 'nitin', '0000-00-00 00:00:00'),
(105, 'Bhagwanpur Bichala', 'Haldwani', 'Nainital', '263139', 'Uttarakhand', 'India', '4/29/2018 16:13', 1, 'PERMANENT', '2018041064', '2018-19', 'nitin', '0000-00-00 00:00:00'),
(106, 'Himmatpur Talla', 'Haldwani', 'Nainital', '263139', 'Uttarakhand', 'India', '4/29/2018 16:13', 1, 'PERMANENT', '2018041065', '2018-19', 'nitin', '0000-00-00 00:00:00'),
(107, 'Bhagwanpur Talla', 'Haldwani', 'Nainital', '263139', 'Uttarakhand', 'India', '4/29/2018 16:13', 1, 'PERMANENT', '2018041066', '2018-19', 'nitin', '0000-00-00 00:00:00'),
(108, 'Panpur Kathgharia', 'Haldwani', 'Nainital', '263139', 'Uttarakhand', 'India', '4/29/2018 16:13', 1, 'PERMANENT', '2018041067', '2018-19', 'nitin', '0000-00-00 00:00:00'),
(109, 'RTO Road', 'Haldwani', 'Nainital', '263139', 'Uttarakhand', 'India', '4/29/2018 16:13', 1, 'PERMANENT', '2018041068', '2018-19', 'nitin', '0000-00-00 00:00:00'),
(110, 'Himmatpur Talla', 'Haldwani', 'Nainital', '263139', 'Uttarakhand', 'India', '4/29/2018 16:13', 1, 'PERMANENT', '2018041069', '2018-19', 'nitin', '0000-00-00 00:00:00'),
(111, 'Himmatpur Talla', 'Haldwani', 'Nainital', '263139', 'UTTARAKHAND', 'India', '4/29/2018 16:13', 1, 'CORRESPONDANCE', '2018041042', '2018-19', 'nitin', '2018-07-10 08:30:46'),
(112, 'Narsingh Talla', 'Haldwani', 'Nainital', '263139', 'UTTARAKHAND', 'India', '4/29/2018 16:13', 1, 'CORRESPONDANCE', '2018041043', '2018-19', 'nitin', '2018-07-10 14:02:12'),
(113, 'Haripur Nayak', 'Haldwani', 'Nainital', '263139', 'Uttarakhand', 'India', '4/29/2018 16:13', 1, 'CORRESPONDANCE', '2018041044', '2018-19', 'nitin', '0000-00-00 00:00:00'),
(114, 'Govindpur Garwal', 'Haldwani', 'Nainital', '263139', 'Uttarakhand', 'India', '4/29/2018 16:13', 1, 'CORRESPONDANCE', '2018041045', '2018-19', 'nitin', '0000-00-00 00:00:00'),
(115, 'Govindpur Garwal', 'Haldwani', 'Nainital', '263139', 'Uttarakhand', 'India', '4/29/2018 16:13', 1, 'CORRESPONDANCE', '2018041046', '2018-19', 'nitin', '0000-00-00 00:00:00'),
(116, 'Himmatpur Talla', 'Haldwani', 'Nainital', '263139', 'Uttarakhand', 'India', '4/29/2018 16:13', 1, 'CORRESPONDANCE', '2018041047', '2018-19', 'nitin', '0000-00-00 00:00:00'),
(117, 'Himmatpur Talla', 'Haldwani', 'Nainital', '263139', 'Uttarakhand', 'India', '4/29/2018 16:13', 1, 'CORRESPONDANCE', '2018041048', '2018-19', 'nitin', '0000-00-00 00:00:00'),
(118, 'Kamaluaganja', 'Haldwani', 'Nainital', '263139', 'Uttarakhand', 'India', '4/29/2018 16:13', 1, 'CORRESPONDANCE', '2018041049', '2018-19', 'nitin', '0000-00-00 00:00:00'),
(119, 'RTO Road', 'Haldwani', 'Nainital', '263139', 'Uttarakhand', 'India', '4/29/2018 16:13', 1, 'CORRESPONDANCE', '2018041050', '2018-19', 'nitin', '0000-00-00 00:00:00'),
(120, 'Bhagwanpur Talla', 'Haldwani', 'Nainital', '263139', 'Uttarakhand', 'India', '4/29/2018 16:13', 1, 'CORRESPONDANCE', '2018041051', '2018-19', 'nitin', '0000-00-00 00:00:00'),
(121, 'Himmatpur Talla', 'Haldwani', 'Nainital', '263139', 'Uttarakhand', 'India', '4/29/2018 16:13', 1, 'CORRESPONDANCE', '2018041052', '2018-19', 'nitin', '0000-00-00 00:00:00'),
(122, 'Bhagwanpur Talla', 'Haldwani', 'Nainital', '263139', 'Uttarakhand', 'India', '4/29/2018 16:13', 1, 'CORRESPONDANCE', '2018041053', '2018-19', 'nitin', '0000-00-00 00:00:00'),
(123, 'Kamaluaganja', 'Haldwani', 'Nainital', '263139', 'Uttarakhand', 'India', '4/29/2018 16:13', 1, 'CORRESPONDANCE', '2018041054', '2018-19', 'nitin', '0000-00-00 00:00:00'),
(124, 'Girija Vihar', 'Haldwani', 'Nainital', '263139', 'Uttarakhand', 'India', '4/29/2018 16:13', 1, 'CORRESPONDANCE', '2018041055', '2018-19', 'nitin', '0000-00-00 00:00:00'),
(125, 'Narsingh Talla', 'Haldwani', 'Nainital', '263139', 'Uttarakhand', 'India', '4/29/2018 16:13', 1, 'CORRESPONDANCE', '2018041056', '2018-19', 'nitin', '0000-00-00 00:00:00'),
(126, 'Bhagwanpur Bichala', 'Haldwani', 'Nainital', '263139', 'Uttarakhand', 'India', '4/29/2018 16:13', 1, 'CORRESPONDANCE', '2018041057', '2018-19', 'nitin', '0000-00-00 00:00:00'),
(127, 'Haripur Nayak', 'Haldwani', 'Nainital', '263139', 'Uttarakhand', 'India', '4/29/2018 16:13', 1, 'CORRESPONDANCE', '2018041058', '2018-19', 'nitin', '0000-00-00 00:00:00'),
(128, 'Himmatpur Talla', 'Haldwani', 'Nainital', '263139', 'Uttarakhand', 'India', '4/29/2018 16:13', 1, 'CORRESPONDANCE', '2018041059', '2018-19', 'nitin', '0000-00-00 00:00:00'),
(129, 'Himmatpur Talla', 'Haldwani', 'Nainital', '263139', 'Uttarakhand', 'India', '4/29/2018 16:13', 1, 'CORRESPONDANCE', '2018041060', '2018-19', 'nitin', '0000-00-00 00:00:00'),
(130, 'Bhagwanpur Talla', 'Haldwani', 'Nainital', '263139', 'Uttarakhand', 'India', '4/29/2018 16:13', 1, 'CORRESPONDANCE', '2018041061', '2018-19', 'nitin', '0000-00-00 00:00:00'),
(131, 'Bhagwanpur', 'Haldwani', 'Nainital', '263139', 'Uttarakhand', 'India', '4/29/2018 16:13', 1, 'CORRESPONDANCE', '2018041062', '2018-19', 'nitin', '0000-00-00 00:00:00'),
(132, 'Narayan Nagar', 'Haldwani', 'Nainital', '263139', 'Uttarakhand', 'India', '4/29/2018 16:13', 1, 'CORRESPONDANCE', '2018041063', '2018-19', 'nitin', '0000-00-00 00:00:00'),
(133, 'Bhagwanpur Bichala', 'Haldwani', 'Nainital', '263139', 'Uttarakhand', 'India', '4/29/2018 16:13', 1, 'CORRESPONDANCE', '2018041064', '2018-19', 'nitin', '0000-00-00 00:00:00'),
(134, 'Himmatpur Talla', 'Haldwani', 'Nainital', '263139', 'Uttarakhand', 'India', '4/29/2018 16:13', 1, 'CORRESPONDANCE', '2018041065', '2018-19', 'nitin', '0000-00-00 00:00:00'),
(135, 'Bhagwanpur Talla', 'Haldwani', 'Nainital', '263139', 'Uttarakhand', 'India', '4/29/2018 16:13', 1, 'CORRESPONDANCE', '2018041066', '2018-19', 'nitin', '0000-00-00 00:00:00'),
(136, 'Panpur Kathgharia', 'Haldwani', 'Nainital', '263139', 'Uttarakhand', 'India', '4/29/2018 16:13', 1, 'CORRESPONDANCE', '2018041067', '2018-19', 'nitin', '0000-00-00 00:00:00'),
(137, 'RTO Road', 'Haldwani', 'Nainital', '263139', 'Uttarakhand', 'India', '4/29/2018 16:13', 1, 'CORRESPONDANCE', '2018041068', '2018-19', 'nitin', '0000-00-00 00:00:00'),
(138, 'Himmatpur Talla', 'Haldwani', 'Nainital', '263139', 'Uttarakhand', 'India', '4/29/2018 16:13', 1, 'CORRESPONDANCE', '2018041069', '2018-19', 'nitin', '0000-00-00 00:00:00'),
(139, 'Narsingh Talla Haldwani', 'Haldwani', 'Nainital', '263139', 'Uttarakhand', 'India', '4/29/2018 16:13', 1, 'PERMANENT', '2018041070', '2018-19', 'nitin', '0000-00-00 00:00:00'),
(140, 'Himmatpur Talla Haldwani', 'Haldwani', 'Nainital', '263139', 'Uttarakhand', 'India', '4/29/2018 16:13', 1, 'PERMANENT', '2018041071', '2018-19', 'nitin', '0000-00-00 00:00:00'),
(141, 'Haripur Nayak Haldwani', 'Haldwani', 'Nainital', '263139', 'Uttarakhand', 'India', '4/29/2018 16:13', 1, 'PERMANENT', '2018041072', '2018-19', 'nitin', '0000-00-00 00:00:00'),
(142, 'Haripur Nayak Haldwani', 'Haldwani', 'Nainital', '263139', 'Uttarakhand', 'India', '4/29/2018 16:13', 1, 'PERMANENT', '2018041073', '2018-19', 'nitin', '0000-00-00 00:00:00'),
(143, 'Jawahar Jyoti Haldwani', 'Haldwani', 'Nainital', '263139', 'Uttarakhand', 'India', '4/29/2018 16:13', 1, 'PERMANENT', '2018041074', '2018-19', 'nitin', '0000-00-00 00:00:00'),
(144, 'Himmatpur Talla Haldwani', 'Haldwani', 'Nainital', '263139', 'Uttarakhand', 'India', '4/29/2018 16:13', 1, 'PERMANENT', '2018041075', '2018-19', 'nitin', '0000-00-00 00:00:00'),
(145, 'Bhagwanpur Haldwani', 'Haldwani', 'Nainital', '263139', 'Uttarakhand', 'India', '4/29/2018 16:13', 1, 'PERMANENT', '2018041076', '2018-19', 'nitin', '0000-00-00 00:00:00'),
(146, 'Haripur Nayak Haldwani', 'Haldwani', 'Nainital', '263139', 'Uttarakhand', 'India', '4/29/2018 16:13', 1, 'PERMANENT', '2018041077', '2018-19', 'nitin', '0000-00-00 00:00:00'),
(147, 'Girija Vihar Haldwani', 'Haldwani', 'Nainital', '263139', 'Uttarakhand', 'India', '4/29/2018 16:13', 1, 'PERMANENT', '2018041078', '2018-19', 'nitin', '0000-00-00 00:00:00'),
(148, 'Govindpur Garhwal', 'Haldwani', 'Nainital', '263139', 'Uttarakhand', 'India', '4/29/2018 16:13', 1, 'PERMANENT', '2018041079', '2018-19', 'nitin', '0000-00-00 00:00:00'),
(149, 'Himmatpur Talla Haldwani', 'Haldwani', 'Nainital', '263139', 'Uttarakhand', 'India', '4/29/2018 16:13', 1, 'PERMANENT', '2018041080', '2018-19', 'nitin', '0000-00-00 00:00:00'),
(150, 'Haripur Nayak Haldwani', 'Haldwani', 'Nainital', '263139', 'Uttarakhand', 'India', '4/29/2018 16:13', 1, 'PERMANENT', '2018041081', '2018-19', 'nitin', '0000-00-00 00:00:00'),
(151, 'Govindpur Garwal', 'Haldwani', 'Nainital', '263139', 'Uttarakhand', 'India', '4/29/2018 16:13', 1, 'PERMANENT', '2018041082', '2018-19', 'nitin', '0000-00-00 00:00:00'),
(152, 'Girija Vihar Haldwani', 'Haldwani', 'Nainital', '263139', 'Uttarakhand', 'India', '4/29/2018 16:13', 1, 'PERMANENT', '2018041083', '2018-19', 'nitin', '0000-00-00 00:00:00'),
(153, 'Bhagwanpur Haldwani', 'Haldwani', 'Nainital', '263139', 'Uttarakhand', 'India', '4/29/2018 16:13', 1, 'PERMANENT', '2018041084', '2018-19', 'nitin', '0000-00-00 00:00:00'),
(154, 'Himmatpur Talla Haldwani', 'Haldwani', 'Nainital', '263139', 'Uttarakhand', 'India', '4/29/2018 16:13', 1, 'PERMANENT', '2018041085', '2018-19', 'nitin', '0000-00-00 00:00:00'),
(155, 'Girija Vihar Haldwani', 'Haldwani', 'Nainital', '263139', 'Uttarakhand', 'India', '4/29/2018 16:13', 1, 'PERMANENT', '2018041086', '2018-19', 'nitin', '0000-00-00 00:00:00'),
(156, 'Chhariyal Nayak Haldwani', 'Haldwani', 'Nainital', '263139', 'Uttarakhand', 'India', '4/29/2018 16:13', 1, 'PERMANENT', '2018041087', '2018-19', 'nitin', '0000-00-00 00:00:00'),
(157, 'Kamalwaganja Haldwani', 'Haldwani', 'Nainital', '263139', 'Uttarakhand', 'India', '4/29/2018 16:13', 1, 'PERMANENT', '2018041088', '2018-19', 'nitin', '0000-00-00 00:00:00'),
(158, 'Bhagwanpur Bichla, Haldwani', 'Haldwani', 'Nainital', '263139', 'Uttarakhand', 'India', '4/29/2018 16:13', 1, 'PERMANENT', '2018041089', '2018-19', 'nitin', '0000-00-00 00:00:00'),
(159, 'Girija Vihar Haldwani', 'Haldwani', 'Nainital', '263139', 'Uttarakhand', 'India', '4/29/2018 16:13', 1, 'PERMANENT', '2018041090', '2018-19', 'nitin', '0000-00-00 00:00:00'),
(160, 'kamalwaganja Govindpur garhwal Haldwani', 'Haldwani', 'Nainital', '263139', 'Uttarakhand', 'India', '4/29/2018 16:13', 1, 'PERMANENT', '2018041091', '2018-19', 'nitin', '0000-00-00 00:00:00'),
(161, 'Govindpur Garwal', 'Haldwani', 'Nainital', '263139', 'Uttarakhand', 'India', '4/29/2018 16:13', 1, 'PERMANENT', '2018041092', '2018-19', 'nitin', '0000-00-00 00:00:00'),
(162, 'Himmatpur Talla Haldwani', 'Haldwani', 'Nainital', '263139', 'Uttarakhand', 'India', '4/29/2018 16:13', 1, 'PERMANENT', '2018041093', '2018-19', 'nitin', '0000-00-00 00:00:00'),
(163, 'Narsingh Talla Haldwani', 'Haldwani', 'Nainital', '263139', 'Uttarakhand', 'India', '4/29/2018 16:13', 1, 'PERMANENT', '2018041094', '2018-19', 'nitin', '0000-00-00 00:00:00'),
(164, 'Himmatpur Talla Haldwani', 'Haldwani', 'Nainital', '263139', 'Uttarakhand', 'India', '4/29/2018 16:13', 1, 'PERMANENT', '2018041095', '2018-19', 'nitin', '0000-00-00 00:00:00'),
(165, 'Bhagwanpur Haldwani', 'Haldwani', 'Nainital', '263139', 'Uttarakhand', 'India', '4/29/2018 16:13', 1, 'PERMANENT', '2018041096', '2018-19', 'nitin', '0000-00-00 00:00:00'),
(166, 'Govindpur Garwal', 'Haldwani', 'Nainital', '263139', 'Uttarakhand', 'India', '4/29/2018 16:13', 1, 'PERMANENT', '2018041097', '2018-19', 'nitin', '0000-00-00 00:00:00'),
(167, 'Bhagwanpur Talla Haldwani', 'Haldwani', 'Nainital', '263139', 'Uttarakhand', 'India', '4/29/2018 16:13', 1, 'PERMANENT', '2018041098', '2018-19', 'nitin', '0000-00-00 00:00:00'),
(168, 'Bharatpur No. 1 Kamalwaganja', 'Haldwani', 'Nainital', '263139', 'Uttarakhand', 'India', '4/29/2018 16:13', 1, 'PERMANENT', '2018041099', '2018-19', 'nitin', '0000-00-00 00:00:00'),
(169, 'Bhagwanpur Malla Haldwani', 'Haldwani', 'Nainital', '263139', 'Uttarakhand', 'India', '4/29/2018 16:13', 1, 'PERMANENT', '2018041100', '2018-19', 'nitin', '0000-00-00 00:00:00'),
(170, 'Kamalwaganja Haldwani', 'Haldwani', 'Nainital', '263139', 'Uttarakhand', 'India', '4/29/2018 16:13', 1, 'PERMANENT', '2018041101', '2018-19', 'nitin', '0000-00-00 00:00:00'),
(171, 'Lohariyasal Malla', 'Haldwani', 'Nainital', '263139', 'Uttarakhand', 'India', '4/29/2018 16:13', 1, 'PERMANENT', '2018041102', '2018-19', 'nitin', '0000-00-00 00:00:00'),
(172, 'Vasudevpuram, RTO Road', 'Haldwani', 'Nainital', '263139', 'Uttarakhand', 'India', '4/29/2018 16:13', 1, 'PERMANENT', '2018041103', '2018-19', 'nitin', '0000-00-00 00:00:00'),
(173, 'Govindpur Garwal', 'Haldwani', 'Nainital', '263139', 'Uttarakhand', 'India', '4/29/2018 16:13', 1, 'PERMANENT', '2018041104', '2018-19', 'nitin', '0000-00-00 00:00:00'),
(174, 'Bhagwanpur', 'Haldwani', 'Nainital', '263139', 'Uttarakhand', 'India', '4/29/2018 16:13', 1, 'PERMANENT', '2018041105', '2018-19', 'nitin', '0000-00-00 00:00:00'),
(175, 'Haripur Nayak ', 'Haldwani', 'Nainital', '263139', 'Uttarakhand', 'India', '4/29/2018 16:13', 1, 'PERMANENT', '2018041106', '2018-19', 'nitin', '0000-00-00 00:00:00'),
(176, 'Girija Vihar Haldwani', 'Haldwani', 'Nainital', '263139', 'Uttarakhand', 'India', '4/29/2018 16:13', 1, 'PERMANENT', '2018041107', '2018-19', 'nitin', '0000-00-00 00:00:00'),
(177, 'Govindpur Garwal', 'Haldwani', 'Nainital', '263139', 'Uttarakhand', 'India', '4/29/2018 16:13', 1, 'PERMANENT', '2018041108', '2018-19', 'nitin', '0000-00-00 00:00:00'),
(178, 'RTO Road', 'Haldwani', 'Nainital', '263139', 'Uttarakhand', 'India', '4/29/2018 16:13', 1, 'PERMANENT', '2018041109', '2018-19', 'nitin', '0000-00-00 00:00:00'),
(179, 'Narsingh Talla Haldwani', 'Haldwani', 'Nainital', '263139', 'Uttarakhand', 'India', '4/29/2018 16:13', 1, 'CORRESPONDANCE', '2018041070', '2018-19', 'nitin', '0000-00-00 00:00:00'),
(180, 'Himmatpur Talla Haldwani', 'Haldwani', 'Nainital', '263139', 'Uttarakhand', 'India', '4/29/2018 16:13', 1, 'CORRESPONDANCE', '2018041071', '2018-19', 'nitin', '0000-00-00 00:00:00'),
(181, 'Haripur Nayak Haldwani', 'Haldwani', 'Nainital', '263139', 'Uttarakhand', 'India', '4/29/2018 16:13', 1, 'CORRESPONDANCE', '2018041072', '2018-19', 'nitin', '0000-00-00 00:00:00'),
(182, 'Haripur Nayak Haldwani', 'Haldwani', 'Nainital', '263139', 'Uttarakhand', 'India', '4/29/2018 16:13', 1, 'CORRESPONDANCE', '2018041073', '2018-19', 'nitin', '0000-00-00 00:00:00'),
(183, 'Jawahar Jyoti Haldwani', 'Haldwani', 'Nainital', '263139', 'Uttarakhand', 'India', '4/29/2018 16:13', 1, 'CORRESPONDANCE', '2018041074', '2018-19', 'nitin', '0000-00-00 00:00:00'),
(184, 'Himmatpur Talla Haldwani', 'Haldwani', 'Nainital', '263139', 'Uttarakhand', 'India', '4/29/2018 16:13', 1, 'CORRESPONDANCE', '2018041075', '2018-19', 'nitin', '0000-00-00 00:00:00'),
(185, 'Bhagwanpur Haldwani', 'Haldwani', 'Nainital', '263139', 'Uttarakhand', 'India', '4/29/2018 16:13', 1, 'CORRESPONDANCE', '2018041076', '2018-19', 'nitin', '0000-00-00 00:00:00'),
(186, 'Haripur Nayak Haldwani', 'Haldwani', 'Nainital', '263139', 'Uttarakhand', 'India', '4/29/2018 16:13', 1, 'CORRESPONDANCE', '2018041077', '2018-19', 'nitin', '0000-00-00 00:00:00'),
(187, 'Girija Vihar Haldwani', 'Haldwani', 'Nainital', '263139', 'Uttarakhand', 'India', '4/29/2018 16:13', 1, 'CORRESPONDANCE', '2018041078', '2018-19', 'nitin', '0000-00-00 00:00:00'),
(188, 'Govindpur Garhwal', 'Haldwani', 'Nainital', '263139', 'Uttarakhand', 'India', '4/29/2018 16:13', 1, 'CORRESPONDANCE', '2018041079', '2018-19', 'nitin', '0000-00-00 00:00:00'),
(189, 'Himmatpur Talla Haldwani', 'Haldwani', 'Nainital', '263139', 'Uttarakhand', 'India', '4/29/2018 16:13', 1, 'CORRESPONDANCE', '2018041080', '2018-19', 'nitin', '0000-00-00 00:00:00'),
(190, 'Haripur Nayak Haldwani', 'Haldwani', 'Nainital', '263139', 'Uttarakhand', 'India', '4/29/2018 16:13', 1, 'CORRESPONDANCE', '2018041081', '2018-19', 'nitin', '0000-00-00 00:00:00'),
(191, 'Govindpur Garwal', 'Haldwani', 'Nainital', '263139', 'Uttarakhand', 'India', '4/29/2018 16:13', 1, 'CORRESPONDANCE', '2018041082', '2018-19', 'nitin', '0000-00-00 00:00:00'),
(192, 'Girija Vihar Haldwani', 'Haldwani', 'Nainital', '263139', 'Uttarakhand', 'India', '4/29/2018 16:13', 1, 'CORRESPONDANCE', '2018041083', '2018-19', 'nitin', '0000-00-00 00:00:00'),
(193, 'Bhagwanpur Haldwani', 'Haldwani', 'Nainital', '263139', 'Uttarakhand', 'India', '4/29/2018 16:13', 1, 'CORRESPONDANCE', '2018041084', '2018-19', 'nitin', '0000-00-00 00:00:00'),
(194, 'Himmatpur Talla Haldwani', 'Haldwani', 'Nainital', '263139', 'Uttarakhand', 'India', '4/29/2018 16:13', 1, 'CORRESPONDANCE', '2018041085', '2018-19', 'nitin', '0000-00-00 00:00:00'),
(195, 'Girija Vihar Haldwani', 'Haldwani', 'Nainital', '263139', 'Uttarakhand', 'India', '4/29/2018 16:13', 1, 'CORRESPONDANCE', '2018041086', '2018-19', 'nitin', '0000-00-00 00:00:00'),
(196, 'Chhariyal Nayak Haldwani', 'Haldwani', 'Nainital', '263139', 'Uttarakhand', 'India', '4/29/2018 16:13', 1, 'CORRESPONDANCE', '2018041087', '2018-19', 'nitin', '0000-00-00 00:00:00'),
(197, 'Kamalwaganja Haldwani', 'Haldwani', 'Nainital', '263139', 'Uttarakhand', 'India', '4/29/2018 16:13', 1, 'CORRESPONDANCE', '2018041088', '2018-19', 'nitin', '0000-00-00 00:00:00'),
(198, 'Bhagwanpur Bichla, Haldwani', 'Haldwani', 'Nainital', '263139', 'Uttarakhand', 'India', '4/29/2018 16:13', 1, 'CORRESPONDANCE', '2018041089', '2018-19', 'nitin', '0000-00-00 00:00:00'),
(199, 'Girija Vihar Haldwani', 'Haldwani', 'Nainital', '263139', 'Uttarakhand', 'India', '4/29/2018 16:13', 1, 'CORRESPONDANCE', '2018041090', '2018-19', 'nitin', '0000-00-00 00:00:00'),
(200, 'kamalwaganja Govindpur garhwal Haldwani', 'Haldwani', 'Nainital', '263139', 'Uttarakhand', 'India', '4/29/2018 16:13', 1, 'CORRESPONDANCE', '2018041091', '2018-19', 'nitin', '0000-00-00 00:00:00'),
(201, 'Govindpur Garwal', 'Haldwani', 'Nainital', '263139', 'Uttarakhand', 'India', '4/29/2018 16:13', 1, 'CORRESPONDANCE', '2018041092', '2018-19', 'nitin', '0000-00-00 00:00:00'),
(202, 'Himmatpur Talla Haldwani', 'Haldwani', 'Nainital', '263139', 'Uttarakhand', 'India', '4/29/2018 16:13', 1, 'CORRESPONDANCE', '2018041093', '2018-19', 'nitin', '0000-00-00 00:00:00'),
(203, 'Narsingh Talla Haldwani', 'Haldwani', 'Nainital', '263139', 'Uttarakhand', 'India', '4/29/2018 16:13', 1, 'CORRESPONDANCE', '2018041094', '2018-19', 'nitin', '0000-00-00 00:00:00'),
(204, 'Himmatpur Talla Haldwani', 'Haldwani', 'Nainital', '263139', 'Uttarakhand', 'India', '4/29/2018 16:13', 1, 'CORRESPONDANCE', '2018041095', '2018-19', 'nitin', '0000-00-00 00:00:00'),
(205, 'Bhagwanpur Haldwani', 'Haldwani', 'Nainital', '263139', 'Uttarakhand', 'India', '4/29/2018 16:13', 1, 'CORRESPONDANCE', '2018041096', '2018-19', 'nitin', '0000-00-00 00:00:00'),
(206, 'Govindpur Garwal', 'Haldwani', 'Nainital', '263139', 'Uttarakhand', 'India', '4/29/2018 16:13', 1, 'CORRESPONDANCE', '2018041097', '2018-19', 'nitin', '0000-00-00 00:00:00'),
(207, 'Bhagwanpur Talla Haldwani', 'Haldwani', 'Nainital', '263139', 'Uttarakhand', 'India', '4/29/2018 16:13', 1, 'CORRESPONDANCE', '2018041098', '2018-19', 'nitin', '0000-00-00 00:00:00'),
(208, 'Bharatpur No. 1 Kamalwaganja', 'Haldwani', 'Nainital', '263139', 'Uttarakhand', 'India', '4/29/2018 16:13', 1, 'CORRESPONDANCE', '2018041099', '2018-19', 'nitin', '0000-00-00 00:00:00'),
(209, 'Bhagwanpur Malla Haldwani', 'Haldwani', 'Nainital', '263139', 'Uttarakhand', 'India', '4/29/2018 16:13', 1, 'CORRESPONDANCE', '2018041100', '2018-19', 'nitin', '0000-00-00 00:00:00'),
(210, 'Kamalwaganja Haldwani', 'Haldwani', 'Nainital', '263139', 'Uttarakhand', 'India', '4/29/2018 16:13', 1, 'CORRESPONDANCE', '2018041101', '2018-19', 'nitin', '0000-00-00 00:00:00'),
(211, 'Lohariyasal Malla', 'Haldwani', 'Nainital', '263139', 'Uttarakhand', 'India', '4/29/2018 16:13', 1, 'CORRESPONDANCE', '2018041102', '2018-19', 'nitin', '0000-00-00 00:00:00'),
(212, 'Vasudevpuram, RTO Road', 'Haldwani', 'Nainital', '263139', 'Uttarakhand', 'India', '4/29/2018 16:13', 1, 'CORRESPONDANCE', '2018041103', '2018-19', 'nitin', '0000-00-00 00:00:00'),
(213, 'Govindpur Garwal', 'Haldwani', 'Nainital', '263139', 'Uttarakhand', 'India', '4/29/2018 16:13', 1, 'CORRESPONDANCE', '2018041104', '2018-19', 'nitin', '0000-00-00 00:00:00'),
(214, 'Bhagwanpur', 'Haldwani', 'Nainital', '263139', 'Uttarakhand', 'India', '4/29/2018 16:13', 1, 'CORRESPONDANCE', '2018041105', '2018-19', 'nitin', '0000-00-00 00:00:00'),
(215, 'Haripur Nayak ', 'Haldwani', 'Nainital', '263139', 'Uttarakhand', 'India', '4/29/2018 16:13', 1, 'CORRESPONDANCE', '2018041106', '2018-19', 'nitin', '0000-00-00 00:00:00'),
(216, 'Girija Vihar Haldwani', 'Haldwani', 'Nainital', '263139', 'Uttarakhand', 'India', '4/29/2018 16:13', 1, 'CORRESPONDANCE', '2018041107', '2018-19', 'nitin', '0000-00-00 00:00:00'),
(217, 'Govindpur Garwal', 'Haldwani', 'Nainital', '263139', 'Uttarakhand', 'India', '4/29/2018 16:13', 1, 'CORRESPONDANCE', '2018041108', '2018-19', 'nitin', '0000-00-00 00:00:00'),
(218, 'RTO Road', 'Haldwani', 'Nainital', '263139', 'Uttarakhand', 'India', '4/29/2018 16:13', 1, 'CORRESPONDANCE', '2018041109', '2018-19', 'nitin', '0000-00-00 00:00:00'),
(219, 'Govindpur Garwal', 'Haldwani', 'Nainital', '263139', 'Uttarakhand', 'India', '4/29/2018 16:13', 1, 'PERMANENT', '2018041110', '2018-19', 'nitin', '0000-00-00 00:00:00'),
(220, 'Girija Vihar Haldwani', 'Haldwani', 'Nainital', '263139', 'Uttarakhand', 'India', '4/29/2018 16:13', 1, 'PERMANENT', '2018041111', '2018-19', 'nitin', '0000-00-00 00:00:00'),
(221, 'Kamalwaganja Kathgharia Road Haldwani', 'Haldwani', 'Nainital', '263139', 'Uttarakhand', 'India', '4/29/2018 16:13', 1, 'PERMANENT', '2018041112', '2018-19', 'nitin', '0000-00-00 00:00:00'),
(222, 'Narayan Nagar Haldwani', 'Haldwani', 'Nainital', '263139', 'Uttarakhand', 'India', '4/29/2018 16:13', 1, 'PERMANENT', '2018041113', '2018-19', 'nitin', '0000-00-00 00:00:00'),
(223, 'Girija Vihar Haldwani', 'Haldwani', 'Nainital', '263139', 'Uttarakhand', 'India', '4/29/2018 16:13', 1, 'PERMANENT', '2018041114', '2018-19', 'nitin', '0000-00-00 00:00:00'),
(224, 'Jawahar jyoti Haldwani', 'Haldwani', 'Nainital', '263139', 'Uttarakhand', 'India', '4/29/2018 16:13', 1, 'PERMANENT', '2018041115', '2018-19', 'nitin', '0000-00-00 00:00:00'),
(225, 'Jawahar jyoti Haldwani', 'Haldwani', 'Nainital', '263139', 'Uttarakhand', 'India', '4/29/2018 16:13', 1, 'PERMANENT', '2018041116', '2018-19', 'nitin', '0000-00-00 00:00:00'),
(226, 'Himmatpur talla Haldwani', 'Haldwani', 'Nainital', '263139', 'Uttarakhand', 'India', '4/29/2018 16:13', 1, 'PERMANENT', '2018041117', '2018-19', 'nitin', '0000-00-00 00:00:00'),
(227, 'Govindpur Haldwani', 'Haldwani', 'Nainital', '263139', 'Uttarakhand', 'India', '4/29/2018 16:13', 1, 'PERMANENT', '2018041118', '2018-19', 'nitin', '0000-00-00 00:00:00'),
(228, 'Bhagwanpur Talla Haldwani', 'Haldwani', 'Nainital', '263139', 'Uttarakhand', 'India', '4/29/2018 16:13', 1, 'PERMANENT', '2018041119', '2018-19', 'nitin', '0000-00-00 00:00:00'),
(229, 'Govindpur Garhwal Haldwani', 'Haldwani', 'Nainital', '263139', 'Uttarakhand', 'India', '4/29/2018 16:13', 1, 'PERMANENT', '2018041120', '2018-19', 'nitin', '0000-00-00 00:00:00'),
(230, 'Jaidevpur Haldwani', 'Haldwani', 'Nainital', '263139', 'Uttarakhand', 'India', '4/29/2018 16:13', 1, 'PERMANENT', '2018041121', '2018-19', 'nitin', '0000-00-00 00:00:00'),
(231, 'Girija Vihar Haldwani', 'Haldwani', 'Nainital', '263139', 'Uttarakhand', 'India', '4/29/2018 16:13', 1, 'PERMANENT', '2018041122', '2018-19', 'nitin', '0000-00-00 00:00:00'),
(232, 'Bhagwanpur Bichala Haldwani', 'Haldwani', 'Nainital', '263139', 'Uttarakhand', 'India', '4/29/2018 16:13', 1, 'PERMANENT', '2018041123', '2018-19', 'nitin', '0000-00-00 00:00:00'),
(233, 'Narsingh Talla Haldwani', 'Haldwani', 'Nainital', '263139', 'Uttarakhand', 'India', '4/29/2018 16:13', 1, 'PERMANENT', '2018041124', '2018-19', 'nitin', '0000-00-00 00:00:00'),
(234, 'Bhagwanpur Talla Haldwani', 'Haldwani', 'Nainital', '263139', 'Uttarakhand', 'India', '4/29/2018 16:13', 1, 'PERMANENT', '2018041125', '2018-19', 'nitin', '0000-00-00 00:00:00'),
(235, 'Haripur Nayak Haldwani', 'Haldwani', 'Nainital', '263139', 'Uttarakhand', 'India', '4/29/2018 16:13', 1, 'PERMANENT', '2018041126', '2018-19', 'nitin', '0000-00-00 00:00:00'),
(236, 'Kamalwaganja  Haldwani', 'Haldwani', 'Nainital', '263139', 'Uttarakhand', 'India', '4/29/2018 16:13', 1, 'PERMANENT', '2018041127', '2018-19', 'nitin', '0000-00-00 00:00:00'),
(237, 'Himmatpur talla Haldwani', 'Haldwani', 'Nainital', '263139', 'Uttarakhand', 'India', '4/29/2018 16:13', 1, 'PERMANENT', '2018041128', '2018-19', 'nitin', '0000-00-00 00:00:00'),
(238, 'Narsingh Talla Haldwani', 'Haldwani', 'Nainital', '263139', 'Uttarakhand', 'India', '4/29/2018 16:13', 1, 'PERMANENT', '2018041129', '2018-19', 'nitin', '0000-00-00 00:00:00'),
(239, 'Govindpur Garhwal Haldwani', 'Haldwani', 'Nainital', '263139', 'Uttarakhand', 'India', '4/29/2018 16:13', 1, 'PERMANENT', '2018041130', '2018-19', 'nitin', '0000-00-00 00:00:00'),
(240, 'Himmatpur talla Haldwani', 'Haldwani', 'Nainital', '263139', 'Uttarakhand', 'India', '4/29/2018 16:13', 1, 'PERMANENT', '2018041131', '2018-19', 'nitin', '0000-00-00 00:00:00'),
(241, 'Narayan Nagar Haldwani', 'Haldwani', 'Nainital', '263139', 'Uttarakhand', 'India', '4/29/2018 16:13', 1, 'PERMANENT', '2018041132', '2018-19', 'nitin', '0000-00-00 00:00:00'),
(242, 'Himmatpur talla Haldwani', 'Haldwani', 'Nainital', '263139', 'Uttarakhand', 'India', '4/29/2018 16:13', 1, 'PERMANENT', '2018041133', '2018-19', 'nitin', '0000-00-00 00:00:00'),
(243, 'Himmatpur talla Haldwani', 'Haldwani', 'Nainital', '263139', 'Uttarakhand', 'India', '4/29/2018 16:13', 1, 'PERMANENT', '2018041134', '2018-19', 'nitin', '0000-00-00 00:00:00'),
(244, 'Lohariyasaal Talla Haldwani', 'Haldwani', 'Nainital', '263139', 'Uttarakhand', 'India', '4/29/2018 16:13', 1, 'PERMANENT', '2018041135', '2018-19', 'nitin', '0000-00-00 00:00:00'),
(245, 'Himmatpur talla Haldwani', 'Haldwani', 'Nainital', '263139', 'Uttarakhand', 'India', '4/29/2018 16:13', 1, 'PERMANENT', '2018041136', '2018-19', 'nitin', '0000-00-00 00:00:00'),
(246, 'Kohli Colony', 'Haldwani', 'Nainital', '263139', 'Uttarakhand', 'India', '4/29/2018 16:13', 1, 'PERMANENT', '2018041137', '2018-19', 'nitin', '0000-00-00 00:00:00'),
(247, 'Pawan Vihar Himmatpur malla', 'Haldwani', 'Nainital', '263139', 'Uttarakhand', 'India', '4/29/2018 16:13', 1, 'PERMANENT', '2018041138', '2018-19', 'nitin', '0000-00-00 00:00:00'),
(248, 'Kamaluaganja Haldwani', 'Haldwani', 'Nainital', '263139', 'Uttarakhand', 'India', '4/29/2018 16:13', 1, 'PERMANENT', '2018041139', '2018-19', 'nitin', '0000-00-00 00:00:00'),
(249, 'Bhagwanpur Talla Haldwani', 'Haldwani', 'Nainital', '263139', 'Uttarakhand', 'India', '4/29/2018 16:13', 1, 'PERMANENT', '2018041140', '2018-19', 'nitin', '0000-00-00 00:00:00'),
(250, 'Himmatpur talla Haldwani', 'Haldwani', 'Nainital', '263139', 'Uttarakhand', 'India', '4/29/2018 16:13', 1, 'PERMANENT', '2018041141', '2018-19', 'nitin', '0000-00-00 00:00:00'),
(251, 'Gas Godam Chauraha', 'Haldwani', 'Nainital', '263139', 'Uttarakhand', 'India', '4/29/2018 16:13', 1, 'PERMANENT', '2018041142', '2018-19', 'nitin', '0000-00-00 00:00:00'),
(252, 'Himmatpur talla Haldwani', 'Haldwani', 'Nainital', '263139', 'Uttarakhand', 'India', '4/29/2018 16:13', 1, 'PERMANENT', '2018041143', '2018-19', 'nitin', '0000-00-00 00:00:00'),
(253, 'Bhagwanpur talla Haldwani', 'Haldwani', 'Nainital', '263139', 'Uttarakhand', 'India', '4/29/2018 16:13', 1, 'PERMANENT', '2018041144', '2018-19', 'nitin', '0000-00-00 00:00:00'),
(254, 'Himmatpur talla Haldwani', 'Haldwani', 'Nainital', '263139', 'Uttarakhand', 'India', '4/29/2018 16:13', 1, 'PERMANENT', '2018041145', '2018-19', 'nitin', '0000-00-00 00:00:00'),
(255, 'Narsingh Talla Haldwani', 'Haldwani', 'Nainital', '263139', 'Uttarakhand', 'India', '4/29/2018 16:13', 1, 'PERMANENT', '2018041146', '2018-19', 'nitin', '0000-00-00 00:00:00'),
(256, 'Himmatpur talla Haldwani', 'Haldwani', 'Nainital', '263139', 'Uttarakhand', 'India', '4/29/2018 16:13', 1, 'PERMANENT', '2018041147', '2018-19', 'nitin', '0000-00-00 00:00:00'),
(257, 'Maa Girija Vihar Haldwani', 'Haldwani', 'Nainital', '263139', 'Uttarakhand', 'India', '4/29/2018 16:13', 1, 'PERMANENT', '2018041148', '2018-19', 'nitin', '0000-00-00 00:00:00'),
(258, 'Narayan Nagar Haldwani', 'Haldwani', 'Nainital', '263139', 'Uttarakhand', 'India', '4/29/2018 16:13', 1, 'PERMANENT', '2018041149', '2018-19', 'nitin', '0000-00-00 00:00:00'),
(259, 'Kamaluaganja Haldwani', 'Haldwani', 'Nainital', '263139', 'Uttarakhand', 'India', '4/29/2018 16:13', 1, 'PERMANENT', '2018041150', '2018-19', 'nitin', '0000-00-00 00:00:00'),
(260, 'Himmatpur talla Haldwani', 'Haldwani', 'Nainital', '263139', 'Uttarakhand', 'India', '4/29/2018 16:13', 1, 'PERMANENT', '2018041151', '2018-19', 'nitin', '0000-00-00 00:00:00'),
(261, 'Himmatpur talla Haldwani', 'Haldwani', 'Nainital', '263139', 'Uttarakhand', 'India', '4/29/2018 16:13', 1, 'PERMANENT', '2018041152', '2018-19', 'nitin', '0000-00-00 00:00:00'),
(262, 'Himmatpur talla Haldwani', 'Haldwani', 'Nainital', '263139', 'Uttarakhand', 'India', '4/29/2018 16:13', 1, 'PERMANENT', '2018041153', '2018-19', 'nitin', '0000-00-00 00:00:00'),
(263, 'RTO Road', 'Haldwani', 'Nainital', '263139', 'Uttarakhand', 'India', '4/29/2018 16:13', 1, 'PERMANENT', '2018041154', '2018-19', 'nitin', '0000-00-00 00:00:00'),
(264, 'Haripur Nayak Haldwani', 'Haldwani', 'Nainital', '263139', 'Uttarakhand', 'India', '4/29/2018 16:13', 1, 'PERMANENT', '2018041155', '2018-19', 'nitin', '0000-00-00 00:00:00'),
(265, 'RTO Office, Mangla Vihar', 'Haldwani', 'Nainital', '263139', 'Uttarakhand', 'India', '4/29/2018 16:13', 1, 'PERMANENT', '2018041156', '2018-19', 'nitin', '0000-00-00 00:00:00'),
(266, 'Govindpur Garwal', 'Haldwani', 'Nainital', '263139', 'Uttarakhand', 'India', '4/29/2018 16:13', 1, 'PERMANENT', '2018041157', '2018-19', 'nitin', '0000-00-00 00:00:00'),
(267, 'Bhagwanpur Bichla', 'Haldwani', 'Nainital', '263139', 'Uttarakhand', 'India', '4/29/2018 16:13', 1, 'PERMANENT', '2018041158', '2018-19', 'nitin', '0000-00-00 00:00:00'),
(268, 'Govindpur Garwal', 'Haldwani', 'Nainital', '263139', 'Uttarakhand', 'India', '4/29/2018 16:13', 1, 'CORRESPONDANCE', '2018041110', '2018-19', 'nitin', '0000-00-00 00:00:00'),
(269, 'Girija Vihar Haldwani', 'Haldwani', 'Nainital', '263139', 'Uttarakhand', 'India', '4/29/2018 16:13', 1, 'CORRESPONDANCE', '2018041111', '2018-19', 'nitin', '0000-00-00 00:00:00'),
(270, 'Kamalwaganja Kathgharia Road Haldwani', 'Haldwani', 'Nainital', '263139', 'Uttarakhand', 'India', '4/29/2018 16:13', 1, 'CORRESPONDANCE', '2018041112', '2018-19', 'nitin', '0000-00-00 00:00:00'),
(271, 'Narayan Nagar Haldwani', 'Haldwani', 'Nainital', '263139', 'Uttarakhand', 'India', '4/29/2018 16:13', 1, 'CORRESPONDANCE', '2018041113', '2018-19', 'nitin', '0000-00-00 00:00:00'),
(272, 'Girija Vihar Haldwani', 'Haldwani', 'Nainital', '263139', 'Uttarakhand', 'India', '4/29/2018 16:13', 1, 'CORRESPONDANCE', '2018041114', '2018-19', 'nitin', '0000-00-00 00:00:00'),
(273, 'Jawahar jyoti Haldwani', 'Haldwani', 'Nainital', '263139', 'Uttarakhand', 'India', '4/29/2018 16:13', 1, 'CORRESPONDANCE', '2018041115', '2018-19', 'nitin', '0000-00-00 00:00:00'),
(274, 'Jawahar jyoti Haldwani', 'Haldwani', 'Nainital', '263139', 'Uttarakhand', 'India', '4/29/2018 16:13', 1, 'CORRESPONDANCE', '2018041116', '2018-19', 'nitin', '0000-00-00 00:00:00'),
(275, 'Himmatpur talla Haldwani', 'Haldwani', 'Nainital', '263139', 'Uttarakhand', 'India', '4/29/2018 16:13', 1, 'CORRESPONDANCE', '2018041117', '2018-19', 'nitin', '0000-00-00 00:00:00'),
(276, 'Govindpur Haldwani', 'Haldwani', 'Nainital', '263139', 'Uttarakhand', 'India', '4/29/2018 16:13', 1, 'CORRESPONDANCE', '2018041118', '2018-19', 'nitin', '0000-00-00 00:00:00'),
(277, 'Bhagwanpur Talla Haldwani', 'Haldwani', 'Nainital', '263139', 'Uttarakhand', 'India', '4/29/2018 16:13', 1, 'CORRESPONDANCE', '2018041119', '2018-19', 'nitin', '0000-00-00 00:00:00'),
(278, 'Govindpur Garhwal Haldwani', 'Haldwani', 'Nainital', '263139', 'Uttarakhand', 'India', '4/29/2018 16:13', 1, 'CORRESPONDANCE', '2018041120', '2018-19', 'nitin', '0000-00-00 00:00:00');
INSERT INTO `master_9_stud_address` (`ADDRID`, `STREET_1`, `CITY_`, `PIN_`, `DISTT_`, `STATE_`, `COUNTRY_`, `DOC_`, `STATUS`, `ADDRESS_STATUS`, `regid`, `SESSID`, `USERNAME_`, `DATE_`) VALUES
(279, 'Jaidevpur Haldwani', 'Haldwani', 'Nainital', '263139', 'Uttarakhand', 'India', '4/29/2018 16:13', 1, 'CORRESPONDANCE', '2018041121', '2018-19', 'nitin', '0000-00-00 00:00:00'),
(280, 'Girija Vihar Haldwani', 'Haldwani', 'Nainital', '263139', 'Uttarakhand', 'India', '4/29/2018 16:13', 1, 'CORRESPONDANCE', '2018041122', '2018-19', 'nitin', '0000-00-00 00:00:00'),
(281, 'Bhagwanpur Bichala Haldwani', 'Haldwani', 'Nainital', '263139', 'Uttarakhand', 'India', '4/29/2018 16:13', 1, 'CORRESPONDANCE', '2018041123', '2018-19', 'nitin', '0000-00-00 00:00:00'),
(282, 'Narsingh Talla Haldwani', 'Haldwani', 'Nainital', '263139', 'Uttarakhand', 'India', '4/29/2018 16:13', 1, 'CORRESPONDANCE', '2018041124', '2018-19', 'nitin', '0000-00-00 00:00:00'),
(283, 'Bhagwanpur Talla Haldwani', 'Haldwani', 'Nainital', '263139', 'Uttarakhand', 'India', '4/29/2018 16:13', 1, 'CORRESPONDANCE', '2018041125', '2018-19', 'nitin', '0000-00-00 00:00:00'),
(284, 'Haripur Nayak Haldwani', 'Haldwani', 'Nainital', '263139', 'Uttarakhand', 'India', '4/29/2018 16:13', 1, 'CORRESPONDANCE', '2018041126', '2018-19', 'nitin', '0000-00-00 00:00:00'),
(285, 'Kamalwaganja  Haldwani', 'Haldwani', 'Nainital', '263139', 'Uttarakhand', 'India', '4/29/2018 16:13', 1, 'CORRESPONDANCE', '2018041127', '2018-19', 'nitin', '0000-00-00 00:00:00'),
(286, 'Himmatpur talla Haldwani', 'Haldwani', 'Nainital', '263139', 'Uttarakhand', 'India', '4/29/2018 16:13', 1, 'CORRESPONDANCE', '2018041128', '2018-19', 'nitin', '0000-00-00 00:00:00'),
(287, 'Narsingh Talla Haldwani', 'Haldwani', 'Nainital', '263139', 'Uttarakhand', 'India', '4/29/2018 16:13', 1, 'CORRESPONDANCE', '2018041129', '2018-19', 'nitin', '0000-00-00 00:00:00'),
(288, 'Govindpur Garhwal Haldwani', 'Haldwani', 'Nainital', '263139', 'Uttarakhand', 'India', '4/29/2018 16:13', 1, 'CORRESPONDANCE', '2018041130', '2018-19', 'nitin', '0000-00-00 00:00:00'),
(289, 'Himmatpur talla Haldwani', 'Haldwani', 'Nainital', '263139', 'Uttarakhand', 'India', '4/29/2018 16:13', 1, 'CORRESPONDANCE', '2018041131', '2018-19', 'nitin', '0000-00-00 00:00:00'),
(290, 'Narayan Nagar Haldwani', 'Haldwani', 'Nainital', '263139', 'Uttarakhand', 'India', '4/29/2018 16:13', 1, 'CORRESPONDANCE', '2018041132', '2018-19', 'nitin', '0000-00-00 00:00:00'),
(291, 'Himmatpur talla Haldwani', 'Haldwani', 'Nainital', '263139', 'Uttarakhand', 'India', '4/29/2018 16:13', 1, 'CORRESPONDANCE', '2018041133', '2018-19', 'nitin', '0000-00-00 00:00:00'),
(292, 'Himmatpur talla Haldwani', 'Haldwani', 'Nainital', '263139', 'Uttarakhand', 'India', '4/29/2018 16:13', 1, 'CORRESPONDANCE', '2018041134', '2018-19', 'nitin', '0000-00-00 00:00:00'),
(293, 'Lohariyasaal Talla Haldwani', 'Haldwani', 'Nainital', '263139', 'Uttarakhand', 'India', '4/29/2018 16:13', 1, 'CORRESPONDANCE', '2018041135', '2018-19', 'nitin', '0000-00-00 00:00:00'),
(294, 'Himmatpur talla Haldwani', 'Haldwani', 'Nainital', '263139', 'Uttarakhand', 'India', '4/29/2018 16:13', 1, 'CORRESPONDANCE', '2018041136', '2018-19', 'nitin', '0000-00-00 00:00:00'),
(295, 'Kohli Colony', 'Haldwani', 'Nainital', '263139', 'Uttarakhand', 'India', '4/29/2018 16:13', 1, 'CORRESPONDANCE', '2018041137', '2018-19', 'nitin', '0000-00-00 00:00:00'),
(296, 'Pawan Vihar Himmatpur malla', 'Haldwani', 'Nainital', '263139', 'Uttarakhand', 'India', '4/29/2018 16:13', 1, 'CORRESPONDANCE', '2018041138', '2018-19', 'nitin', '0000-00-00 00:00:00'),
(297, 'Kamaluaganja Haldwani', 'Haldwani', 'Nainital', '263139', 'Uttarakhand', 'India', '4/29/2018 16:13', 1, 'CORRESPONDANCE', '2018041139', '2018-19', 'nitin', '0000-00-00 00:00:00'),
(298, 'Bhagwanpur Talla Haldwani', 'Haldwani', 'Nainital', '263139', 'Uttarakhand', 'India', '4/29/2018 16:13', 1, 'CORRESPONDANCE', '2018041140', '2018-19', 'nitin', '0000-00-00 00:00:00'),
(299, 'Himmatpur talla Haldwani', 'Haldwani', 'Nainital', '263139', 'Uttarakhand', 'India', '4/29/2018 16:13', 1, 'CORRESPONDANCE', '2018041141', '2018-19', 'nitin', '0000-00-00 00:00:00'),
(300, 'Gas Godam Chauraha', 'Haldwani', 'Nainital', '263139', 'Uttarakhand', 'India', '4/29/2018 16:13', 1, 'CORRESPONDANCE', '2018041142', '2018-19', 'nitin', '0000-00-00 00:00:00'),
(301, 'Himmatpur talla Haldwani', 'Haldwani', 'Nainital', '263139', 'Uttarakhand', 'India', '4/29/2018 16:13', 1, 'CORRESPONDANCE', '2018041143', '2018-19', 'nitin', '0000-00-00 00:00:00'),
(302, 'Bhagwanpur talla Haldwani', 'Haldwani', 'Nainital', '263139', 'Uttarakhand', 'India', '4/29/2018 16:13', 1, 'CORRESPONDANCE', '2018041144', '2018-19', 'nitin', '0000-00-00 00:00:00'),
(303, 'Himmatpur talla Haldwani', 'Haldwani', 'Nainital', '263139', 'Uttarakhand', 'India', '4/29/2018 16:13', 1, 'CORRESPONDANCE', '2018041145', '2018-19', 'nitin', '0000-00-00 00:00:00'),
(304, 'Narsingh Talla Haldwani', 'Haldwani', 'Nainital', '263139', 'Uttarakhand', 'India', '4/29/2018 16:13', 1, 'CORRESPONDANCE', '2018041146', '2018-19', 'nitin', '0000-00-00 00:00:00'),
(305, 'Himmatpur talla Haldwani', 'Haldwani', 'Nainital', '263139', 'Uttarakhand', 'India', '4/29/2018 16:13', 1, 'CORRESPONDANCE', '2018041147', '2018-19', 'nitin', '0000-00-00 00:00:00'),
(306, 'Maa Girija Vihar Haldwani', 'Haldwani', 'Nainital', '263139', 'Uttarakhand', 'India', '4/29/2018 16:13', 1, 'CORRESPONDANCE', '2018041148', '2018-19', 'nitin', '0000-00-00 00:00:00'),
(307, 'Narayan Nagar Haldwani', 'Haldwani', 'Nainital', '263139', 'Uttarakhand', 'India', '4/29/2018 16:13', 1, 'CORRESPONDANCE', '2018041149', '2018-19', 'nitin', '0000-00-00 00:00:00'),
(308, 'Kamaluaganja Haldwani', 'Haldwani', 'Nainital', '263139', 'Uttarakhand', 'India', '4/29/2018 16:13', 1, 'CORRESPONDANCE', '2018041150', '2018-19', 'nitin', '0000-00-00 00:00:00'),
(309, 'Himmatpur talla Haldwani', 'Haldwani', 'Nainital', '263139', 'Uttarakhand', 'India', '4/29/2018 16:13', 1, 'CORRESPONDANCE', '2018041151', '2018-19', 'nitin', '0000-00-00 00:00:00'),
(310, 'Himmatpur talla Haldwani', 'Haldwani', 'Nainital', '263139', 'Uttarakhand', 'India', '4/29/2018 16:13', 1, 'CORRESPONDANCE', '2018041152', '2018-19', 'nitin', '0000-00-00 00:00:00'),
(311, 'Himmatpur talla Haldwani', 'Haldwani', 'Nainital', '263139', 'Uttarakhand', 'India', '4/29/2018 16:13', 1, 'CORRESPONDANCE', '2018041153', '2018-19', 'nitin', '0000-00-00 00:00:00'),
(312, 'RTO Road', 'Haldwani', 'Nainital', '263139', 'Uttarakhand', 'India', '4/29/2018 16:13', 1, 'CORRESPONDANCE', '2018041154', '2018-19', 'nitin', '0000-00-00 00:00:00'),
(313, 'Haripur Nayak Haldwani', 'Haldwani', 'Nainital', '263139', 'Uttarakhand', 'India', '4/29/2018 16:13', 1, 'CORRESPONDANCE', '2018041155', '2018-19', 'nitin', '0000-00-00 00:00:00'),
(314, 'RTO Office, Mangla Vihar', 'Haldwani', 'Nainital', '263139', 'Uttarakhand', 'India', '4/29/2018 16:13', 1, 'CORRESPONDANCE', '2018041156', '2018-19', 'nitin', '0000-00-00 00:00:00'),
(315, 'Govindpur Garwal', 'Haldwani', 'Nainital', '263139', 'Uttarakhand', 'India', '4/29/2018 16:13', 1, 'CORRESPONDANCE', '2018041157', '2018-19', 'nitin', '0000-00-00 00:00:00'),
(316, 'Bhagwanpur Bichla', 'Haldwani', 'Nainital', '263139', 'Uttarakhand', 'India', '4/29/2018 16:13', 1, 'CORRESPONDANCE', '2018041158', '2018-19', 'nitin', '0000-00-00 00:00:00'),
(317, 'Narsingh Talla Haldwani', 'Haldwani', 'Nainital', '263139', 'Uttarakhand', 'India', '4/29/2018 16:13', 1, 'PERMANENT', '2018041159', '2018-19', 'nitin', '0000-00-00 00:00:00'),
(318, 'Narsingh Talla Haldwani', 'Haldwani', 'Nainital', '263139', 'Uttarakhand', 'India', '4/29/2018 16:13', 1, 'PERMANENT', '2018041160', '2018-19', 'nitin', '0000-00-00 00:00:00'),
(319, 'Satishfarm Haldwani', 'Haldwani', 'Nainital', '263139', 'Uttarakhand', 'India', '4/29/2018 16:13', 1, 'PERMANENT', '2018041161', '2018-19', 'nitin', '0000-00-00 00:00:00'),
(320, ' Kamaluaganja ', 'Haldwani', 'Nainital', '263139', 'Uttarakhand', 'India', '4/29/2018 16:13', 1, 'PERMANENT', '2018041162', '2018-19', 'nitin', '0000-00-00 00:00:00'),
(321, 'Bhagwanpur Talla Haldwani', 'Haldwani', 'Nainital', '263139', 'Uttarakhand', 'India', '4/29/2018 16:13', 1, 'PERMANENT', '2018041163', '2018-19', 'nitin', '0000-00-00 00:00:00'),
(322, 'Bhagwanpur Bichla', 'Haldwani', 'Nainital', '263139', 'Uttarakhand', 'India', '4/29/2018 16:13', 1, 'PERMANENT', '2018041164', '2018-19', 'nitin', '0000-00-00 00:00:00'),
(323, 'Narsingh Talla Haldwani', 'Haldwani', 'Nainital', '263139', 'Uttarakhand', 'India', '4/29/2018 16:13', 1, 'PERMANENT', '2018041165', '2018-19', 'nitin', '0000-00-00 00:00:00'),
(324, 'Chhariyal Nayak Haldwani', 'Haldwani', 'Nainital', '263139', 'Uttarakhand', 'India', '4/29/2018 16:13', 1, 'PERMANENT', '2018041166', '2018-19', 'nitin', '0000-00-00 00:00:00'),
(325, 'Ward no 7.Sanguri Garden Heera Nagar Haldwani', 'Haldwani', 'Nainital', '263139', 'Uttarakhand', 'India', '4/29/2018 16:13', 1, 'PERMANENT', '2018041167', '2018-19', 'nitin', '0000-00-00 00:00:00'),
(326, 'Bhagwanpur', 'Haldwani', 'Nainital', '263139', 'Uttarakhand', 'India', '4/29/2018 16:13', 1, 'PERMANENT', '2018041168', '2018-19', 'nitin', '0000-00-00 00:00:00'),
(327, 'Himmatpur Talla Haldwani', 'Haldwani', 'Nainital', '263139', 'Uttarakhand', 'India', '4/29/2018 16:13', 1, 'PERMANENT', '2018041169', '2018-19', 'nitin', '0000-00-00 00:00:00'),
(328, 'Girija Vihar Haldwani', 'Haldwani', 'Nainital', '263139', 'Uttarakhand', 'India', '4/29/2018 16:13', 1, 'PERMANENT', '2018041170', '2018-19', 'nitin', '0000-00-00 00:00:00'),
(329, 'Bhagwanpur Talla Haldwani', 'Haldwani', 'Nainital', '263139', 'Uttarakhand', 'India', '4/29/2018 16:13', 1, 'PERMANENT', '2018041171', '2018-19', 'nitin', '0000-00-00 00:00:00'),
(330, 'Jawahar Jyoti Haldwani', 'Haldwani', 'Nainital', '263139', 'Uttarakhand', 'India', '4/29/2018 16:13', 1, 'PERMANENT', '2018041172', '2018-19', 'nitin', '0000-00-00 00:00:00'),
(331, 'Himmatpur Talla Haldwani', 'Haldwani', 'Nainital', '263139', 'Uttarakhand', 'India', '4/29/2018 16:13', 1, 'PERMANENT', '2018041173', '2018-19', 'nitin', '0000-00-00 00:00:00'),
(332, 'Govindpur Garhwal Haldwani', 'Haldwani', 'Nainital', '263139', 'Uttarakhand', 'India', '4/29/2018 16:13', 1, 'PERMANENT', '2018041174', '2018-19', 'nitin', '0000-00-00 00:00:00'),
(333, 'Bhagwanpur Talla Haldwani', 'Haldwani', 'Nainital', '263139', 'Uttarakhand', 'India', '4/29/2018 16:13', 1, 'PERMANENT', '2018041175', '2018-19', 'nitin', '0000-00-00 00:00:00'),
(334, 'Pwan Vihar Himmatpur', 'Haldwani', 'Nainital', '263139', 'Uttarakhand', 'India', '4/29/2018 16:13', 1, 'PERMANENT', '2018041176', '2018-19', 'nitin', '0000-00-00 00:00:00'),
(335, 'Chhariyal Nayak Haldwani', 'Haldwani', 'Nainital', '263139', 'Uttarakhand', 'India', '4/29/2018 16:13', 1, 'PERMANENT', '2018041177', '2018-19', 'nitin', '0000-00-00 00:00:00'),
(336, 'Girija Vihar Haldwani', 'Haldwani', 'Nainital', '263139', 'Uttarakhand', 'India', '4/29/2018 16:13', 1, 'PERMANENT', '2018041178', '2018-19', 'nitin', '0000-00-00 00:00:00'),
(337, 'Himmatpur Talla Haldwani', 'Haldwani', 'Nainital', '263139', 'Uttarakhand', 'India', '4/29/2018 16:13', 1, 'PERMANENT', '2018041179', '2018-19', 'nitin', '0000-00-00 00:00:00'),
(338, 'Chhariyal Nayak Haldwani', 'Haldwani', 'Nainital', '263139', 'Uttarakhand', 'India', '4/29/2018 16:13', 1, 'PERMANENT', '2018041180', '2018-19', 'nitin', '0000-00-00 00:00:00'),
(339, 'Govindpur Garhwal Haldwani', 'Haldwani', 'Nainital', '263139', 'Uttarakhand', 'India', '4/29/2018 16:13', 1, 'PERMANENT', '2018041181', '2018-19', 'nitin', '0000-00-00 00:00:00'),
(340, 'Govindpur Garhwal Haldwani', 'Haldwani', 'Nainital', '263139', 'Uttarakhand', 'India', '4/29/2018 16:13', 1, 'PERMANENT', '2018041182', '2018-19', 'nitin', '0000-00-00 00:00:00'),
(341, 'Narsingh Talla Haldwani', 'Haldwani', 'Nainital', '263139', 'Uttarakhand', 'India', '4/29/2018 16:13', 1, 'PERMANENT', '2018041183', '2018-19', 'nitin', '0000-00-00 00:00:00'),
(342, 'Kamaluaganja Haldwani', 'Haldwani', 'Nainital', '263139', 'Uttarakhand', 'India', '4/29/2018 16:13', 1, 'PERMANENT', '2018041184', '2018-19', 'nitin', '0000-00-00 00:00:00'),
(343, 'Jail Road Chauraha', 'Haldwani', 'Nainital', '263139', 'Uttarakhand', 'India', '4/29/2018 16:13', 1, 'PERMANENT', '2018041185', '2018-19', 'nitin', '0000-00-00 00:00:00'),
(344, 'Himmatpur Talla Haldwani', 'Haldwani', 'Nainital', '263139', 'Uttarakhand', 'India', '4/29/2018 16:13', 1, 'PERMANENT', '2018041186', '2018-19', 'nitin', '0000-00-00 00:00:00'),
(345, 'Bhagwanpur Talla Haldwani', 'Haldwani', 'Nainital', '263139', 'Uttarakhand', 'India', '4/29/2018 16:13', 1, 'PERMANENT', '2018041187', '2018-19', 'nitin', '0000-00-00 00:00:00'),
(346, 'Girija Vihar Haldwani', 'Haldwani', 'Nainital', '263139', 'Uttarakhand', 'India', '4/29/2018 16:13', 1, 'PERMANENT', '2018041188', '2018-19', 'nitin', '0000-00-00 00:00:00'),
(347, 'Kamaluaganja', 'Haldwani', 'Nainital', '263139', 'Uttarakhand', 'India', '4/29/2018 16:13', 1, 'PERMANENT', '2018041189', '2018-19', 'nitin', '0000-00-00 00:00:00'),
(348, 'Kathgharia', 'Haldwani', 'Nainital', '263139', 'Uttarakhand', 'India', '4/29/2018 16:13', 1, 'PERMANENT', '2018041190', '2018-19', 'nitin', '0000-00-00 00:00:00'),
(349, 'Mukhani', 'Haldwani', 'Nainital', '263139', 'Uttarakhand', 'India', '4/29/2018 16:13', 1, 'PERMANENT', '2018041191', '2018-19', 'nitin', '0000-00-00 00:00:00'),
(350, 'Bhagwanpur Talla Haldwani', 'Haldwani', 'Nainital', '263139', 'Uttarakhand', 'India', '4/29/2018 16:13', 1, 'PERMANENT', '2018041192', '2018-19', 'nitin', '0000-00-00 00:00:00'),
(351, 'Lohariyasal Malla', 'Haldwani', 'Nainital', '263139', 'Uttarakhand', 'India', '4/29/2018 16:13', 1, 'PERMANENT', '2018041193', '2018-19', 'nitin', '0000-00-00 00:00:00'),
(352, 'Laldanth', 'Haldwani', 'Nainital', '263139', 'Uttarakhand', 'India', '4/29/2018 16:13', 1, 'PERMANENT', '2018041194', '2018-19', 'nitin', '0000-00-00 00:00:00'),
(353, 'Himmatpur Talla Haldwani', 'Haldwani', 'Nainital', '263139', 'UTTARAKHAND', 'India', '4/29/2018 16:13', 1, 'PERMANENT', '2018041195', '2018-19', 'nitin', '2018-07-10 16:31:56'),
(354, 'RTO Road', 'Haldwani', 'Nainital', '263139', 'Uttarakhand', 'India', '4/29/2018 16:13', 1, 'PERMANENT', '2018041196', '2018-19', 'nitin', '0000-00-00 00:00:00'),
(355, 'Vasudev Puram RTO Road', 'Haldwani', 'Nainital', '263139', 'Uttarakhand', 'India', '4/29/2018 16:13', 1, 'PERMANENT', '2018041197', '2018-19', 'nitin', '0000-00-00 00:00:00'),
(356, 'Kusumkhera ', 'Haldwani', 'Nainital', '263139', 'Uttarakhand', 'India', '4/29/2018 16:13', 1, 'PERMANENT', '2018041198', '2018-19', 'nitin', '0000-00-00 00:00:00'),
(357, 'Bhagwanpur Bichla', 'Haldwani', 'Nainital', '263139', 'Uttarakhand', 'India', '4/29/2018 16:13', 1, 'PERMANENT', '2018041199', '2018-19', 'nitin', '0000-00-00 00:00:00'),
(358, 'Narsingh Talla Haldwani', 'Haldwani', 'Nainital', '263139', 'Uttarakhand', 'India', '4/29/2018 16:13', 1, 'CORRESPONDANCE', '2018041159', '2018-19', 'nitin', '0000-00-00 00:00:00'),
(359, 'Narsingh Talla Haldwani', 'Haldwani', 'Nainital', '263139', 'Uttarakhand', 'India', '4/29/2018 16:13', 1, 'CORRESPONDANCE', '2018041160', '2018-19', 'nitin', '0000-00-00 00:00:00'),
(360, 'Satishfarm Haldwani', 'Haldwani', 'Nainital', '263139', 'Uttarakhand', 'India', '4/29/2018 16:13', 1, 'CORRESPONDANCE', '2018041161', '2018-19', 'nitin', '0000-00-00 00:00:00'),
(361, ' Kamaluaganja ', 'Haldwani', 'Nainital', '263139', 'Uttarakhand', 'India', '4/29/2018 16:13', 1, 'CORRESPONDANCE', '2018041162', '2018-19', 'nitin', '0000-00-00 00:00:00'),
(362, 'Bhagwanpur Talla Haldwani', 'Haldwani', 'Nainital', '263139', 'Uttarakhand', 'India', '4/29/2018 16:13', 1, 'CORRESPONDANCE', '2018041163', '2018-19', 'nitin', '0000-00-00 00:00:00'),
(363, 'Bhagwanpur Bichla', 'Haldwani', 'Nainital', '263139', 'Uttarakhand', 'India', '4/29/2018 16:13', 1, 'CORRESPONDANCE', '2018041164', '2018-19', 'nitin', '0000-00-00 00:00:00'),
(364, 'Narsingh Talla Haldwani', 'Haldwani', 'Nainital', '263139', 'Uttarakhand', 'India', '4/29/2018 16:13', 1, 'CORRESPONDANCE', '2018041165', '2018-19', 'nitin', '0000-00-00 00:00:00'),
(365, 'Chhariyal Nayak Haldwani', 'Haldwani', 'Nainital', '263139', 'Uttarakhand', 'India', '4/29/2018 16:13', 1, 'CORRESPONDANCE', '2018041166', '2018-19', 'nitin', '0000-00-00 00:00:00'),
(366, 'Ward no 7.Sanguri Garden Heera Nagar Haldwani', 'Haldwani', 'Nainital', '263139', 'Uttarakhand', 'India', '4/29/2018 16:13', 1, 'CORRESPONDANCE', '2018041167', '2018-19', 'nitin', '0000-00-00 00:00:00'),
(367, 'Bhagwanpur', 'Haldwani', 'Nainital', '263139', 'Uttarakhand', 'India', '4/29/2018 16:13', 1, 'CORRESPONDANCE', '2018041168', '2018-19', 'nitin', '0000-00-00 00:00:00'),
(368, 'Himmatpur Talla Haldwani', 'Haldwani', 'Nainital', '263139', 'Uttarakhand', 'India', '4/29/2018 16:13', 1, 'CORRESPONDANCE', '2018041169', '2018-19', 'nitin', '0000-00-00 00:00:00'),
(369, 'Girija Vihar Haldwani', 'Haldwani', 'Nainital', '263139', 'Uttarakhand', 'India', '4/29/2018 16:13', 1, 'CORRESPONDANCE', '2018041170', '2018-19', 'nitin', '0000-00-00 00:00:00'),
(370, 'Bhagwanpur Talla Haldwani', 'Haldwani', 'Nainital', '263139', 'Uttarakhand', 'India', '4/29/2018 16:13', 1, 'CORRESPONDANCE', '2018041171', '2018-19', 'nitin', '0000-00-00 00:00:00'),
(371, 'Jawahar Jyoti Haldwani', 'Haldwani', 'Nainital', '263139', 'Uttarakhand', 'India', '4/29/2018 16:13', 1, 'CORRESPONDANCE', '2018041172', '2018-19', 'nitin', '0000-00-00 00:00:00'),
(372, 'Himmatpur Talla Haldwani', 'Haldwani', 'Nainital', '263139', 'Uttarakhand', 'India', '4/29/2018 16:13', 1, 'CORRESPONDANCE', '2018041173', '2018-19', 'nitin', '0000-00-00 00:00:00'),
(373, 'Govindpur Garhwal Haldwani', 'Haldwani', 'Nainital', '263139', 'Uttarakhand', 'India', '4/29/2018 16:13', 1, 'CORRESPONDANCE', '2018041174', '2018-19', 'nitin', '0000-00-00 00:00:00'),
(374, 'Bhagwanpur Talla Haldwani', 'Haldwani', 'Nainital', '263139', 'Uttarakhand', 'India', '4/29/2018 16:13', 1, 'CORRESPONDANCE', '2018041175', '2018-19', 'nitin', '0000-00-00 00:00:00'),
(375, 'Pwan Vihar Himmatpur', 'Haldwani', 'Nainital', '263139', 'Uttarakhand', 'India', '4/29/2018 16:13', 1, 'CORRESPONDANCE', '2018041176', '2018-19', 'nitin', '0000-00-00 00:00:00'),
(376, 'Chhariyal Nayak Haldwani', 'Haldwani', 'Nainital', '263139', 'Uttarakhand', 'India', '4/29/2018 16:13', 1, 'CORRESPONDANCE', '2018041177', '2018-19', 'nitin', '0000-00-00 00:00:00'),
(377, 'Girija Vihar Haldwani', 'Haldwani', 'Nainital', '263139', 'Uttarakhand', 'India', '4/29/2018 16:13', 1, 'CORRESPONDANCE', '2018041178', '2018-19', 'nitin', '0000-00-00 00:00:00'),
(378, 'Himmatpur Talla Haldwani', 'Haldwani', 'Nainital', '263139', 'Uttarakhand', 'India', '4/29/2018 16:13', 1, 'CORRESPONDANCE', '2018041179', '2018-19', 'nitin', '0000-00-00 00:00:00'),
(379, 'Chhariyal Nayak Haldwani', 'Haldwani', 'Nainital', '263139', 'Uttarakhand', 'India', '4/29/2018 16:13', 1, 'CORRESPONDANCE', '2018041180', '2018-19', 'nitin', '0000-00-00 00:00:00'),
(380, 'Govindpur Garhwal Haldwani', 'Haldwani', 'Nainital', '263139', 'Uttarakhand', 'India', '4/29/2018 16:13', 1, 'CORRESPONDANCE', '2018041181', '2018-19', 'nitin', '0000-00-00 00:00:00'),
(381, 'Govindpur Garhwal Haldwani', 'Haldwani', 'Nainital', '263139', 'Uttarakhand', 'India', '4/29/2018 16:13', 1, 'CORRESPONDANCE', '2018041182', '2018-19', 'nitin', '0000-00-00 00:00:00'),
(382, 'Narsingh Talla Haldwani', 'Haldwani', 'Nainital', '263139', 'Uttarakhand', 'India', '4/29/2018 16:13', 1, 'CORRESPONDANCE', '2018041183', '2018-19', 'nitin', '0000-00-00 00:00:00'),
(383, 'Kamaluaganja Haldwani', 'Haldwani', 'Nainital', '263139', 'Uttarakhand', 'India', '4/29/2018 16:13', 1, 'CORRESPONDANCE', '2018041184', '2018-19', 'nitin', '0000-00-00 00:00:00'),
(384, 'Jail Road Chauraha', 'Haldwani', 'Nainital', '263139', 'Uttarakhand', 'India', '4/29/2018 16:13', 1, 'CORRESPONDANCE', '2018041185', '2018-19', 'nitin', '0000-00-00 00:00:00'),
(385, 'Himmatpur Talla Haldwani', 'Haldwani', 'Nainital', '263139', 'Uttarakhand', 'India', '4/29/2018 16:13', 1, 'CORRESPONDANCE', '2018041186', '2018-19', 'nitin', '0000-00-00 00:00:00'),
(386, 'Bhagwanpur Talla Haldwani', 'Haldwani', 'Nainital', '263139', 'Uttarakhand', 'India', '4/29/2018 16:13', 1, 'CORRESPONDANCE', '2018041187', '2018-19', 'nitin', '0000-00-00 00:00:00'),
(387, 'Girija Vihar Haldwani', 'Haldwani', 'Nainital', '263139', 'Uttarakhand', 'India', '4/29/2018 16:13', 1, 'CORRESPONDANCE', '2018041188', '2018-19', 'nitin', '0000-00-00 00:00:00'),
(388, 'Kamaluaganja', 'Haldwani', 'Nainital', '263139', 'Uttarakhand', 'India', '4/29/2018 16:13', 1, 'CORRESPONDANCE', '2018041189', '2018-19', 'nitin', '0000-00-00 00:00:00'),
(389, 'Kathgharia', 'Haldwani', 'Nainital', '263139', 'Uttarakhand', 'India', '4/29/2018 16:13', 1, 'CORRESPONDANCE', '2018041190', '2018-19', 'nitin', '0000-00-00 00:00:00'),
(390, 'Mukhani', 'Haldwani', 'Nainital', '263139', 'Uttarakhand', 'India', '4/29/2018 16:13', 1, 'CORRESPONDANCE', '2018041191', '2018-19', 'nitin', '0000-00-00 00:00:00'),
(391, 'Bhagwanpur Talla Haldwani', 'Haldwani', 'Nainital', '263139', 'Uttarakhand', 'India', '4/29/2018 16:13', 1, 'CORRESPONDANCE', '2018041192', '2018-19', 'nitin', '0000-00-00 00:00:00'),
(392, 'Lohariyasal Malla', 'Haldwani', 'Nainital', '263139', 'Uttarakhand', 'India', '4/29/2018 16:13', 1, 'CORRESPONDANCE', '2018041193', '2018-19', 'nitin', '0000-00-00 00:00:00'),
(393, 'Laldanth', 'Haldwani', 'Nainital', '263139', 'Uttarakhand', 'India', '4/29/2018 16:13', 1, 'CORRESPONDANCE', '2018041194', '2018-19', 'nitin', '0000-00-00 00:00:00'),
(394, 'Himmatpur Talla Haldwani', 'Haldwani', 'Nainital', '263139', 'UTTARAKHAND', 'India', '4/29/2018 16:13', 1, 'CORRESPONDANCE', '2018041195', '2018-19', 'nitin', '2018-07-10 16:31:56'),
(395, 'RTO Road', 'Haldwani', 'Nainital', '263139', 'Uttarakhand', 'India', '4/29/2018 16:13', 1, 'CORRESPONDANCE', '2018041196', '2018-19', 'nitin', '0000-00-00 00:00:00'),
(396, 'Vasudev Puram RTO Road', 'Haldwani', 'Nainital', '263139', 'Uttarakhand', 'India', '4/29/2018 16:13', 1, 'CORRESPONDANCE', '2018041197', '2018-19', 'nitin', '0000-00-00 00:00:00'),
(397, 'Kusumkhera ', 'Haldwani', 'Nainital', '263139', 'Uttarakhand', 'India', '4/29/2018 16:13', 1, 'CORRESPONDANCE', '2018041198', '2018-19', 'nitin', '0000-00-00 00:00:00'),
(398, 'Bhagwanpur Bichla', 'Haldwani', 'Nainital', '263139', 'Uttarakhand', 'India', '4/29/2018 16:13', 1, 'CORRESPONDANCE', '2018041199', '2018-19', 'nitin', '0000-00-00 00:00:00'),
(399, 'Narsingh Talla', 'Haldwani', 'Nainital', '263139', 'Uttarakhand', 'India', '4/29/2018 16:13', 1, 'PERMANENT', '2018041200', '2018-19', 'nitin', '0000-00-00 00:00:00'),
(400, 'Govindpur Garwal', 'Haldwani', 'Nainital', '263139', 'Uttarakhand', 'India', '4/29/2018 16:13', 1, 'PERMANENT', '2018041201', '2018-19', 'nitin', '0000-00-00 00:00:00'),
(401, 'Himmatpur Talla', 'Haldwani', 'Nainital', '263139', 'Uttarakhand', 'India', '4/29/2018 16:13', 1, 'PERMANENT', '2018041202', '2018-19', 'nitin', '0000-00-00 00:00:00'),
(402, 'Himmatpur Talla', 'Haldwani', 'Nainital', '263139', 'Uttarakhand', 'India', '4/29/2018 16:13', 1, 'PERMANENT', '2018041203', '2018-19', 'nitin', '0000-00-00 00:00:00'),
(403, 'Kamaluaganja', 'Haldwani', 'Nainital', '263139', 'Uttarakhand', 'India', '4/29/2018 16:13', 1, 'PERMANENT', '2018041204', '2018-19', 'nitin', '0000-00-00 00:00:00'),
(404, 'Himmatpur Talla', 'Haldwani', 'Nainital', '263139', 'Uttarakhand', 'India', '4/29/2018 16:13', 1, 'PERMANENT', '2018041205', '2018-19', 'nitin', '0000-00-00 00:00:00'),
(405, 'Girja Vihar', 'Haldwani', 'Nainital', '263139', 'Uttarakhand', 'India', '4/29/2018 16:13', 1, 'PERMANENT', '2018041206', '2018-19', 'nitin', '0000-00-00 00:00:00'),
(406, 'Near Block', 'Haldwani', 'Nainital', '263139', 'Uttarakhand', 'India', '4/29/2018 16:13', 1, 'PERMANENT', '2018041207', '2018-19', 'nitin', '0000-00-00 00:00:00'),
(407, 'Nawabi Road', 'Haldwani', 'Nainital', '263139', 'Uttarakhand', 'India', '4/29/2018 16:13', 1, 'PERMANENT', '2018041208', '2018-19', 'nitin', '0000-00-00 00:00:00'),
(408, 'Govindpur Garwal', 'Haldwani', 'Nainital', '263139', 'Uttarakhand', 'India', '4/29/2018 16:13', 1, 'PERMANENT', '2018041209', '2018-19', 'nitin', '0000-00-00 00:00:00'),
(409, 'Bhatt Colony, Talli Bamori', 'Haldwani', 'Nainital', '263139', 'Uttarakhand', 'India', '4/29/2018 16:13', 1, 'PERMANENT', '2018041210', '2018-19', 'nitin', '0000-00-00 00:00:00'),
(410, 'Himmatpur Talla', 'Haldwani', 'Nainital', '263139', 'Uttarakhand', 'India', '4/29/2018 16:13', 1, 'PERMANENT', '2018041211', '2018-19', 'nitin', '0000-00-00 00:00:00'),
(411, 'Himmatpur Talla', 'Haldwani', 'Nainital', '263139', 'Uttarakhand', 'India', '4/29/2018 16:13', 1, 'PERMANENT', '2018041212', '2018-19', 'nitin', '0000-00-00 00:00:00'),
(412, 'Girja Vihar', 'Haldwani', 'Nainital', '263139', 'Uttarakhand', 'India', '4/29/2018 16:13', 1, 'PERMANENT', '2018041213', '2018-19', 'nitin', '0000-00-00 00:00:00'),
(413, 'Himmatpur Talla', 'Haldwani', 'Nainital', '263139', 'Uttarakhand', 'India', '4/29/2018 16:13', 1, 'PERMANENT', '2018041214', '2018-19', 'nitin', '0000-00-00 00:00:00'),
(414, 'Bhagwanpur Talla', 'Haldwani', 'Nainital', '263139', 'Uttarakhand', 'India', '4/29/2018 16:13', 1, 'PERMANENT', '2018041215', '2018-19', 'nitin', '0000-00-00 00:00:00'),
(415, 'Haripur Nayak', 'Haldwani', 'Nainital', '263139', 'Uttarakhand', 'India', '4/29/2018 16:13', 1, 'PERMANENT', '2018041216', '2018-19', 'nitin', '0000-00-00 00:00:00'),
(416, 'Haripur Nayak', 'Haldwani', 'Nainital', '263139', 'Uttarakhand', 'India', '4/29/2018 16:13', 1, 'PERMANENT', '2018041217', '2018-19', 'nitin', '0000-00-00 00:00:00'),
(417, 'Narsingh Talla', 'Haldwani', 'Nainital', '263139', 'Uttarakhand', 'India', '4/29/2018 16:13', 1, 'PERMANENT', '2018041218', '2018-19', 'nitin', '0000-00-00 00:00:00'),
(418, 'Girja Vihar', 'Haldwani', 'Nainital', '263139', 'Uttarakhand', 'India', '4/29/2018 16:13', 1, 'PERMANENT', '2018041219', '2018-19', 'nitin', '0000-00-00 00:00:00'),
(419, 'Bhagwanpur Talla', 'Haldwani', 'Nainital', '263139', 'Uttarakhand', 'India', '4/29/2018 16:13', 1, 'PERMANENT', '2018041220', '2018-19', 'nitin', '0000-00-00 00:00:00'),
(420, 'Himmatpur Talla', 'Haldwani', 'Nainital', '263139', 'Uttarakhand', 'India', '4/29/2018 16:13', 1, 'PERMANENT', '2018041221', '2018-19', 'nitin', '0000-00-00 00:00:00'),
(421, 'Bhagwanpur Talla', 'Haldwani', 'Nainital', '263139', 'Uttarakhand', 'India', '4/29/2018 16:13', 1, 'PERMANENT', '2018041222', '2018-19', 'nitin', '0000-00-00 00:00:00'),
(422, 'Jawahar Jyoti', 'Haldwani', 'Nainital', '263139', 'Uttarakhand', 'India', '4/29/2018 16:13', 1, 'PERMANENT', '2018041223', '2018-19', 'nitin', '0000-00-00 00:00:00'),
(423, 'Narsingh Malla', 'Haldwani', 'Nainital', '263139', 'Uttarakhand', 'India', '4/29/2018 16:13', 1, 'PERMANENT', '2018041224', '2018-19', 'nitin', '0000-00-00 00:00:00'),
(424, 'Govindpur Garwal', 'Haldwani', 'Nainital', '263139', 'Uttarakhand', 'India', '4/29/2018 16:13', 1, 'PERMANENT', '2018041225', '2018-19', 'nitin', '0000-00-00 00:00:00'),
(425, 'Girja Vihar', 'Haldwani', 'Nainital', '263139', 'Uttarakhand', 'India', '4/29/2018 16:13', 1, 'PERMANENT', '2018041226', '2018-19', 'nitin', '0000-00-00 00:00:00'),
(426, 'Himmatpur Talla', 'Haldwani', 'Nainital', '263139', 'Uttarakhand', 'India', '4/29/2018 16:13', 1, 'PERMANENT', '2018041227', '2018-19', 'nitin', '0000-00-00 00:00:00'),
(427, 'Madhuban Colony', 'Haldwani', 'Nainital', '263139', 'Uttarakhand', 'India', '4/29/2018 16:13', 1, 'PERMANENT', '2018041228', '2018-19', 'nitin', '0000-00-00 00:00:00'),
(428, 'Himmatpur Talla', 'Haldwani', 'Nainital', '263139', 'Uttarakhand', 'India', '4/29/2018 16:13', 1, 'PERMANENT', '2018041229', '2018-19', 'nitin', '0000-00-00 00:00:00'),
(429, 'Govindpur Garwal', 'Haldwani', 'Nainital', '263139', 'Uttarakhand', 'India', '4/29/2018 16:13', 1, 'PERMANENT', '2018041230', '2018-19', 'nitin', '0000-00-00 00:00:00'),
(430, 'Haripur Nayak', 'Haldwani', 'Nainital', '263139', 'Uttarakhand', 'India', '4/29/2018 16:13', 1, 'PERMANENT', '2018041231', '2018-19', 'nitin', '0000-00-00 00:00:00'),
(431, 'Bhagwanpur Talla', 'Haldwani', 'Nainital', '263139', 'Uttarakhand', 'India', '4/29/2018 16:13', 1, 'PERMANENT', '2018041232', '2018-19', 'nitin', '0000-00-00 00:00:00'),
(432, 'Govindpur Garwal', 'Haldwani', 'Nainital', '263139', 'Uttarakhand', 'India', '4/29/2018 16:13', 1, 'PERMANENT', '2018041233', '2018-19', 'nitin', '0000-00-00 00:00:00'),
(433, 'Govindpur Garwal', 'Haldwani', 'Nainital', '263139', 'Uttarakhand', 'India', '4/29/2018 16:13', 1, 'PERMANENT', '2018041234', '2018-19', 'nitin', '0000-00-00 00:00:00'),
(434, 'Girija Vihar', 'Haldwani', 'Nainital', '263139', 'Uttarakhand', 'India', '4/29/2018 16:13', 1, 'PERMANENT', '2018041235', '2018-19', 'nitin', '0000-00-00 00:00:00'),
(435, 'Laldanth', 'Haldwani', 'Nainital', '263139', 'Uttarakhand', 'India', '4/29/2018 16:13', 1, 'PERMANENT', '2018041236', '2018-19', 'nitin', '0000-00-00 00:00:00'),
(436, 'Harinagar', 'Haldwani', 'Nainital', '263139', 'Uttarakhand', 'India', '4/29/2018 16:13', 1, 'PERMANENT', '2018041237', '2018-19', 'nitin', '0000-00-00 00:00:00'),
(437, 'Narsingh Talla', 'Haldwani', 'Nainital', '263139', 'Uttarakhand', 'India', '4/29/2018 16:13', 1, 'PERMANENT', '2018041238', '2018-19', 'nitin', '0000-00-00 00:00:00'),
(438, 'Harinagar, Unchapul', 'Haldwani', 'Nainital', '263139', 'Uttarakhand', 'India', '4/29/2018 16:13', 1, 'PERMANENT', '2018041239', '2018-19', 'nitin', '0000-00-00 00:00:00'),
(439, 'Bhagwanpur ', 'Haldwani', 'Nainital', '263139', 'Uttarakhand', 'India', '4/29/2018 16:13', 1, 'PERMANENT', '2018041240', '2018-19', 'nitin', '0000-00-00 00:00:00'),
(440, 'Govindpur Garwal', 'Haldwani', 'Nainital', '263139', 'Uttarakhand', 'India', '4/29/2018 16:13', 1, 'PERMANENT', '2018041241', '2018-19', 'nitin', '0000-00-00 00:00:00'),
(441, 'Narsingh Talla', 'Haldwani', 'Nainital', '263139', 'Uttarakhand', 'India', '4/29/2018 16:13', 1, 'PERMANENT', '2018041242', '2018-19', 'nitin', '0000-00-00 00:00:00'),
(442, 'RTO Road', 'Haldwani', 'Nainital', '263139', 'Uttarakhand', 'India', '4/29/2018 16:13', 1, 'PERMANENT', '2018041243', '2018-19', 'nitin', '0000-00-00 00:00:00'),
(443, 'Narsingh Talla', 'Haldwani', 'Nainital', '263139', 'Uttarakhand', 'India', '4/29/2018 16:13', 1, 'CORRESPONDANCE', '2018041200', '2018-19', 'nitin', '0000-00-00 00:00:00'),
(444, 'Govindpur Garwal', 'Haldwani', 'Nainital', '263139', 'Uttarakhand', 'India', '4/29/2018 16:13', 1, 'CORRESPONDANCE', '2018041201', '2018-19', 'nitin', '0000-00-00 00:00:00'),
(445, 'Himmatpur Talla', 'Haldwani', 'Nainital', '263139', 'Uttarakhand', 'India', '4/29/2018 16:13', 1, 'CORRESPONDANCE', '2018041202', '2018-19', 'nitin', '0000-00-00 00:00:00'),
(446, 'Himmatpur Talla', 'Haldwani', 'Nainital', '263139', 'Uttarakhand', 'India', '4/29/2018 16:13', 1, 'CORRESPONDANCE', '2018041203', '2018-19', 'nitin', '0000-00-00 00:00:00'),
(447, 'Kamaluaganja', 'Haldwani', 'Nainital', '263139', 'Uttarakhand', 'India', '4/29/2018 16:13', 1, 'CORRESPONDANCE', '2018041204', '2018-19', 'nitin', '0000-00-00 00:00:00'),
(448, 'Himmatpur Talla', 'Haldwani', 'Nainital', '263139', 'Uttarakhand', 'India', '4/29/2018 16:13', 1, 'CORRESPONDANCE', '2018041205', '2018-19', 'nitin', '0000-00-00 00:00:00'),
(449, 'Girja Vihar', 'Haldwani', 'Nainital', '263139', 'Uttarakhand', 'India', '4/29/2018 16:13', 1, 'CORRESPONDANCE', '2018041206', '2018-19', 'nitin', '0000-00-00 00:00:00'),
(450, 'Near Block', 'Haldwani', 'Nainital', '263139', 'Uttarakhand', 'India', '4/29/2018 16:13', 1, 'CORRESPONDANCE', '2018041207', '2018-19', 'nitin', '0000-00-00 00:00:00'),
(451, 'Nawabi Road', 'Haldwani', 'Nainital', '263139', 'Uttarakhand', 'India', '4/29/2018 16:13', 1, 'CORRESPONDANCE', '2018041208', '2018-19', 'nitin', '0000-00-00 00:00:00'),
(452, 'Govindpur Garwal', 'Haldwani', 'Nainital', '263139', 'Uttarakhand', 'India', '4/29/2018 16:13', 1, 'CORRESPONDANCE', '2018041209', '2018-19', 'nitin', '0000-00-00 00:00:00'),
(453, 'Bhatt Colony, Talli Bamori', 'Haldwani', 'Nainital', '263139', 'Uttarakhand', 'India', '4/29/2018 16:13', 1, 'CORRESPONDANCE', '2018041210', '2018-19', 'nitin', '0000-00-00 00:00:00'),
(454, 'Himmatpur Talla', 'Haldwani', 'Nainital', '263139', 'Uttarakhand', 'India', '4/29/2018 16:13', 1, 'CORRESPONDANCE', '2018041211', '2018-19', 'nitin', '0000-00-00 00:00:00'),
(455, 'Himmatpur Talla', 'Haldwani', 'Nainital', '263139', 'Uttarakhand', 'India', '4/29/2018 16:13', 1, 'CORRESPONDANCE', '2018041212', '2018-19', 'nitin', '0000-00-00 00:00:00'),
(456, 'Girja Vihar', 'Haldwani', 'Nainital', '263139', 'Uttarakhand', 'India', '4/29/2018 16:13', 1, 'CORRESPONDANCE', '2018041213', '2018-19', 'nitin', '0000-00-00 00:00:00'),
(457, 'Himmatpur Talla', 'Haldwani', 'Nainital', '263139', 'Uttarakhand', 'India', '4/29/2018 16:13', 1, 'CORRESPONDANCE', '2018041214', '2018-19', 'nitin', '0000-00-00 00:00:00'),
(458, 'Bhagwanpur Talla', 'Haldwani', 'Nainital', '263139', 'Uttarakhand', 'India', '4/29/2018 16:13', 1, 'CORRESPONDANCE', '2018041215', '2018-19', 'nitin', '0000-00-00 00:00:00'),
(459, 'Haripur Nayak', 'Haldwani', 'Nainital', '263139', 'Uttarakhand', 'India', '4/29/2018 16:13', 1, 'CORRESPONDANCE', '2018041216', '2018-19', 'nitin', '0000-00-00 00:00:00'),
(460, 'Haripur Nayak', 'Haldwani', 'Nainital', '263139', 'Uttarakhand', 'India', '4/29/2018 16:13', 1, 'CORRESPONDANCE', '2018041217', '2018-19', 'nitin', '0000-00-00 00:00:00'),
(461, 'Narsingh Talla', 'Haldwani', 'Nainital', '263139', 'Uttarakhand', 'India', '4/29/2018 16:13', 1, 'CORRESPONDANCE', '2018041218', '2018-19', 'nitin', '0000-00-00 00:00:00'),
(462, 'Girja Vihar', 'Haldwani', 'Nainital', '263139', 'Uttarakhand', 'India', '4/29/2018 16:13', 1, 'CORRESPONDANCE', '2018041219', '2018-19', 'nitin', '0000-00-00 00:00:00'),
(463, 'Bhagwanpur Talla', 'Haldwani', 'Nainital', '263139', 'Uttarakhand', 'India', '4/29/2018 16:13', 1, 'CORRESPONDANCE', '2018041220', '2018-19', 'nitin', '0000-00-00 00:00:00'),
(464, 'Himmatpur Talla', 'Haldwani', 'Nainital', '263139', 'Uttarakhand', 'India', '4/29/2018 16:13', 1, 'CORRESPONDANCE', '2018041221', '2018-19', 'nitin', '0000-00-00 00:00:00'),
(465, 'Bhagwanpur Talla', 'Haldwani', 'Nainital', '263139', 'Uttarakhand', 'India', '4/29/2018 16:13', 1, 'CORRESPONDANCE', '2018041222', '2018-19', 'nitin', '0000-00-00 00:00:00'),
(466, 'Jawahar Jyoti', 'Haldwani', 'Nainital', '263139', 'Uttarakhand', 'India', '4/29/2018 16:13', 1, 'CORRESPONDANCE', '2018041223', '2018-19', 'nitin', '0000-00-00 00:00:00'),
(467, 'Narsingh Malla', 'Haldwani', 'Nainital', '263139', 'Uttarakhand', 'India', '4/29/2018 16:13', 1, 'CORRESPONDANCE', '2018041224', '2018-19', 'nitin', '0000-00-00 00:00:00'),
(468, 'Govindpur Garwal', 'Haldwani', 'Nainital', '263139', 'Uttarakhand', 'India', '4/29/2018 16:13', 1, 'CORRESPONDANCE', '2018041225', '2018-19', 'nitin', '0000-00-00 00:00:00'),
(469, 'Girja Vihar', 'Haldwani', 'Nainital', '263139', 'Uttarakhand', 'India', '4/29/2018 16:13', 1, 'CORRESPONDANCE', '2018041226', '2018-19', 'nitin', '0000-00-00 00:00:00'),
(470, 'Himmatpur Talla', 'Haldwani', 'Nainital', '263139', 'Uttarakhand', 'India', '4/29/2018 16:13', 1, 'CORRESPONDANCE', '2018041227', '2018-19', 'nitin', '0000-00-00 00:00:00'),
(471, 'Madhuban Colony', 'Haldwani', 'Nainital', '263139', 'Uttarakhand', 'India', '4/29/2018 16:13', 1, 'CORRESPONDANCE', '2018041228', '2018-19', 'nitin', '0000-00-00 00:00:00'),
(472, 'Himmatpur Talla', 'Haldwani', 'Nainital', '263139', 'Uttarakhand', 'India', '4/29/2018 16:13', 1, 'CORRESPONDANCE', '2018041229', '2018-19', 'nitin', '0000-00-00 00:00:00'),
(473, 'Govindpur Garwal', 'Haldwani', 'Nainital', '263139', 'Uttarakhand', 'India', '4/29/2018 16:13', 1, 'CORRESPONDANCE', '2018041230', '2018-19', 'nitin', '0000-00-00 00:00:00'),
(474, 'Haripur Nayak', 'Haldwani', 'Nainital', '263139', 'Uttarakhand', 'India', '4/29/2018 16:13', 1, 'CORRESPONDANCE', '2018041231', '2018-19', 'nitin', '0000-00-00 00:00:00'),
(475, 'Bhagwanpur Talla', 'Haldwani', 'Nainital', '263139', 'Uttarakhand', 'India', '4/29/2018 16:13', 1, 'CORRESPONDANCE', '2018041232', '2018-19', 'nitin', '0000-00-00 00:00:00'),
(476, 'Govindpur Garwal', 'Haldwani', 'Nainital', '263139', 'Uttarakhand', 'India', '4/29/2018 16:13', 1, 'CORRESPONDANCE', '2018041233', '2018-19', 'nitin', '0000-00-00 00:00:00'),
(477, 'Govindpur Garwal', 'Haldwani', 'Nainital', '263139', 'Uttarakhand', 'India', '4/29/2018 16:13', 1, 'CORRESPONDANCE', '2018041234', '2018-19', 'nitin', '0000-00-00 00:00:00'),
(478, 'Girija Vihar', 'Haldwani', 'Nainital', '263139', 'Uttarakhand', 'India', '4/29/2018 16:13', 1, 'CORRESPONDANCE', '2018041235', '2018-19', 'nitin', '0000-00-00 00:00:00'),
(479, 'Laldanth', 'Haldwani', 'Nainital', '263139', 'Uttarakhand', 'India', '4/29/2018 16:13', 1, 'CORRESPONDANCE', '2018041236', '2018-19', 'nitin', '0000-00-00 00:00:00'),
(480, 'Harinagar', 'Haldwani', 'Nainital', '263139', 'Uttarakhand', 'India', '4/29/2018 16:13', 1, 'CORRESPONDANCE', '2018041237', '2018-19', 'nitin', '0000-00-00 00:00:00'),
(481, 'Narsingh Talla', 'Haldwani', 'Nainital', '263139', 'Uttarakhand', 'India', '4/29/2018 16:13', 1, 'CORRESPONDANCE', '2018041238', '2018-19', 'nitin', '0000-00-00 00:00:00'),
(482, 'Harinagar, Unchapul', 'Haldwani', 'Nainital', '263139', 'Uttarakhand', 'India', '4/29/2018 16:13', 1, 'CORRESPONDANCE', '2018041239', '2018-19', 'nitin', '0000-00-00 00:00:00'),
(483, 'Bhagwanpur ', 'Haldwani', 'Nainital', '263139', 'Uttarakhand', 'India', '4/29/2018 16:13', 1, 'CORRESPONDANCE', '2018041240', '2018-19', 'nitin', '0000-00-00 00:00:00'),
(484, 'Govindpur Garwal', 'Haldwani', 'Nainital', '263139', 'Uttarakhand', 'India', '4/29/2018 16:13', 1, 'CORRESPONDANCE', '2018041241', '2018-19', 'nitin', '0000-00-00 00:00:00'),
(485, 'Narsingh Talla', 'Haldwani', 'Nainital', '263139', 'Uttarakhand', 'India', '4/29/2018 16:13', 1, 'CORRESPONDANCE', '2018041242', '2018-19', 'nitin', '0000-00-00 00:00:00'),
(486, 'RTO Road', 'Haldwani', 'Nainital', '263139', 'Uttarakhand', 'India', '4/29/2018 16:13', 1, 'CORRESPONDANCE', '2018041243', '2018-19', 'nitin', '0000-00-00 00:00:00'),
(487, 'Narsingh Malla', 'Haldwani', 'Nainital', '263139', 'Uttarakhand', 'India', '4/29/2018 16:13', 1, 'PERMANENT', '2018041244', '2018-19', 'nitin', '0000-00-00 00:00:00'),
(488, 'Govindpur Garwal', 'Haldwani', 'Nainital', '263140', 'Uttarakhand', 'India', '4/29/2018 16:13', 1, 'PERMANENT', '2018041245', '2018-19', 'nitin', '0000-00-00 00:00:00'),
(489, 'B.B. Sharma', 'Haldwani', 'Nainital', '263141', 'Uttarakhand', 'India', '4/29/2018 16:13', 1, 'PERMANENT', '2018041246', '2018-19', 'nitin', '0000-00-00 00:00:00'),
(490, 'Haripur Nayak', 'Haldwani', 'Nainital', '263142', 'Uttarakhand', 'India', '4/29/2018 16:13', 1, 'PERMANENT', '2018041247', '2018-19', 'nitin', '0000-00-00 00:00:00'),
(491, 'Girija Vihar', 'Haldwani', 'Nainital', '263143', 'Uttarakhand', 'India', '4/29/2018 16:13', 1, 'PERMANENT', '2018041248', '2018-19', 'nitin', '0000-00-00 00:00:00'),
(492, 'Himmatpur Talla', 'Haldwani', 'Nainital', '263144', 'Uttarakhand', 'India', '4/29/2018 16:13', 1, 'PERMANENT', '2018041249', '2018-19', 'nitin', '0000-00-00 00:00:00'),
(493, 'Chharyal Nayabad', 'Haldwani', 'Nainital', '263145', 'Uttarakhand', 'India', '4/29/2018 16:13', 1, 'PERMANENT', '2018041250', '2018-19', 'nitin', '0000-00-00 00:00:00'),
(494, 'Chharyal Nayabad', 'Haldwani', 'Nainital', '263146', 'Uttarakhand', 'India', '4/29/2018 16:13', 1, 'PERMANENT', '2018041251', '2018-19', 'nitin', '0000-00-00 00:00:00'),
(495, 'Jail Road', 'Haldwani', 'Nainital', '263147', 'Uttarakhand', 'India', '4/29/2018 16:13', 1, 'PERMANENT', '2018041252', '2018-19', 'nitin', '0000-00-00 00:00:00'),
(496, 'Kamaluaganja', 'Haldwani', 'Nainital', '263148', 'Uttarakhand', 'India', '4/29/2018 16:13', 1, 'PERMANENT', '2018041253', '2018-19', 'nitin', '0000-00-00 00:00:00'),
(497, 'Narsingh Talla', 'Haldwani', 'Nainital', '263149', 'Uttarakhand', 'India', '4/29/2018 16:13', 1, 'PERMANENT', '2018041254', '2018-19', 'nitin', '0000-00-00 00:00:00'),
(498, 'Jawahar Jyoti', 'Haldwani', 'Nainital', '263150', 'Uttarakhand', 'India', '4/29/2018 16:13', 1, 'PERMANENT', '2018041255', '2018-19', 'nitin', '0000-00-00 00:00:00'),
(499, 'Govindpur Garwal', 'Haldwani', 'Nainital', '263151', 'Uttarakhand', 'India', '4/29/2018 16:13', 1, 'PERMANENT', '2018041256', '2018-19', 'nitin', '0000-00-00 00:00:00'),
(500, 'Kamaluaganja', 'Haldwani', 'Nainital', '263152', 'Uttarakhand', 'India', '4/29/2018 16:13', 1, 'PERMANENT', '2018041257', '2018-19', 'nitin', '0000-00-00 00:00:00'),
(501, 'Chharayal', 'Haldwani', 'Nainital', '263153', 'Uttarakhand', 'India', '4/29/2018 16:13', 1, 'PERMANENT', '2018041258', '2018-19', 'nitin', '0000-00-00 00:00:00'),
(502, 'Himmatpur Talla', 'Haldwani', 'Nainital', '263154', 'Uttarakhand', 'India', '4/29/2018 16:13', 1, 'PERMANENT', '2018041259', '2018-19', 'nitin', '0000-00-00 00:00:00'),
(503, 'Himmatpur Talla', 'Haldwani', 'Nainital', '263155', 'Uttarakhand', 'India', '4/29/2018 16:13', 1, 'PERMANENT', '2018041260', '2018-19', 'nitin', '0000-00-00 00:00:00'),
(504, 'Kamaluaganja', 'Haldwani', 'Nainital', '263156', 'Uttarakhand', 'India', '4/29/2018 16:13', 1, 'PERMANENT', '2018041261', '2018-19', 'nitin', '0000-00-00 00:00:00'),
(505, 'Girija Vihar', 'Haldwani', 'Nainital', '263158', 'Uttarakhand', 'India', '4/29/2018 16:13', 1, 'PERMANENT', '2018041262', '2018-19', 'nitin', '0000-00-00 00:00:00'),
(506, 'Kamaluaganja', 'Haldwani', 'Nainital', '263159', 'Uttarakhand', 'India', '4/29/2018 16:13', 1, 'PERMANENT', '2018041263', '2018-19', 'nitin', '0000-00-00 00:00:00'),
(507, 'Bhagwanpur Talla', 'Haldwani', 'Nainital', '263160', 'Uttarakhand', 'India', '4/29/2018 16:13', 1, 'PERMANENT', '2018041264', '2018-19', 'nitin', '0000-00-00 00:00:00'),
(508, 'Kathgharia', 'Haldwani', 'Nainital', '263161', 'Uttarakhand', 'India', '4/29/2018 16:13', 1, 'PERMANENT', '2018041265', '2018-19', 'nitin', '0000-00-00 00:00:00'),
(509, 'Girija Vihar', 'Haldwani', 'Nainital', '263162', 'Uttarakhand', 'India', '4/29/2018 16:13', 1, 'PERMANENT', '2018041266', '2018-19', 'nitin', '0000-00-00 00:00:00'),
(510, 'Kathgharia', 'Haldwani', 'Nainital', '263163', 'Uttarakhand', 'India', '4/29/2018 16:13', 1, 'PERMANENT', '2018041267', '2018-19', 'nitin', '0000-00-00 00:00:00'),
(511, 'Jawahar Jyoti', 'Haldwani', 'Nainital', '263164', 'Uttarakhand', 'India', '4/29/2018 16:13', 1, 'PERMANENT', '2018041268', '2018-19', 'nitin', '0000-00-00 00:00:00'),
(512, 'Kathgharia', 'Haldwani', 'Nainital', '263165', 'Uttarakhand', 'India', '4/29/2018 16:13', 1, 'PERMANENT', '2018041269', '2018-19', 'nitin', '0000-00-00 00:00:00'),
(513, 'Girija Vihar', 'Haldwani', 'Nainital', '263166', 'Uttarakhand', 'India', '4/29/2018 16:13', 1, 'PERMANENT', '2018041270', '2018-19', 'nitin', '0000-00-00 00:00:00'),
(514, 'Ekta Vihar, Bhagwanpur', 'Haldwani', 'Nainital', '263167', 'Uttarakhand', 'India', '4/29/2018 16:13', 1, 'PERMANENT', '2018041271', '2018-19', 'nitin', '0000-00-00 00:00:00'),
(515, 'Kamaluaganja', 'Haldwani', 'Nainital', '263168', 'Uttarakhand', 'India', '4/29/2018 16:13', 1, 'PERMANENT', '2018041272', '2018-19', 'nitin', '0000-00-00 00:00:00'),
(516, 'Himmatpur Talla', 'Haldwani', 'Nainital', '263169', 'Uttarakhand', 'India', '4/29/2018 16:13', 1, 'PERMANENT', '2018041273', '2018-19', 'nitin', '0000-00-00 00:00:00'),
(517, 'Himmatpur Talla', 'Haldwani', 'Nainital', '263170', 'Uttarakhand', 'India', '4/29/2018 16:13', 1, 'PERMANENT', '2018041274', '2018-19', 'nitin', '0000-00-00 00:00:00'),
(518, 'Bhagwanpur Talla', 'Haldwani', 'Nainital', '263171', 'Uttarakhand', 'India', '4/29/2018 16:13', 1, 'PERMANENT', '2018041275', '2018-19', 'nitin', '0000-00-00 00:00:00'),
(519, 'Girija Vihar', 'Haldwani', 'Nainital', '263172', 'Uttarakhand', 'India', '4/29/2018 16:13', 1, 'PERMANENT', '2018041276', '2018-19', 'nitin', '0000-00-00 00:00:00'),
(520, 'Govindpur Garwal', 'Haldwani', 'Nainital', '263173', 'Uttarakhand', 'India', '4/29/2018 16:13', 1, 'PERMANENT', '2018041277', '2018-19', 'nitin', '0000-00-00 00:00:00'),
(521, 'Girija Vihar', 'Haldwani', 'Nainital', '263174', 'Uttarakhand', 'India', '4/29/2018 16:13', 1, 'PERMANENT', '2018041278', '2018-19', 'nitin', '0000-00-00 00:00:00'),
(522, 'Heera Nagar', 'Haldwani', 'Nainital', '263175', 'Uttarakhand', 'India', '4/29/2018 16:13', 1, 'PERMANENT', '2018041279', '2018-19', 'nitin', '0000-00-00 00:00:00'),
(523, 'Kusumkhera', 'Haldwani', 'Nainital', '263177', 'Uttarakhand', 'India', '4/29/2018 16:13', 1, 'PERMANENT', '2018041280', '2018-19', 'nitin', '0000-00-00 00:00:00'),
(524, 'Narsingh Malla', 'Haldwani', 'Nainital', '263139', 'Uttarakhand', 'India', '4/29/2018 16:13', 1, 'CORRESPONDANCE', '2018041244', '2018-19', 'nitin', '0000-00-00 00:00:00'),
(525, 'Govindpur Garwal', 'Haldwani', 'Nainital', '263140', 'Uttarakhand', 'India', '4/29/2018 16:13', 1, 'CORRESPONDANCE', '2018041245', '2018-19', 'nitin', '0000-00-00 00:00:00'),
(526, 'B.B. Sharma', 'Haldwani', 'Nainital', '263141', 'Uttarakhand', 'India', '4/29/2018 16:13', 1, 'CORRESPONDANCE', '2018041246', '2018-19', 'nitin', '0000-00-00 00:00:00'),
(527, 'Haripur Nayak', 'Haldwani', 'Nainital', '263142', 'Uttarakhand', 'India', '4/29/2018 16:13', 1, 'CORRESPONDANCE', '2018041247', '2018-19', 'nitin', '0000-00-00 00:00:00'),
(528, 'Girija Vihar', 'Haldwani', 'Nainital', '263143', 'Uttarakhand', 'India', '4/29/2018 16:13', 1, 'CORRESPONDANCE', '2018041248', '2018-19', 'nitin', '0000-00-00 00:00:00'),
(529, 'Himmatpur Talla', 'Haldwani', 'Nainital', '263144', 'Uttarakhand', 'India', '4/29/2018 16:13', 1, 'CORRESPONDANCE', '2018041249', '2018-19', 'nitin', '0000-00-00 00:00:00'),
(530, 'Chharyal Nayabad', 'Haldwani', 'Nainital', '263145', 'Uttarakhand', 'India', '4/29/2018 16:13', 1, 'CORRESPONDANCE', '2018041250', '2018-19', 'nitin', '0000-00-00 00:00:00'),
(531, 'Chharyal Nayabad', 'Haldwani', 'Nainital', '263146', 'Uttarakhand', 'India', '4/29/2018 16:13', 1, 'CORRESPONDANCE', '2018041251', '2018-19', 'nitin', '0000-00-00 00:00:00'),
(532, 'Jail Road', 'Haldwani', 'Nainital', '263147', 'Uttarakhand', 'India', '4/29/2018 16:13', 1, 'CORRESPONDANCE', '2018041252', '2018-19', 'nitin', '0000-00-00 00:00:00'),
(533, 'Kamaluaganja', 'Haldwani', 'Nainital', '263148', 'Uttarakhand', 'India', '4/29/2018 16:13', 1, 'CORRESPONDANCE', '2018041253', '2018-19', 'nitin', '0000-00-00 00:00:00'),
(534, 'Narsingh Talla', 'Haldwani', 'Nainital', '263149', 'Uttarakhand', 'India', '4/29/2018 16:13', 1, 'CORRESPONDANCE', '2018041254', '2018-19', 'nitin', '0000-00-00 00:00:00'),
(535, 'Jawahar Jyoti', 'Haldwani', 'Nainital', '263150', 'Uttarakhand', 'India', '4/29/2018 16:13', 1, 'CORRESPONDANCE', '2018041255', '2018-19', 'nitin', '0000-00-00 00:00:00'),
(536, 'Govindpur Garwal', 'Haldwani', 'Nainital', '263151', 'Uttarakhand', 'India', '4/29/2018 16:13', 1, 'CORRESPONDANCE', '2018041256', '2018-19', 'nitin', '0000-00-00 00:00:00'),
(537, 'Kamaluaganja', 'Haldwani', 'Nainital', '263152', 'Uttarakhand', 'India', '4/29/2018 16:13', 1, 'CORRESPONDANCE', '2018041257', '2018-19', 'nitin', '0000-00-00 00:00:00'),
(538, 'Chharayal', 'Haldwani', 'Nainital', '263153', 'Uttarakhand', 'India', '4/29/2018 16:13', 1, 'CORRESPONDANCE', '2018041258', '2018-19', 'nitin', '0000-00-00 00:00:00'),
(539, 'Himmatpur Talla', 'Haldwani', 'Nainital', '263154', 'Uttarakhand', 'India', '4/29/2018 16:13', 1, 'CORRESPONDANCE', '2018041259', '2018-19', 'nitin', '0000-00-00 00:00:00'),
(540, 'Himmatpur Talla', 'Haldwani', 'Nainital', '263155', 'Uttarakhand', 'India', '4/29/2018 16:13', 1, 'CORRESPONDANCE', '2018041260', '2018-19', 'nitin', '0000-00-00 00:00:00'),
(541, 'Kamaluaganja', 'Haldwani', 'Nainital', '263156', 'Uttarakhand', 'India', '4/29/2018 16:13', 1, 'CORRESPONDANCE', '2018041261', '2018-19', 'nitin', '0000-00-00 00:00:00'),
(542, 'Girija Vihar', 'Haldwani', 'Nainital', '263158', 'Uttarakhand', 'India', '4/29/2018 16:13', 1, 'CORRESPONDANCE', '2018041262', '2018-19', 'nitin', '0000-00-00 00:00:00'),
(543, 'Kamaluaganja', 'Haldwani', 'Nainital', '263159', 'Uttarakhand', 'India', '4/29/2018 16:13', 1, 'CORRESPONDANCE', '2018041263', '2018-19', 'nitin', '0000-00-00 00:00:00'),
(544, 'Bhagwanpur Talla', 'Haldwani', 'Nainital', '263160', 'Uttarakhand', 'India', '4/29/2018 16:13', 1, 'CORRESPONDANCE', '2018041264', '2018-19', 'nitin', '0000-00-00 00:00:00'),
(545, 'Kathgharia', 'Haldwani', 'Nainital', '263161', 'Uttarakhand', 'India', '4/29/2018 16:13', 1, 'CORRESPONDANCE', '2018041265', '2018-19', 'nitin', '0000-00-00 00:00:00'),
(546, 'Girija Vihar', 'Haldwani', 'Nainital', '263162', 'Uttarakhand', 'India', '4/29/2018 16:13', 1, 'CORRESPONDANCE', '2018041266', '2018-19', 'nitin', '0000-00-00 00:00:00'),
(547, 'Kathgharia', 'Haldwani', 'Nainital', '263163', 'Uttarakhand', 'India', '4/29/2018 16:13', 1, 'CORRESPONDANCE', '2018041267', '2018-19', 'nitin', '0000-00-00 00:00:00'),
(548, 'Jawahar Jyoti', 'Haldwani', 'Nainital', '263164', 'Uttarakhand', 'India', '4/29/2018 16:13', 1, 'CORRESPONDANCE', '2018041268', '2018-19', 'nitin', '0000-00-00 00:00:00'),
(549, 'Kathgharia', 'Haldwani', 'Nainital', '263165', 'Uttarakhand', 'India', '4/29/2018 16:13', 1, 'CORRESPONDANCE', '2018041269', '2018-19', 'nitin', '0000-00-00 00:00:00'),
(550, 'Girija Vihar', 'Haldwani', 'Nainital', '263166', 'Uttarakhand', 'India', '4/29/2018 16:13', 1, 'CORRESPONDANCE', '2018041270', '2018-19', 'nitin', '0000-00-00 00:00:00'),
(551, 'Ekta Vihar, Bhagwanpur', 'Haldwani', 'Nainital', '263167', 'Uttarakhand', 'India', '4/29/2018 16:13', 1, 'CORRESPONDANCE', '2018041271', '2018-19', 'nitin', '0000-00-00 00:00:00'),
(552, 'Kamaluaganja', 'Haldwani', 'Nainital', '263168', 'Uttarakhand', 'India', '4/29/2018 16:13', 1, 'CORRESPONDANCE', '2018041272', '2018-19', 'nitin', '0000-00-00 00:00:00'),
(553, 'Himmatpur Talla', 'Haldwani', 'Nainital', '263169', 'Uttarakhand', 'India', '4/29/2018 16:13', 1, 'CORRESPONDANCE', '2018041273', '2018-19', 'nitin', '0000-00-00 00:00:00'),
(554, 'Himmatpur Talla', 'Haldwani', 'Nainital', '263170', 'Uttarakhand', 'India', '4/29/2018 16:13', 1, 'CORRESPONDANCE', '2018041274', '2018-19', 'nitin', '0000-00-00 00:00:00'),
(555, 'Bhagwanpur Talla', 'Haldwani', 'Nainital', '263171', 'Uttarakhand', 'India', '4/29/2018 16:13', 1, 'CORRESPONDANCE', '2018041275', '2018-19', 'nitin', '0000-00-00 00:00:00'),
(556, 'Girija Vihar', 'Haldwani', 'Nainital', '263172', 'Uttarakhand', 'India', '4/29/2018 16:13', 1, 'CORRESPONDANCE', '2018041276', '2018-19', 'nitin', '0000-00-00 00:00:00');
INSERT INTO `master_9_stud_address` (`ADDRID`, `STREET_1`, `CITY_`, `PIN_`, `DISTT_`, `STATE_`, `COUNTRY_`, `DOC_`, `STATUS`, `ADDRESS_STATUS`, `regid`, `SESSID`, `USERNAME_`, `DATE_`) VALUES
(557, 'Govindpur Garwal', 'Haldwani', 'Nainital', '263173', 'Uttarakhand', 'India', '4/29/2018 16:13', 1, 'CORRESPONDANCE', '2018041277', '2018-19', 'nitin', '0000-00-00 00:00:00'),
(558, 'Girija Vihar', 'Haldwani', 'Nainital', '263174', 'Uttarakhand', 'India', '4/29/2018 16:13', 1, 'CORRESPONDANCE', '2018041278', '2018-19', 'nitin', '0000-00-00 00:00:00'),
(559, 'Heera Nagar', 'Haldwani', 'Nainital', '263175', 'Uttarakhand', 'India', '4/29/2018 16:13', 1, 'CORRESPONDANCE', '2018041279', '2018-19', 'nitin', '0000-00-00 00:00:00'),
(560, 'Kusumkhera', 'Haldwani', 'Nainital', '263177', 'Uttarakhand', 'India', '4/29/2018 16:13', 1, 'CORRESPONDANCE', '2018041280', '2018-19', 'nitin', '0000-00-00 00:00:00'),
(561, 'Near Block Office', 'Haldwani', 'Nainital', '263139', 'UTTARAKHAND', 'India', '4/29/2018 16:13', 1, 'PERMANENT', '2018041281', '2018-19', 'nitin', '2018-07-10 16:40:31'),
(562, 'Bithoria No. 1', 'Haldwani', 'Nainital', '263139', 'Uttarakhand', 'India', '4/29/2018 16:13', 1, 'PERMANENT', '2018041282', '2018-19', 'nitin', '0000-00-00 00:00:00'),
(563, 'Himmatpur Talla', 'Haldwani', 'Nainital', '263139', 'Uttarakhand', 'India', '4/29/2018 16:13', 1, 'PERMANENT', '2018041283', '2018-19', 'nitin', '0000-00-00 00:00:00'),
(564, 'Girija Vihar', 'Haldwani', 'Nainital', '263139', 'Uttarakhand', 'India', '4/29/2018 16:13', 1, 'PERMANENT', '2018041284', '2018-19', 'nitin', '0000-00-00 00:00:00'),
(565, 'Bhagwanpur Talla', 'Haldwani', 'Nainital', '263139', 'Uttarakhand', 'India', '4/29/2018 16:13', 1, 'PERMANENT', '2018041285', '2018-19', 'nitin', '0000-00-00 00:00:00'),
(566, 'Kathgharia', 'Haldwani', 'Nainital', '263139', 'Uttarakhand', 'India', '4/29/2018 16:13', 1, 'PERMANENT', '2018041286', '2018-19', 'nitin', '0000-00-00 00:00:00'),
(567, 'Girija Vihar', 'Haldwani', 'Nainital', '263139', 'Uttarakhand', 'India', '4/29/2018 16:13', 1, 'PERMANENT', '2018041287', '2018-19', 'nitin', '0000-00-00 00:00:00'),
(568, 'Gas Godam Road', 'Haldwani', 'Nainital', '263139', 'Uttarakhand', 'India', '4/29/2018 16:13', 1, 'PERMANENT', '2018041288', '2018-19', 'nitin', '0000-00-00 00:00:00'),
(569, 'Himmatpur Talla', 'Haldwani', 'Nainital', '263139', 'Uttarakhand', 'India', '4/29/2018 16:13', 1, 'PERMANENT', '2018041289', '2018-19', 'nitin', '0000-00-00 00:00:00'),
(570, 'Himmatpur Talla', 'Haldwani', 'Nainital', '263139', 'Uttarakhand', 'India', '4/29/2018 16:13', 1, 'PERMANENT', '2018041290', '2018-19', 'nitin', '0000-00-00 00:00:00'),
(571, 'Girija Vihar', 'Haldwani', 'Nainital', '263139', 'Uttarakhand', 'India', '4/29/2018 16:13', 1, 'PERMANENT', '2018041291', '2018-19', 'nitin', '0000-00-00 00:00:00'),
(572, 'Haripur Nayak', 'Haldwani', 'Nainital', '263139', 'Uttarakhand', 'India', '4/29/2018 16:13', 1, 'PERMANENT', '2018041292', '2018-19', 'nitin', '0000-00-00 00:00:00'),
(573, 'Narsingh Malla', 'Haldwani', 'Nainital', '263139', 'Uttarakhand', 'India', '4/29/2018 16:13', 1, 'PERMANENT', '2018041293', '2018-19', 'nitin', '0000-00-00 00:00:00'),
(574, 'Govindpur Garwal', 'Haldwani', 'Nainital', '263139', 'Uttarakhand', 'India', '4/29/2018 16:13', 1, 'PERMANENT', '2018041294', '2018-19', 'nitin', '0000-00-00 00:00:00'),
(575, 'Kathgharia', 'Haldwani', 'Nainital', '263139', 'Uttarakhand', 'India', '4/29/2018 16:13', 1, 'PERMANENT', '2018041295', '2018-19', 'nitin', '0000-00-00 00:00:00'),
(576, 'Narsingh Talla', 'Haldwani', 'Nainital', '263139', 'Uttarakhand', 'India', '4/29/2018 16:13', 1, 'PERMANENT', '2018041296', '2018-19', 'nitin', '0000-00-00 00:00:00'),
(577, 'Narsingh Talla', 'Haldwani', 'Nainital', '263139', 'Uttarakhand', 'India', '4/29/2018 16:13', 1, 'PERMANENT', '2018041297', '2018-19', 'nitin', '0000-00-00 00:00:00'),
(578, 'Jawahar Jyoti', 'Haldwani', 'Nainital', '263139', 'Uttarakhand', 'India', '4/29/2018 16:13', 1, 'PERMANENT', '2018041298', '2018-19', 'nitin', '0000-00-00 00:00:00'),
(579, 'Govindpur Garwal', 'Haldwani', 'Nainital', '263139', 'Uttarakhand', 'India', '4/29/2018 16:13', 1, 'PERMANENT', '2018041299', '2018-19', 'nitin', '0000-00-00 00:00:00'),
(580, 'Bhagwanpur Talla', 'Haldwani', 'Nainital', '263139', 'Uttarakhand', 'India', '4/29/2018 16:13', 1, 'PERMANENT', '2018041300', '2018-19', 'nitin', '0000-00-00 00:00:00'),
(581, 'Himmatpur Malla', 'Haldwani', 'Nainital', '263139', 'Uttarakhand', 'India', '4/29/2018 16:13', 1, 'PERMANENT', '2018041301', '2018-19', 'nitin', '0000-00-00 00:00:00'),
(582, 'Govindpur Garwal', 'Haldwani', 'Nainital', '263139', 'Uttarakhand', 'India', '4/29/2018 16:13', 1, 'PERMANENT', '2018041302', '2018-19', 'nitin', '0000-00-00 00:00:00'),
(583, 'Govindpur Garwal', 'Haldwani', 'Nainital', '263139', 'Uttarakhand', 'India', '4/29/2018 16:13', 1, 'PERMANENT', '2018041303', '2018-19', 'nitin', '0000-00-00 00:00:00'),
(584, 'Himmatpur Talla', 'Haldwani', 'Nainital', '263139', 'Uttarakhand', 'India', '4/29/2018 16:13', 1, 'PERMANENT', '2018041304', '2018-19', 'nitin', '0000-00-00 00:00:00'),
(585, 'Narsingh Talla', 'Haldwani', 'Nainital', '263139', 'Uttarakhand', 'India', '4/29/2018 16:13', 1, 'PERMANENT', '2018041305', '2018-19', 'nitin', '0000-00-00 00:00:00'),
(586, 'Girija Vihar', 'Haldwani', 'Nainital', '263139', 'Uttarakhand', 'India', '4/29/2018 16:13', 1, 'PERMANENT', '2018041306', '2018-19', 'nitin', '0000-00-00 00:00:00'),
(587, 'Kusumkhera', 'Haldwani', 'Nainital', '263139', 'Uttarakhand', 'India', '4/29/2018 16:13', 1, 'PERMANENT', '2018041307', '2018-19', 'nitin', '0000-00-00 00:00:00'),
(588, 'Kusumkhera', 'Haldwani', 'Nainital', '263139', 'Uttarakhand', 'India', '4/29/2018 16:13', 1, 'PERMANENT', '2018041308', '2018-19', 'nitin', '0000-00-00 00:00:00'),
(589, 'Haripur Nayak', 'Haldwani', 'Nainital', '263139', 'Uttarakhand', 'India', '4/29/2018 16:13', 1, 'PERMANENT', '2018041309', '2018-19', 'nitin', '0000-00-00 00:00:00'),
(590, 'Himmatpur Talla', 'Haldwani', 'Nainital', '263139', 'Uttarakhand', 'India', '4/29/2018 16:13', 1, 'PERMANENT', '2018041310', '2018-19', 'nitin', '0000-00-00 00:00:00'),
(591, 'Himmatpur Talla', 'Haldwani', 'Nainital', '263139', 'Uttarakhand', 'India', '4/29/2018 16:13', 1, 'PERMANENT', '2018041311', '2018-19', 'nitin', '0000-00-00 00:00:00'),
(592, 'Govindpur Garwal', 'Haldwani', 'Nainital', '263139', 'Uttarakhand', 'India', '4/29/2018 16:13', 1, 'PERMANENT', '2018041312', '2018-19', 'nitin', '0000-00-00 00:00:00'),
(593, 'Govindpur Garwal', 'Haldwani', 'Nainital', '263139', 'Uttarakhand', 'India', '4/29/2018 16:13', 1, 'PERMANENT', '2018041313', '2018-19', 'nitin', '0000-00-00 00:00:00'),
(594, 'Himmatpur Talla', 'Haldwani', 'Nainital', '263139', 'Uttarakhand', 'India', '4/29/2018 16:13', 1, 'PERMANENT', '2018041314', '2018-19', 'nitin', '0000-00-00 00:00:00'),
(595, 'Himmatpur Talla', 'Haldwani', 'Nainital', '263139', 'Uttarakhand', 'India', '4/29/2018 16:13', 1, 'PERMANENT', '2018041315', '2018-19', 'nitin', '0000-00-00 00:00:00'),
(596, 'Himmatpur Talla', 'Haldwani', 'Nainital', '263139', 'Uttarakhand', 'India', '4/29/2018 16:13', 1, 'PERMANENT', '2018041316', '2018-19', 'nitin', '0000-00-00 00:00:00'),
(597, 'Himmatpur Talla', 'Haldwani', 'Nainital', '263139', 'Uttarakhand', 'India', '4/29/2018 16:13', 1, 'PERMANENT', '2018041317', '2018-19', 'nitin', '0000-00-00 00:00:00'),
(598, 'RTO Road', 'Haldwani', 'Nainital', '263139', 'Uttarakhand', 'India', '4/29/2018 16:13', 1, 'PERMANENT', '2018041318', '2018-19', 'nitin', '0000-00-00 00:00:00'),
(599, 'Near Block Office', 'Haldwani', 'Nainital', '263139', 'UTTARAKHAND', 'India', '4/29/2018 16:13', 1, 'CORRESPONDANCE', '2018041281', '2018-19', 'nitin', '2018-07-10 16:40:31'),
(600, 'Bithoria No. 1', 'Haldwani', 'Nainital', '263139', 'Uttarakhand', 'India', '4/29/2018 16:13', 1, 'CORRESPONDANCE', '2018041282', '2018-19', 'nitin', '0000-00-00 00:00:00'),
(601, 'Himmatpur Talla', 'Haldwani', 'Nainital', '263139', 'Uttarakhand', 'India', '4/29/2018 16:13', 1, 'CORRESPONDANCE', '2018041283', '2018-19', 'nitin', '0000-00-00 00:00:00'),
(602, 'Girija Vihar', 'Haldwani', 'Nainital', '263139', 'Uttarakhand', 'India', '4/29/2018 16:13', 1, 'CORRESPONDANCE', '2018041284', '2018-19', 'nitin', '0000-00-00 00:00:00'),
(603, 'Bhagwanpur Talla', 'Haldwani', 'Nainital', '263139', 'Uttarakhand', 'India', '4/29/2018 16:13', 1, 'CORRESPONDANCE', '2018041285', '2018-19', 'nitin', '0000-00-00 00:00:00'),
(604, 'Kathgharia', 'Haldwani', 'Nainital', '263139', 'Uttarakhand', 'India', '4/29/2018 16:13', 1, 'CORRESPONDANCE', '2018041286', '2018-19', 'nitin', '0000-00-00 00:00:00'),
(605, 'Girija Vihar', 'Haldwani', 'Nainital', '263139', 'Uttarakhand', 'India', '4/29/2018 16:13', 1, 'CORRESPONDANCE', '2018041287', '2018-19', 'nitin', '0000-00-00 00:00:00'),
(606, 'Gas Godam Road', 'Haldwani', 'Nainital', '263139', 'Uttarakhand', 'India', '4/29/2018 16:13', 1, 'CORRESPONDANCE', '2018041288', '2018-19', 'nitin', '0000-00-00 00:00:00'),
(607, 'Himmatpur Talla', 'Haldwani', 'Nainital', '263139', 'Uttarakhand', 'India', '4/29/2018 16:13', 1, 'CORRESPONDANCE', '2018041289', '2018-19', 'nitin', '0000-00-00 00:00:00'),
(608, 'Himmatpur Talla', 'Haldwani', 'Nainital', '263139', 'Uttarakhand', 'India', '4/29/2018 16:13', 1, 'CORRESPONDANCE', '2018041290', '2018-19', 'nitin', '0000-00-00 00:00:00'),
(609, 'Girija Vihar', 'Haldwani', 'Nainital', '263139', 'Uttarakhand', 'India', '4/29/2018 16:13', 1, 'CORRESPONDANCE', '2018041291', '2018-19', 'nitin', '0000-00-00 00:00:00'),
(610, 'Haripur Nayak', 'Haldwani', 'Nainital', '263139', 'Uttarakhand', 'India', '4/29/2018 16:13', 1, 'CORRESPONDANCE', '2018041292', '2018-19', 'nitin', '0000-00-00 00:00:00'),
(611, 'Narsingh Malla', 'Haldwani', 'Nainital', '263139', 'Uttarakhand', 'India', '4/29/2018 16:13', 1, 'CORRESPONDANCE', '2018041293', '2018-19', 'nitin', '0000-00-00 00:00:00'),
(612, 'Govindpur Garwal', 'Haldwani', 'Nainital', '263139', 'Uttarakhand', 'India', '4/29/2018 16:13', 1, 'CORRESPONDANCE', '2018041294', '2018-19', 'nitin', '0000-00-00 00:00:00'),
(613, 'Kathgharia', 'Haldwani', 'Nainital', '263139', 'Uttarakhand', 'India', '4/29/2018 16:13', 1, 'CORRESPONDANCE', '2018041295', '2018-19', 'nitin', '0000-00-00 00:00:00'),
(614, 'Narsingh Talla', 'Haldwani', 'Nainital', '263139', 'Uttarakhand', 'India', '4/29/2018 16:13', 1, 'CORRESPONDANCE', '2018041296', '2018-19', 'nitin', '0000-00-00 00:00:00'),
(615, 'Narsingh Talla', 'Haldwani', 'Nainital', '263139', 'Uttarakhand', 'India', '4/29/2018 16:13', 1, 'CORRESPONDANCE', '2018041297', '2018-19', 'nitin', '0000-00-00 00:00:00'),
(616, 'Jawahar Jyoti', 'Haldwani', 'Nainital', '263139', 'Uttarakhand', 'India', '4/29/2018 16:13', 1, 'CORRESPONDANCE', '2018041298', '2018-19', 'nitin', '0000-00-00 00:00:00'),
(617, 'Govindpur Garwal', 'Haldwani', 'Nainital', '263139', 'Uttarakhand', 'India', '4/29/2018 16:13', 1, 'CORRESPONDANCE', '2018041299', '2018-19', 'nitin', '0000-00-00 00:00:00'),
(618, 'Bhagwanpur Talla', 'Haldwani', 'Nainital', '263139', 'Uttarakhand', 'India', '4/29/2018 16:13', 1, 'CORRESPONDANCE', '2018041300', '2018-19', 'nitin', '0000-00-00 00:00:00'),
(619, 'Himmatpur Malla', 'Haldwani', 'Nainital', '263139', 'Uttarakhand', 'India', '4/29/2018 16:13', 1, 'CORRESPONDANCE', '2018041301', '2018-19', 'nitin', '0000-00-00 00:00:00'),
(620, 'Govindpur Garwal', 'Haldwani', 'Nainital', '263139', 'Uttarakhand', 'India', '4/29/2018 16:13', 1, 'CORRESPONDANCE', '2018041302', '2018-19', 'nitin', '0000-00-00 00:00:00'),
(621, 'Govindpur Garwal', 'Haldwani', 'Nainital', '263139', 'Uttarakhand', 'India', '4/29/2018 16:13', 1, 'CORRESPONDANCE', '2018041303', '2018-19', 'nitin', '0000-00-00 00:00:00'),
(622, 'Himmatpur Talla', 'Haldwani', 'Nainital', '263139', 'Uttarakhand', 'India', '4/29/2018 16:13', 1, 'CORRESPONDANCE', '2018041304', '2018-19', 'nitin', '0000-00-00 00:00:00'),
(623, 'Narsingh Talla', 'Haldwani', 'Nainital', '263139', 'Uttarakhand', 'India', '4/29/2018 16:13', 1, 'CORRESPONDANCE', '2018041305', '2018-19', 'nitin', '0000-00-00 00:00:00'),
(624, 'Girija Vihar', 'Haldwani', 'Nainital', '263139', 'Uttarakhand', 'India', '4/29/2018 16:13', 1, 'CORRESPONDANCE', '2018041306', '2018-19', 'nitin', '0000-00-00 00:00:00'),
(625, 'Kusumkhera', 'Haldwani', 'Nainital', '263139', 'Uttarakhand', 'India', '4/29/2018 16:13', 1, 'CORRESPONDANCE', '2018041307', '2018-19', 'nitin', '0000-00-00 00:00:00'),
(626, 'Kusumkhera', 'Haldwani', 'Nainital', '263139', 'Uttarakhand', 'India', '4/29/2018 16:13', 1, 'CORRESPONDANCE', '2018041308', '2018-19', 'nitin', '0000-00-00 00:00:00'),
(627, 'Haripur Nayak', 'Haldwani', 'Nainital', '263139', 'Uttarakhand', 'India', '4/29/2018 16:13', 1, 'CORRESPONDANCE', '2018041309', '2018-19', 'nitin', '0000-00-00 00:00:00'),
(628, 'Himmatpur Talla', 'Haldwani', 'Nainital', '263139', 'Uttarakhand', 'India', '4/29/2018 16:13', 1, 'CORRESPONDANCE', '2018041310', '2018-19', 'nitin', '0000-00-00 00:00:00'),
(629, 'Himmatpur Talla', 'Haldwani', 'Nainital', '263139', 'Uttarakhand', 'India', '4/29/2018 16:13', 1, 'CORRESPONDANCE', '2018041311', '2018-19', 'nitin', '0000-00-00 00:00:00'),
(630, 'Govindpur Garwal', 'Haldwani', 'Nainital', '263139', 'Uttarakhand', 'India', '4/29/2018 16:13', 1, 'CORRESPONDANCE', '2018041312', '2018-19', 'nitin', '0000-00-00 00:00:00'),
(631, 'Govindpur Garwal', 'Haldwani', 'Nainital', '263139', 'Uttarakhand', 'India', '4/29/2018 16:13', 1, 'CORRESPONDANCE', '2018041313', '2018-19', 'nitin', '0000-00-00 00:00:00'),
(632, 'Himmatpur Talla', 'Haldwani', 'Nainital', '263139', 'Uttarakhand', 'India', '4/29/2018 16:13', 1, 'CORRESPONDANCE', '2018041314', '2018-19', 'nitin', '0000-00-00 00:00:00'),
(633, 'Himmatpur Talla', 'Haldwani', 'Nainital', '263139', 'Uttarakhand', 'India', '4/29/2018 16:13', 1, 'CORRESPONDANCE', '2018041315', '2018-19', 'nitin', '0000-00-00 00:00:00'),
(634, 'Himmatpur Talla', 'Haldwani', 'Nainital', '263139', 'Uttarakhand', 'India', '4/29/2018 16:13', 1, 'CORRESPONDANCE', '2018041316', '2018-19', 'nitin', '0000-00-00 00:00:00'),
(635, 'Himmatpur Talla', 'Haldwani', 'Nainital', '263139', 'Uttarakhand', 'India', '4/29/2018 16:13', 1, 'CORRESPONDANCE', '2018041317', '2018-19', 'nitin', '0000-00-00 00:00:00'),
(636, 'RTO Road', 'Haldwani', 'Nainital', '263139', 'Uttarakhand', 'India', '4/29/2018 16:13', 1, 'CORRESPONDANCE', '2018041318', '2018-19', 'nitin', '0000-00-00 00:00:00'),
(637, 'Govindpur Garwal', 'Haldwani', 'Nainital', '263139', 'Uttarakhand', 'India', '4/29/2018 16:13', 1, 'PERMANENT', '2018041319', '2018-19', 'nitin', '0000-00-00 00:00:00'),
(638, 'Bhagwanpur Talla', 'Haldwani', 'Nainital', '263139', 'Uttarakhand', 'India', '4/29/2018 16:13', 1, 'PERMANENT', '2018041320', '2018-19', 'nitin', '0000-00-00 00:00:00'),
(639, 'Chharayal', 'Haldwani', 'Nainital', '263139', 'Uttarakhand', 'India', '4/29/2018 16:13', 1, 'PERMANENT', '2018041321', '2018-19', 'nitin', '0000-00-00 00:00:00'),
(640, 'Himmatpur Malla', 'Haldwani', 'Nainital', '263139', 'Uttarakhand', 'India', '4/29/2018 16:13', 1, 'PERMANENT', '2018041322', '2018-19', 'nitin', '0000-00-00 00:00:00'),
(641, 'Haripur Nayak ', 'Haldwani', 'Nainital', '263139', 'Uttarakhand', 'India', '4/29/2018 16:13', 1, 'PERMANENT', '2018041323', '2018-19', 'nitin', '0000-00-00 00:00:00'),
(642, 'Girija Vihar', 'Haldwani', 'Nainital', '263139', 'Uttarakhand', 'India', '4/29/2018 16:13', 1, 'PERMANENT', '2018041324', '2018-19', 'nitin', '0000-00-00 00:00:00'),
(643, 'Narsingh Talla', 'Haldwani', 'Nainital', '263139', 'Uttarakhand', 'India', '4/29/2018 16:13', 1, 'PERMANENT', '2018041325', '2018-19', 'nitin', '0000-00-00 00:00:00'),
(644, 'Govindpur Garwal', 'Haldwani', 'Nainital', '263139', 'Uttarakhand', 'India', '4/29/2018 16:13', 1, 'PERMANENT', '2018041326', '2018-19', 'nitin', '0000-00-00 00:00:00'),
(645, 'Himmatpur Talla', 'Haldwani', 'Nainital', '263139', 'Uttarakhand', 'India', '4/29/2018 16:13', 1, 'PERMANENT', '2018041327', '2018-19', 'nitin', '0000-00-00 00:00:00'),
(646, 'Narsingh Talla', 'Haldwani', 'Nainital', '263139', 'Uttarakhand', 'India', '4/29/2018 16:13', 1, 'PERMANENT', '2018041328', '2018-19', 'nitin', '0000-00-00 00:00:00'),
(647, 'Kamaluaganja', 'Haldwani', 'Nainital', '263139', 'Uttarakhand', 'India', '4/29/2018 16:13', 1, 'PERMANENT', '2018041329', '2018-19', 'nitin', '0000-00-00 00:00:00'),
(648, 'Talli Bamori', 'Haldwani', 'Nainital', '263139', 'Uttarakhand', 'India', '4/29/2018 16:13', 1, 'PERMANENT', '2018041330', '2018-19', 'nitin', '0000-00-00 00:00:00'),
(649, 'Himmatpur Talla', 'Haldwani', 'Nainital', '263139', 'Uttarakhand', 'India', '4/29/2018 16:13', 1, 'PERMANENT', '2018041331', '2018-19', 'nitin', '0000-00-00 00:00:00'),
(650, 'Kathgharia', 'Haldwani', 'Nainital', '263139', 'Uttarakhand', 'India', '4/29/2018 16:13', 1, 'PERMANENT', '2018041332', '2018-19', 'nitin', '0000-00-00 00:00:00'),
(651, 'Jawahar Jyoti', 'Haldwani', 'Nainital', '263139', 'Uttarakhand', 'India', '4/29/2018 16:13', 1, 'PERMANENT', '2018041333', '2018-19', 'nitin', '0000-00-00 00:00:00'),
(652, 'Bithoria No.1', 'Haldwani', 'Nainital', '263139', 'Uttarakhand', 'India', '4/29/2018 16:13', 1, 'PERMANENT', '2018041334', '2018-19', 'nitin', '0000-00-00 00:00:00'),
(653, 'Gas Godam Road', 'Haldwani', 'Nainital', '263139', 'Uttarakhand', 'India', '4/29/2018 16:13', 1, 'PERMANENT', '2018041335', '2018-19', 'nitin', '0000-00-00 00:00:00'),
(654, 'Amrawati Colony', 'Haldwani', 'Nainital', '263139', 'Uttarakhand', 'India', '4/29/2018 16:13', 1, 'PERMANENT', '2018041336', '2018-19', 'nitin', '0000-00-00 00:00:00'),
(655, 'Himmatpur Talla', 'Haldwani', 'Nainital', '263139', 'Uttarakhand', 'India', '4/29/2018 16:13', 1, 'PERMANENT', '2018041337', '2018-19', 'nitin', '0000-00-00 00:00:00'),
(656, 'Govindpur Garwal', 'Haldwani', 'Nainital', '263139', 'Uttarakhand', 'India', '4/29/2018 16:13', 1, 'PERMANENT', '2018041338', '2018-19', 'nitin', '0000-00-00 00:00:00'),
(657, 'Narsingh Talla', 'Haldwani', 'Nainital', '263139', 'Uttarakhand', 'India', '4/29/2018 16:13', 1, 'PERMANENT', '2018041339', '2018-19', 'nitin', '0000-00-00 00:00:00'),
(658, 'Girija Vihar', 'Haldwani', 'Nainital', '263139', 'Uttarakhand', 'India', '4/29/2018 16:13', 1, 'PERMANENT', '2018041340', '2018-19', 'nitin', '0000-00-00 00:00:00'),
(659, 'Chharayal', 'Haldwani', 'Nainital', '263139', 'Uttarakhand', 'India', '4/29/2018 16:13', 1, 'PERMANENT', '2018041341', '2018-19', 'nitin', '0000-00-00 00:00:00'),
(660, 'Haripur Nayak ', 'Haldwani', 'Nainital', '263139', 'Uttarakhand', 'India', '4/29/2018 16:13', 1, 'PERMANENT', '2018041342', '2018-19', 'nitin', '0000-00-00 00:00:00'),
(661, 'Himmatpur Talla', 'Haldwani', 'Nainital', '263139', 'Uttarakhand', 'India', '4/29/2018 16:13', 1, 'PERMANENT', '2018041343', '2018-19', 'nitin', '0000-00-00 00:00:00'),
(662, 'Lohariyasal', 'Haldwani', 'Nainital', '263139', 'Uttarakhand', 'India', '4/29/2018 16:13', 1, 'PERMANENT', '2018041344', '2018-19', 'nitin', '0000-00-00 00:00:00'),
(663, 'Girija Vihar', 'Haldwani', 'Nainital', '263139', 'Uttarakhand', 'India', '4/29/2018 16:13', 1, 'PERMANENT', '2018041345', '2018-19', 'nitin', '0000-00-00 00:00:00'),
(664, 'Himmatpur Malla', 'Haldwani', 'Nainital', '263139', 'Uttarakhand', 'India', '4/29/2018 16:13', 1, 'PERMANENT', '2018041346', '2018-19', 'nitin', '0000-00-00 00:00:00'),
(665, 'Chharayal', 'Haldwani', 'Nainital', '263139', 'Uttarakhand', 'India', '4/29/2018 16:13', 1, 'PERMANENT', '2018041347', '2018-19', 'nitin', '0000-00-00 00:00:00'),
(666, 'Narsingh Talla', 'Haldwani', 'Nainital', '263139', 'Uttarakhand', 'India', '4/29/2018 16:13', 1, 'PERMANENT', '2018041348', '2018-19', 'nitin', '0000-00-00 00:00:00'),
(667, 'Himmatpur Malla', 'Haldwani', 'Nainital', '263139', 'Uttarakhand', 'India', '4/29/2018 16:13', 1, 'PERMANENT', '2018041349', '2018-19', 'nitin', '0000-00-00 00:00:00'),
(668, 'Bhagwanpur Talla', 'Haldwani', 'Nainital', '263139', 'Uttarakhand', 'India', '4/29/2018 16:13', 1, 'PERMANENT', '2018041350', '2018-19', 'nitin', '0000-00-00 00:00:00'),
(669, 'Narsingh Talla', 'Haldwani', 'Nainital', '263139', 'Uttarakhand', 'India', '4/29/2018 16:13', 1, 'PERMANENT', '2018041351', '2018-19', 'nitin', '0000-00-00 00:00:00'),
(670, 'Govindpur Garwal', 'Haldwani', 'Nainital', '263139', 'Uttarakhand', 'India', '4/29/2018 16:13', 1, 'PERMANENT', '2018041352', '2018-19', 'nitin', '0000-00-00 00:00:00'),
(671, 'Bhagwanpur Bichla', 'Haldwani', 'Nainital', '263139', 'Uttarakhand', 'India', '4/29/2018 16:13', 1, 'PERMANENT', '2018041353', '2018-19', 'nitin', '0000-00-00 00:00:00'),
(672, 'Haripur Nayak ', 'Haldwani', 'Nainital', '263139', 'Uttarakhand', 'India', '4/29/2018 16:13', 1, 'PERMANENT', '2018041354', '2018-19', 'nitin', '0000-00-00 00:00:00'),
(673, 'Himmatpur Talla', 'Haldwani', 'Nainital', '263139', 'Uttarakhand', 'India', '4/29/2018 16:13', 1, 'PERMANENT', '2018041355', '2018-19', 'nitin', '0000-00-00 00:00:00'),
(674, 'Himmatpur Talla', 'Haldwani', 'Nainital', '263139', 'Uttarakhand', 'India', '4/29/2018 16:13', 1, 'PERMANENT', '2018041356', '2018-19', 'nitin', '0000-00-00 00:00:00'),
(675, 'Narsingh Talla', 'Haldwani', 'Nainital', '263139', 'Uttarakhand', 'India', '4/29/2018 16:13', 1, 'PERMANENT', '2018041357', '2018-19', 'nitin', '0000-00-00 00:00:00'),
(676, 'Chharayal Nayabad', 'Haldwani', 'Nainital', '263139', 'Uttarakhand', 'India', '4/29/2018 16:13', 1, 'PERMANENT', '2018041358', '2018-19', 'nitin', '0000-00-00 00:00:00'),
(677, 'Chharayal Nayabad', 'Haldwani', 'Nainital', '263139', 'Uttarakhand', 'India', '4/29/2018 16:13', 1, 'PERMANENT', '2018041359', '2018-19', 'nitin', '0000-00-00 00:00:00'),
(678, 'Govindpur Garwal', 'Haldwani', 'Nainital', '263139', 'Uttarakhand', 'India', '4/29/2018 16:13', 1, 'PERMANENT', '2018041360', '2018-19', 'nitin', '0000-00-00 00:00:00'),
(679, 'Govindpur Garwal', 'Haldwani', 'Nainital', '263139', 'Uttarakhand', 'India', '4/29/2018 16:13', 1, 'PERMANENT', '2018041361', '2018-19', 'nitin', '0000-00-00 00:00:00'),
(680, 'Himmatpur Talla', 'Haldwani', 'Nainital', '263139', 'Uttarakhand', 'India', '4/29/2018 16:13', 1, 'PERMANENT', '2018041362', '2018-19', 'nitin', '0000-00-00 00:00:00'),
(681, 'Kamaluaganja', 'Haldwani', 'Nainital', '263139', 'Uttarakhand', 'India', '4/29/2018 16:13', 1, 'PERMANENT', '2018041363', '2018-19', 'nitin', '0000-00-00 00:00:00'),
(682, 'Kamaluaganja', 'Haldwani', 'Nainital', '263139', 'Uttarakhand', 'India', '4/29/2018 16:13', 1, 'PERMANENT', '2018041364', '2018-19', 'nitin', '0000-00-00 00:00:00'),
(683, 'Kathgharia', 'Haldwani', 'Nainital', '263139', 'Uttarakhand', 'India', '4/29/2018 16:13', 1, 'PERMANENT', '2018041365', '2018-19', 'nitin', '0000-00-00 00:00:00'),
(684, 'Himmatpur Talla', 'Haldwani', 'Nainital', '263139', 'Uttarakhand', 'India', '4/29/2018 16:13', 1, 'PERMANENT', '2018041366', '2018-19', 'nitin', '0000-00-00 00:00:00'),
(685, 'Bhagwanpur Bichla', 'Haldwani', 'Nainital', '263139', 'Uttarakhand', 'India', '4/29/2018 16:13', 1, 'PERMANENT', '2018041367', '2018-19', 'nitin', '0000-00-00 00:00:00'),
(686, 'Bithoria No.1', 'Haldwani', 'Nainital', '263139', 'Uttarakhand', 'India', '4/29/2018 16:13', 1, 'PERMANENT', '2018041368', '2018-19', 'nitin', '0000-00-00 00:00:00'),
(687, 'Lohariyasal Malla', 'Haldwani', 'Nainital', '263139', 'Uttarakhand', 'India', '4/29/2018 16:13', 1, 'PERMANENT', '2018041369', '2018-19', 'nitin', '0000-00-00 00:00:00'),
(688, 'Nawabi Road', 'Haldwani', 'Nainital', '263139', 'Uttarakhand', 'India', '4/29/2018 16:13', 1, 'PERMANENT', '2018041370', '2018-19', 'nitin', '0000-00-00 00:00:00'),
(689, 'Govindpur Garwal', 'Haldwani', 'Nainital', '263139', 'Uttarakhand', 'India', '4/29/2018 16:13', 1, 'PERMANENT', '2018041371', '2018-19', 'nitin', '0000-00-00 00:00:00'),
(690, 'Kusumkhera', 'Haldwani', 'Nainital', '263139', 'Uttarakhand', 'India', '4/29/2018 16:13', 1, 'PERMANENT', '2018041372', '2018-19', 'nitin', '0000-00-00 00:00:00'),
(691, 'Govindpur Garwal', 'Haldwani', 'Nainital', '263139', 'Uttarakhand', 'India', '4/29/2018 16:13', 1, 'PERMANENT', '2018041373', '2018-19', 'nitin', '0000-00-00 00:00:00'),
(692, 'RTO Road', 'Haldwani', 'Nainital', '263139', 'Uttarakhand', 'India', '4/29/2018 16:13', 1, 'PERMANENT', '2018041374', '2018-19', 'nitin', '0000-00-00 00:00:00'),
(693, 'RTO Road', 'Haldwani', 'Nainital', '263139', 'Uttarakhand', 'India', '4/29/2018 16:13', 1, 'PERMANENT', '2018041375', '2018-19', 'nitin', '0000-00-00 00:00:00'),
(694, 'RTO Road', 'Haldwani', 'Nainital', '263139', 'Uttarakhand', 'India', '4/29/2018 16:13', 1, 'PERMANENT', '2018041376', '2018-19', 'nitin', '0000-00-00 00:00:00'),
(695, 'Govindpur Garwal', 'Haldwani', 'Nainital', '263139', 'Uttarakhand', 'India', '4/29/2018 16:13', 1, 'CORRESPONDANCE', '2018041319', '2018-19', 'nitin', '0000-00-00 00:00:00'),
(696, 'Bhagwanpur Talla', 'Haldwani', 'Nainital', '263139', 'Uttarakhand', 'India', '4/29/2018 16:13', 1, 'CORRESPONDANCE', '2018041320', '2018-19', 'nitin', '0000-00-00 00:00:00'),
(697, 'Chharayal', 'Haldwani', 'Nainital', '263139', 'Uttarakhand', 'India', '4/29/2018 16:13', 1, 'CORRESPONDANCE', '2018041321', '2018-19', 'nitin', '0000-00-00 00:00:00'),
(698, 'Himmatpur Malla', 'Haldwani', 'Nainital', '263139', 'Uttarakhand', 'India', '4/29/2018 16:13', 1, 'CORRESPONDANCE', '2018041322', '2018-19', 'nitin', '0000-00-00 00:00:00'),
(699, 'Haripur Nayak ', 'Haldwani', 'Nainital', '263139', 'Uttarakhand', 'India', '4/29/2018 16:13', 1, 'CORRESPONDANCE', '2018041323', '2018-19', 'nitin', '0000-00-00 00:00:00'),
(700, 'Girija Vihar', 'Haldwani', 'Nainital', '263139', 'Uttarakhand', 'India', '4/29/2018 16:13', 1, 'CORRESPONDANCE', '2018041324', '2018-19', 'nitin', '0000-00-00 00:00:00'),
(701, 'Narsingh Talla', 'Haldwani', 'Nainital', '263139', 'Uttarakhand', 'India', '4/29/2018 16:13', 1, 'CORRESPONDANCE', '2018041325', '2018-19', 'nitin', '0000-00-00 00:00:00'),
(702, 'Govindpur Garwal', 'Haldwani', 'Nainital', '263139', 'Uttarakhand', 'India', '4/29/2018 16:13', 1, 'CORRESPONDANCE', '2018041326', '2018-19', 'nitin', '0000-00-00 00:00:00'),
(703, 'Himmatpur Talla', 'Haldwani', 'Nainital', '263139', 'Uttarakhand', 'India', '4/29/2018 16:13', 1, 'CORRESPONDANCE', '2018041327', '2018-19', 'nitin', '0000-00-00 00:00:00'),
(704, 'Narsingh Talla', 'Haldwani', 'Nainital', '263139', 'Uttarakhand', 'India', '4/29/2018 16:13', 1, 'CORRESPONDANCE', '2018041328', '2018-19', 'nitin', '0000-00-00 00:00:00'),
(705, 'Kamaluaganja', 'Haldwani', 'Nainital', '263139', 'Uttarakhand', 'India', '4/29/2018 16:13', 1, 'CORRESPONDANCE', '2018041329', '2018-19', 'nitin', '0000-00-00 00:00:00'),
(706, 'Talli Bamori', 'Haldwani', 'Nainital', '263139', 'Uttarakhand', 'India', '4/29/2018 16:13', 1, 'CORRESPONDANCE', '2018041330', '2018-19', 'nitin', '0000-00-00 00:00:00'),
(707, 'Himmatpur Talla', 'Haldwani', 'Nainital', '263139', 'Uttarakhand', 'India', '4/29/2018 16:13', 1, 'CORRESPONDANCE', '2018041331', '2018-19', 'nitin', '0000-00-00 00:00:00'),
(708, 'Kathgharia', 'Haldwani', 'Nainital', '263139', 'Uttarakhand', 'India', '4/29/2018 16:13', 1, 'CORRESPONDANCE', '2018041332', '2018-19', 'nitin', '0000-00-00 00:00:00'),
(709, 'Jawahar Jyoti', 'Haldwani', 'Nainital', '263139', 'Uttarakhand', 'India', '4/29/2018 16:13', 1, 'CORRESPONDANCE', '2018041333', '2018-19', 'nitin', '0000-00-00 00:00:00'),
(710, 'Bithoria No.1', 'Haldwani', 'Nainital', '263139', 'Uttarakhand', 'India', '4/29/2018 16:13', 1, 'CORRESPONDANCE', '2018041334', '2018-19', 'nitin', '0000-00-00 00:00:00'),
(711, 'Gas Godam Road', 'Haldwani', 'Nainital', '263139', 'Uttarakhand', 'India', '4/29/2018 16:13', 1, 'CORRESPONDANCE', '2018041335', '2018-19', 'nitin', '0000-00-00 00:00:00'),
(712, 'Amrawati Colony', 'Haldwani', 'Nainital', '263139', 'Uttarakhand', 'India', '4/29/2018 16:13', 1, 'CORRESPONDANCE', '2018041336', '2018-19', 'nitin', '0000-00-00 00:00:00'),
(713, 'Himmatpur Talla', 'Haldwani', 'Nainital', '263139', 'Uttarakhand', 'India', '4/29/2018 16:13', 1, 'CORRESPONDANCE', '2018041337', '2018-19', 'nitin', '0000-00-00 00:00:00'),
(714, 'Govindpur Garwal', 'Haldwani', 'Nainital', '263139', 'Uttarakhand', 'India', '4/29/2018 16:13', 1, 'CORRESPONDANCE', '2018041338', '2018-19', 'nitin', '0000-00-00 00:00:00'),
(715, 'Narsingh Talla', 'Haldwani', 'Nainital', '263139', 'Uttarakhand', 'India', '4/29/2018 16:13', 1, 'CORRESPONDANCE', '2018041339', '2018-19', 'nitin', '0000-00-00 00:00:00'),
(716, 'Girija Vihar', 'Haldwani', 'Nainital', '263139', 'Uttarakhand', 'India', '4/29/2018 16:13', 1, 'CORRESPONDANCE', '2018041340', '2018-19', 'nitin', '0000-00-00 00:00:00'),
(717, 'Chharayal', 'Haldwani', 'Nainital', '263139', 'Uttarakhand', 'India', '4/29/2018 16:13', 1, 'CORRESPONDANCE', '2018041341', '2018-19', 'nitin', '0000-00-00 00:00:00'),
(718, 'Haripur Nayak ', 'Haldwani', 'Nainital', '263139', 'Uttarakhand', 'India', '4/29/2018 16:13', 1, 'CORRESPONDANCE', '2018041342', '2018-19', 'nitin', '0000-00-00 00:00:00'),
(719, 'Himmatpur Talla', 'Haldwani', 'Nainital', '263139', 'Uttarakhand', 'India', '4/29/2018 16:13', 1, 'CORRESPONDANCE', '2018041343', '2018-19', 'nitin', '0000-00-00 00:00:00'),
(720, 'Lohariyasal', 'Haldwani', 'Nainital', '263139', 'Uttarakhand', 'India', '4/29/2018 16:13', 1, 'CORRESPONDANCE', '2018041344', '2018-19', 'nitin', '0000-00-00 00:00:00'),
(721, 'Girija Vihar', 'Haldwani', 'Nainital', '263139', 'Uttarakhand', 'India', '4/29/2018 16:13', 1, 'CORRESPONDANCE', '2018041345', '2018-19', 'nitin', '0000-00-00 00:00:00'),
(722, 'Himmatpur Malla', 'Haldwani', 'Nainital', '263139', 'Uttarakhand', 'India', '4/29/2018 16:13', 1, 'CORRESPONDANCE', '2018041346', '2018-19', 'nitin', '0000-00-00 00:00:00'),
(723, 'Chharayal', 'Haldwani', 'Nainital', '263139', 'Uttarakhand', 'India', '4/29/2018 16:13', 1, 'CORRESPONDANCE', '2018041347', '2018-19', 'nitin', '0000-00-00 00:00:00'),
(724, 'Narsingh Talla', 'Haldwani', 'Nainital', '263139', 'Uttarakhand', 'India', '4/29/2018 16:13', 1, 'CORRESPONDANCE', '2018041348', '2018-19', 'nitin', '0000-00-00 00:00:00'),
(725, 'Himmatpur Malla', 'Haldwani', 'Nainital', '263139', 'Uttarakhand', 'India', '4/29/2018 16:13', 1, 'CORRESPONDANCE', '2018041349', '2018-19', 'nitin', '0000-00-00 00:00:00'),
(726, 'Bhagwanpur Talla', 'Haldwani', 'Nainital', '263139', 'Uttarakhand', 'India', '4/29/2018 16:13', 1, 'CORRESPONDANCE', '2018041350', '2018-19', 'nitin', '0000-00-00 00:00:00'),
(727, 'Narsingh Talla', 'Haldwani', 'Nainital', '263139', 'Uttarakhand', 'India', '4/29/2018 16:13', 1, 'CORRESPONDANCE', '2018041351', '2018-19', 'nitin', '0000-00-00 00:00:00'),
(728, 'Govindpur Garwal', 'Haldwani', 'Nainital', '263139', 'Uttarakhand', 'India', '4/29/2018 16:13', 1, 'CORRESPONDANCE', '2018041352', '2018-19', 'nitin', '0000-00-00 00:00:00'),
(729, 'Bhagwanpur Bichla', 'Haldwani', 'Nainital', '263139', 'Uttarakhand', 'India', '4/29/2018 16:13', 1, 'CORRESPONDANCE', '2018041353', '2018-19', 'nitin', '0000-00-00 00:00:00'),
(730, 'Haripur Nayak ', 'Haldwani', 'Nainital', '263139', 'Uttarakhand', 'India', '4/29/2018 16:13', 1, 'CORRESPONDANCE', '2018041354', '2018-19', 'nitin', '0000-00-00 00:00:00'),
(731, 'Himmatpur Talla', 'Haldwani', 'Nainital', '263139', 'Uttarakhand', 'India', '4/29/2018 16:13', 1, 'CORRESPONDANCE', '2018041355', '2018-19', 'nitin', '0000-00-00 00:00:00'),
(732, 'Himmatpur Talla', 'Haldwani', 'Nainital', '263139', 'Uttarakhand', 'India', '4/29/2018 16:13', 1, 'CORRESPONDANCE', '2018041356', '2018-19', 'nitin', '0000-00-00 00:00:00'),
(733, 'Narsingh Talla', 'Haldwani', 'Nainital', '263139', 'Uttarakhand', 'India', '4/29/2018 16:13', 1, 'CORRESPONDANCE', '2018041357', '2018-19', 'nitin', '0000-00-00 00:00:00'),
(734, 'Chharayal Nayabad', 'Haldwani', 'Nainital', '263139', 'Uttarakhand', 'India', '4/29/2018 16:13', 1, 'CORRESPONDANCE', '2018041358', '2018-19', 'nitin', '0000-00-00 00:00:00'),
(735, 'Chharayal Nayabad', 'Haldwani', 'Nainital', '263139', 'Uttarakhand', 'India', '4/29/2018 16:13', 1, 'CORRESPONDANCE', '2018041359', '2018-19', 'nitin', '0000-00-00 00:00:00'),
(736, 'Govindpur Garwal', 'Haldwani', 'Nainital', '263139', 'Uttarakhand', 'India', '4/29/2018 16:13', 1, 'CORRESPONDANCE', '2018041360', '2018-19', 'nitin', '0000-00-00 00:00:00'),
(737, 'Govindpur Garwal', 'Haldwani', 'Nainital', '263139', 'Uttarakhand', 'India', '4/29/2018 16:13', 1, 'CORRESPONDANCE', '2018041361', '2018-19', 'nitin', '0000-00-00 00:00:00'),
(738, 'Himmatpur Talla', 'Haldwani', 'Nainital', '263139', 'Uttarakhand', 'India', '4/29/2018 16:13', 1, 'CORRESPONDANCE', '2018041362', '2018-19', 'nitin', '0000-00-00 00:00:00'),
(739, 'Kamaluaganja', 'Haldwani', 'Nainital', '263139', 'Uttarakhand', 'India', '4/29/2018 16:13', 1, 'CORRESPONDANCE', '2018041363', '2018-19', 'nitin', '0000-00-00 00:00:00'),
(740, 'Kamaluaganja', 'Haldwani', 'Nainital', '263139', 'Uttarakhand', 'India', '4/29/2018 16:13', 1, 'CORRESPONDANCE', '2018041364', '2018-19', 'nitin', '0000-00-00 00:00:00'),
(741, 'Kathgharia', 'Haldwani', 'Nainital', '263139', 'Uttarakhand', 'India', '4/29/2018 16:13', 1, 'CORRESPONDANCE', '2018041365', '2018-19', 'nitin', '0000-00-00 00:00:00'),
(742, 'Himmatpur Talla', 'Haldwani', 'Nainital', '263139', 'Uttarakhand', 'India', '4/29/2018 16:13', 1, 'CORRESPONDANCE', '2018041366', '2018-19', 'nitin', '0000-00-00 00:00:00'),
(743, 'Bhagwanpur Bichla', 'Haldwani', 'Nainital', '263139', 'Uttarakhand', 'India', '4/29/2018 16:13', 1, 'CORRESPONDANCE', '2018041367', '2018-19', 'nitin', '0000-00-00 00:00:00'),
(744, 'Bithoria No.1', 'Haldwani', 'Nainital', '263139', 'Uttarakhand', 'India', '4/29/2018 16:13', 1, 'CORRESPONDANCE', '2018041368', '2018-19', 'nitin', '0000-00-00 00:00:00'),
(745, 'Lohariyasal Malla', 'Haldwani', 'Nainital', '263139', 'Uttarakhand', 'India', '4/29/2018 16:13', 1, 'CORRESPONDANCE', '2018041369', '2018-19', 'nitin', '0000-00-00 00:00:00'),
(746, 'Nawabi Road', 'Haldwani', 'Nainital', '263139', 'Uttarakhand', 'India', '4/29/2018 16:13', 1, 'CORRESPONDANCE', '2018041370', '2018-19', 'nitin', '0000-00-00 00:00:00'),
(747, 'Govindpur Garwal', 'Haldwani', 'Nainital', '263139', 'Uttarakhand', 'India', '4/29/2018 16:13', 1, 'CORRESPONDANCE', '2018041371', '2018-19', 'nitin', '0000-00-00 00:00:00'),
(748, 'Kusumkhera', 'Haldwani', 'Nainital', '263139', 'Uttarakhand', 'India', '4/29/2018 16:13', 1, 'CORRESPONDANCE', '2018041372', '2018-19', 'nitin', '0000-00-00 00:00:00'),
(749, 'Govindpur Garwal', 'Haldwani', 'Nainital', '263139', 'Uttarakhand', 'India', '4/29/2018 16:13', 1, 'CORRESPONDANCE', '2018041373', '2018-19', 'nitin', '0000-00-00 00:00:00'),
(750, 'RTO Road', 'Haldwani', 'Nainital', '263139', 'Uttarakhand', 'India', '4/29/2018 16:13', 1, 'CORRESPONDANCE', '2018041374', '2018-19', 'nitin', '0000-00-00 00:00:00'),
(751, 'RTO Road', 'Haldwani', 'Nainital', '263139', 'Uttarakhand', 'India', '4/29/2018 16:13', 1, 'CORRESPONDANCE', '2018041375', '2018-19', 'nitin', '0000-00-00 00:00:00'),
(752, 'RTO Road', 'Haldwani', 'Nainital', '263139', 'Uttarakhand', 'India', '4/29/2018 16:13', 1, 'CORRESPONDANCE', '2018041376', '2018-19', 'nitin', '0000-00-00 00:00:00'),
(753, 'Bhagwanpur', 'Haldwani', 'Nainital', '263139', 'Uttarakhand', 'India', '4/29/2018 16:13', 1, 'PERMANENT', '2018041377', '2018-19', 'nitin', '0000-00-00 00:00:00'),
(754, 'Kamaluaganja', 'Haldwani', 'Nainital', '263139', 'Uttarakhand', 'India', '4/29/2018 16:13', 1, 'PERMANENT', '2018041378', '2018-19', 'nitin', '0000-00-00 00:00:00'),
(755, 'Jawahar Jyoti ', 'Haldwani', 'Nainital', '263139', 'Uttarakhand', 'India', '4/29/2018 16:13', 1, 'PERMANENT', '2018041379', '2018-19', 'nitin', '0000-00-00 00:00:00'),
(756, 'Chharayal Nayabad', 'Haldwani', 'Nainital', '263139', 'Uttarakhand', 'India', '4/29/2018 16:13', 1, 'PERMANENT', '2018041380', '2018-19', 'nitin', '0000-00-00 00:00:00'),
(757, 'Himmatpur Talla', 'Haldwani', 'Nainital', '263139', 'Uttarakhand', 'India', '4/29/2018 16:13', 1, 'PERMANENT', '2018041381', '2018-19', 'nitin', '0000-00-00 00:00:00'),
(758, 'Jawahar Jyoti ', 'Haldwani', 'Nainital', '263139', 'Uttarakhand', 'India', '4/29/2018 16:13', 1, 'PERMANENT', '2018041382', '2018-19', 'nitin', '0000-00-00 00:00:00'),
(759, 'Chauphula', 'Haldwani', 'Nainital', '263139', 'Uttarakhand', 'India', '4/29/2018 16:13', 1, 'PERMANENT', '2018041383', '2018-19', 'nitin', '0000-00-00 00:00:00'),
(760, 'Girija Vihar', 'Haldwani', 'Nainital', '263139', 'Uttarakhand', 'India', '4/29/2018 16:13', 1, 'PERMANENT', '2018041384', '2018-19', 'nitin', '0000-00-00 00:00:00'),
(761, 'Himmatpur Malla', 'Haldwani', 'Nainital', '263139', 'Uttarakhand', 'India', '4/29/2018 16:13', 1, 'PERMANENT', '2018041385', '2018-19', 'nitin', '0000-00-00 00:00:00'),
(762, 'Jawahar Jyoti ', 'Haldwani', 'Nainital', '263139', 'Uttarakhand', 'India', '4/29/2018 16:13', 1, 'PERMANENT', '2018041386', '2018-19', 'nitin', '0000-00-00 00:00:00'),
(763, 'Chharayal Nayabad', 'Haldwani', 'Nainital', '263139', 'Uttarakhand', 'India', '4/29/2018 16:13', 1, 'PERMANENT', '2018041387', '2018-19', 'nitin', '0000-00-00 00:00:00'),
(764, 'Bhagwanpur', 'Haldwani', 'Nainital', '263139', 'Uttarakhand', 'India', '4/29/2018 16:13', 1, 'PERMANENT', '2018041388', '2018-19', 'nitin', '0000-00-00 00:00:00'),
(765, 'Kathgharia', 'Haldwani', 'Nainital', '263139', 'Uttarakhand', 'India', '4/29/2018 16:13', 1, 'PERMANENT', '2018041389', '2018-19', 'nitin', '0000-00-00 00:00:00'),
(766, 'Govindpur Garwal', 'Haldwani', 'Nainital', '263139', 'Uttarakhand', 'India', '4/29/2018 16:13', 1, 'PERMANENT', '2018041390', '2018-19', 'nitin', '0000-00-00 00:00:00'),
(767, 'Nawabi Road', 'Haldwani', 'Nainital', '263139', 'Uttarakhand', 'India', '4/29/2018 16:13', 1, 'PERMANENT', '2018041391', '2018-19', 'nitin', '0000-00-00 00:00:00'),
(768, 'Bhagwanpur Bichla', 'Haldwani', 'Nainital', '263139', 'Uttarakhand', 'India', '4/29/2018 16:13', 1, 'PERMANENT', '2018041392', '2018-19', 'nitin', '0000-00-00 00:00:00'),
(769, 'Chharayal Nayabad', 'Haldwani', 'Nainital', '263139', 'Uttarakhand', 'India', '4/29/2018 16:13', 1, 'PERMANENT', '2018041393', '2018-19', 'nitin', '0000-00-00 00:00:00'),
(770, 'Girija Vihar', 'Haldwani', 'Nainital', '263139', 'Uttarakhand', 'India', '4/29/2018 16:13', 1, 'PERMANENT', '2018041394', '2018-19', 'nitin', '0000-00-00 00:00:00'),
(771, 'Girija Vihar', 'Haldwani', 'Nainital', '263139', 'Uttarakhand', 'India', '4/29/2018 16:13', 1, 'PERMANENT', '2018041395', '2018-19', 'nitin', '0000-00-00 00:00:00'),
(772, 'Himmatpur Talla', 'Haldwani', 'Nainital', '263139', 'Uttarakhand', 'India', '4/29/2018 16:13', 1, 'PERMANENT', '2018041396', '2018-19', 'nitin', '0000-00-00 00:00:00'),
(773, 'Jawahar Jyoti ', 'Haldwani', 'Nainital', '263139', 'Uttarakhand', 'India', '4/29/2018 16:13', 1, 'PERMANENT', '2018041397', '2018-19', 'nitin', '0000-00-00 00:00:00'),
(774, 'Bhagwanpur Talla', 'Haldwani', 'Nainital', '263139', 'Uttarakhand', 'India', '4/29/2018 16:13', 1, 'PERMANENT', '2018041398', '2018-19', 'nitin', '0000-00-00 00:00:00'),
(775, 'Kamaluaganja', 'Haldwani', 'Nainital', '263139', 'Uttarakhand', 'India', '4/29/2018 16:13', 1, 'PERMANENT', '2018041399', '2018-19', 'nitin', '0000-00-00 00:00:00'),
(776, 'Chauphula', 'Haldwani', 'Nainital', '263139', 'Uttarakhand', 'India', '4/29/2018 16:13', 1, 'PERMANENT', '2018041400', '2018-19', 'nitin', '0000-00-00 00:00:00'),
(777, 'Bhagwanpur', 'Haldwani', 'Nainital', '263139', 'Uttarakhand', 'India', '4/29/2018 16:13', 1, 'CORRESPONDANCE', '2018041377', '2018-19', 'nitin', '0000-00-00 00:00:00'),
(778, 'Kamaluaganja', 'Haldwani', 'Nainital', '263139', 'Uttarakhand', 'India', '4/29/2018 16:13', 1, 'CORRESPONDANCE', '2018041378', '2018-19', 'nitin', '0000-00-00 00:00:00'),
(779, 'Jawahar Jyoti ', 'Haldwani', 'Nainital', '263139', 'Uttarakhand', 'India', '4/29/2018 16:13', 1, 'CORRESPONDANCE', '2018041379', '2018-19', 'nitin', '0000-00-00 00:00:00'),
(780, 'Chharayal Nayabad', 'Haldwani', 'Nainital', '263139', 'Uttarakhand', 'India', '4/29/2018 16:13', 1, 'CORRESPONDANCE', '2018041380', '2018-19', 'nitin', '0000-00-00 00:00:00'),
(781, 'Himmatpur Talla', 'Haldwani', 'Nainital', '263139', 'Uttarakhand', 'India', '4/29/2018 16:13', 1, 'CORRESPONDANCE', '2018041381', '2018-19', 'nitin', '0000-00-00 00:00:00'),
(782, 'Jawahar Jyoti ', 'Haldwani', 'Nainital', '263139', 'Uttarakhand', 'India', '4/29/2018 16:13', 1, 'CORRESPONDANCE', '2018041382', '2018-19', 'nitin', '0000-00-00 00:00:00'),
(783, 'Chauphula', 'Haldwani', 'Nainital', '263139', 'Uttarakhand', 'India', '4/29/2018 16:13', 1, 'CORRESPONDANCE', '2018041383', '2018-19', 'nitin', '0000-00-00 00:00:00'),
(784, 'Girija Vihar', 'Haldwani', 'Nainital', '263139', 'Uttarakhand', 'India', '4/29/2018 16:13', 1, 'CORRESPONDANCE', '2018041384', '2018-19', 'nitin', '0000-00-00 00:00:00'),
(785, 'Himmatpur Malla', 'Haldwani', 'Nainital', '263139', 'Uttarakhand', 'India', '4/29/2018 16:13', 1, 'CORRESPONDANCE', '2018041385', '2018-19', 'nitin', '0000-00-00 00:00:00'),
(786, 'Jawahar Jyoti ', 'Haldwani', 'Nainital', '263139', 'Uttarakhand', 'India', '4/29/2018 16:13', 1, 'CORRESPONDANCE', '2018041386', '2018-19', 'nitin', '0000-00-00 00:00:00'),
(787, 'Chharayal Nayabad', 'Haldwani', 'Nainital', '263139', 'Uttarakhand', 'India', '4/29/2018 16:13', 1, 'CORRESPONDANCE', '2018041387', '2018-19', 'nitin', '0000-00-00 00:00:00'),
(788, 'Bhagwanpur', 'Haldwani', 'Nainital', '263139', 'Uttarakhand', 'India', '4/29/2018 16:13', 1, 'CORRESPONDANCE', '2018041388', '2018-19', 'nitin', '0000-00-00 00:00:00'),
(789, 'Kathgharia', 'Haldwani', 'Nainital', '263139', 'Uttarakhand', 'India', '4/29/2018 16:13', 1, 'CORRESPONDANCE', '2018041389', '2018-19', 'nitin', '0000-00-00 00:00:00'),
(790, 'Govindpur Garwal', 'Haldwani', 'Nainital', '263139', 'Uttarakhand', 'India', '4/29/2018 16:13', 1, 'CORRESPONDANCE', '2018041390', '2018-19', 'nitin', '0000-00-00 00:00:00'),
(791, 'Nawabi Road', 'Haldwani', 'Nainital', '263139', 'Uttarakhand', 'India', '4/29/2018 16:13', 1, 'CORRESPONDANCE', '2018041391', '2018-19', 'nitin', '0000-00-00 00:00:00'),
(792, 'Bhagwanpur Bichla', 'Haldwani', 'Nainital', '263139', 'Uttarakhand', 'India', '4/29/2018 16:13', 1, 'CORRESPONDANCE', '2018041392', '2018-19', 'nitin', '0000-00-00 00:00:00'),
(793, 'Chharayal Nayabad', 'Haldwani', 'Nainital', '263139', 'Uttarakhand', 'India', '4/29/2018 16:13', 1, 'CORRESPONDANCE', '2018041393', '2018-19', 'nitin', '0000-00-00 00:00:00'),
(794, 'Girija Vihar', 'Haldwani', 'Nainital', '263139', 'Uttarakhand', 'India', '4/29/2018 16:13', 1, 'CORRESPONDANCE', '2018041394', '2018-19', 'nitin', '0000-00-00 00:00:00'),
(795, 'Girija Vihar', 'Haldwani', 'Nainital', '263139', 'Uttarakhand', 'India', '4/29/2018 16:13', 1, 'CORRESPONDANCE', '2018041395', '2018-19', 'nitin', '0000-00-00 00:00:00'),
(796, 'Himmatpur Talla', 'Haldwani', 'Nainital', '263139', 'Uttarakhand', 'India', '4/29/2018 16:13', 1, 'CORRESPONDANCE', '2018041396', '2018-19', 'nitin', '0000-00-00 00:00:00'),
(797, 'Jawahar Jyoti ', 'Haldwani', 'Nainital', '263139', 'Uttarakhand', 'India', '4/29/2018 16:13', 1, 'CORRESPONDANCE', '2018041397', '2018-19', 'nitin', '0000-00-00 00:00:00'),
(798, 'Bhagwanpur Talla', 'Haldwani', 'Nainital', '263139', 'Uttarakhand', 'India', '4/29/2018 16:13', 1, 'CORRESPONDANCE', '2018041398', '2018-19', 'nitin', '0000-00-00 00:00:00'),
(799, 'Kamaluaganja', 'Haldwani', 'Nainital', '263139', 'Uttarakhand', 'India', '4/29/2018 16:13', 1, 'CORRESPONDANCE', '2018041399', '2018-19', 'nitin', '0000-00-00 00:00:00'),
(800, 'Chauphula', 'Haldwani', 'Nainital', '263139', 'Uttarakhand', 'India', '4/29/2018 16:13', 1, 'CORRESPONDANCE', '2018041400', '2018-19', 'nitin', '0000-00-00 00:00:00'),
(801, 'Haripur Nayak', 'Haldwani', 'Nainital', '263139', 'Uttarakhand', 'India', '4/29/2018 16:13', 1, 'PERMANENT', '2018041401', '2018-19', 'nitin', '0000-00-00 00:00:00'),
(802, 'Kathgharia', 'Haldwani', 'Nainital', '263140', 'Uttarakhand', 'India', '4/29/2018 16:13', 1, 'PERMANENT', '2018041402', '2018-19', 'nitin', '0000-00-00 00:00:00'),
(803, 'Kathgharia', 'Haldwani', 'Nainital', '263141', 'Uttarakhand', 'India', '4/29/2018 16:13', 1, 'PERMANENT', '2018041403', '2018-19', 'nitin', '0000-00-00 00:00:00'),
(804, 'Himmatpur Talla', 'Haldwani', 'Nainital', '263142', 'Uttarakhand', 'India', '4/29/2018 16:13', 1, 'PERMANENT', '2018041404', '2018-19', 'nitin', '0000-00-00 00:00:00'),
(805, 'Himmatpur Malla', 'Haldwani', 'Nainital', '263143', 'Uttarakhand', 'India', '4/29/2018 16:13', 1, 'PERMANENT', '2018041405', '2018-19', 'nitin', '0000-00-00 00:00:00'),
(806, 'Himmatpur Talla', 'Haldwani', 'Nainital', '263144', 'Uttarakhand', 'India', '4/29/2018 16:13', 1, 'PERMANENT', '2018041406', '2018-19', 'nitin', '0000-00-00 00:00:00'),
(807, 'Bhagwanpur Bichla', 'Haldwani', 'Nainital', '263145', 'Uttarakhand', 'India', '4/29/2018 16:13', 1, 'PERMANENT', '2018041407', '2018-19', 'nitin', '0000-00-00 00:00:00'),
(808, 'Girija Vihar', 'Haldwani', 'Nainital', '263146', 'Uttarakhand', 'India', '4/29/2018 16:13', 1, 'PERMANENT', '2018041408', '2018-19', 'nitin', '0000-00-00 00:00:00'),
(809, 'Girija Vihar', 'Haldwani', 'Nainital', '263147', 'Uttarakhand', 'India', '4/29/2018 16:13', 1, 'PERMANENT', '2018041409', '2018-19', 'nitin', '0000-00-00 00:00:00'),
(810, 'Chharayal Nayak', 'Haldwani', 'Nainital', '263148', 'Uttarakhand', 'India', '4/29/2018 16:13', 1, 'PERMANENT', '2018041410', '2018-19', 'nitin', '0000-00-00 00:00:00'),
(811, 'Jawahar Jyoti', 'Haldwani', 'Nainital', '263149', 'Uttarakhand', 'India', '4/29/2018 16:13', 1, 'PERMANENT', '2018041411', '2018-19', 'nitin', '0000-00-00 00:00:00'),
(812, 'Haripur Nayak', 'Haldwani', 'Nainital', '263150', 'Uttarakhand', 'India', '4/29/2018 16:13', 1, 'PERMANENT', '2018041412', '2018-19', 'nitin', '0000-00-00 00:00:00'),
(813, 'Himmatpur Talla', 'Haldwani', 'Nainital', '263151', 'Uttarakhand', 'India', '4/29/2018 16:13', 1, 'PERMANENT', '2018041413', '2018-19', 'nitin', '0000-00-00 00:00:00'),
(814, 'Chharayal Nayak', 'Haldwani', 'Nainital', '263152', 'Uttarakhand', 'India', '4/29/2018 16:13', 1, 'PERMANENT', '2018041414', '2018-19', 'nitin', '0000-00-00 00:00:00'),
(815, 'Himmatpur Talla', 'Haldwani', 'Nainital', '263153', 'Uttarakhand', 'India', '4/29/2018 16:13', 1, 'PERMANENT', '2018041415', '2018-19', 'nitin', '0000-00-00 00:00:00'),
(816, 'Kusumkhera', 'Haldwani', 'Nainital', '263154', 'Uttarakhand', 'India', '4/29/2018 16:13', 1, 'PERMANENT', '2018041416', '2018-19', 'nitin', '0000-00-00 00:00:00'),
(817, 'Haripur Nayak', 'Haldwani', 'Nainital', '263139', 'Uttarakhand', 'India', '4/29/2018 16:13', 1, 'CORRESPONDANCE', '2018041401', '2018-19', 'nitin', '0000-00-00 00:00:00'),
(818, 'Kathgharia', 'Haldwani', 'Nainital', '263140', 'Uttarakhand', 'India', '4/29/2018 16:13', 1, 'CORRESPONDANCE', '2018041402', '2018-19', 'nitin', '0000-00-00 00:00:00'),
(819, 'Kathgharia', 'Haldwani', 'Nainital', '263141', 'Uttarakhand', 'India', '4/29/2018 16:13', 1, 'CORRESPONDANCE', '2018041403', '2018-19', 'nitin', '0000-00-00 00:00:00'),
(820, 'Himmatpur Talla', 'Haldwani', 'Nainital', '263142', 'Uttarakhand', 'India', '4/29/2018 16:13', 1, 'CORRESPONDANCE', '2018041404', '2018-19', 'nitin', '0000-00-00 00:00:00'),
(821, 'Himmatpur Malla', 'Haldwani', 'Nainital', '263143', 'Uttarakhand', 'India', '4/29/2018 16:13', 1, 'CORRESPONDANCE', '2018041405', '2018-19', 'nitin', '0000-00-00 00:00:00'),
(822, 'Himmatpur Talla', 'Haldwani', 'Nainital', '263144', 'Uttarakhand', 'India', '4/29/2018 16:13', 1, 'CORRESPONDANCE', '2018041406', '2018-19', 'nitin', '0000-00-00 00:00:00'),
(823, 'Bhagwanpur Bichla', 'Haldwani', 'Nainital', '263145', 'Uttarakhand', 'India', '4/29/2018 16:13', 1, 'CORRESPONDANCE', '2018041407', '2018-19', 'nitin', '0000-00-00 00:00:00'),
(824, 'Girija Vihar', 'Haldwani', 'Nainital', '263146', 'Uttarakhand', 'India', '4/29/2018 16:13', 1, 'CORRESPONDANCE', '2018041408', '2018-19', 'nitin', '0000-00-00 00:00:00'),
(825, 'Girija Vihar', 'Haldwani', 'Nainital', '263147', 'Uttarakhand', 'India', '4/29/2018 16:13', 1, 'CORRESPONDANCE', '2018041409', '2018-19', 'nitin', '0000-00-00 00:00:00'),
(826, 'Chharayal Nayak', 'Haldwani', 'Nainital', '263148', 'Uttarakhand', 'India', '4/29/2018 16:13', 1, 'CORRESPONDANCE', '2018041410', '2018-19', 'nitin', '0000-00-00 00:00:00'),
(827, 'Jawahar Jyoti', 'Haldwani', 'Nainital', '263149', 'Uttarakhand', 'India', '4/29/2018 16:13', 1, 'CORRESPONDANCE', '2018041411', '2018-19', 'nitin', '0000-00-00 00:00:00'),
(828, 'Haripur Nayak', 'Haldwani', 'Nainital', '263150', 'Uttarakhand', 'India', '4/29/2018 16:13', 1, 'CORRESPONDANCE', '2018041412', '2018-19', 'nitin', '0000-00-00 00:00:00'),
(829, 'Himmatpur Talla', 'Haldwani', 'Nainital', '263151', 'Uttarakhand', 'India', '4/29/2018 16:13', 1, 'CORRESPONDANCE', '2018041413', '2018-19', 'nitin', '0000-00-00 00:00:00'),
(830, 'Chharayal Nayak', 'Haldwani', 'Nainital', '263152', 'Uttarakhand', 'India', '4/29/2018 16:13', 1, 'CORRESPONDANCE', '2018041414', '2018-19', 'nitin', '0000-00-00 00:00:00'),
(831, 'Himmatpur Talla', 'Haldwani', 'Nainital', '263153', 'Uttarakhand', 'India', '4/29/2018 16:13', 1, 'CORRESPONDANCE', '2018041415', '2018-19', 'nitin', '0000-00-00 00:00:00'),
(832, 'Kusumkhera', 'Haldwani', 'Nainital', '263154', 'Uttarakhand', 'India', '4/29/2018 16:13', 1, 'CORRESPONDANCE', '2018041416', '2018-19', 'nitin', '0000-00-00 00:00:00'),
(833, 'Himmatpur Talla ', 'Haldwani', 'Nainital', '263139', 'Uttarakhand', 'India', '4/29/2018 16:13', 1, 'PERMANENT', '2018041417', '2018-19', 'nitin', '0000-00-00 00:00:00'),
(834, 'Kamaluaganja,Himmatpur Talla ', 'Haldwani', 'Nainital', '263139', 'Uttarakhand', 'India', '4/29/2018 16:13', 1, 'PERMANENT', '2018041418', '2018-19', 'nitin', '0000-00-00 00:00:00'),
(835, 'Govindpur Garwal', 'Haldwani', 'Nainital', '263139', 'Uttarakhand', 'India', '4/29/2018 16:13', 1, 'PERMANENT', '2018041419', '2018-19', 'nitin', '0000-00-00 00:00:00'),
(836, 'Bhagwanpur Talla', 'Haldwani', 'Nainital', '263139', 'Uttarakhand', 'India', '4/29/2018 16:13', 1, 'PERMANENT', '2018041420', '2018-19', 'nitin', '0000-00-00 00:00:00'),
(837, 'Maa Giriya Vihar', 'Haldwani', 'Nainital', '263139', 'Uttarakhand', 'India', '4/29/2018 16:13', 1, 'PERMANENT', '2018041421', '2018-19', 'nitin', '0000-00-00 00:00:00'),
(838, 'Narsingh Talla ', 'Haldwani', 'Nainital', '263139', 'Uttarakhand', 'India', '4/29/2018 16:13', 1, 'PERMANENT', '2018041422', '2018-19', 'nitin', '0000-00-00 00:00:00'),
(839, 'Bhagwanpur Talla', 'Haldwani', 'Nainital', '263139', 'Uttarakhand', 'India', '4/29/2018 16:13', 1, 'PERMANENT', '2018041423', '2018-19', 'nitin', '0000-00-00 00:00:00'),
(840, 'Panpur Kathgharia', 'Haldwani', 'Nainital', '263139', 'Uttarakhand', 'India', '4/29/2018 16:13', 1, 'PERMANENT', '2018041424', '2018-19', 'nitin', '0000-00-00 00:00:00');
INSERT INTO `master_9_stud_address` (`ADDRID`, `STREET_1`, `CITY_`, `PIN_`, `DISTT_`, `STATE_`, `COUNTRY_`, `DOC_`, `STATUS`, `ADDRESS_STATUS`, `regid`, `SESSID`, `USERNAME_`, `DATE_`) VALUES
(841, 'Haripur Nayak ', 'Haldwani', 'Nainital', '263139', 'Uttarakhand', 'India', '4/29/2018 16:13', 1, 'PERMANENT', '2018041425', '2018-19', 'nitin', '0000-00-00 00:00:00'),
(842, 'Bhagwanpur ', 'Haldwani', 'Nainital', '263139', 'Uttarakhand', 'India', '4/29/2018 16:13', 1, 'PERMANENT', '2018041426', '2018-19', 'nitin', '0000-00-00 00:00:00'),
(843, 'Narsingh Talla ', 'Haldwani', 'Nainital', '263139', 'Uttarakhand', 'India', '4/29/2018 16:13', 1, 'PERMANENT', '2018041427', '2018-19', 'nitin', '0000-00-00 00:00:00'),
(844, 'Bhagwanpur Talla', 'Haldwani', 'Nainital', '263139', 'Uttarakhand', 'India', '4/29/2018 16:13', 1, 'PERMANENT', '2018041428', '2018-19', 'nitin', '0000-00-00 00:00:00'),
(845, 'Himmatpur Talla ', 'Haldwani', 'Nainital', '263139', 'Uttarakhand', 'India', '4/29/2018 16:13', 1, 'PERMANENT', '2018041429', '2018-19', 'nitin', '0000-00-00 00:00:00'),
(846, 'Narsingh Talla ', 'Haldwani', 'Nainital', '263139', 'Uttarakhand', 'India', '4/29/2018 16:13', 1, 'PERMANENT', '2018041430', '2018-19', 'nitin', '0000-00-00 00:00:00'),
(847, 'Himmatpur Malla', 'Haldwani', 'Nainital', '263139', 'Uttarakhand', 'India', '4/29/2018 16:13', 1, 'PERMANENT', '2018041431', '2018-19', 'nitin', '0000-00-00 00:00:00'),
(848, 'Himmatpur Talla ', 'Haldwani', 'Nainital', '263139', 'Uttarakhand', 'India', '4/29/2018 16:13', 1, 'CORRESPONDANCE', '2018041417', '2018-19', 'nitin', '0000-00-00 00:00:00'),
(849, 'Kamaluaganja,Himmatpur Talla ', 'Haldwani', 'Nainital', '263139', 'Uttarakhand', 'India', '4/29/2018 16:13', 1, 'CORRESPONDANCE', '2018041418', '2018-19', 'nitin', '0000-00-00 00:00:00'),
(850, 'Govindpur Garwal', 'Haldwani', 'Nainital', '263139', 'Uttarakhand', 'India', '4/29/2018 16:13', 1, 'CORRESPONDANCE', '2018041419', '2018-19', 'nitin', '0000-00-00 00:00:00'),
(851, 'Bhagwanpur Talla', 'Haldwani', 'Nainital', '263139', 'Uttarakhand', 'India', '4/29/2018 16:13', 1, 'CORRESPONDANCE', '2018041420', '2018-19', 'nitin', '0000-00-00 00:00:00'),
(852, 'Maa Giriya Vihar', 'Haldwani', 'Nainital', '263139', 'Uttarakhand', 'India', '4/29/2018 16:13', 1, 'CORRESPONDANCE', '2018041421', '2018-19', 'nitin', '0000-00-00 00:00:00'),
(853, 'Narsingh Talla ', 'Haldwani', 'Nainital', '263139', 'Uttarakhand', 'India', '4/29/2018 16:13', 1, 'CORRESPONDANCE', '2018041422', '2018-19', 'nitin', '0000-00-00 00:00:00'),
(854, 'Bhagwanpur Talla', 'Haldwani', 'Nainital', '263139', 'Uttarakhand', 'India', '4/29/2018 16:13', 1, 'CORRESPONDANCE', '2018041423', '2018-19', 'nitin', '0000-00-00 00:00:00'),
(855, 'Panpur Kathgharia', 'Haldwani', 'Nainital', '263139', 'Uttarakhand', 'India', '4/29/2018 16:13', 1, 'CORRESPONDANCE', '2018041424', '2018-19', 'nitin', '0000-00-00 00:00:00'),
(856, 'Haripur Nayak ', 'Haldwani', 'Nainital', '263139', 'Uttarakhand', 'India', '4/29/2018 16:13', 1, 'CORRESPONDANCE', '2018041425', '2018-19', 'nitin', '0000-00-00 00:00:00'),
(857, 'Bhagwanpur ', 'Haldwani', 'Nainital', '263139', 'Uttarakhand', 'India', '4/29/2018 16:13', 1, 'CORRESPONDANCE', '2018041426', '2018-19', 'nitin', '0000-00-00 00:00:00'),
(858, 'Narsingh Talla ', 'Haldwani', 'Nainital', '263139', 'Uttarakhand', 'India', '4/29/2018 16:13', 1, 'CORRESPONDANCE', '2018041427', '2018-19', 'nitin', '0000-00-00 00:00:00'),
(859, 'Bhagwanpur Talla', 'Haldwani', 'Nainital', '263139', 'Uttarakhand', 'India', '4/29/2018 16:13', 1, 'CORRESPONDANCE', '2018041428', '2018-19', 'nitin', '0000-00-00 00:00:00'),
(860, 'Himmatpur Talla ', 'Haldwani', 'Nainital', '263139', 'Uttarakhand', 'India', '4/29/2018 16:13', 1, 'CORRESPONDANCE', '2018041429', '2018-19', 'nitin', '0000-00-00 00:00:00'),
(861, 'Narsingh Talla ', 'Haldwani', 'Nainital', '263139', 'Uttarakhand', 'India', '4/29/2018 16:13', 1, 'CORRESPONDANCE', '2018041430', '2018-19', 'nitin', '0000-00-00 00:00:00'),
(862, 'Himmatpur Malla', 'Haldwani', 'Nainital', '263139', 'Uttarakhand', 'India', '4/29/2018 16:13', 1, 'CORRESPONDANCE', '2018041431', '2018-19', 'nitin', '0000-00-00 00:00:00'),
(863, '', '', '', '', 'UTTARAKHAND', 'INDIA', '2018-07-06 00:06:20', 1, 'CORRESPONDANCE', '2018070144', '2018-19', 'nitin', '2018-07-05 18:36:20'),
(864, '', '', '', '', 'UTTARAKHAND', 'INDIA', '2018-07-06 00:06:20', 1, 'PERMANENT', '2018070144', '2018-19', 'nitin', '2018-07-05 18:36:20'),
(867, '', '', '', '', 'UTTARAKHAND', 'INDIA', '2019-07-06 00:20:02', 1, 'CORRESPONDANCE', '2019070145', '2019-20', 'nitin', '2019-07-05 18:50:02'),
(868, '', '', '', '', 'UTTARAKHAND', 'INDIA', '2019-07-06 00:20:02', 1, 'PERMANENT', '2019070145', '2019-20', 'nitin', '2019-07-05 18:50:02'),
(869, '', '', '', '', 'UTTARAKHAND', 'INDIA', '2018-07-06 00:24:05', 1, 'CORRESPONDANCE', '2019070146', '2019-20', 'nitin', '2018-07-05 18:54:05'),
(870, '', '', '', '', 'UTTARAKHAND', 'INDIA', '2018-07-06 00:24:05', 1, 'PERMANENT', '2019070146', '2019-20', 'nitin', '2018-07-05 18:54:05'),
(871, '', '', '', '', 'UTTARAKHAND', 'INDIA', '2018-07-06 00:24:59', 1, 'CORRESPONDANCE', '2018070147', '2018-19', 'nitin', '2018-07-05 18:54:59'),
(872, '', '', '', '', 'UTTARAKHAND', 'INDIA', '2018-07-06 00:24:59', 1, 'PERMANENT', '2018070147', '2018-19', 'nitin', '2018-07-05 18:54:59'),
(873, '', '', '', '', 'UTTARAKHAND', 'INDIA', '2018-07-06 00:37:30', 1, 'CORRESPONDANCE', '2018070148', '2018-19', 'nitin', '2018-07-05 19:12:24'),
(874, '', '', '', '', 'UTTARAKHAND', 'INDIA', '2018-07-06 00:37:30', 1, 'PERMANENT', '2018070148', '2018-19', 'nitin', '2018-07-05 19:12:24'),
(875, '', '', '', '', 'UTTARAKHAND', 'INDIA', '2018-07-10 14:19:26', 1, 'CORRESPONDANCE', '2018070149', '2018-19', 'nitin', '2018-07-10 08:49:26'),
(876, '', '', '', '', 'UTTARAKHAND', 'INDIA', '2018-07-10 14:19:26', 1, 'PERMANENT', '2018070149', '2018-19', 'nitin', '2018-07-10 08:49:26');

-- --------------------------------------------------------

--
-- Table structure for table `master_10_stud_contact`
--

CREATE TABLE IF NOT EXISTS `master_10_stud_contact` (
  `CNTCT_ID` int(15) NOT NULL AUTO_INCREMENT,
  `MOBILE_S` varchar(50) NOT NULL,
  `PH_S` varchar(50) NOT NULL,
  `EMAIL_S` varchar(200) NOT NULL,
  `DOC_` varchar(50) NOT NULL,
  `STATUS` tinyint(1) NOT NULL DEFAULT '1',
  `CONTACT_STATUS` varchar(20) NOT NULL COMMENT 'PERMANENT/LG/CORRESPONDANCE',
  `regid` varchar(25) NOT NULL,
  `SESSID` varchar(20) NOT NULL,
  `USERNAME_` varchar(40) NOT NULL,
  `DATE_` timestamp NOT NULL DEFAULT CURRENT_TIMESTAMP,
  PRIMARY KEY (`CNTCT_ID`),
  KEY `regid` (`regid`),
  KEY `regid_2` (`regid`)
) ENGINE=InnoDB  DEFAULT CHARSET=utf8 AUTO_INCREMENT=439 ;

--
-- Dumping data for table `master_10_stud_contact`
--

INSERT INTO `master_10_stud_contact` (`CNTCT_ID`, `MOBILE_S`, `PH_S`, `EMAIL_S`, `DOC_`, `STATUS`, `CONTACT_STATUS`, `regid`, `SESSID`, `USERNAME_`, `DATE_`) VALUES
(1, '8954174721', '-x-', 'x@gmail.com', '4/29/2018', 1, 'CORRESPONDANCE', '2018041001', '2018-19', 'nitin', '2018-06-29 07:11:15'),
(2, '7830755359', '-x-', 'x@gmail.com', '4/29/2018', 1, 'CORRESPONDANCE', '2018041002', '2018-19', 'nitin', '2018-07-10 08:59:57'),
(3, '8476026838', '-x-', 'x@gmail.com', '4/29/2018', 1, 'CORRESPONDANCE', '2018041003', '2018-19', 'nitin', '2018-07-10 12:28:30'),
(4, '9837859409', '-x-', 'x@gmail.com', '4/29/2018', 1, 'CORRESPONDANCE', '2018041004', '2018-19', 'nitin', '2018-07-12 12:27:09'),
(5, '8958561854', '-x-', 'x@gmail.com', '4/29/2018', 1, 'CORRESPONDANCE', '2018041005', '2018-19', 'nitin', '2018-07-10 20:49:28'),
(6, '7830959223', '7830959223', 'x@gmail.com', '4/29/2018', 1, 'CORRESPONDANCE', '2018041006', '2018-19', 'nitin', '0000-00-00 00:00:00'),
(7, '9897266781', '9897266781', 'x@gmail.com', '4/29/2018', 1, 'CORRESPONDANCE', '2018041007', '2018-19', 'nitin', '0000-00-00 00:00:00'),
(8, '7599249659', '7599249659', 'x@gmail.com', '4/29/2018', 1, 'CORRESPONDANCE', '2018041008', '2018-19', 'nitin', '0000-00-00 00:00:00'),
(9, '9917885859', '9917885859', 'x@gmail.com', '4/29/2018', 1, 'CORRESPONDANCE', '2018041009', '2018-19', 'nitin', '0000-00-00 00:00:00'),
(10, '9719405310', '9719405310', 'x@gmail.com', '4/29/2018', 1, 'CORRESPONDANCE', '2018041010', '2018-19', 'nitin', '0000-00-00 00:00:00'),
(11, '9690924680', '9690924680', 'x@gmail.com', '4/29/2018', 1, 'CORRESPONDANCE', '2018041011', '2018-19', 'nitin', '0000-00-00 00:00:00'),
(12, '9917428485', '9917428485', 'x@gmail.com', '4/29/2018', 1, 'CORRESPONDANCE', '2018041012', '2018-19', 'nitin', '0000-00-00 00:00:00'),
(13, '9536466498', '9536466498', 'x@gmail.com', '4/29/2018', 1, 'CORRESPONDANCE', '2018041013', '2018-19', 'nitin', '0000-00-00 00:00:00'),
(14, '9456138221', '9456138221', 'x@gmail.com', '4/29/2018', 1, 'CORRESPONDANCE', '2018041014', '2018-19', 'nitin', '0000-00-00 00:00:00'),
(15, '9761056177', '9761056177', 'x@gmail.com', '4/29/2018', 1, 'CORRESPONDANCE', '2018041015', '2018-19', 'nitin', '0000-00-00 00:00:00'),
(16, '8433447048', '8433447048', 'x@gmail.com', '4/29/2018', 1, 'CORRESPONDANCE', '2018041016', '2018-19', 'nitin', '0000-00-00 00:00:00'),
(17, '7464965850', '7464965850', 'x@gmail.com', '4/29/2018', 1, 'CORRESPONDANCE', '2018041017', '2018-19', 'nitin', '0000-00-00 00:00:00'),
(18, '7300663192', '7300663192', 'x@gmail.com', '4/29/2018', 1, 'CORRESPONDANCE', '2018041018', '2018-19', 'nitin', '0000-00-00 00:00:00'),
(19, '7055144470', '7055144470', 'x@gmail.com', '4/29/2018', 1, 'CORRESPONDANCE', '2018041019', '2018-19', 'nitin', '0000-00-00 00:00:00'),
(20, '9456161523', '9456161523', 'x@gmail.com', '4/29/2018', 1, 'CORRESPONDANCE', '2018041020', '2018-19', 'nitin', '0000-00-00 00:00:00'),
(21, '8449481223', '8449481223', 'x@gmail.com', '4/29/2018', 1, 'CORRESPONDANCE', '2018041021', '2018-19', 'nitin', '0000-00-00 00:00:00'),
(22, '9568222697', '9568222697', 'x@gmail.com', '4/29/2018', 1, 'CORRESPONDANCE', '2018041022', '2018-19', 'nitin', '0000-00-00 00:00:00'),
(23, '7579171093', '7579171093', 'x@gmail.com', '4/29/2018', 1, 'CORRESPONDANCE', '2018041023', '2018-19', 'nitin', '0000-00-00 00:00:00'),
(24, '8395030810', '8395030810', 'x@gmail.com', '4/29/2018', 1, 'CORRESPONDANCE', '2018041024', '2018-19', 'nitin', '0000-00-00 00:00:00'),
(25, '7409149728', '7409149728', 'x@gmail.com', '4/29/2018', 1, 'CORRESPONDANCE', '2018041025', '2018-19', 'nitin', '0000-00-00 00:00:00'),
(26, '8126501010', '8126501010', 'x@gmail.com', '4/29/2018', 1, 'CORRESPONDANCE', '2018041026', '2018-19', 'nitin', '0000-00-00 00:00:00'),
(27, '9837111309', '9837111309', 'x@gmail.com', '4/29/2018', 1, 'CORRESPONDANCE', '2018041027', '2018-19', 'nitin', '0000-00-00 00:00:00'),
(28, '9536956833', '9536956833', 'x@gmail.com', '4/29/2018', 1, 'CORRESPONDANCE', '2018041028', '2018-19', 'nitin', '0000-00-00 00:00:00'),
(29, '8941041245', '8941041245', 'x@gmail.com', '4/29/2018', 1, 'CORRESPONDANCE', '2018041029', '2018-19', 'nitin', '0000-00-00 00:00:00'),
(30, '9997190682', '9997190682', 'x@gmail.com', '4/29/2018', 1, 'CORRESPONDANCE', '2018041030', '2018-19', 'nitin', '0000-00-00 00:00:00'),
(31, '9639623200', '9639623200', 'x@gmail.com', '4/29/2018', 1, 'CORRESPONDANCE', '2018041031', '2018-19', 'nitin', '0000-00-00 00:00:00'),
(32, '8474961738', '8474961738', 'x@gmail.com', '4/29/2018', 1, 'CORRESPONDANCE', '2018041032', '2018-19', 'nitin', '0000-00-00 00:00:00'),
(33, '7351441550', '7351441550', 'x@gmail.com', '4/29/2018', 1, 'CORRESPONDANCE', '2018041033', '2018-19', 'nitin', '0000-00-00 00:00:00'),
(34, '8859635545', '8859635545', 'x@gmail.com', '4/29/2018', 1, 'CORRESPONDANCE', '2018041034', '2018-19', 'nitin', '0000-00-00 00:00:00'),
(35, '9012911012', '9012911012', 'x@gmail.com', '4/29/2018', 1, 'CORRESPONDANCE', '2018041035', '2018-19', 'nitin', '0000-00-00 00:00:00'),
(36, '8477832082', '8477832082', 'x@gmail.com', '4/29/2018', 1, 'CORRESPONDANCE', '2018041036', '2018-19', 'nitin', '0000-00-00 00:00:00'),
(37, '8449616860', '8449616860', 'x@gmail.com', '4/29/2018', 1, 'CORRESPONDANCE', '2018041037', '2018-19', 'nitin', '0000-00-00 00:00:00'),
(38, '8476015643', '8476015643', 'x@gmail.com', '4/29/2018', 1, 'CORRESPONDANCE', '2018041038', '2018-19', 'nitin', '0000-00-00 00:00:00'),
(39, '8868976488', '8868976488', 'x@gmail.com', '4/29/2018', 1, 'CORRESPONDANCE', '2018041039', '2018-19', 'nitin', '0000-00-00 00:00:00'),
(40, '9925723660', '9925723660', 'x@gmail.com', '4/29/2018', 1, 'CORRESPONDANCE', '2018041040', '2018-19', 'nitin', '0000-00-00 00:00:00'),
(41, '9917400510', '9917400510', 'x@gmail.com', '4/29/2018', 1, 'CORRESPONDANCE', '2018041041', '2018-19', 'nitin', '0000-00-00 00:00:00'),
(42, '9410581459', '-x-', 'x@gmail.com', '4/29/2018', 1, 'CORRESPONDANCE', '2018041042', '2018-19', 'nitin', '2018-07-10 08:30:46'),
(43, '7351978988', '-x-', 'x@gmail.com', '4/29/2018', 1, 'CORRESPONDANCE', '2018041043', '2018-19', 'nitin', '2018-07-10 14:02:12'),
(44, '9411563037', '9411563037', 'x@gmail.com', '4/29/2018', 1, 'CORRESPONDANCE', '2018041044', '2018-19', 'nitin', '0000-00-00 00:00:00'),
(45, '9761149486', '9761149486', 'x@gmail.com', '4/29/2018', 1, 'CORRESPONDANCE', '2018041045', '2018-19', 'nitin', '0000-00-00 00:00:00'),
(46, '9639719605', '9639719605', 'x@gmail.com', '4/29/2018', 1, 'CORRESPONDANCE', '2018041046', '2018-19', 'nitin', '0000-00-00 00:00:00'),
(47, '7830661007', '7830661007', 'x@gmail.com', '4/29/2018', 1, 'CORRESPONDANCE', '2018041047', '2018-19', 'nitin', '0000-00-00 00:00:00'),
(48, '8938026778', '8938026778', 'x@gmail.com', '4/29/2018', 1, 'CORRESPONDANCE', '2018041048', '2018-19', 'nitin', '0000-00-00 00:00:00'),
(49, '9456069795', '9456069795', 'x@gmail.com', '4/29/2018', 1, 'CORRESPONDANCE', '2018041049', '2018-19', 'nitin', '0000-00-00 00:00:00'),
(50, '9758289333', '9758289333', 'x@gmail.com', '4/29/2018', 1, 'CORRESPONDANCE', '2018041050', '2018-19', 'nitin', '0000-00-00 00:00:00'),
(51, '8006625240', '8006625240', 'x@gmail.com', '4/29/2018', 1, 'CORRESPONDANCE', '2018041051', '2018-19', 'nitin', '0000-00-00 00:00:00'),
(52, '9456136406', '9456136406', 'x@gmail.com', '4/29/2018', 1, 'CORRESPONDANCE', '2018041052', '2018-19', 'nitin', '0000-00-00 00:00:00'),
(53, '8057465908', '8057465908', 'x@gmail.com', '4/29/2018', 1, 'CORRESPONDANCE', '2018041053', '2018-19', 'nitin', '0000-00-00 00:00:00'),
(54, '9760125770', '9760125770', 'x@gmail.com', '4/29/2018', 1, 'CORRESPONDANCE', '2018041054', '2018-19', 'nitin', '0000-00-00 00:00:00'),
(55, '8477832082', '8477832082', 'x@gmail.com', '4/29/2018', 1, 'CORRESPONDANCE', '2018041055', '2018-19', 'nitin', '0000-00-00 00:00:00'),
(56, '8476047262', '8476047262', 'x@gmail.com', '4/29/2018', 1, 'CORRESPONDANCE', '2018041056', '2018-19', 'nitin', '0000-00-00 00:00:00'),
(57, '8755344485', '8755344485', 'x@gmail.com', '4/29/2018', 1, 'CORRESPONDANCE', '2018041057', '2018-19', 'nitin', '0000-00-00 00:00:00'),
(58, '9899624036', '9899624036', 'x@gmail.com', '4/29/2018', 1, 'CORRESPONDANCE', '2018041058', '2018-19', 'nitin', '0000-00-00 00:00:00'),
(59, '9411770488', '9411770488', 'x@gmail.com', '4/29/2018', 1, 'CORRESPONDANCE', '2018041059', '2018-19', 'nitin', '0000-00-00 00:00:00'),
(60, '9927516043', '9927516043', 'x@gmail.com', '4/29/2018', 1, 'CORRESPONDANCE', '2018041060', '2018-19', 'nitin', '0000-00-00 00:00:00'),
(61, '8909564735', '8909564735', 'x@gmail.com', '4/29/2018', 1, 'CORRESPONDANCE', '2018041061', '2018-19', 'nitin', '0000-00-00 00:00:00'),
(62, '8859661564', '8859661564', 'x@gmail.com', '4/29/2018', 1, 'CORRESPONDANCE', '2018041062', '2018-19', 'nitin', '0000-00-00 00:00:00'),
(63, '8192837740', '8192837740', 'x@gmail.com', '4/29/2018', 1, 'CORRESPONDANCE', '2018041063', '2018-19', 'nitin', '0000-00-00 00:00:00'),
(64, '9568222697', '9568222697', 'x@gmail.com', '4/29/2018', 1, 'CORRESPONDANCE', '2018041064', '2018-19', 'nitin', '0000-00-00 00:00:00'),
(65, '8193963689', '8193963689', 'x@gmail.com', '4/29/2018', 1, 'CORRESPONDANCE', '2018041065', '2018-19', 'nitin', '0000-00-00 00:00:00'),
(66, '7466823635', '7466823635', 'x@gmail.com', '4/29/2018', 1, 'CORRESPONDANCE', '2018041066', '2018-19', 'nitin', '0000-00-00 00:00:00'),
(67, '9456526154', '9456526154', 'x@gmail.com', '4/29/2018', 1, 'CORRESPONDANCE', '2018041067', '2018-19', 'nitin', '0000-00-00 00:00:00'),
(68, '8449492213', '8449492213', 'x@gmail.com', '4/29/2018', 1, 'CORRESPONDANCE', '2018041068', '2018-19', 'nitin', '0000-00-00 00:00:00'),
(69, '7409477016', '7409477016', 'x@gmail.com', '4/29/2018', 1, 'CORRESPONDANCE', '2018041069', '2018-19', 'nitin', '0000-00-00 00:00:00'),
(70, '8954174721', '8954174721', 'x@gmail.com', '4/29/2018', 1, 'CORRESPONDANCE', '2018041070', '2018-19', 'nitin', '0000-00-00 00:00:00'),
(71, '8449306493', '8449306493', 'x@gmail.com', '4/29/2018', 1, 'CORRESPONDANCE', '2018041071', '2018-19', 'nitin', '0000-00-00 00:00:00'),
(72, '7409150630', '7409150630', 'x@gmail.com', '4/29/2018', 1, 'CORRESPONDANCE', '2018041072', '2018-19', 'nitin', '0000-00-00 00:00:00'),
(73, '9720067000', '9720067000', 'x@gmail.com', '4/29/2018', 1, 'CORRESPONDANCE', '2018041073', '2018-19', 'nitin', '0000-00-00 00:00:00'),
(74, '9411336929', '9411336929', 'x@gmail.com', '4/29/2018', 1, 'CORRESPONDANCE', '2018041074', '2018-19', 'nitin', '0000-00-00 00:00:00'),
(75, '9720871932', '9720871932', 'x@gmail.com', '4/29/2018', 1, 'CORRESPONDANCE', '2018041075', '2018-19', 'nitin', '0000-00-00 00:00:00'),
(76, '7579177901', '7579177901', 'x@gmail.com', '4/29/2018', 1, 'CORRESPONDANCE', '2018041076', '2018-19', 'nitin', '0000-00-00 00:00:00'),
(77, '8393827655', '8393827655', 'x@gmail.com', '4/29/2018', 1, 'CORRESPONDANCE', '2018041077', '2018-19', 'nitin', '0000-00-00 00:00:00'),
(78, '9536336578', '9536336578', 'x@gmail.com', '4/29/2018', 1, 'CORRESPONDANCE', '2018041078', '2018-19', 'nitin', '0000-00-00 00:00:00'),
(79, '7830618599', '7830618599', 'x@gmail.com', '4/29/2018', 1, 'CORRESPONDANCE', '2018041079', '2018-19', 'nitin', '0000-00-00 00:00:00'),
(80, '8126501010', '8126501010', 'x@gmail.com', '4/29/2018', 1, 'CORRESPONDANCE', '2018041080', '2018-19', 'nitin', '0000-00-00 00:00:00'),
(81, '9627460638', '9627460638', 'x@gmail.com', '4/29/2018', 1, 'CORRESPONDANCE', '2018041081', '2018-19', 'nitin', '0000-00-00 00:00:00'),
(82, '7351441550', '7351441550', 'x@gmail.com', '4/29/2018', 1, 'CORRESPONDANCE', '2018041082', '2018-19', 'nitin', '0000-00-00 00:00:00'),
(83, '7500845135', '7500845135', 'x@gmail.com', '4/29/2018', 1, 'CORRESPONDANCE', '2018041083', '2018-19', 'nitin', '0000-00-00 00:00:00'),
(84, '9756442282', '9756442282', 'x@gmail.com', '4/29/2018', 1, 'CORRESPONDANCE', '2018041084', '2018-19', 'nitin', '0000-00-00 00:00:00'),
(85, '7464965850', '7464965850', 'x@gmail.com', '4/29/2018', 1, 'CORRESPONDANCE', '2018041085', '2018-19', 'nitin', '0000-00-00 00:00:00'),
(86, '9758289333', '9758289333', 'x@gmail.com', '4/29/2018', 1, 'CORRESPONDANCE', '2018041086', '2018-19', 'nitin', '0000-00-00 00:00:00'),
(87, '9456525710', '9456525710', 'x@gmail.com', '4/29/2018', 1, 'CORRESPONDANCE', '2018041087', '2018-19', 'nitin', '0000-00-00 00:00:00'),
(88, '8449097856', '8449097856', 'x@gmail.com', '4/29/2018', 1, 'CORRESPONDANCE', '2018041088', '2018-19', 'nitin', '0000-00-00 00:00:00'),
(89, '8859661564', '8859661564', 'x@gmail.com', '4/29/2018', 1, 'CORRESPONDANCE', '2018041089', '2018-19', 'nitin', '0000-00-00 00:00:00'),
(90, '7088931541', '7088931541', 'x@gmail.com', '4/29/2018', 1, 'CORRESPONDANCE', '2018041090', '2018-19', 'nitin', '0000-00-00 00:00:00'),
(91, '8650523926', '8650523926', 'x@gmail.com', '4/29/2018', 1, 'CORRESPONDANCE', '2018041091', '2018-19', 'nitin', '0000-00-00 00:00:00'),
(92, '9411596708', '9411596708', 'x@gmail.com', '4/29/2018', 1, 'CORRESPONDANCE', '2018041092', '2018-19', 'nitin', '0000-00-00 00:00:00'),
(93, '8954198917', '8954198917', 'x@gmail.com', '4/29/2018', 1, 'CORRESPONDANCE', '2018041093', '2018-19', 'nitin', '0000-00-00 00:00:00'),
(94, '9917587628', '9917587628', 'x@gmail.com', '4/29/2018', 1, 'CORRESPONDANCE', '2018041094', '2018-19', 'nitin', '0000-00-00 00:00:00'),
(95, '9568163900', '9568163900', 'x@gmail.com', '4/29/2018', 1, 'CORRESPONDANCE', '2018041095', '2018-19', 'nitin', '0000-00-00 00:00:00'),
(96, '8909564735', '8909564735', 'x@gmail.com', '4/29/2018', 1, 'CORRESPONDANCE', '2018041096', '2018-19', 'nitin', '0000-00-00 00:00:00'),
(97, '7055135633', '7055135633', 'x@gmail.com', '4/29/2018', 1, 'CORRESPONDANCE', '2018041097', '2018-19', 'nitin', '0000-00-00 00:00:00'),
(98, '8057994736', '8057994736', 'x@gmail.com', '4/29/2018', 1, 'CORRESPONDANCE', '2018041098', '2018-19', 'nitin', '0000-00-00 00:00:00'),
(99, '8393836220', '8393836220', 'x@gmail.com', '4/29/2018', 1, 'CORRESPONDANCE', '2018041099', '2018-19', 'nitin', '0000-00-00 00:00:00'),
(100, '9997002957', '9997002957', 'x@gmail.com', '4/29/2018', 1, 'CORRESPONDANCE', '2018041100', '2018-19', 'nitin', '0000-00-00 00:00:00'),
(101, '9917771720', '9917771720', 'x@gmail.com', '4/29/2018', 1, 'CORRESPONDANCE', '2018041101', '2018-19', 'nitin', '0000-00-00 00:00:00'),
(102, '8954187208', '8954187208', 'x@gmail.com', '4/29/2018', 1, 'CORRESPONDANCE', '2018041102', '2018-19', 'nitin', '0000-00-00 00:00:00'),
(103, '7830080024', '7830080024', 'x@gmail.com', '4/29/2018', 1, 'CORRESPONDANCE', '2018041103', '2018-19', 'nitin', '0000-00-00 00:00:00'),
(104, '9971231635', '9971231635', 'x@gmail.com', '4/29/2018', 1, 'CORRESPONDANCE', '2018041104', '2018-19', 'nitin', '0000-00-00 00:00:00'),
(105, '9899164362', '9899164362', 'x@gmail.com', '4/29/2018', 1, 'CORRESPONDANCE', '2018041105', '2018-19', 'nitin', '0000-00-00 00:00:00'),
(106, '8630483966', '8630483966', 'x@gmail.com', '4/29/2018', 1, 'CORRESPONDANCE', '2018041106', '2018-19', 'nitin', '0000-00-00 00:00:00'),
(107, '9411134890', '9411134890', 'x@gmail.com', '4/29/2018', 1, 'CORRESPONDANCE', '2018041107', '2018-19', 'nitin', '0000-00-00 00:00:00'),
(108, '9690924680', '9690924680', 'x@gmail.com', '4/29/2018', 1, 'CORRESPONDANCE', '2018041108', '2018-19', 'nitin', '0000-00-00 00:00:00'),
(109, '9456776831', '9456776831', 'x@gmail.com', '4/29/2018', 1, 'CORRESPONDANCE', '2018041109', '2018-19', 'nitin', '0000-00-00 00:00:00'),
(110, '8650249862', '8650249862', 'x@gmail.com', '4/29/2018', 1, 'CORRESPONDANCE', '2018041110', '2018-19', 'nitin', '0000-00-00 00:00:00'),
(111, '8476028113', '8476028113', 'x@gmail.com', '4/29/2018', 1, 'CORRESPONDANCE', '2018041111', '2018-19', 'nitin', '0000-00-00 00:00:00'),
(112, '9927013995', '9927013995', 'x@gmail.com', '4/29/2018', 1, 'CORRESPONDANCE', '2018041112', '2018-19', 'nitin', '0000-00-00 00:00:00'),
(113, '8958713995', '8958713995', 'x@gmail.com', '4/29/2018', 1, 'CORRESPONDANCE', '2018041113', '2018-19', 'nitin', '0000-00-00 00:00:00'),
(114, '8954055207', '8954055207', 'x@gmail.com', '4/29/2018', 1, 'CORRESPONDANCE', '2018041114', '2018-19', 'nitin', '0000-00-00 00:00:00'),
(115, '9837431029', '9837431029', 'x@gmail.com', '4/29/2018', 1, 'CORRESPONDANCE', '2018041115', '2018-19', 'nitin', '0000-00-00 00:00:00'),
(116, '9690881146', '9690881146', 'x@gmail.com', '4/29/2018', 1, 'CORRESPONDANCE', '2018041116', '2018-19', 'nitin', '0000-00-00 00:00:00'),
(117, '9456726000', '9456726000', 'x@gmail.com', '4/29/2018', 1, 'CORRESPONDANCE', '2018041117', '2018-19', 'nitin', '0000-00-00 00:00:00'),
(118, '9410341021', '9410341021', 'x@gmail.com', '4/29/2018', 1, 'CORRESPONDANCE', '2018041118', '2018-19', 'nitin', '0000-00-00 00:00:00'),
(119, '8057465908', '8057465908', 'x@gmail.com', '4/29/2018', 1, 'CORRESPONDANCE', '2018041119', '2018-19', 'nitin', '0000-00-00 00:00:00'),
(120, '8650523926', '8650523926', 'x@gmail.com', '4/29/2018', 1, 'CORRESPONDANCE', '2018041120', '2018-19', 'nitin', '0000-00-00 00:00:00'),
(121, '9012195605', '9012195605', 'x@gmail.com', '4/29/2018', 1, 'CORRESPONDANCE', '2018041121', '2018-19', 'nitin', '0000-00-00 00:00:00'),
(122, '8476015643', '8476015643', 'x@gmail.com', '4/29/2018', 1, 'CORRESPONDANCE', '2018041122', '2018-19', 'nitin', '0000-00-00 00:00:00'),
(123, '8477076904', '8477076904', 'x@gmail.com', '4/29/2018', 1, 'CORRESPONDANCE', '2018041123', '2018-19', 'nitin', '0000-00-00 00:00:00'),
(124, '7830525468', '7830525468', 'x@gmail.com', '4/29/2018', 1, 'CORRESPONDANCE', '2018041124', '2018-19', 'nitin', '0000-00-00 00:00:00'),
(125, '9634449598', '9634449598', 'x@gmail.com', '4/29/2018', 1, 'CORRESPONDANCE', '2018041125', '2018-19', 'nitin', '0000-00-00 00:00:00'),
(126, '9568036708', '9568036708', 'x@gmail.com', '4/29/2018', 1, 'CORRESPONDANCE', '2018041126', '2018-19', 'nitin', '0000-00-00 00:00:00'),
(127, '7060154304', '7060154304', 'x@gmail.com', '4/29/2018', 1, 'CORRESPONDANCE', '2018041127', '2018-19', 'nitin', '0000-00-00 00:00:00'),
(128, '8650069611', '8650069611', 'x@gmail.com', '4/29/2018', 1, 'CORRESPONDANCE', '2018041128', '2018-19', 'nitin', '0000-00-00 00:00:00'),
(129, '7500152907', '7500152907', 'x@gmail.com', '4/29/2018', 1, 'CORRESPONDANCE', '2018041129', '2018-19', 'nitin', '0000-00-00 00:00:00'),
(130, '8958712772', '8958712772', 'x@gmail.com', '4/29/2018', 1, 'CORRESPONDANCE', '2018041130', '2018-19', 'nitin', '0000-00-00 00:00:00'),
(131, '9568065953', '9568065953', 'x@gmail.com', '4/29/2018', 1, 'CORRESPONDANCE', '2018041131', '2018-19', 'nitin', '0000-00-00 00:00:00'),
(132, '9927869733', '9927869733', 'x@gmail.com', '4/29/2018', 1, 'CORRESPONDANCE', '2018041132', '2018-19', 'nitin', '0000-00-00 00:00:00'),
(133, '9917428485', '9917428485', 'x@gmail.com', '4/29/2018', 1, 'CORRESPONDANCE', '2018041133', '2018-19', 'nitin', '0000-00-00 00:00:00'),
(134, '7409902840', '7409902840', 'x@gmail.com', '4/29/2018', 1, 'CORRESPONDANCE', '2018041134', '2018-19', 'nitin', '0000-00-00 00:00:00'),
(135, '7351334739', '7351334739', 'x@gmail.com', '4/29/2018', 1, 'CORRESPONDANCE', '2018041135', '2018-19', 'nitin', '0000-00-00 00:00:00'),
(136, '8941041245', '8941041245', 'x@gmail.com', '4/29/2018', 1, 'CORRESPONDANCE', '2018041136', '2018-19', 'nitin', '0000-00-00 00:00:00'),
(137, '8954907445', '8954907445', 'x@gmail.com', '4/29/2018', 1, 'CORRESPONDANCE', '2018041137', '2018-19', 'nitin', '0000-00-00 00:00:00'),
(138, '7351006317', '7351006317', 'x@gmail.com', '4/29/2018', 1, 'CORRESPONDANCE', '2018041138', '2018-19', 'nitin', '0000-00-00 00:00:00'),
(139, '8476026838', '8476026838', 'x@gmail.com', '4/29/2018', 1, 'CORRESPONDANCE', '2018041139', '2018-19', 'nitin', '0000-00-00 00:00:00'),
(140, '7579177901', '7579177901', 'x@gmail.com', '4/29/2018', 1, 'CORRESPONDANCE', '2018041140', '2018-19', 'nitin', '0000-00-00 00:00:00'),
(141, '7409471270', '7409471270', 'x@gmail.com', '4/29/2018', 1, 'CORRESPONDANCE', '2018041141', '2018-19', 'nitin', '0000-00-00 00:00:00'),
(142, '9761024444', '9761024444', 'x@gmail.com', '4/29/2018', 1, 'CORRESPONDANCE', '2018041142', '2018-19', 'nitin', '0000-00-00 00:00:00'),
(143, '7248092649', '7248092649', 'x@gmail.com', '4/29/2018', 1, 'CORRESPONDANCE', '2018041143', '2018-19', 'nitin', '0000-00-00 00:00:00'),
(144, '8958784526', '8958784526', 'x@gmail.com', '4/29/2018', 1, 'CORRESPONDANCE', '2018041144', '2018-19', 'nitin', '0000-00-00 00:00:00'),
(145, '8958700312', '8958700312', 'x@gmail.com', '4/29/2018', 1, 'CORRESPONDANCE', '2018041145', '2018-19', 'nitin', '0000-00-00 00:00:00'),
(146, '9761959475', '9761959475', 'x@gmail.com', '4/29/2018', 1, 'CORRESPONDANCE', '2018041146', '2018-19', 'nitin', '0000-00-00 00:00:00'),
(147, '9897266781', '9897266781', 'x@gmail.com', '4/29/2018', 1, 'CORRESPONDANCE', '2018041147', '2018-19', 'nitin', '0000-00-00 00:00:00'),
(148, '9997140832', '9997140832', 'x@gmail.com', '4/29/2018', 1, 'CORRESPONDANCE', '2018041148', '2018-19', 'nitin', '0000-00-00 00:00:00'),
(149, '8192837740', '8192837740', 'x@gmail.com', '4/29/2018', 1, 'CORRESPONDANCE', '2018041149', '2018-19', 'nitin', '0000-00-00 00:00:00'),
(150, '8958561854', '8958561854', 'x@gmail.com', '4/29/2018', 1, 'CORRESPONDANCE', '2018041150', '2018-19', 'nitin', '0000-00-00 00:00:00'),
(151, '7017596649', '7017596649', 'x@gmail.com', '4/29/2018', 1, 'CORRESPONDANCE', '2018041151', '2018-19', 'nitin', '0000-00-00 00:00:00'),
(152, '9412161992', '9412161992', 'x@gmail.com', '4/29/2018', 1, 'CORRESPONDANCE', '2018041152', '2018-19', 'nitin', '0000-00-00 00:00:00'),
(153, '7351469162', '7351469162', 'x@gmail.com', '4/29/2018', 1, 'CORRESPONDANCE', '2018041153', '2018-19', 'nitin', '0000-00-00 00:00:00'),
(154, '8449492213', '8449492213', 'x@gmail.com', '4/29/2018', 1, 'CORRESPONDANCE', '2018041154', '2018-19', 'nitin', '0000-00-00 00:00:00'),
(155, '8126954926', '8126954926', 'x@gmail.com', '4/29/2018', 1, 'CORRESPONDANCE', '2018041155', '2018-19', 'nitin', '0000-00-00 00:00:00'),
(156, '9925723660', '9925723660', 'x@gmail.com', '4/29/2018', 1, 'CORRESPONDANCE', '2018041156', '2018-19', 'nitin', '0000-00-00 00:00:00'),
(157, '9927516043', '9927516043', 'x@gmail.com', '4/29/2018', 1, 'CORRESPONDANCE', '2018041157', '2018-19', 'nitin', '0000-00-00 00:00:00'),
(158, '8057550726', '8057550726', 'x@gmail.com', '4/29/2018', 1, 'CORRESPONDANCE', '2018041158', '2018-19', 'nitin', '0000-00-00 00:00:00'),
(159, '7830525468', '7830525468', 'x@gmail.com', '4/29/2018', 1, 'CORRESPONDANCE', '2018041159', '2018-19', 'nitin', '0000-00-00 00:00:00'),
(160, '8476926637', '8476926637', 'x@gmail.com', '4/29/2018', 1, 'CORRESPONDANCE', '2018041160', '2018-19', 'nitin', '0000-00-00 00:00:00'),
(161, '8958020924', '8958020924', 'x@gmail.com', '4/29/2018', 1, 'CORRESPONDANCE', '2018041161', '2018-19', 'nitin', '0000-00-00 00:00:00'),
(162, '9012071609', '9012071609', 'x@gmail.com', '4/29/2018', 1, 'CORRESPONDANCE', '2018041162', '2018-19', 'nitin', '0000-00-00 00:00:00'),
(163, '9411574525', '9411574525', 'x@gmail.com', '4/29/2018', 1, 'CORRESPONDANCE', '2018041163', '2018-19', 'nitin', '0000-00-00 00:00:00'),
(164, '9758085935', '9758085935', 'x@gmail.com', '4/29/2018', 1, 'CORRESPONDANCE', '2018041164', '2018-19', 'nitin', '0000-00-00 00:00:00'),
(165, '9917587628', '9917587628', 'x@gmail.com', '4/29/2018', 1, 'CORRESPONDANCE', '2018041165', '2018-19', 'nitin', '0000-00-00 00:00:00'),
(166, '9808164746', '9808164746', 'x@gmail.com', '4/29/2018', 1, 'CORRESPONDANCE', '2018041166', '2018-19', 'nitin', '0000-00-00 00:00:00'),
(167, '8941020711', '8941020711', 'x@gmail.com', '4/29/2018', 1, 'CORRESPONDANCE', '2018041167', '2018-19', 'nitin', '0000-00-00 00:00:00'),
(168, '9719621315', '9719621315', 'x@gmail.com', '4/29/2018', 1, 'CORRESPONDANCE', '2018041168', '2018-19', 'nitin', '0000-00-00 00:00:00'),
(169, '8057877747', '8057877747', 'x@gmail.com', '4/29/2018', 1, 'CORRESPONDANCE', '2018041169', '2018-19', 'nitin', '0000-00-00 00:00:00'),
(170, '9411793834', '9411793834', 'x@gmail.com', '4/29/2018', 1, 'CORRESPONDANCE', '2018041170', '2018-19', 'nitin', '0000-00-00 00:00:00'),
(171, '9012610386', '9012610386', 'x@gmail.com', '4/29/2018', 1, 'CORRESPONDANCE', '2018041171', '2018-19', 'nitin', '0000-00-00 00:00:00'),
(172, '9719376060', '9719376060', 'x@gmail.com', '4/29/2018', 1, 'CORRESPONDANCE', '2018041172', '2018-19', 'nitin', '0000-00-00 00:00:00'),
(173, '9690544159', '9690544159', 'x@gmail.com', '4/29/2018', 1, 'CORRESPONDANCE', '2018041173', '2018-19', 'nitin', '0000-00-00 00:00:00'),
(174, '9639131081', '9639131081', 'x@gmail.com', '4/29/2018', 1, 'CORRESPONDANCE', '2018041174', '2018-19', 'nitin', '0000-00-00 00:00:00'),
(175, '9411349678', '9411349678', 'x@gmail.com', '4/29/2018', 1, 'CORRESPONDANCE', '2018041175', '2018-19', 'nitin', '0000-00-00 00:00:00'),
(176, '7351006317', '7351006317', 'x@gmail.com', '4/29/2018', 1, 'CORRESPONDANCE', '2018041176', '2018-19', 'nitin', '0000-00-00 00:00:00'),
(177, '9761210574', '9761210574', 'x@gmail.com', '4/29/2018', 1, 'CORRESPONDANCE', '2018041177', '2018-19', 'nitin', '0000-00-00 00:00:00'),
(178, '8477832082', '8477832082', 'x@gmail.com', '4/29/2018', 1, 'CORRESPONDANCE', '2018041178', '2018-19', 'nitin', '0000-00-00 00:00:00'),
(179, '8958784526', '8958784526', 'x@gmail.com', '4/29/2018', 1, 'CORRESPONDANCE', '2018041179', '2018-19', 'nitin', '0000-00-00 00:00:00'),
(180, '9760492357', '9760492357', 'x@gmail.com', '4/29/2018', 1, 'CORRESPONDANCE', '2018041180', '2018-19', 'nitin', '0000-00-00 00:00:00'),
(181, '8193843556', '8193843556', 'x@gmail.com', '4/29/2018', 1, 'CORRESPONDANCE', '2018041181', '2018-19', 'nitin', '0000-00-00 00:00:00'),
(182, '7055135633', '7055135633', 'x@gmail.com', '4/29/2018', 1, 'CORRESPONDANCE', '2018041182', '2018-19', 'nitin', '0000-00-00 00:00:00'),
(183, '8279734997', '8279734997', 'x@gmail.com', '4/29/2018', 1, 'CORRESPONDANCE', '2018041183', '2018-19', 'nitin', '0000-00-00 00:00:00'),
(184, '9410763547', '9410763547', 'x@gmail.com', '4/29/2018', 1, 'CORRESPONDANCE', '2018041184', '2018-19', 'nitin', '0000-00-00 00:00:00'),
(185, '9012705887', '9012705887', 'x@gmail.com', '4/29/2018', 1, 'CORRESPONDANCE', '2018041185', '2018-19', 'nitin', '0000-00-00 00:00:00'),
(186, '8650069611', '8650069611', 'x@gmail.com', '4/29/2018', 1, 'CORRESPONDANCE', '2018041186', '2018-19', 'nitin', '0000-00-00 00:00:00'),
(187, '8057994736', '8057994736', 'x@gmail.com', '4/29/2018', 1, 'CORRESPONDANCE', '2018041187', '2018-19', 'nitin', '0000-00-00 00:00:00'),
(188, '9411793834', '9411793834', 'x@gmail.com', '4/29/2018', 1, 'CORRESPONDANCE', '2018041188', '2018-19', 'nitin', '0000-00-00 00:00:00'),
(189, '7409320535', '7409320535', 'x@gmail.com', '4/29/2018', 1, 'CORRESPONDANCE', '2018041189', '2018-19', 'nitin', '0000-00-00 00:00:00'),
(190, '8193801088', '8193801088', 'x@gmail.com', '4/29/2018', 1, 'CORRESPONDANCE', '2018041190', '2018-19', 'nitin', '0000-00-00 00:00:00'),
(191, '9761063804', '9761063804', 'x@gmail.com', '4/29/2018', 1, 'CORRESPONDANCE', '2018041191', '2018-19', 'nitin', '0000-00-00 00:00:00'),
(192, '9568571488', '9568571488', 'x@gmail.com', '4/29/2018', 1, 'CORRESPONDANCE', '2018041192', '2018-19', 'nitin', '0000-00-00 00:00:00'),
(193, '8954187208', '8954187208', 'x@gmail.com', '4/29/2018', 1, 'CORRESPONDANCE', '2018041193', '2018-19', 'nitin', '0000-00-00 00:00:00'),
(194, '7900571267', '7900571267', 'x@gmail.com', '4/29/2018', 1, 'CORRESPONDANCE', '2018041194', '2018-19', 'nitin', '0000-00-00 00:00:00'),
(195, '7409477016', '-x-', 'x@gmail.com', '4/29/2018', 1, 'CORRESPONDANCE', '2018041195', '2018-19', 'nitin', '2018-07-10 16:31:56'),
(196, '9456776831', '9456776831', 'x@gmail.com', '4/29/2018', 1, 'CORRESPONDANCE', '2018041196', '2018-19', 'nitin', '0000-00-00 00:00:00'),
(197, '7830080024', '7830080024', 'x@gmail.com', '4/29/2018', 1, 'CORRESPONDANCE', '2018041197', '2018-19', 'nitin', '0000-00-00 00:00:00'),
(198, '9761063127', '9761063127', 'x@gmail.com', '4/29/2018', 1, 'CORRESPONDANCE', '2018041198', '2018-19', 'nitin', '0000-00-00 00:00:00'),
(199, '8057550726', '8057550726', 'x@gmail.com', '4/29/2018', 1, 'CORRESPONDANCE', '2018041199', '2018-19', 'nitin', '0000-00-00 00:00:00'),
(200, '7351978988', '7351978988', 'x@gmail.com', '4/29/2018', 1, 'CORRESPONDANCE', '2018041200', '2018-19', 'nitin', '0000-00-00 00:00:00'),
(201, '8057503756', '8057503756', 'x@gmail.com', '4/29/2018', 1, 'CORRESPONDANCE', '2018041201', '2018-19', 'nitin', '0000-00-00 00:00:00'),
(202, '8279734997', '8279734997', 'x@gmail.com', '4/29/2018', 1, 'CORRESPONDANCE', '2018041202', '2018-19', 'nitin', '0000-00-00 00:00:00'),
(203, '8476026838', '8476026838', 'x@gmail.com', '4/29/2018', 1, 'CORRESPONDANCE', '2018041203', '2018-19', 'nitin', '0000-00-00 00:00:00'),
(204, '7060154304', '7060154304', 'x@gmail.com', '4/29/2018', 1, 'CORRESPONDANCE', '2018041204', '2018-19', 'nitin', '0000-00-00 00:00:00'),
(205, '8859965546', '8859965546', 'x@gmail.com', '4/29/2018', 1, 'CORRESPONDANCE', '2018041205', '2018-19', 'nitin', '0000-00-00 00:00:00'),
(206, '8476028113', '8476028113', 'x@gmail.com', '4/29/2018', 1, 'CORRESPONDANCE', '2018041206', '2018-19', 'nitin', '0000-00-00 00:00:00'),
(207, '9568035933', '9568035933', 'x@gmail.com', '4/29/2018', 1, 'CORRESPONDANCE', '2018041207', '2018-19', 'nitin', '0000-00-00 00:00:00'),
(208, '9675605666', '9675605666', 'x@gmail.com', '4/29/2018', 1, 'CORRESPONDANCE', '2018041208', '2018-19', 'nitin', '0000-00-00 00:00:00'),
(209, '8193843556', '8193843556', 'x@gmail.com', '4/29/2018', 1, 'CORRESPONDANCE', '2018041209', '2018-19', 'nitin', '0000-00-00 00:00:00'),
(210, '9756453954', '9756453954', 'x@gmail.com', '4/29/2018', 1, 'CORRESPONDANCE', '2018041210', '2018-19', 'nitin', '0000-00-00 00:00:00'),
(211, '8800861526', '8800861526', 'x@gmail.com', '4/29/2018', 1, 'CORRESPONDANCE', '2018041211', '2018-19', 'nitin', '0000-00-00 00:00:00'),
(212, '9927291209', '9927291209', 'x@gmail.com', '4/29/2018', 1, 'CORRESPONDANCE', '2018041212', '2018-19', 'nitin', '0000-00-00 00:00:00'),
(213, '8958271825', '8958271825', 'x@gmail.com', '4/29/2018', 1, 'CORRESPONDANCE', '2018041213', '2018-19', 'nitin', '0000-00-00 00:00:00'),
(214, '8859635545', '8859635545', 'x@gmail.com', '4/29/2018', 1, 'CORRESPONDANCE', '2018041214', '2018-19', 'nitin', '0000-00-00 00:00:00'),
(215, '7351688654', '7351688654', 'x@gmail.com', '4/29/2018', 1, 'CORRESPONDANCE', '2018041215', '2018-19', 'nitin', '0000-00-00 00:00:00'),
(216, '9411336929', '9411336929', 'x@gmail.com', '4/29/2018', 1, 'CORRESPONDANCE', '2018041216', '2018-19', 'nitin', '0000-00-00 00:00:00'),
(217, '9997861166', '9997861166', 'x@gmail.com', '4/29/2018', 1, 'CORRESPONDANCE', '2018041217', '2018-19', 'nitin', '0000-00-00 00:00:00'),
(218, '7830525468', '7830525468', 'x@gmail.com', '4/29/2018', 1, 'CORRESPONDANCE', '2018041218', '2018-19', 'nitin', '0000-00-00 00:00:00'),
(219, '8057835350', '8057835350', 'x@gmail.com', '4/29/2018', 1, 'CORRESPONDANCE', '2018041219', '2018-19', 'nitin', '0000-00-00 00:00:00'),
(220, '7579177901', '7579177901', 'x@gmail.com', '4/29/2018', 1, 'CORRESPONDANCE', '2018041220', '2018-19', 'nitin', '0000-00-00 00:00:00'),
(221, '9760860653', '9760860653', 'x@gmail.com', '4/29/2018', 1, 'CORRESPONDANCE', '2018041221', '2018-19', 'nitin', '0000-00-00 00:00:00'),
(222, '9761091846', '9761091846', 'x@gmail.com', '4/29/2018', 1, 'CORRESPONDANCE', '2018041222', '2018-19', 'nitin', '0000-00-00 00:00:00'),
(223, '9690881146', '9690881146', 'x@gmail.com', '4/29/2018', 1, 'CORRESPONDANCE', '2018041223', '2018-19', 'nitin', '0000-00-00 00:00:00'),
(224, '8449353054', '8449353054', 'x@gmail.com', '4/29/2018', 1, 'CORRESPONDANCE', '2018041224', '2018-19', 'nitin', '0000-00-00 00:00:00'),
(225, '9568026012', '9568026012', 'x@gmail.com', '4/29/2018', 1, 'CORRESPONDANCE', '2018041225', '2018-19', 'nitin', '0000-00-00 00:00:00'),
(226, '9758507925', '9758507925', 'x@gmail.com', '4/29/2018', 1, 'CORRESPONDANCE', '2018041226', '2018-19', 'nitin', '0000-00-00 00:00:00'),
(227, '9012613161', '9012613161', 'x@gmail.com', '4/29/2018', 1, 'CORRESPONDANCE', '2018041227', '2018-19', 'nitin', '0000-00-00 00:00:00'),
(228, '8218584967', '8218584967', 'x@gmail.com', '4/29/2018', 1, 'CORRESPONDANCE', '2018041228', '2018-19', 'nitin', '0000-00-00 00:00:00'),
(229, '9456726000', '9456726000', 'x@gmail.com', '4/29/2018', 1, 'CORRESPONDANCE', '2018041229', '2018-19', 'nitin', '0000-00-00 00:00:00'),
(230, '7088163687', '7088163687', 'x@gmail.com', '4/29/2018', 1, 'CORRESPONDANCE', '2018041230', '2018-19', 'nitin', '0000-00-00 00:00:00'),
(231, '9759216473', '9759216473', 'x@gmail.com', '4/29/2018', 1, 'CORRESPONDANCE', '2018041231', '2018-19', 'nitin', '0000-00-00 00:00:00'),
(232, '8006782872', '8006782872', 'x@gmail.com', '4/29/2018', 1, 'CORRESPONDANCE', '2018041232', '2018-19', 'nitin', '0000-00-00 00:00:00'),
(233, '8650859292', '8650859292', 'x@gmail.com', '4/29/2018', 1, 'CORRESPONDANCE', '2018041233', '2018-19', 'nitin', '0000-00-00 00:00:00'),
(234, '9759401391', '9759401391', 'x@gmail.com', '4/29/2018', 1, 'CORRESPONDANCE', '2018041234', '2018-19', 'nitin', '0000-00-00 00:00:00'),
(235, '9917058649', '9917058649', 'x@gmail.com', '4/29/2018', 1, 'CORRESPONDANCE', '2018041235', '2018-19', 'nitin', '0000-00-00 00:00:00'),
(236, '9627858258', '9627858258', 'x@gmail.com', '4/29/2018', 1, 'CORRESPONDANCE', '2018041236', '2018-19', 'nitin', '0000-00-00 00:00:00'),
(237, '9410376729', '9410376729', 'x@gmail.com', '4/29/2018', 1, 'CORRESPONDANCE', '2018041237', '2018-19', 'nitin', '0000-00-00 00:00:00'),
(238, '9837883113', '9837883113', 'x@gmail.com', '4/29/2018', 1, 'CORRESPONDANCE', '2018041238', '2018-19', 'nitin', '0000-00-00 00:00:00'),
(239, '9917111390', '9917111390', 'x@gmail.com', '4/29/2018', 1, 'CORRESPONDANCE', '2018041239', '2018-19', 'nitin', '0000-00-00 00:00:00'),
(240, '9899164362', '9899164362', 'x@gmail.com', '4/29/2018', 1, 'CORRESPONDANCE', '2018041240', '2018-19', 'nitin', '0000-00-00 00:00:00'),
(241, '7088446690', '7088446690', 'x@gmail.com', '4/29/2018', 1, 'CORRESPONDANCE', '2018041241', '2018-19', 'nitin', '0000-00-00 00:00:00'),
(242, '9675394927', '9675394927', 'x@gmail.com', '4/29/2018', 1, 'CORRESPONDANCE', '2018041242', '2018-19', 'nitin', '0000-00-00 00:00:00'),
(243, '9456776831', '9456776831', 'x@gmail.com', '4/29/2018', 1, 'CORRESPONDANCE', '2018041243', '2018-19', 'nitin', '0000-00-00 00:00:00'),
(244, '8449353054', '8449353054', 'x@gmail.com', '4/29/2018', 1, 'CORRESPONDANCE', '2018041244', '2018-19', 'nitin', '0000-00-00 00:00:00'),
(245, '9639258048', '9639258048', 'x@gmail.com', '4/29/2018', 1, 'CORRESPONDANCE', '2018041245', '2018-19', 'nitin', '0000-00-00 00:00:00'),
(246, '9761959475', '9761959475', 'x@gmail.com', '4/29/2018', 1, 'CORRESPONDANCE', '2018041246', '2018-19', 'nitin', '0000-00-00 00:00:00'),
(247, '8006327590', '8006327590', 'x@gmail.com', '4/29/2018', 1, 'CORRESPONDANCE', '2018041247', '2018-19', 'nitin', '0000-00-00 00:00:00'),
(248, '8477832082', '8477832082', 'x@gmail.com', '4/29/2018', 1, 'CORRESPONDANCE', '2018041248', '2018-19', 'nitin', '0000-00-00 00:00:00'),
(249, '9760515349', '9760515349', 'x@gmail.com', '4/29/2018', 1, 'CORRESPONDANCE', '2018041249', '2018-19', 'nitin', '0000-00-00 00:00:00'),
(250, '8958547530', '8958547530', 'x@gmail.com', '4/29/2018', 1, 'CORRESPONDANCE', '2018041250', '2018-19', 'nitin', '0000-00-00 00:00:00'),
(251, '9917594465', '9917594465', 'x@gmail.com', '4/29/2018', 1, 'CORRESPONDANCE', '2018041251', '2018-19', 'nitin', '0000-00-00 00:00:00'),
(252, '9917533280', '9917533280', 'x@gmail.com', '4/29/2018', 1, 'CORRESPONDANCE', '2018041252', '2018-19', 'nitin', '0000-00-00 00:00:00'),
(253, '9411376118', '9411376118', 'x@gmail.com', '4/29/2018', 1, 'CORRESPONDANCE', '2018041253', '2018-19', 'nitin', '0000-00-00 00:00:00'),
(254, '7500152907', '7500152907', 'x@gmail.com', '4/29/2018', 1, 'CORRESPONDANCE', '2018041254', '2018-19', 'nitin', '0000-00-00 00:00:00'),
(255, '9917942276', '9917942276', 'x@gmail.com', '4/29/2018', 1, 'CORRESPONDANCE', '2018041255', '2018-19', 'nitin', '0000-00-00 00:00:00'),
(256, '8650523926', '8650523926', 'x@gmail.com', '4/29/2018', 1, 'CORRESPONDANCE', '2018041256', '2018-19', 'nitin', '0000-00-00 00:00:00'),
(257, '9639103627', '9639103627', 'x@gmail.com', '4/29/2018', 1, 'CORRESPONDANCE', '2018041257', '2018-19', 'nitin', '0000-00-00 00:00:00'),
(258, '9012784656', '9012784656', 'x@gmail.com', '4/29/2018', 1, 'CORRESPONDANCE', '2018041258', '2018-19', 'nitin', '0000-00-00 00:00:00'),
(259, '8800861526', '8800861526', 'x@gmail.com', '4/29/2018', 1, 'CORRESPONDANCE', '2018041259', '2018-19', 'nitin', '0000-00-00 00:00:00'),
(260, '7409471270', '7409471270', 'x@gmail.com', '4/29/2018', 1, 'CORRESPONDANCE', '2018041260', '2018-19', 'nitin', '0000-00-00 00:00:00'),
(261, '8755062785', '8755062785', 'x@gmail.com', '4/29/2018', 1, 'CORRESPONDANCE', '2018041261', '2018-19', 'nitin', '0000-00-00 00:00:00'),
(262, '7500845135', '7500845135', 'x@gmail.com', '4/29/2018', 1, 'CORRESPONDANCE', '2018041262', '2018-19', 'nitin', '0000-00-00 00:00:00'),
(263, '8937961008', '8937961008', 'x@gmail.com', '4/29/2018', 1, 'CORRESPONDANCE', '2018041263', '2018-19', 'nitin', '0000-00-00 00:00:00'),
(264, '9759996797', '9759996797', 'x@gmail.com', '4/29/2018', 1, 'CORRESPONDANCE', '2018041264', '2018-19', 'nitin', '0000-00-00 00:00:00'),
(265, '9719358946', '9719358946', 'x@gmail.com', '4/29/2018', 1, 'CORRESPONDANCE', '2018041265', '2018-19', 'nitin', '0000-00-00 00:00:00'),
(266, '9837899735', '9837899735', 'x@gmail.com', '4/29/2018', 1, 'CORRESPONDANCE', '2018041266', '2018-19', 'nitin', '0000-00-00 00:00:00'),
(267, '7500028602', '7500028602', 'x@gmail.com', '4/29/2018', 1, 'CORRESPONDANCE', '2018041267', '2018-19', 'nitin', '0000-00-00 00:00:00'),
(268, '9410907682', '9410907682', 'x@gmail.com', '4/29/2018', 1, 'CORRESPONDANCE', '2018041268', '2018-19', 'nitin', '0000-00-00 00:00:00'),
(269, '7579432050', '7579432050', 'x@gmail.com', '4/29/2018', 1, 'CORRESPONDANCE', '2018041269', '2018-19', 'nitin', '0000-00-00 00:00:00'),
(270, '9997140832', '9997140832', 'x@gmail.com', '4/29/2018', 1, 'CORRESPONDANCE', '2018041270', '2018-19', 'nitin', '0000-00-00 00:00:00'),
(271, '9719621315', '9719621315', 'x@gmail.com', '4/29/2018', 1, 'CORRESPONDANCE', '2018041271', '2018-19', 'nitin', '0000-00-00 00:00:00'),
(272, '9012071609', '9012071609', 'x@gmail.com', '4/29/2018', 1, 'CORRESPONDANCE', '2018041272', '2018-19', 'nitin', '0000-00-00 00:00:00'),
(273, '9997170197', '9997170197', 'x@gmail.com', '4/29/2018', 1, 'CORRESPONDANCE', '2018041273', '2018-19', 'nitin', '0000-00-00 00:00:00'),
(274, '9837899520', '9837899520', 'x@gmail.com', '4/29/2018', 1, 'CORRESPONDANCE', '2018041274', '2018-19', 'nitin', '0000-00-00 00:00:00'),
(275, '9756184501', '9756184501', 'x@gmail.com', '4/29/2018', 1, 'CORRESPONDANCE', '2018041275', '2018-19', 'nitin', '0000-00-00 00:00:00'),
(276, '8057835350', '8057835350', 'x@gmail.com', '4/29/2018', 1, 'CORRESPONDANCE', '2018041276', '2018-19', 'nitin', '0000-00-00 00:00:00'),
(277, '9639131081', '9639131081', 'x@gmail.com', '4/29/2018', 1, 'CORRESPONDANCE', '2018041277', '2018-19', 'nitin', '0000-00-00 00:00:00'),
(278, '8476028113', '8476028113', 'x@gmail.com', '4/29/2018', 1, 'CORRESPONDANCE', '2018041278', '2018-19', 'nitin', '0000-00-00 00:00:00'),
(279, '8941020711', '8941020711', 'x@gmail.com', '4/29/2018', 1, 'CORRESPONDANCE', '2018041279', '2018-19', 'nitin', '0000-00-00 00:00:00'),
(280, '9358313075', '9358313075', 'x@gmail.com', '4/29/2018', 1, 'CORRESPONDANCE', '2018041280', '2018-19', 'nitin', '0000-00-00 00:00:00'),
(281, '9761938259', '-x-', 'x@gmail.com', '4/29/2018', 1, 'CORRESPONDANCE', '2018041281', '2018-19', 'nitin', '2018-07-10 16:40:31'),
(282, '8979097944', '8979097944', 'x@gmail.com', '4/29/2018', 1, 'CORRESPONDANCE', '2018041282', '2018-19', 'nitin', '0000-00-00 00:00:00'),
(283, '8958075603', '8958075603', 'x@gmail.com', '4/29/2018', 1, 'CORRESPONDANCE', '2018041283', '2018-19', 'nitin', '0000-00-00 00:00:00'),
(284, '8477832082', '8477832082', 'x@gmail.com', '4/29/2018', 1, 'CORRESPONDANCE', '2018041284', '2018-19', 'nitin', '0000-00-00 00:00:00'),
(285, '7456893074', '7456893074', 'x@gmail.com', '4/29/2018', 1, 'CORRESPONDANCE', '2018041285', '2018-19', 'nitin', '0000-00-00 00:00:00'),
(286, '7500028602', '7500028602', 'x@gmail.com', '4/29/2018', 1, 'CORRESPONDANCE', '2018041286', '2018-19', 'nitin', '0000-00-00 00:00:00'),
(287, '8954055207', '8954055207', 'x@gmail.com', '4/29/2018', 1, 'CORRESPONDANCE', '2018041287', '2018-19', 'nitin', '0000-00-00 00:00:00'),
(288, '9761056177', '9761056177', 'x@gmail.com', '4/29/2018', 1, 'CORRESPONDANCE', '2018041288', '2018-19', 'nitin', '0000-00-00 00:00:00'),
(289, '8191912664', '8191912664', 'x@gmail.com', '4/29/2018', 1, 'CORRESPONDANCE', '2018041289', '2018-19', 'nitin', '0000-00-00 00:00:00'),
(290, '8057877747', '8057877747', 'x@gmail.com', '4/29/2018', 1, 'CORRESPONDANCE', '2018041290', '2018-19', 'nitin', '0000-00-00 00:00:00'),
(291, '7351078726', '7351078726', 'x@gmail.com', '4/29/2018', 1, 'CORRESPONDANCE', '2018041291', '2018-19', 'nitin', '0000-00-00 00:00:00'),
(292, '8191886530', '8191886530', 'x@gmail.com', '4/29/2018', 1, 'CORRESPONDANCE', '2018041292', '2018-19', 'nitin', '0000-00-00 00:00:00'),
(293, '8449353054', '8449353054', 'x@gmail.com', '4/29/2018', 1, 'CORRESPONDANCE', '2018041293', '2018-19', 'nitin', '0000-00-00 00:00:00'),
(294, '8958712772', '8958712772', 'x@gmail.com', '4/29/2018', 1, 'CORRESPONDANCE', '2018041294', '2018-19', 'nitin', '0000-00-00 00:00:00'),
(295, '9897170350', '9897170350', 'x@gmail.com', '4/29/2018', 1, 'CORRESPONDANCE', '2018041295', '2018-19', 'nitin', '0000-00-00 00:00:00'),
(296, '9837883113', '9837883113', 'x@gmail.com', '4/29/2018', 1, 'CORRESPONDANCE', '2018041296', '2018-19', 'nitin', '0000-00-00 00:00:00'),
(297, '8476047262', '8476047262', 'x@gmail.com', '4/29/2018', 1, 'CORRESPONDANCE', '2018041297', '2018-19', 'nitin', '0000-00-00 00:00:00'),
(298, '8191059462', '8191059462', 'x@gmail.com', '4/29/2018', 1, 'CORRESPONDANCE', '2018041298', '2018-19', 'nitin', '0000-00-00 00:00:00'),
(299, '9410341021', '9410341021', 'x@gmail.com', '4/29/2018', 1, 'CORRESPONDANCE', '2018041299', '2018-19', 'nitin', '0000-00-00 00:00:00'),
(300, '8006782872', '8006782872', 'x@gmail.com', '4/29/2018', 1, 'CORRESPONDANCE', '2018041300', '2018-19', 'nitin', '0000-00-00 00:00:00'),
(301, '7351006317', '7351006317', 'x@gmail.com', '4/29/2018', 1, 'CORRESPONDANCE', '2018041301', '2018-19', 'nitin', '0000-00-00 00:00:00'),
(302, '7088163687', '7088163687', 'x@gmail.com', '4/29/2018', 1, 'CORRESPONDANCE', '2018041302', '2018-19', 'nitin', '0000-00-00 00:00:00'),
(303, '9759401391', '9759401391', 'x@gmail.com', '4/29/2018', 1, 'CORRESPONDANCE', '2018041303', '2018-19', 'nitin', '0000-00-00 00:00:00'),
(304, '9759815770', '9759815770', 'x@gmail.com', '4/29/2018', 1, 'CORRESPONDANCE', '2018041304', '2018-19', 'nitin', '0000-00-00 00:00:00'),
(305, '7253833412', '7253833412', 'x@gmail.com', '4/29/2018', 1, 'CORRESPONDANCE', '2018041305', '2018-19', 'nitin', '0000-00-00 00:00:00'),
(306, '9536336578', '9536336578', 'x@gmail.com', '4/29/2018', 1, 'CORRESPONDANCE', '2018041306', '2018-19', 'nitin', '0000-00-00 00:00:00'),
(307, '8191828775', '8191828775', 'x@gmail.com', '4/29/2018', 1, 'CORRESPONDANCE', '2018041307', '2018-19', 'nitin', '0000-00-00 00:00:00'),
(308, '8755526092', '8755526092', 'x@gmail.com', '4/29/2018', 1, 'CORRESPONDANCE', '2018041308', '2018-19', 'nitin', '0000-00-00 00:00:00'),
(309, '8449418707', '8449418707', 'x@gmail.com', '4/29/2018', 1, 'CORRESPONDANCE', '2018041309', '2018-19', 'nitin', '0000-00-00 00:00:00'),
(310, '9720871932', '9720871932', 'x@gmail.com', '4/29/2018', 1, 'CORRESPONDANCE', '2018041310', '2018-19', 'nitin', '0000-00-00 00:00:00'),
(311, '8958700312', '8958700312', 'x@gmail.com', '4/29/2018', 1, 'CORRESPONDANCE', '2018041311', '2018-19', 'nitin', '0000-00-00 00:00:00'),
(312, '8392898190', '8392898190', 'x@gmail.com', '4/29/2018', 1, 'CORRESPONDANCE', '2018041312', '2018-19', 'nitin', '0000-00-00 00:00:00'),
(313, '8937830646', '8937830646', 'x@gmail.com', '4/29/2018', 1, 'CORRESPONDANCE', '2018041313', '2018-19', 'nitin', '0000-00-00 00:00:00'),
(314, '8979465500', '8979465500', 'x@gmail.com', '4/29/2018', 1, 'CORRESPONDANCE', '2018041314', '2018-19', 'nitin', '0000-00-00 00:00:00'),
(315, '8191912664', '8191912664', 'x@gmail.com', '4/29/2018', 1, 'CORRESPONDANCE', '2018041315', '2018-19', 'nitin', '0000-00-00 00:00:00'),
(316, '9568274064', '9568274064', 'x@gmail.com', '4/29/2018', 1, 'CORRESPONDANCE', '2018041316', '2018-19', 'nitin', '0000-00-00 00:00:00'),
(317, '8859061351', '8859061351', 'x@gmail.com', '4/29/2018', 1, 'CORRESPONDANCE', '2018041317', '2018-19', 'nitin', '0000-00-00 00:00:00'),
(318, '9456776831', '9456776831', 'x@gmail.com', '4/29/2018', 1, 'CORRESPONDANCE', '2018041318', '2018-19', 'nitin', '0000-00-00 00:00:00'),
(319, '9639258048', '9639258048', 'x@gmail.com', '4/29/2018', 1, 'CORRESPONDANCE', '2018041319', '2018-19', 'nitin', '0000-00-00 00:00:00'),
(320, '9568191216', '9568191216', 'x@gmail.com', '4/29/2018', 1, 'CORRESPONDANCE', '2018041320', '2018-19', 'nitin', '0000-00-00 00:00:00'),
(321, '7351276862', '7351276862', 'x@gmail.com', '4/29/2018', 1, 'CORRESPONDANCE', '2018041321', '2018-19', 'nitin', '0000-00-00 00:00:00'),
(322, '7248097509', '7248097509', 'x@gmail.com', '4/29/2018', 1, 'CORRESPONDANCE', '2018041322', '2018-19', 'nitin', '0000-00-00 00:00:00'),
(323, '9927001156', '9927001156', 'x@gmail.com', '4/29/2018', 1, 'CORRESPONDANCE', '2018041323', '2018-19', 'nitin', '0000-00-00 00:00:00'),
(324, '9837899735', '9837899735', 'x@gmail.com', '4/29/2018', 1, 'CORRESPONDANCE', '2018041324', '2018-19', 'nitin', '0000-00-00 00:00:00'),
(325, '9997277191', '9997277191', 'x@gmail.com', '4/29/2018', 1, 'CORRESPONDANCE', '2018041325', '2018-19', 'nitin', '0000-00-00 00:00:00'),
(326, '9411300010', '9411300010', 'x@gmail.com', '4/29/2018', 1, 'CORRESPONDANCE', '2018041326', '2018-19', 'nitin', '0000-00-00 00:00:00'),
(327, '8859965546', '8859965546', 'x@gmail.com', '4/29/2018', 1, 'CORRESPONDANCE', '2018041327', '2018-19', 'nitin', '0000-00-00 00:00:00'),
(328, '9761959475', '9761959475', 'x@gmail.com', '4/29/2018', 1, 'CORRESPONDANCE', '2018041328', '2018-19', 'nitin', '0000-00-00 00:00:00'),
(329, '8057430115', '8057430115', 'x@gmail.com', '4/29/2018', 1, 'CORRESPONDANCE', '2018041329', '2018-19', 'nitin', '0000-00-00 00:00:00'),
(330, '9756453954', '9756453954', 'x@gmail.com', '4/29/2018', 1, 'CORRESPONDANCE', '2018041330', '2018-19', 'nitin', '0000-00-00 00:00:00'),
(331, '9410913579', '9410913579', 'x@gmail.com', '4/29/2018', 1, 'CORRESPONDANCE', '2018041331', '2018-19', 'nitin', '0000-00-00 00:00:00'),
(332, '7500028602', '7500028602', 'x@gmail.com', '4/29/2018', 1, 'CORRESPONDANCE', '2018041332', '2018-19', 'nitin', '0000-00-00 00:00:00'),
(333, '9997020611', '9997020611', 'x@gmail.com', '4/29/2018', 1, 'CORRESPONDANCE', '2018041333', '2018-19', 'nitin', '0000-00-00 00:00:00'),
(334, '8006327590', '8006327590', 'x@gmail.com', '4/29/2018', 1, 'CORRESPONDANCE', '2018041334', '2018-19', 'nitin', '0000-00-00 00:00:00'),
(335, '9456188421', '9456188421', 'x@gmail.com', '4/29/2018', 1, 'CORRESPONDANCE', '2018041335', '2018-19', 'nitin', '0000-00-00 00:00:00'),
(336, '9012669248', '9012669248', 'x@gmail.com', '4/29/2018', 1, 'CORRESPONDANCE', '2018041336', '2018-19', 'nitin', '0000-00-00 00:00:00'),
(337, '9758761999', '9758761999', 'x@gmail.com', '4/29/2018', 1, 'CORRESPONDANCE', '2018041337', '2018-19', 'nitin', '0000-00-00 00:00:00'),
(338, '9568026012', '9568026012', 'x@gmail.com', '4/29/2018', 1, 'CORRESPONDANCE', '2018041338', '2018-19', 'nitin', '0000-00-00 00:00:00'),
(339, '7500152907', '7500152907', 'x@gmail.com', '4/29/2018', 1, 'CORRESPONDANCE', '2018041339', '2018-19', 'nitin', '0000-00-00 00:00:00'),
(340, '8958271825', '8958271825', 'x@gmail.com', '4/29/2018', 1, 'CORRESPONDANCE', '2018041340', '2018-19', 'nitin', '0000-00-00 00:00:00'),
(341, '9758430876', '9758430876', 'x@gmail.com', '4/29/2018', 1, 'CORRESPONDANCE', '2018041341', '2018-19', 'nitin', '0000-00-00 00:00:00'),
(342, '7464965011', '7464965011', 'x@gmail.com', '4/29/2018', 1, 'CORRESPONDANCE', '2018041342', '2018-19', 'nitin', '0000-00-00 00:00:00'),
(343, '9639151056', '9639151056', 'x@gmail.com', '4/29/2018', 1, 'CORRESPONDANCE', '2018041343', '2018-19', 'nitin', '0000-00-00 00:00:00'),
(344, '9690980246', '9690980246', 'x@gmail.com', '4/29/2018', 1, 'CORRESPONDANCE', '2018041344', '2018-19', 'nitin', '0000-00-00 00:00:00'),
(345, '8191054781', '8191054781', 'x@gmail.com', '4/29/2018', 1, 'CORRESPONDANCE', '2018041345', '2018-19', 'nitin', '0000-00-00 00:00:00'),
(346, '9761787001', '9761787001', 'x@gmail.com', '4/29/2018', 1, 'CORRESPONDANCE', '2018041346', '2018-19', 'nitin', '0000-00-00 00:00:00'),
(347, '7055963164', '7055963164', 'x@gmail.com', '4/29/2018', 1, 'CORRESPONDANCE', '2018041347', '2018-19', 'nitin', '0000-00-00 00:00:00'),
(348, '9557051835', '9557051835', 'x@gmail.com', '4/29/2018', 1, 'CORRESPONDANCE', '2018041348', '2018-19', 'nitin', '0000-00-00 00:00:00'),
(349, '8057063404', '8057063404', 'x@gmail.com', '4/29/2018', 1, 'CORRESPONDANCE', '2018041349', '2018-19', 'nitin', '0000-00-00 00:00:00'),
(350, '9719358946', '9719358946', 'x@gmail.com', '4/29/2018', 1, 'CORRESPONDANCE', '2018041350', '2018-19', 'nitin', '0000-00-00 00:00:00'),
(351, '9639894393', '9639894393', 'x@gmail.com', '4/29/2018', 1, 'CORRESPONDANCE', '2018041351', '2018-19', 'nitin', '0000-00-00 00:00:00'),
(352, '8193843556', '8193843556', 'x@gmail.com', '4/29/2018', 1, 'CORRESPONDANCE', '2018041352', '2018-19', 'nitin', '0000-00-00 00:00:00'),
(353, '9456159452', '9456159452', 'x@gmail.com', '4/29/2018', 1, 'CORRESPONDANCE', '2018041353', '2018-19', 'nitin', '0000-00-00 00:00:00'),
(354, '7252051415', '7252051415', 'x@gmail.com', '4/29/2018', 1, 'CORRESPONDANCE', '2018041354', '2018-19', 'nitin', '0000-00-00 00:00:00'),
(355, '8191912664', '8191912664', 'x@gmail.com', '4/29/2018', 1, 'CORRESPONDANCE', '2018041355', '2018-19', 'nitin', '0000-00-00 00:00:00'),
(356, '9760428101', '9760428101', 'x@gmail.com', '4/29/2018', 1, 'CORRESPONDANCE', '2018041356', '2018-19', 'nitin', '0000-00-00 00:00:00'),
(357, '8279734997', '8279734997', 'x@gmail.com', '4/29/2018', 1, 'CORRESPONDANCE', '2018041357', '2018-19', 'nitin', '0000-00-00 00:00:00'),
(358, '9411431032', '9411431032', 'x@gmail.com', '4/29/2018', 1, 'CORRESPONDANCE', '2018041358', '2018-19', 'nitin', '0000-00-00 00:00:00'),
(359, '8958547530', '8958547530', 'x@gmail.com', '4/29/2018', 1, 'CORRESPONDANCE', '2018041359', '2018-19', 'nitin', '0000-00-00 00:00:00');
INSERT INTO `master_10_stud_contact` (`CNTCT_ID`, `MOBILE_S`, `PH_S`, `EMAIL_S`, `DOC_`, `STATUS`, `CONTACT_STATUS`, `regid`, `SESSID`, `USERNAME_`, `DATE_`) VALUES
(360, '9639131081', '9639131081', 'x@gmail.com', '4/29/2018', 1, 'CORRESPONDANCE', '2018041360', '2018-19', 'nitin', '0000-00-00 00:00:00'),
(361, '7500845135', '7500845135', 'x@gmail.com', '4/29/2018', 1, 'CORRESPONDANCE', '2018041361', '2018-19', 'nitin', '0000-00-00 00:00:00'),
(362, '7017596649', '7017596649', 'x@gmail.com', '4/29/2018', 1, 'CORRESPONDANCE', '2018041362', '2018-19', 'nitin', '0000-00-00 00:00:00'),
(363, '7618173821', '7618173821', 'x@gmail.com', '4/29/2018', 1, 'CORRESPONDANCE', '2018041363', '2018-19', 'nitin', '0000-00-00 00:00:00'),
(364, '9997669669', '9997669669', 'x@gmail.com', '4/29/2018', 1, 'CORRESPONDANCE', '2018041364', '2018-19', 'nitin', '0000-00-00 00:00:00'),
(365, '8193801088', '8193801088', 'x@gmail.com', '4/29/2018', 1, 'CORRESPONDANCE', '2018041365', '2018-19', 'nitin', '0000-00-00 00:00:00'),
(366, '8859061351', '8859061351', 'x@gmail.com', '4/29/2018', 1, 'CORRESPONDANCE', '2018041366', '2018-19', 'nitin', '0000-00-00 00:00:00'),
(367, '9917255507', '9917255507', 'x@gmail.com', '4/29/2018', 1, 'CORRESPONDANCE', '2018041367', '2018-19', 'nitin', '0000-00-00 00:00:00'),
(368, '9897512450', '9897512450', 'x@gmail.com', '4/29/2018', 1, 'CORRESPONDANCE', '2018041368', '2018-19', 'nitin', '0000-00-00 00:00:00'),
(369, '9761938259', '9761938259', 'x@gmail.com', '4/29/2018', 1, 'CORRESPONDANCE', '2018041369', '2018-19', 'nitin', '0000-00-00 00:00:00'),
(370, '9639650367', '9639650367', 'x@gmail.com', '4/29/2018', 1, 'CORRESPONDANCE', '2018041370', '2018-19', 'nitin', '0000-00-00 00:00:00'),
(371, '9675050264', '9675050264', 'x@gmail.com', '4/29/2018', 1, 'CORRESPONDANCE', '2018041371', '2018-19', 'nitin', '0000-00-00 00:00:00'),
(372, '9761024444', '9761024444', 'x@gmail.com', '4/29/2018', 1, 'CORRESPONDANCE', '2018041372', '2018-19', 'nitin', '0000-00-00 00:00:00'),
(373, '8630483966', '8630483966', 'x@gmail.com', '4/29/2018', 1, 'CORRESPONDANCE', '2018041373', '2018-19', 'nitin', '0000-00-00 00:00:00'),
(374, '8800431830', '8800431830', 'x@gmail.com', '4/29/2018', 1, 'CORRESPONDANCE', '2018041374', '2018-19', 'nitin', '0000-00-00 00:00:00'),
(375, '9456776831', '9456776831', 'x@gmail.com', '4/29/2018', 1, 'CORRESPONDANCE', '2018041375', '2018-19', 'nitin', '0000-00-00 00:00:00'),
(376, '9456776831', '9456776831', 'x@gmail.com', '4/29/2018', 1, 'CORRESPONDANCE', '2018041376', '2018-19', 'nitin', '0000-00-00 00:00:00'),
(377, '9013516196', '9013516196', 'x@gmail.com', '4/29/2018', 1, 'CORRESPONDANCE', '2018041377', '2018-19', 'nitin', '0000-00-00 00:00:00'),
(378, '9897285534', '9897285534', 'x@gmail.com', '4/29/2018', 1, 'CORRESPONDANCE', '2018041378', '2018-19', 'nitin', '0000-00-00 00:00:00'),
(379, '9410907682', '9410907682', 'x@gmail.com', '4/29/2018', 1, 'CORRESPONDANCE', '2018041379', '2018-19', 'nitin', '0000-00-00 00:00:00'),
(380, '9761210574', '9761210574', 'x@gmail.com', '4/29/2018', 1, 'CORRESPONDANCE', '2018041380', '2018-19', 'nitin', '0000-00-00 00:00:00'),
(381, '7248097509', '7248097509', 'x@gmail.com', '4/29/2018', 1, 'CORRESPONDANCE', '2018041381', '2018-19', 'nitin', '0000-00-00 00:00:00'),
(382, '8191059462', '8191059462', 'x@gmail.com', '4/29/2018', 1, 'CORRESPONDANCE', '2018041382', '2018-19', 'nitin', '0000-00-00 00:00:00'),
(383, '8979776103', '8979776103', 'x@gmail.com', '4/29/2018', 1, 'CORRESPONDANCE', '2018041383', '2018-19', 'nitin', '0000-00-00 00:00:00'),
(384, '8057835350', '8057835350', 'x@gmail.com', '4/29/2018', 1, 'CORRESPONDANCE', '2018041384', '2018-19', 'nitin', '0000-00-00 00:00:00'),
(385, '9761787001', '9761787001', 'x@gmail.com', '4/29/2018', 1, 'CORRESPONDANCE', '2018041385', '2018-19', 'nitin', '0000-00-00 00:00:00'),
(386, '7500808566', '7500808566', 'x@gmail.com', '4/29/2018', 1, 'CORRESPONDANCE', '2018041386', '2018-19', 'nitin', '0000-00-00 00:00:00'),
(387, '7579251881', '7579251881', 'x@gmail.com', '4/29/2018', 1, 'CORRESPONDANCE', '2018041387', '2018-19', 'nitin', '0000-00-00 00:00:00'),
(388, '9456193920', '9456193920', 'x@gmail.com', '4/29/2018', 1, 'CORRESPONDANCE', '2018041388', '2018-19', 'nitin', '0000-00-00 00:00:00'),
(389, '9634449598', '9634449598', 'x@gmail.com', '4/29/2018', 1, 'CORRESPONDANCE', '2018041389', '2018-19', 'nitin', '0000-00-00 00:00:00'),
(390, '7088163687', '7088163687', 'x@gmail.com', '4/29/2018', 1, 'CORRESPONDANCE', '2018041390', '2018-19', 'nitin', '0000-00-00 00:00:00'),
(391, '9675605666', '9675605666', 'x@gmail.com', '4/29/2018', 1, 'CORRESPONDANCE', '2018041391', '2018-19', 'nitin', '0000-00-00 00:00:00'),
(392, '8958684714', '8958684714', 'x@gmail.com', '4/29/2018', 1, 'CORRESPONDANCE', '2018041392', '2018-19', 'nitin', '0000-00-00 00:00:00'),
(393, '9760892498', '9760892498', 'x@gmail.com', '4/29/2018', 1, 'CORRESPONDANCE', '2018041393', '2018-19', 'nitin', '0000-00-00 00:00:00'),
(394, '8958271825', '8958271825', 'x@gmail.com', '4/29/2018', 1, 'CORRESPONDANCE', '2018041394', '2018-19', 'nitin', '0000-00-00 00:00:00'),
(395, '7351078726', '7351078726', 'x@gmail.com', '4/29/2018', 1, 'CORRESPONDANCE', '2018041395', '2018-19', 'nitin', '0000-00-00 00:00:00'),
(396, '8476968726', '8476968726', 'x@gmail.com', '4/29/2018', 1, 'CORRESPONDANCE', '2018041396', '2018-19', 'nitin', '0000-00-00 00:00:00'),
(397, '9719376060', '9719376060', 'x@gmail.com', '4/29/2018', 1, 'CORRESPONDANCE', '2018041397', '2018-19', 'nitin', '0000-00-00 00:00:00'),
(398, '8077362644', '8077362644', 'x@gmail.com', '4/29/2018', 1, 'CORRESPONDANCE', '2018041398', '2018-19', 'nitin', '0000-00-00 00:00:00'),
(399, '8937006105', '8937006105', 'x@gmail.com', '4/29/2018', 1, 'CORRESPONDANCE', '2018041399', '2018-19', 'nitin', '0000-00-00 00:00:00'),
(400, '8475912306', '8475912306', 'x@gmail.com', '4/29/2018', 1, 'CORRESPONDANCE', '2018041400', '2018-19', 'nitin', '0000-00-00 00:00:00'),
(401, '9410716629', '9410716629', 'x@gmail.com', '4/29/2018', 1, 'CORRESPONDANCE', '2018041401', '2018-19', 'nitin', '0000-00-00 00:00:00'),
(402, '9758983060', '9758983060', 'x@gmail.com', '4/29/2018', 1, 'CORRESPONDANCE', '2018041402', '2018-19', 'nitin', '0000-00-00 00:00:00'),
(403, '9758983060', '9758983060', 'x@gmail.com', '4/29/2018', 1, 'CORRESPONDANCE', '2018041403', '2018-19', 'nitin', '0000-00-00 00:00:00'),
(404, '9458920616', '9458920616', 'x@gmail.com', '4/29/2018', 1, 'CORRESPONDANCE', '2018041404', '2018-19', 'nitin', '0000-00-00 00:00:00'),
(405, '8171296513', '8171296513', 'x@gmail.com', '4/29/2018', 1, 'CORRESPONDANCE', '2018041405', '2018-19', 'nitin', '0000-00-00 00:00:00'),
(406, '8126472712', '8126472712', 'x@gmail.com', '4/29/2018', 1, 'CORRESPONDANCE', '2018041406', '2018-19', 'nitin', '0000-00-00 00:00:00'),
(407, '9536339611', '9536339611', 'x@gmail.com', '4/29/2018', 1, 'CORRESPONDANCE', '2018041407', '2018-19', 'nitin', '0000-00-00 00:00:00'),
(408, '8193939593', '8193939593', 'x@gmail.com', '4/29/2018', 1, 'CORRESPONDANCE', '2018041408', '2018-19', 'nitin', '0000-00-00 00:00:00'),
(409, '8476831355', '8476831355', 'x@gmail.com', '4/29/2018', 1, 'CORRESPONDANCE', '2018041409', '2018-19', 'nitin', '0000-00-00 00:00:00'),
(410, '9639781869', '9639781869', 'x@gmail.com', '4/29/2018', 1, 'CORRESPONDANCE', '2018041410', '2018-19', 'nitin', '0000-00-00 00:00:00'),
(411, '8477998495', '8477998495', 'x@gmail.com', '4/29/2018', 1, 'CORRESPONDANCE', '2018041411', '2018-19', 'nitin', '0000-00-00 00:00:00'),
(412, '7900571267', '7900571267', 'x@gmail.com', '4/29/2018', 1, 'CORRESPONDANCE', '2018041412', '2018-19', 'nitin', '0000-00-00 00:00:00'),
(413, '9756656514', '9756656514', 'x@gmail.com', '4/29/2018', 1, 'CORRESPONDANCE', '2018041413', '2018-19', 'nitin', '0000-00-00 00:00:00'),
(414, '9758430876', '9758430876', 'x@gmail.com', '4/29/2018', 1, 'CORRESPONDANCE', '2018041414', '2018-19', 'nitin', '0000-00-00 00:00:00'),
(415, '9837547769', '9837547769', 'x@gmail.com', '4/29/2018', 1, 'CORRESPONDANCE', '2018041415', '2018-19', 'nitin', '0000-00-00 00:00:00'),
(416, '9690699407', '9690699407', 'x@gmail.com', '4/29/2018', 1, 'CORRESPONDANCE', '2018041416', '2018-19', 'nitin', '0000-00-00 00:00:00'),
(417, '7500044819', '7500044819', 'x@gmail.com', '4/29/2018', 1, 'CORRESPONDANCE', '2018041417', '2018-19', 'nitin', '0000-00-00 00:00:00'),
(418, '8191948209', '8191948209', 'x@gmail.com', '4/29/2018', 1, 'CORRESPONDANCE', '2018041418', '2018-19', 'nitin', '0000-00-00 00:00:00'),
(419, '9639131081', '9639131081', 'x@gmail.com', '4/29/2018', 1, 'CORRESPONDANCE', '2018041419', '2018-19', 'nitin', '0000-00-00 00:00:00'),
(420, '8650169851', '8650169851', 'x@gmail.com', '4/29/2018', 1, 'CORRESPONDANCE', '2018041420', '2018-19', 'nitin', '0000-00-00 00:00:00'),
(421, '9997140832', '9997140832', 'x@gmail.com', '4/29/2018', 1, 'CORRESPONDANCE', '2018041421', '2018-19', 'nitin', '0000-00-00 00:00:00'),
(422, '7500257909', '7500257909', 'x@gmail.com', '4/29/2018', 1, 'CORRESPONDANCE', '2018041422', '2018-19', 'nitin', '0000-00-00 00:00:00'),
(423, '9411574525', '9411574525', 'x@gmail.com', '4/29/2018', 1, 'CORRESPONDANCE', '2018041423', '2018-19', 'nitin', '0000-00-00 00:00:00'),
(424, '8171443428', '8171443428', 'x@gmail.com', '4/29/2018', 1, 'CORRESPONDANCE', '2018041424', '2018-19', 'nitin', '0000-00-00 00:00:00'),
(425, '9761861413', '9761861413', 'x@gmail.com', '4/29/2018', 1, 'CORRESPONDANCE', '2018041425', '2018-19', 'nitin', '0000-00-00 00:00:00'),
(426, '8126948265', '8126948265', 'x@gmail.com', '4/29/2018', 1, 'CORRESPONDANCE', '2018041426', '2018-19', 'nitin', '0000-00-00 00:00:00'),
(427, '7351978988', '7351978988', 'x@gmail.com', '4/29/2018', 1, 'CORRESPONDANCE', '2018041427', '2018-19', 'nitin', '0000-00-00 00:00:00'),
(428, '7078705119', '7078705119', 'x@gmail.com', '4/29/2018', 1, 'CORRESPONDANCE', '2018041428', '2018-19', 'nitin', '0000-00-00 00:00:00'),
(429, '7088221331', '7088221331', 'x@gmail.com', '4/29/2018', 1, 'CORRESPONDANCE', '2018041429', '2018-19', 'nitin', '0000-00-00 00:00:00'),
(430, '9761959475', '9761959475', 'x@gmail.com', '4/29/2018', 1, 'CORRESPONDANCE', '2018041430', '2018-19', 'nitin', '0000-00-00 00:00:00'),
(431, '8057336424', '8057336424', 'x@gmail.com', '4/29/2018', 1, 'CORRESPONDANCE', '2018041431', '2018-19', 'nitin', '0000-00-00 00:00:00'),
(432, '(999) 999-9999', '-x-', 'n@g.com', '2018-07-06 00:06:20', 1, 'CORRESPONDANCE', '2018070144', '2018-19', 'nitin', '2018-07-05 18:36:20'),
(434, '(234) 234-2342', '-x-', 'c@c.com', '2019-07-06 00:20:02', 1, 'CORRESPONDANCE', '2019070145', '2019-20', 'nitin', '2019-07-05 18:50:02'),
(435, '(123) 123-1231', '-x-', 'sd@sdf.com', '2018-07-06 00:24:05', 1, 'CORRESPONDANCE', '2019070146', '2019-20', 'nitin', '2018-07-05 18:54:05'),
(436, '(000) 000-0000', '-x-', 'x@x.com', '2018-07-06 00:24:59', 1, 'CORRESPONDANCE', '2018070147', '2018-19', 'nitin', '2018-07-05 18:54:59'),
(437, '(999) 999-9999', '-x-', 'D@D.COM', '2018-07-06 00:37:30', 1, 'CORRESPONDANCE', '2018070148', '2018-19', 'nitin', '2018-07-05 19:12:24'),
(438, '', '-x-', '', '2018-07-10 14:19:26', 1, 'CORRESPONDANCE', '2018070149', '2018-19', 'nitin', '2018-07-10 08:49:26');

-- --------------------------------------------------------

--
-- Table structure for table `master_11_grading`
--

CREATE TABLE IF NOT EXISTS `master_11_grading` (
  `gradeID` int(15) NOT NULL AUTO_INCREMENT,
  `minMarks` int(10) NOT NULL,
  `maxMarks` int(10) NOT NULL,
  `grade` varchar(10) CHARACTER SET utf8 NOT NULL,
  `description` varchar(100) CHARACTER SET utf8 NOT NULL,
  `clssessID` int(15) NOT NULL,
  PRIMARY KEY (`gradeID`)
) ENGINE=InnoDB  DEFAULT CHARSET=latin1 AUTO_INCREMENT=7 ;

--
-- Dumping data for table `master_11_grading`
--

INSERT INTO `master_11_grading` (`gradeID`, `minMarks`, `maxMarks`, `grade`, `description`, `clssessID`) VALUES
(1, 90, 100, 'A1', 'ExtraOrdinary', 422),
(3, 90, 100, 'A1', 'ExtraOrdinary', 423),
(5, 80, 90, 'A2', 'Excellent', 422),
(6, 10, 20, 'F', '', 522);

-- --------------------------------------------------------

--
-- Table structure for table `master_12_subject`
--

CREATE TABLE IF NOT EXISTS `master_12_subject` (
  `subjectID` int(10) NOT NULL AUTO_INCREMENT,
  `subName` varchar(100) CHARACTER SET utf8 NOT NULL,
  `classID` varchar(10) CHARACTER SET utf8 NOT NULL,
  `status` varchar(10) CHARACTER SET utf8 NOT NULL,
  `SESSID` varchar(20) CHARACTER SET utf8 NOT NULL,
  PRIMARY KEY (`subjectID`)
) ENGINE=InnoDB  DEFAULT CHARSET=latin1 AUTO_INCREMENT=35 ;

--
-- Dumping data for table `master_12_subject`
--

INSERT INTO `master_12_subject` (`subjectID`, `subName`, `classID`, `status`, `SESSID`) VALUES
(19, 'Science', '10A', 'TH', '2017-18'),
(21, 'Social Science', '10A', 'TH', '2017-18'),
(22, 'Social Science', '10A', 'PR', '2017-18'),
(23, 'Mathematics', '10B', 'PR', '2017-18'),
(25, 'Science', '10B', 'PR', '2017-18'),
(26, 'Science', '10B', 'TH', '2017-18'),
(27, 'SST', '10B', 'TH', '2017-18'),
(28, 'English', '10B', 'TH', '2017-18'),
(29, 'English', '12A', 'TH', '2017-18'),
(30, 'Science', '12A', 'TH', '2017-18'),
(31, 'Science', '12A', 'PR', '2017-18'),
(32, 'Art', '10B', 'TH', '2017-18'),
(33, 'Art', '10B', 'PR', '2017-18');

-- --------------------------------------------------------

--
-- Table structure for table `master_13_staff`
--

CREATE TABLE IF NOT EXISTS `master_13_staff` (
  `teacherID` int(13) NOT NULL AUTO_INCREMENT,
  `name` varchar(50) CHARACTER SET utf8 NOT NULL,
  `CATEGORY_ID` varchar(5) NOT NULL,
  `STATUS_` tinyint(1) NOT NULL,
  `USERNAME_` varchar(40) NOT NULL,
  `DATE_` timestamp NOT NULL DEFAULT CURRENT_TIMESTAMP,
  PRIMARY KEY (`teacherID`)
) ENGINE=InnoDB  DEFAULT CHARSET=latin1 AUTO_INCREMENT=10 ;

--
-- Dumping data for table `master_13_staff`
--

INSERT INTO `master_13_staff` (`teacherID`, `name`, `CATEGORY_ID`, `STATUS_`, `USERNAME_`, `DATE_`) VALUES
(6, 'Dr Naveen Tewari', 'adm', 1, '', '2017-12-16 07:34:58'),
(7, 'Dr Gopal Datt', 'fc', 1, '', '2017-12-16 07:34:58'),
(8, 'Dr Nitin Deepak', 'adm', 1, '', '2017-12-16 07:34:58'),
(9, 'Gunjan Mathur', 'acc', 1, '', '2017-12-16 07:34:58');

-- --------------------------------------------------------

--
-- Table structure for table `master_14_teacher_wise_subject`
--

CREATE TABLE IF NOT EXISTS `master_14_teacher_wise_subject` (
  `tasID` int(13) NOT NULL AUTO_INCREMENT,
  `teacherID` int(13) NOT NULL,
  `subjectID` int(10) NOT NULL,
  `sessID` varchar(20) CHARACTER SET utf8 NOT NULL,
  PRIMARY KEY (`tasID`)
) ENGINE=InnoDB  DEFAULT CHARSET=latin1 AUTO_INCREMENT=11 ;

--
-- Dumping data for table `master_14_teacher_wise_subject`
--

INSERT INTO `master_14_teacher_wise_subject` (`tasID`, `teacherID`, `subjectID`, `sessID`) VALUES
(4, 7, 28, '2017-18'),
(5, 6, 23, '2017-18'),
(6, 6, 20, '2017-18'),
(7, 6, 19, '2017-18'),
(8, 9, 29, '2017-18'),
(9, 9, 30, '2017-18'),
(10, 9, 31, '2017-18');

-- --------------------------------------------------------

--
-- Table structure for table `master_15_subject_marks`
--

CREATE TABLE IF NOT EXISTS `master_15_subject_marks` (
  `submarkID` int(10) NOT NULL AUTO_INCREMENT,
  `subjectID` int(10) NOT NULL,
  `maxMarks` int(3) NOT NULL,
  `passMarks` int(3) NOT NULL,
  PRIMARY KEY (`submarkID`),
  KEY `subjectID` (`subjectID`)
) ENGINE=InnoDB  DEFAULT CHARSET=latin1 AUTO_INCREMENT=3 ;

--
-- Dumping data for table `master_15_subject_marks`
--

INSERT INTO `master_15_subject_marks` (`submarkID`, `subjectID`, `maxMarks`, `passMarks`) VALUES
(2, 19, 70, 30);

-- --------------------------------------------------------

--
-- Table structure for table `master_16_discount`
--

CREATE TABLE IF NOT EXISTS `master_16_discount` (
  `DID` int(11) NOT NULL AUTO_INCREMENT,
  `ITEM_` varchar(200) NOT NULL,
  `ELIGIBLE_COUNT` int(11) NOT NULL DEFAULT '0',
  `STATUS_` varchar(30) NOT NULL COMMENT 'Percentage or Amount',
  `CATEGORY` varchar(10) NOT NULL,
  `AMOUNT` varchar(15) NOT NULL,
  `DESC_` text NOT NULL,
  `DATE_` timestamp NOT NULL DEFAULT CURRENT_TIMESTAMP,
  PRIMARY KEY (`DID`)
) ENGINE=InnoDB  DEFAULT CHARSET=utf8 AUTO_INCREMENT=16 ;

--
-- Dumping data for table `master_16_discount`
--

INSERT INTO `master_16_discount` (`DID`, `ITEM_`, `ELIGIBLE_COUNT`, `STATUS_`, `CATEGORY`, `AMOUNT`, `DESC_`, `DATE_`) VALUES
(1, 'SC', 0, 'Percentage', 'CATEG', '5', '%age', '2018-07-01 18:45:25'),
(2, 'ST', 0, 'Percentage', 'CATEG', '8', '%age', '2018-07-01 18:45:45'),
(4, 'OBC', 0, 'Amount', 'CATEG', '500', 'Amt', '2018-07-01 18:45:52'),
(14, 'SIBLINGS', 3, 'Percentage', 'SIBLINGS', '70', '%age', '2018-07-12 10:50:49'),
(15, 'RTE', 0, 'Amount', 'OTHER', '100', 'Amt', '2018-07-12 12:26:47');

-- --------------------------------------------------------

--
-- Table structure for table `master_17_general`
--

CREATE TABLE IF NOT EXISTS `master_17_general` (
  `SCH_ID` int(5) NOT NULL AUTO_INCREMENT,
  `SCH_LOGO` varchar(50) NOT NULL,
  `SCH_NAME` varchar(100) NOT NULL,
  `SCH_CONTACT` varchar(10) NOT NULL,
  `SCH_EMAIL` varchar(50) NOT NULL,
  `SCH_ADD` varchar(200) NOT NULL,
  `SCH_CITY` varchar(100) NOT NULL,
  `SCH_DISITT` varchar(100) NOT NULL,
  `SCH_STATE` varchar(100) NOT NULL,
  `SCH_COUNTRY` varchar(100) NOT NULL,
  `AFFILIATION` varchar(1000) NOT NULL,
  `REMARK` varchar(1000) NOT NULL,
  `DATE_` timestamp NOT NULL DEFAULT CURRENT_TIMESTAMP,
  `USERNAME` varchar(20) NOT NULL,
  PRIMARY KEY (`SCH_ID`)
) ENGINE=InnoDB  DEFAULT CHARSET=utf8 AUTO_INCREMENT=6 ;

--
-- Dumping data for table `master_17_general`
--

INSERT INTO `master_17_general` (`SCH_ID`, `SCH_LOGO`, `SCH_NAME`, `SCH_CONTACT`, `SCH_EMAIL`, `SCH_ADD`, `SCH_CITY`, `SCH_DISITT`, `SCH_STATE`, `SCH_COUNTRY`, `AFFILIATION`, `REMARK`, `DATE_`, `USERNAME`) VALUES
(5, '5.png', 'TeamFrellamcers', '7895089999', 'navtewari@amrapali.ac.in', 'JK PURAM1', 'Haldwani', 'Nainital', 'UTTARAKHAND', 'India', 'CBSE', 'Good Schol', '2018-07-18 15:32:50', 'nitin');

-- --------------------------------------------------------

--
-- Table structure for table `menu_1`
--

CREATE TABLE IF NOT EXISTS `menu_1` (
  `ID_` int(11) NOT NULL AUTO_INCREMENT,
  `PRE_ICON` varchar(150) NOT NULL,
  `MENU` varchar(30) NOT NULL,
  `PATH_` varchar(300) NOT NULL,
  `PRIORITY_` int(11) NOT NULL,
  PRIMARY KEY (`ID_`)
) ENGINE=InnoDB  DEFAULT CHARSET=utf8 AUTO_INCREMENT=11 ;

--
-- Dumping data for table `menu_1`
--

INSERT INTO `menu_1` (`ID_`, `PRE_ICON`, `MENU`, `PATH_`, `PRIORITY_`) VALUES
(1, 'icon icon-home', 'Dashboard', 'web/dashboard', 1),
(2, 'icon icon-leaf', 'Master', 'x', 2),
(3, 'icon icon-pencil', 'Admission', 'x', 3),
(5, 'icon icon-pencil', 'Manage Student', 'x', 5),
(6, 'icon icon-pencil', 'Fee', 'x', 6),
(7, 'icon icon-pencil', 'Attendance', 'x', 7),
(8, 'icon icon-pencil', 'Exam', 'x', 8),
(9, 'icon icon-ok-sign', 'Reports', 'x', 9),
(10, 'icon icon-leaf', 'Create User', 'x', 0);

-- --------------------------------------------------------

--
-- Table structure for table `menu_2_submenu`
--

CREATE TABLE IF NOT EXISTS `menu_2_submenu` (
  `SUBMENUID` int(11) NOT NULL AUTO_INCREMENT,
  `PRE_ICON` varchar(150) NOT NULL,
  `SUBMENU` varchar(150) NOT NULL,
  `PATH_` varchar(300) NOT NULL,
  `PRIORITY` int(11) NOT NULL,
  `ID_` int(11) NOT NULL,
  PRIMARY KEY (`SUBMENUID`),
  KEY `ID_` (`ID_`)
) ENGINE=InnoDB  DEFAULT CHARSET=utf8 AUTO_INCREMENT=29 ;

--
-- Dumping data for table `menu_2_submenu`
--

INSERT INTO `menu_2_submenu` (`SUBMENUID`, `PRE_ICON`, `SUBMENU`, `PATH_`, `PRIORITY`, `ID_`) VALUES
(1, 'fa fa-child', 'General', 'web/dashboard/2/9/general', 1, 2),
(2, 'fa fa-pencil-square-o', 'Sessions', 'web/dashboard/2/2/session', 2, 2),
(3, 'fa fa-money', 'Classes', 'web/dashboard/2/4/classes', 3, 2),
(4, 'fa fa-money', 'Subjects', 'web/dashboard/2/5/subject', 4, 2),
(5, 'fa fa-money', 'Grading', 'web/dashboard/2/6/grading', 5, 2),
(6, 'fa fa-user', 'Staff Members', 'web/dashboard/2/7/staff', 6, 2),
(7, 'fa fa-money', 'Fee', 'web/dashboard/2/8/fee', 7, 2),
(8, 'fa fa-sitemap', 'Promote Students', 'web/dashboard/5/14/promotestudent', 1, 5),
(9, 'fa fa-sitemap', 'Switch Students', 'web/dashboard/5/15/switchstudent', 2, 5),
(10, 'fa fa-user', 'Invoice/ Fee', 'web/dashboard/6/12/invoice', 6, 6),
(11, 'fa fa-user', 'Pay Fee', 'web/dashboard/6/13/payfee', 7, 6),
(12, 'fa fa-user', 'New Attendance', 'web/dashboard/7/16/add_attendance', 1, 7),
(13, 'fa fa-user', 'View Consolidate', 'web/dashboard/7/17/view_consolidate', 2, 7),
(14, 'fa fa-user', 'Subject Marks', 'web/dashboard/8/20/subjectmarks', 8, 8),
(15, 'fa fa-money', 'Scholastic items', 'web/dashboard/8/21/scholasticItems', 1, 8),
(16, 'fa fa-money', 'Co-Scholastic items', 'scholastic/co_scholastic', 2, 8),
(17, 'fa fa-money', 'Input Result', 'marks/input_result', 3, 8),
(18, 'fa fa-sitemap', 'Prepare Result', 'marks/prepare_result', 3, 8),
(19, 'fa fa-book', 'Register Students', 'reports/registered_students', 3, 9),
(20, 'fa fa-sliders', 'Admit Students', 'reports/admitted_students', 3, 9),
(21, 'fa fa-user', 'Fee Reports', 'reports/fee', 3, 9),
(22, 'fa fa-edit', 'Attendance Reports', 'reports/attendance', 4, 9),
(23, 'fa fa-money', 'Discount (if any?)', 'web/dashboard/2/11/discount', 8, 2),
(24, 'icon icon-pencil', 'Registration', 'web/dashboard/3/3', 3, 3),
(25, 'icon icon-pencil', 'Admission', 'web/dashboard/4/10', 3, 3),
(26, 'icon icon-pencil', 'Create User', 'web/dashboard/10/0/create', 3, 10),
(27, 'fa fa-user', 'View Daywise', 'web/dashboard/7/18/view_daywise', 2, 7),
(28, 'fa fa-user', 'View Total', 'web/dashboard/7/19/view_total', 2, 7);

-- --------------------------------------------------------

--
-- Table structure for table `register_discount`
--

CREATE TABLE IF NOT EXISTS `register_discount` (
  `regid` varchar(25) NOT NULL,
  `DISCOUNT` text NOT NULL COMMENT 'Discounts seperated by comma(,)',
  `DISCOUNT_OFFERED` tinyint(1) NOT NULL,
  `DATE_` timestamp NOT NULL DEFAULT CURRENT_TIMESTAMP,
  `USERNAME_` varchar(40) NOT NULL,
  `STATUS` tinyint(1) NOT NULL COMMENT '1 for discount, 0 for no discount',
  PRIMARY KEY (`regid`)
) ENGINE=InnoDB DEFAULT CHARSET=utf8 COMMENT='Used to store other discount if any';

--
-- Dumping data for table `register_discount`
--

INSERT INTO `register_discount` (`regid`, `DISCOUNT`, `DISCOUNT_OFFERED`, `DATE_`, `USERNAME_`, `STATUS`) VALUES
('2018041002', 'RTE,ADVERTISEMENTCOUPON', 1, '2018-07-10 08:59:57', 'nitin', 1),
('2018041003', 'RTE,ADVERTISEMENTCOUPON', 1, '2018-07-10 12:28:30', 'nitin', 1),
('2018041004', 'RTE', 1, '2018-07-12 12:27:09', 'nitin', 1),
('2018041005', 'RTE,ADVERTISEMENTCOUPON', 1, '2018-07-10 20:49:28', 'nitin', 1),
('2018041042', 'RTE', 1, '2018-07-10 08:30:46', 'nitin', 1),
('2018041043', 'RTE,ADVERTISEMENTCOUPON', 1, '2018-07-10 14:02:12', 'nitin', 1),
('2018041195', 'RTE,ADVERTISEMENTCOUPON', 1, '2018-07-10 16:31:56', 'nitin', 1),
('2018041281', 'RTE', 1, '2018-07-10 16:40:31', 'nitin', 1),
('2018070149', 'RTE', 1, '2018-07-10 08:49:26', 'nitin', 1);

-- --------------------------------------------------------

--
-- Table structure for table `register_sibling`
--

CREATE TABLE IF NOT EXISTS `register_sibling` (
  `regid` varchar(25) NOT NULL,
  `SIBLINGS` text NOT NULL COMMENT 'regids seperated by comma(,)',
  `DISCOUNT_OFFERED` tinyint(1) NOT NULL,
  `DATE_` timestamp NOT NULL DEFAULT CURRENT_TIMESTAMP,
  `USERNAME_` varchar(40) NOT NULL,
  `STATUS` tinyint(1) NOT NULL COMMENT '1 for discount, 0 for no discount',
  PRIMARY KEY (`regid`)
) ENGINE=InnoDB DEFAULT CHARSET=utf8 COMMENT='Used to store siblings';

--
-- Dumping data for table `register_sibling`
--

INSERT INTO `register_sibling` (`regid`, `SIBLINGS`, `DISCOUNT_OFFERED`, `DATE_`, `USERNAME_`, `STATUS`) VALUES
('2017041001', '', 1, '2017-10-20 09:50:00', 'nitin', 1),
('2017041003', '2017041003,2017041015', 1, '2017-10-22 07:44:59', 'nitin', 1),
('2017041005', '2017041003,2017041015', 1, '2017-12-20 04:03:59', 'nitin', 1),
('2017041007', '2017041003,2017041006', 1, '2017-10-20 10:02:03', 'nitin', 1),
('2017041025', '2017041001,2017081429,2017041006', 1, '2017-10-20 10:03:48', 'nitin', 1),
('2017041042', '2017041005,2017041001,2017041006', 1, '2017-11-05 14:01:55', 'nitin', 1),
('2017041048', '2017041001,2017041004,2017041038', 1, '2017-12-20 04:02:18', 'nitin', 1),
('2017041069', '2017041004', 1, '2017-12-17 13:44:19', 'nitin', 1),
('2017081429', '2017041003,2017041015', 1, '2017-10-22 07:44:23', 'nitin', 1),
('2017101450', '2017041002,2017041007', 1, '2017-10-20 11:18:43', 'nitin', 1),
('2018041004', '2018041159,2018041195', 1, '2018-07-12 12:27:09', 'nitin', 1),
('2018041005', '2018041043', 1, '2018-07-10 20:49:28', 'nitin', 1),
('2018041195', '2018041042', 0, '2018-07-12 12:27:09', 'nitin', 0),
('2018041281', '2018041042', 1, '2018-07-10 16:40:31', 'nitin', 1),
('2018070149', '2018041042', 1, '2018-07-10 08:49:26', 'nitin', 1);

-- --------------------------------------------------------

--
-- Table structure for table `register_with_us`
--

CREATE TABLE IF NOT EXISTS `register_with_us` (
  `regid` varchar(25) NOT NULL,
  `FULLNAME` varchar(150) NOT NULL,
  `FATHER` varchar(150) NOT NULL,
  `DOB_` varchar(150) NOT NULL,
  `PHOTO_` varchar(250) NOT NULL,
  `GENDER` varchar(10) NOT NULL,
  `NATIONALITY` varchar(25) NOT NULL DEFAULT '-x-',
  `STUDENT_INTEREST` varchar(120) NOT NULL DEFAULT '-x-',
  `ADMISSION_FOR` varchar(25) NOT NULL,
  `CLASS_FOR_ADMISSION` varchar(15) NOT NULL,
  `APPLIED_YEAR` int(11) NOT NULL,
  `TRANSPORT_REQUIRED` varchar(5) NOT NULL,
  `LAST_SCHOOL_NAME` varchar(300) NOT NULL,
  `LAST_SCHOOL_GRADE` varchar(50) NOT NULL,
  `ADDRESS_` varchar(250) NOT NULL,
  `CITY_` varchar(50) NOT NULL,
  `PINCODE_` varchar(10) NOT NULL,
  `ZONE_` varchar(20) NOT NULL,
  `STATE_` varchar(50) NOT NULL,
  `COUNTRY_` varchar(50) NOT NULL,
  `MOBILE_` varchar(15) NOT NULL,
  `EMAIL_` varchar(100) NOT NULL,
  `KNOWN_SOURCE_` varchar(200) NOT NULL,
  `PASSWORD_` varchar(25) NOT NULL DEFAULT '123456',
  `DOR_` timestamp NOT NULL DEFAULT CURRENT_TIMESTAMP,
  `USERNAME_` varchar(40) NOT NULL,
  `SESSIONID` varchar(20) NOT NULL,
  PRIMARY KEY (`regid`),
  KEY `SESSIONID` (`SESSIONID`)
) ENGINE=InnoDB DEFAULT CHARSET=utf8;

--
-- Dumping data for table `register_with_us`
--

INSERT INTO `register_with_us` (`regid`, `FULLNAME`, `FATHER`, `DOB_`, `PHOTO_`, `GENDER`, `NATIONALITY`, `STUDENT_INTEREST`, `ADMISSION_FOR`, `CLASS_FOR_ADMISSION`, `APPLIED_YEAR`, `TRANSPORT_REQUIRED`, `LAST_SCHOOL_NAME`, `LAST_SCHOOL_GRADE`, `ADDRESS_`, `CITY_`, `PINCODE_`, `ZONE_`, `STATE_`, `COUNTRY_`, `MOBILE_`, `EMAIL_`, `KNOWN_SOURCE_`, `PASSWORD_`, `DOR_`, `USERNAME_`, `SESSIONID`) VALUES
('2017041001', 'NEHA JETHA', 'GANESH SINGH ', '2005.10.04', 'no-image.jpg', 'F', 'INDIAN', 'READING,PLAYING', 'Day Boarder', '7B', 2017, 'N', 'VVMIC MUNSYARI', '6', 'VILLAGE  CHAUNA', 'MUNSYARI', '262554', '1', 'UL', 'India', '9837540462', 'x', 'Through Internet', '123456', '2017-04-28 04:07:45', 'nitin', '2017-18'),
('2017041002', 'HOSHIYAR SINGH', 'GOVIND SINGH', '2006.02.21', 'no-image.jpg', 'M', 'INDIAN', 'READING,PLAYING', 'Day Boarder', '7B', 2017, 'N', 'VVMIC MUNSYARI', '6', 'VILLAGE  KOTAKHARIK', 'MUNSYARI', '262555', '1', 'UL', 'India', '9756456762', 'x', 'Through Internet', '123456', '2017-04-28 04:07:46', 'nitin', '2017-18'),
('2017041003', 'MANISHA NEGI', 'LALIT SINGH NEGI', '2006.01.14', 'no-image.jpg', 'F', 'INDIAN', 'READING,PLAYING', 'Day Boarder', '7B', 2017, 'N', 'VVMIC MUNSYARI', '6', 'VILLAGE TANGA SERA', 'MUNSYARI', '262554', '1', 'UL', 'India', '9756332197', 'x', 'Through Internet', '123456', '2017-04-28 04:07:47', 'nitin', '2017-18'),
('2017041004', 'BABITA NEGI', 'LALIT SINGH NEGI', '2006.01.14', 'no-image.jpg', 'F', 'INDIAN', 'READING,PLAYING', 'Day Boarder', '7B', 2017, 'N', 'VVMIC MUNSYARI', '6', 'VILLAGE TANGA SERA', 'MUNSYARI', '262554', '1', 'UL', 'India', '9756332197', 'x', 'Through Internet', '123456', '2017-04-28 04:07:48', 'nitin', '2017-18'),
('2017041005', 'BHAWANA', 'RAMESH RAM', '2006.04.02', 'no-image.jpg', 'F', 'INDIAN', 'READING,PLAYING', 'Day Boarder', '7B', 2017, 'N', 'VVMIC MUNSYARI', '6', 'VILLAGE BUNGA', 'MUNSYARI', '262554', '1', 'UL', 'India', '7351844779', 'x', 'Through Internet', '123456', '2017-04-28 04:07:49', 'nitin', '2017-18'),
('2017041006', 'MANJU RANA', 'DEVENDRA SINGH RANA', '2006.06.01', 'no-image.jpg', 'F', 'INDIAN', 'READING,PLAYING', 'Day Boarder', '7B', 2017, 'N', 'VVMIC MUNSYARI', '6', 'VILLAGE  GINI ', 'MUNSYARI', '262554', '1', 'UL', 'India', '7500700406', 'x', 'Through Internet', '123456', '2017-04-28 04:07:50', 'nitin', '2017-18'),
('2017041007', 'ISHWAR SINGH MEHRA', 'KISHAN SINGH MEHRA', '2006.10.02', 'no-image.jpg', 'M', 'INDIAN', 'READING,PLAYING', 'Day Boarder', '7B', 2017, 'N', 'VVMIC MUNSYARI', '6', 'VILLAGE SARMOLI ', 'MUNSYARI', '262554', '1', 'UL', 'India', '8958317054', 'x', 'Through Internet', '123456', '2017-04-28 04:07:51', 'nitin', '2017-18'),
('2017041008', 'PRIYANSHU RANA', 'NETRA SINGH RANA', '2006.03.23', 'no-image.jpg', 'M', 'INDIAN', 'ART', 'Day Boarder', '7B', 2017, 'N', 'VVMIC MUNSYARI', '6', 'VILLAGE MALLA GHORPATTA', 'MUNSYARI', '262554', '1', 'UL', 'India', '9568106745', 'x', 'Through Internet', '123456', '2017-04-28 04:07:52', 'nitin', '2017-18'),
('2017041009', 'TANIYA NEGI', 'HARISH SINGH NEGI', '2005.03.01', 'no-image.jpg', 'F', 'INDIAN', 'READING,PLAYING', 'Day Boarder', '7B', 2017, 'N', 'VVMIC MUNSYARI', '6', 'VILLAGE SERASURAIDHAR', 'MUNSYARI', '262554', '1', 'UL', 'India', '8958822749', 'x', 'Through Internet', '123456', '2017-04-28 04:07:53', 'nitin', '2017-18'),
('2017041010', 'MANOJ SINGH', 'KUNDAN SINGH', '2005.11.25', 'no-image.jpg', 'M', 'INDIAN', 'READING,PLAYING', 'Day Boarder', '7B', 2017, 'N', 'VVMIC MUNSYARI', '6', 'VILLAGE HARKOTE ', 'MUNSYARI', '262554', '1', 'UL', 'India', '7351811208', 'x', 'Through Internet', '123456', '2017-04-28 04:07:54', 'nitin', '2017-18'),
('2017041011', 'NEHA MARTOLIYA', 'BALWANT SINGH ', '2006.09.28', 'no-image.jpg', 'F', 'INDIAN', 'READING,PLAYING', 'Day Boarder', '7B', 2017, 'N', 'VVMIC MUNSYARI', '6', 'VILLAGE SURING', 'MUNSYARI', '262554', '1', 'UL', 'India', '7351638716', 'x', 'Through Internet', '123456', '2017-04-28 04:07:55', 'nitin', '2017-18'),
('2017041012', 'LABLI KORANGA', 'BHADUR SINGH KORANGA', '2006.04.01', 'no-image.jpg', 'F', 'INDIAN', 'READING,PLAYING', 'Day Boarder', '7B', 2017, 'N', 'VVMIC MUNSYARI', '6', 'VILLAGE SURING', 'MUNSYARI', '262554', '1', 'UL', 'India', '9756370744', 'x', 'Through Internet', '123456', '2017-04-28 04:07:56', 'nitin', '2017-18'),
('2017041013', 'RIYA MARTOLIYA', 'JAGDISH SINGH MARTOLIYA', '2006.09.26', 'no-image.jpg', 'F', 'INDIAN', 'READING,PLAYING', 'Day Boarder', '7B', 2017, 'N', 'VVMIC MUNSYARI', '6', 'VILLAGE SURING', 'MUNSYARI', '262554', '1', 'UL', 'India', '7055453542', 'x', 'Through Internet', '123456', '2017-04-28 04:07:57', 'nitin', '2017-18'),
('2017041014', 'KARAN SINGH MEHRA', 'RAJENDRA SINGH ', '2006.03.07', 'no-image.jpg', 'M', 'INDIAN', 'READING,PLAYING', 'Day Boarder', '7B', 2017, 'N', 'VVMIC MUNSYARI', '6', 'VILLAGE HARKOTE ', 'MUNSYARI', '262554', '1', 'UL', 'India', '8475033565', 'x', 'Through Internet', '123456', '2017-04-28 04:07:58', 'nitin', '2017-18'),
('2017041015', 'KHUSMITA ARYA', 'TRILOK RAM', '2005.10.11', 'no-image.jpg', 'F', 'INDIAN', 'READING,PLAYING', 'Day Boarder', '7B', 2017, 'N', 'VVMIC MUNSYARI', '6', 'VILLAGE SURING', 'MUNSYARI', '262554', '1', 'UL', 'India', '7055655290', 'x', 'Through Internet', '123456', '2017-04-28 04:07:59', 'nitin', '2017-18'),
('2017041016', 'PRIYANKA SEMIYA', 'NANDAN SINGH', '2006.04.12', 'no-image.jpg', 'F', 'INDIAN', 'READING,PLAYING', 'Day Boarder', '7B', 2017, 'N', 'VVMIC MUNSYARI', '6', 'VILLAGE HARKOTE ', 'MUNSYARI', '262554', '1', 'UL', 'India', '9917169283', 'x', 'Through Internet', '123456', '0000-00-00 00:00:00', 'nitin', '2017-18'),
('2017041017', 'PANKAJ SINGH BHANDARI', 'SURENDRA SINGH BHANDARI', '2006.03.14', 'no-image.jpg', 'M', 'INDIAN', 'ART', 'Day Boarder', '7B', 2017, 'N', 'VVMIC MUNSYARI', '6', 'VILLAGE DHUNAMANI', 'MUNSYARI', '262554', '1', 'UL', 'India', '9568174514', 'x', 'Through Internet', '123456', '0000-00-00 00:00:00', 'nitin', '2017-18'),
('2017041018', 'ROHIT SINGH BHANDARI', 'KUNDAN SINGH BHANDARI', '2006.04.08', 'no-image.jpg', 'M', 'INDIAN', 'ART', 'Day Boarder', '7B', 2017, 'N', 'VVMIC MUNSYARI', '6', 'VILLAGE DHUNAMANI', 'MUNSYARI', '262554', '1', 'UL', 'India', '7351982827', 'x', 'Through Internet', '123456', '0000-00-00 00:00:00', 'nitin', '2017-18'),
('2017041019', 'GEETA BISHT', 'VIRENDRA SINGH ', '2006.03.04', 'no-image.jpg', 'F', 'INDIAN', 'READING,PLAYING', 'Day Boarder', '7B', 2017, 'N', 'VVMIC MUNSYARI', '6', 'VILLAGE SAIPOLU', 'MUNSYARI', '262554', '1', 'UL', 'India', '7599358643', 'x', 'Through Internet', '123456', '0000-00-00 00:00:00', 'nitin', '2017-18'),
('2017041020', 'UMESH KUMAR', 'SHOBAN RAM', '2006.01.08', 'no-image.jpg', 'M', 'INDIAN', 'READING,PLAYING', 'Day Boarder', '7B', 2017, 'N', 'VVMIC MUNSYARI', '6', 'VILLAGE JOSHA', 'MUNSYARI', '262554', '1', 'UL', 'India', '8941948417', 'x', 'Through Internet', '123456', '0000-00-00 00:00:00', 'nitin', '2017-18'),
('2017041021', 'DEVESH SINGH BISHT', 'BALWANT SINGH BISHT', '2006.03.23', 'no-image.jpg', 'M', 'INDIAN', 'READING,PLAYING', 'Day Boarder', '7B', 2017, 'N', 'VVMIC MUNSYARI', '6', 'VILLAGE PAPRI', 'MUNSYARI', '262554', '1', 'UL', 'India', '7351638011', 'x', 'Through Internet', '123456', '0000-00-00 00:00:00', 'nitin', '2017-18'),
('2017041022', 'NEHA CHIRAL', 'DEVENDRA SINGH CHIRAL', '2006.05.23', 'no-image.jpg', 'F', 'INDIAN', 'READING,PLAYING', 'Day Boarder', '7B', 2017, 'N', 'VVMIC MUNSYARI', '6', 'VILLAGE CHAUNA', 'MUNSYARI', '262554', '1', 'UL', 'India', '9917813172', 'x', 'Through Internet', '123456', '0000-00-00 00:00:00', 'nitin', '2017-18'),
('2017041023', 'BHUPENDRA SINGH TOLIA', 'PRAHLAD SINGH TOLIA', '2005.06.06', 'no-image.jpg', 'M', 'INDIAN', 'READING,PLAYING', 'Day Boarder', '7B', 2017, 'N', 'VVMIC MUNSYARI', '6', 'VILLAGE BONA', 'MUNSYARI', '262554', '1', 'UL', 'India', '9568971527', 'x', 'Through Internet', '123456', '0000-00-00 00:00:00', 'nitin', '2017-18'),
('2017041024', 'HARENDRA SINGH', 'KHEEM SINGH', '2006.12.23', 'no-image.jpg', 'M', 'INDIAN', 'READING,PLAYING', 'Day Boarder', '7B', 2017, 'N', 'VVMIC MUNSYARI', '6', 'VILLAGE HARKOTE ', 'MUNSYARI', '262554', '1', 'UL', 'India', '8958663443', 'x', 'Through Internet', '123456', '0000-00-00 00:00:00', 'nitin', '2017-18'),
('2017041025', 'KAILASH SINGH TOMKIYAL', 'GOVIND SINGH TOMKIYAL', '2006.03.04', 'no-image.jpg', 'M', 'INDIAN', 'READING,PLAYING', 'Day Boarder', '7B', 2017, 'N', 'VVMIC MUNSYARI', '6', 'VILLAGE TOMIK', 'MUNSYARI', '262554', '1', 'UL', 'India', '8958687504', 'x', 'Through Internet', '123456', '0000-00-00 00:00:00', 'nitin', '2017-18'),
('2017041026', 'SUMAN NEGI', 'BHUPENDRA SINGH NEGI', '2006.01.05', 'no-image.jpg', 'F', 'INDIAN', 'READING,PLAYING', 'Day Boarder', '7B', 2017, 'N', 'VVMIC MUNSYARI', '6', 'VILLAGE HARKOTE ', 'MUNSYARI', '262554', '1', 'UL', 'India', '8941090372', 'x', 'Through Internet', '123456', '0000-00-00 00:00:00', 'nitin', '2017-18'),
('2017041027', 'KAMLESH SINGH QUIRIYAL', 'GANGA SINGH', '2005.06.03', 'no-image.jpg', 'M', 'INDIAN', 'READING,PLAYING', 'Day Boarder', '7B', 2017, 'N', 'VVMIC MUNSYARI', '6', 'VILLAGE QUIRIJIMIYA', 'MUNSYARI', '262554', '1', 'UL', 'India', '8479009488', 'x', 'Through Internet', '123456', '0000-00-00 00:00:00', 'nitin', '2017-18'),
('2017041028', 'ROHIT DASPA', 'VIRENDRA SINGH DASPA', '2005.03.15', 'no-image.jpg', 'M', 'INDIAN', 'READING,PLAYING', 'Day Boarder', '7B', 2017, 'N', 'VVMIC MUNSYARI', '6', 'VILLAGE SELA', 'MUNSYARI', '262554', '1', 'UL', 'India', '7055655427', 'x', 'Through Internet', '123456', '0000-00-00 00:00:00', 'nitin', '2017-18'),
('2017041029', 'NEERAJ SINGH ', 'RAM SINGH', '2004.12.12', 'no-image.jpg', 'M', 'INDIAN', 'READING,PLAYING', 'Day Boarder', '7B', 2017, 'N', 'VVMIC MUNSYARI', '6', 'VILLAGE TOMIK', 'MUNSYARI', '262554', '1', 'UL', 'India', '8954138083', 'x', 'Through Internet', '123456', '0000-00-00 00:00:00', 'nitin', '2017-18'),
('2017041030', 'HIMANSHU RANA', 'HAYAT SINGH RANA', '2006.03.10', 'no-image.jpg', 'M', 'INDIAN', 'READING,PLAYING', 'Day Boarder', '7B', 2017, 'N', 'VVMIC MUNSYARI', '6', 'VILLAGE DAFA', 'BALA', '262554', '1', 'UL', 'India', '9837313195', 'x', 'Through Internet', '123456', '0000-00-00 00:00:00', 'nitin', '2017-18'),
('2017041031', 'DINESH SINGH PANWAR', 'MANOHAR SINGH PANWAR', '2006.03.02', 'no-image.jpg', 'M', 'INDIAN', 'READING,PLAYING', 'Day Boarder', '7B', 2017, 'N', 'VVMIC MUNSYARI', '6', 'VILLAGE SARMOLI ', 'MUNSYARI', '262554', '1', 'UL', 'India', '9756985367', 'x', 'Through Internet', '123456', '0000-00-00 00:00:00', 'nitin', '2017-18'),
('2017041032', 'BHUPESH PAPRA', 'VIRENDRA SINGH PAPRA', '2006.04.02', 'no-image.jpg', 'M', 'INDIAN', 'READING,PLAYING', 'Day Boarder', '7B', 2017, 'N', 'VVMIC MUNSYARI', '6', 'VILLAGE PAPRI', 'MUNSYARI', '262554', '1', 'UL', 'India', '7248456159', 'x', 'Through Internet', '123456', '0000-00-00 00:00:00', 'nitin', '2017-18'),
('2017041033', 'DEEPAK SINGH PAPRA', 'KHUSAL SINGH', '2006.03.10', 'no-image.jpg', 'M', 'INDIAN', 'READING,PLAYING', 'Day Boarder', '7B', 2017, 'N', 'VVMIC MUNSYARI', '6', 'VILLAGE PAPRI', 'MUNSYARI', '262554', '1', 'UL', 'India', '7500895848', 'x', 'Through Internet', '123456', '0000-00-00 00:00:00', 'nitin', '2017-18'),
('2017041034', 'LOVERAJ KUMAR TAMTA', 'PUSHKAR RAM', '2006.03.10', 'no-image.jpg', 'M', 'INDIAN', 'READING,PLAYING', 'Day Boarder', '7B', 2017, 'N', 'VVMIC MUNSYARI', '6', 'VILLAGE JAINTI', 'MUNSYARI', '262554', '1', 'UL', 'India', '9756371392', 'x', 'Through Internet', '123456', '0000-00-00 00:00:00', 'nitin', '2017-18'),
('2017041035', 'PRIYANSHU KUMAR', 'RAGHUNATH ARYA', '2006.03.02', 'no-image.jpg', 'M', 'INDIAN', 'READING,PLAYING', 'Day Boarder', '7B', 2017, 'N', 'VVMIC MUNSYARI', '6', 'VILLAGE BUNGA', 'MUNSYARI', '262554', '1', 'UL', 'India', '9456159177', 'x', 'Through Internet', '123456', '0000-00-00 00:00:00', 'nitin', '2017-18'),
('2017041036', 'PANKAJ PANA', 'KISHAN SINGH PANA', '2006.04.10', 'no-image.jpg', 'M', 'INDIAN', 'READING,PLAYING', 'Day Boarder', '7B', 2017, 'N', 'VVMIC MUNSYARI', '6', 'VILLAGE DHEELAM', 'MUNSYARI', '262554', '1', 'UL', 'India', '8958687542', 'x', 'Through Internet', '123456', '0000-00-00 00:00:00', 'nitin', '2017-18'),
('2017041037', 'PANKAJ KUMAR', 'TRILOK RAM', '2005.03.05', 'no-image.jpg', 'M', 'INDIAN', 'READING,PLAYING', 'Day Boarder', '7B', 2017, 'N', 'VVMIC MUNSYARI', '6', 'VILLAGE BARNIYAGAON', 'MUNSYARI', '262554', '1', 'UL', 'India', '8449669622', 'x', 'Through Internet', '123456', '0000-00-00 00:00:00', 'nitin', '2017-18'),
('2017041038', 'ISHA', 'DEVENDRA RAM', '2006.07.30', 'no-image.jpg', 'F', 'INDIAN', 'READING,PLAYING', 'Day Boarder', '7B', 2017, 'N', 'VVMIC MUNSYARI', '6', 'VILLAGE BUNGA', 'MUNSYARI', '262554', '1', 'UL', 'India', '', 'x', 'Through Internet', '123456', '0000-00-00 00:00:00', 'nitin', '2017-18'),
('2017041039', 'RAVEENA DHAMI', 'BHADUR SINGH DHAMI', '2006.02.04', 'no-image.jpg', 'F', 'INDIAN', 'DRAWING', 'Day Boarder', '7B', 2017, 'N', 'M.P.S.MUNSYARI', '6', 'VILLAGE ALAM', 'MUNSYARI', '262554', '1', 'UL', 'India', '7500644732', 'x', 'Through Internet', '123456', '0000-00-00 00:00:00', 'nitin', '2017-18'),
('2017041040', 'MANOJ SINGH ', 'x', 'x', 'no-image.jpg', 'M', 'INDIAN', 'READING,PLAYING', 'Day Boarder', '7B', 2017, 'N', 'VVMIC MUNSYARI', 'A', 'x', 'x', '000000', '1', 'UL', 'India', 'x', 'x', 'Through Internet', '123456', '0000-00-00 00:00:00', 'nitin', '2017-18'),
('2017041041', 'ANJALI NABYAL', 'TRILOK SINGH', '2006.03.25', 'no-image.jpg', 'F', 'INDIAN', 'DANCING', 'Day Boarder', '7A', 2017, 'N', 'VVMIC MUNSYARI', '6', 'VILLAGE PATO', 'MUNSYARI', '262554', '1', 'UL', 'India', '9917609251', 'x', 'Through Internet', '123456', '0000-00-00 00:00:00', 'nitin', '2017-18'),
('2017041042', 'BABITA BRIJWAL', 'DEVENDRA SINGH BRIJWAL', '2006.07.21', 'no-image.jpg', 'F', 'INDIAN', 'DANCING', 'Day Boarder', '7A', 2017, 'N', 'VVMIC MUNSYARI', '6', 'VILLAGE BONA', 'MUNSYARI', '262555', '1', 'UL', 'India', '', 'x', 'Through Internet', '123456', '0000-00-00 00:00:00', 'nitin', '2017-18'),
('2017041043', 'DEEPIKA BISHT', 'BALWANT SINGH BISHT', '2006.05.05', 'no-image.jpg', 'F', 'INDIAN', 'DANCING', 'Day Boarder', '7A', 2017, 'N', 'VVMIC MUNSYARI', '6', 'VILLAGE SAIPOLU', 'MUNSYARI', '262554', '1', 'UL', 'India', '7500222691', 'x', 'Through Internet', '123456', '0000-00-00 00:00:00', 'nitin', '2017-18'),
('2017041044', 'DIYA BHANDARI', 'PURMAL SINGH ', '2006.04.02', 'no-image.jpg', 'F', 'INDIAN', 'READING,PLAYING', 'Day Boarder', '7A', 2017, 'N', 'VVMIC MUNSYARI', '6', 'VILLAGE DHUNAMANI', 'MUNSYARI', '262554', '1', 'UL', 'India', '9012685586', 'x', 'Through Internet', '123456', '0000-00-00 00:00:00', 'nitin', '2017-18'),
('2017041045', 'HANSHA LAWAL', 'BHEEM SINGH LAWAL', '2005.04.25', 'no-image.jpg', 'F', 'INDIAN', 'READING,PLAYING', 'Day Boarder', '7A', 2017, 'N', 'VVMIC MUNSYARI', '6', 'VILLAGE QUIRIJIMIYA', 'MUNSYARI', '262554', '1', 'UL', 'India', '8958570982', 'x', 'Through Internet', '123456', '0000-00-00 00:00:00', 'nitin', '2017-18'),
('2017041046', 'KAVITA NEGI', 'DURGA SINGH NEGI', '2005.10.06', 'no-image.jpg', 'F', 'INDIAN', 'READING,PLAYING', 'Day Boarder', '7A', 2017, 'N', 'VVMIC MUNSYARI', '6', 'VILLAGE DHURATOLI', 'MUNSYARI', '262554', '1', 'UL', 'India', '8941082960', 'x', 'Through Internet', '123456', '0000-00-00 00:00:00', 'nitin', '2017-18'),
('2017041047', 'LAXMI DHAMI', 'MAHENDRA SINGH DHAMI', '2004.12.05', 'no-image.jpg', 'F', 'INDIAN', 'READING,PLAYING', 'Day Boarder', '7A', 2017, 'N', 'VVMIC MUNSYARI', '6', 'VILLAGE ALAM', 'MUNSYARI', '262554', '1', 'UL', 'India', '9199274605', 'x', 'Through Internet', '123456', '0000-00-00 00:00:00', 'nitin', '2017-18'),
('2017041048', 'MAHI VISWAKARMA', 'CHANDRA RAM', '2006.02.13', 'no-image.jpg', 'F', 'INDIAN', 'READING,PLAYING', 'Day Boarder', '7A', 2017, 'N', 'VVMIC MUNSYARI', '6', 'VILLAGE BUNGA', 'MUNSYARI', '262554', '1', 'UL', 'India', '8958322373', 'x', 'Through Internet', '123456', '0000-00-00 00:00:00', 'nitin', '2017-18'),
('2017041049', 'PRIYA GHINGA', 'RUDRA SINGH GHINGA', '2006.07.04', 'no-image.jpg', 'F', 'INDIAN', 'READING,PLAYING', 'Day Boarder', '7A', 2017, 'N', 'VVMIC MUNSYARI', '6', 'VILLAGE UCHHAITI', 'MUNSYARI', '262554', '1', 'UL', 'India', '7466837749', 'x', 'Through Internet', '123456', '0000-00-00 00:00:00', 'nitin', '2017-18'),
('2017041050', 'TANUJA MARTOLIYA', 'BIRENDRA SINGH MARTOLIYA', '2005.11.25', 'no-image.jpg', 'F', 'INDIAN', 'READING,PLAYING', 'Day Boarder', '7A', 2017, 'N', 'VVMIC MUNSYARI', '6', 'MALLA GHORPATTA', 'MUNSYARI', '262554', '1', 'UL', 'India', '7248204708', 'x', 'Through Internet', '123456', '0000-00-00 00:00:00', 'nitin', '2017-18'),
('2017041051', 'USHA PANGTEY', 'KHARAK SINGH PANGTEY', '2006.04.03', 'no-image.jpg', 'F', 'INDIAN', 'READING,PLAYING', 'Day Boarder', '7A', 2017, 'N', 'VVMIC MUNSYARI', '6', 'VILLAGE TANGA', 'MUNSYARI', '262554', '1', 'UL', 'India', '9756985187', 'x', 'Through Internet', '123456', '0000-00-00 00:00:00', 'nitin', '2017-18'),
('2017041052', 'BHARAT SINGH KATHAYAT', 'SUNDER SINGH KATHAYAT', '2006.05.15', 'no-image.jpg', 'M', 'INDIAN', 'READING,PLAYING', 'Day Boarder', '7A', 2017, 'N', 'VVMIC MUNSYARI', '6', 'VILLAGE RINGU', 'MUNSYARI', '262554', '1', 'UL', 'India', '7248819380', 'x', 'Through Internet', '123456', '0000-00-00 00:00:00', 'nitin', '2017-18'),
('2017041053', 'BHASKER SINGH GANGHARIYA', 'PRAHLAD SINGH GANGHARIYA', '2006.02.06', 'no-image.jpg', 'M', 'INDIAN', 'FOOTBALL', 'Day Boarder', '7A', 2017, 'N', 'VVMIC MUNSYARI', '6', 'VILLAGE LEELAM', 'MUNSYARI', '262554', '1', 'UL', 'India', '7351519825', 'x', 'Through Internet', '123456', '0000-00-00 00:00:00', 'nitin', '2017-18'),
('2017041054', 'DEEPAK ARYA', 'TRILOK RAM', '2006.02.04', 'no-image.jpg', 'M', 'INDIAN', 'CRICKET', 'Day Boarder', '7A', 2017, 'N', 'VVMIC MUNSYARI', '6', 'VILLAGE BARNIYAGAON', 'MUNSYARI', '262554', '1', 'UL', 'India', '8449669622', 'x', 'Through Internet', '123456', '0000-00-00 00:00:00', 'nitin', '2017-18'),
('2017041055', 'DEEPAK GOSWAMI', 'NARAYAN GIRI', '2006.03.04', 'no-image.jpg', 'M', 'INDIAN', 'READING,PLAYING', 'Day Boarder', '7A', 2017, 'N', 'VVMIC MUNSYARI', '6', 'VILLAGE HARKOTE ', 'MUNSYARI', '262554', '1', 'UL', 'India', '9690909544', 'x', 'Through Internet', '123456', '0000-00-00 00:00:00', 'nitin', '2017-18'),
('2017041056', 'DIVYANSHU NITWAL', 'JASWANT SINGH NITWAL', '2006.03.19', 'no-image.jpg', 'M', 'INDIAN', 'READING,PLAYING', 'Day Boarder', '7A', 2017, 'N', 'VVMIC MUNSYARI', '6', 'VILLAGE SARMOLI ', 'MUNSYARI', '262554', '1', 'UL', 'India', '9690910816', 'x', 'Through Internet', '123456', '0000-00-00 00:00:00', 'nitin', '2017-18'),
('2017041057', 'GAURAV SINGH DHAMI', 'KARAN SINGH DHAMI', '2006.09.13', 'no-image.jpg', 'M', 'INDIAN', 'CRICKET', 'Day Boarder', '7A', 2017, 'N', 'VVMIC MUNSYARI', '6', 'VILLAGE RANTHI', 'DHARCHULA', '262545', '1', 'UL', 'India', '7579129381', 'x', 'Through Internet', '123456', '0000-00-00 00:00:00', 'nitin', '2017-18'),
('2017041058', 'GAURAV SINGH RANA', 'PREM SINGH RANA', '2006.03.19', 'no-image.jpg', 'M', 'INDIAN', 'CRICKET', 'Day Boarder', '7A', 2017, 'N', 'VVMIC MUNSYARI', '6', 'VILLAGE SHANKHDHURA', 'MUNSYARI', '262554', '1', 'UL', 'India', '9410657048', 'x', 'Through Internet', '123456', '0000-00-00 00:00:00', 'nitin', '2017-18'),
('2017041059', 'HIMANSHU KORANGA ', 'KHUSAL SINGH KORANGA', '2006.04.20', 'no-image.jpg', 'M', 'INDIAN', 'CRICKET', 'Day Boarder', '7A', 2017, 'N', 'VVMIC MUNSYARI', '6', 'VILLAGE MALLA GHORPATTA', 'MUNSYARI', '262554', '1', 'UL', 'India', '7500441779', 'x', 'Through Internet', '123456', '0000-00-00 00:00:00', 'nitin', '2017-18'),
('2017041060', 'HONEY KUMAR', 'NARAYAN RAM', '2005.07.17', 'no-image.jpg', 'M', 'INDIAN', 'READING,PLAYING', 'Day Boarder', '7A', 2017, 'N', 'VVMIC MUNSYARI', '6', 'VILLAGE SENAR', 'MUNSYARI', '262554', '1', 'UL', 'India', '8191912138', 'x', 'Through Internet', '123456', '0000-00-00 00:00:00', 'nitin', '2017-18'),
('2017041061', 'HIMANSHU SINGH FARSWAN', 'SHER SIGNH ', '2006.05.02', 'no-image.jpg', 'M', 'INDIAN', 'READING,PLAYING', 'Day Boarder', '7A', 2017, 'N', 'VVMIC MUNSYARI', '6', 'VILLAGE MATENA', 'MUNSYARI', '262554', '1', 'UL', 'India', '9760125650', 'x', 'Through Internet', '123456', '0000-00-00 00:00:00', 'nitin', '2017-18'),
('2017041062', 'HIMANSHU CHIRAL', 'PUSHKAR SINGH', '2005.05.25', 'no-image.jpg', 'M', 'INDIAN', 'READING,PLAYING', 'Day Boarder', '7A', 2017, 'N', 'VVMIC MUNSYARI', '6', 'VILLAGE CHAUNA', 'MUNSYARI', '262554', '1', 'UL', 'India', '8941948403', 'x', 'Through Internet', '123456', '0000-00-00 00:00:00', 'nitin', '2017-18'),
('2017041063', 'INDERJEET SINGH PANWAR', 'BHEEM SINGH PANWAR', '2006.03.05', 'no-image.jpg', 'M', 'INDIAN', 'READING,PLAYING', 'Day Boarder', '7A', 2017, 'N', 'VVMIC MUNSYARI', '6', 'VILLAGE SAMKOTE', 'MUNSYARI', '262554', '1', 'UL', 'India', '9173577737', 'x', 'Through Internet', '123456', '0000-00-00 00:00:00', 'nitin', '2017-18'),
('2017041064', 'KAVINDRA SINGH DARIYAL', 'PRAHLAD SINGH DARIYAL', '2007.12.24', 'no-image.jpg', 'M', 'INDIAN', 'READING,PLAYING', 'Day Boarder', '7A', 2017, 'N', 'VVMIC MUNSYARI', '6', 'VILLAGE PATO', 'MUNSYARI', '262554', '1', 'UL', 'India', 'x', 'x', 'Through Internet', '123456', '0000-00-00 00:00:00', 'nitin', '2017-18'),
('2017041065', 'MANOJ SINGH MAHAR', 'RAM SINGH MAHAR', '2006.03.25', 'no-image.jpg', 'M', 'INDIAN', 'READING,PLAYING', 'Day Boarder', '7A', 2017, 'N', 'VVMIC MUNSYARI', '6', 'VILLAGE LOADH', 'MUNSYARI', '262554', '1', 'UL', 'India', '9977762015', 'x', 'Through Internet', '123456', '0000-00-00 00:00:00', 'nitin', '2017-18'),
('2017041066', 'MAYANK KUMAR', 'PRATAP RAM', '2006.04.21', 'no-image.jpg', 'M', 'INDIAN', 'READING,PLAYING', 'Day Boarder', '7A', 2017, 'N', 'VVMIC MUNSYARI', '6', 'VILLAGE BUNGA', 'MUNSYARI', '262554', '1', 'UL', 'India', '9690149894', 'x', 'Through Internet', '123456', '0000-00-00 00:00:00', 'nitin', '2017-18'),
('2017041067', 'MUKESH SINGH FARSWAN', 'DURGA SINGH FARSWAN', '2006.03.19', 'no-image.jpg', 'M', 'INDIAN', 'READING,PLAYING', 'Day Boarder', '7A', 2017, 'N', 'VVMIC MUNSYARI', '6', 'VILLAGE BHADELI', 'MUNSYARI', '262554', '1', 'UL', 'India', '9690149698', 'x', 'Through Internet', '123456', '0000-00-00 00:00:00', 'nitin', '2017-18'),
('2017041068', 'NEERAJ KUMAR', 'NATHO RAM', '2004.04.15', 'no-image.jpg', 'M', 'INDIAN', 'READING,PLAYING', 'Day Boarder', '7A', 2017, 'N', 'VVMIC MUNSYARI', '6', 'VILLAGE TALLA GHORPATTA', 'MUNSYARI', '262554', '1', 'UL', 'India', '7535828466', 'x', 'Through Internet', '123456', '0000-00-00 00:00:00', 'nitin', '2017-18'),
('2017041069', 'NEERAJ SINGH PANWAR', 'LAXMAN PANWAR', '2006.04.06', 'no-image.jpg', 'M', 'INDIAN', 'READING,PLAYING', 'Day Boarder', '7A', 2017, 'N', 'VVMIC MUNSYARI', '6', 'VILLAGE SAMKOTE', 'MUNSYARI', '262554', '1', 'UL', 'India', '7466055159', 'x', 'Through Internet', '123456', '0000-00-00 00:00:00', 'nitin', '2017-18'),
('2017041070', 'NAVNEET SINGH BRIJWAL', 'BIRENDRA SINGH BRIJWAL', '2006.07.02', 'no-image.jpg', 'M', 'INDIAN', 'READING,PLAYING', 'Day Boarder', '7A', 2017, 'N', 'VVMIC MUNSYARI', '6', 'VILLAGE MALLA GHORPATTA', 'MUNSYARI', '262555', '1', 'UL', 'India', '7351797787', 'x', 'Through Internet', '123456', '0000-00-00 00:00:00', 'nitin', '2017-18'),
('2017041071', 'PANKAJ KUMAR', 'HARI RAM', '2004.09.24', 'no-image.jpg', 'M', 'INDIAN', 'READING,PLAYING', 'Day Boarder', '7A', 2017, 'N', 'VVMIC MUNSYARI', '6', 'VILLAGE DOKULA', 'MUNSYARI', '262554', '1', 'UL', 'India', '9756985367', 'x', 'Through Internet', '123456', '0000-00-00 00:00:00', 'nitin', '2017-18'),
('2017041072', 'PRAVEEN SINGH PANWAR', 'BALWANT SINGH PANWAR', '2006.04.03', 'no-image.jpg', 'M', 'INDIAN', 'READING,PLAYING', 'Day Boarder', '7A', 2017, 'N', 'VVMIC MUNSYARI', '6', 'VILLAGE SAMKOTE', 'MUNSYARI', '262555', '1', 'UL', 'India', '8958616482', 'x', 'Through Internet', '123456', '0000-00-00 00:00:00', 'nitin', '2017-18'),
('2017041073', 'RAJAT SINGH MEHTA', 'LALIT SINGH MEHTA', '2006.02.20', 'no-image.jpg', 'M', 'INDIAN', 'READING,PLAYING', 'Day Boarder', '7A', 2017, 'N', 'VVMIC MUNSYARI', '6', 'VILLAGE FALYATI', 'MUNSYARI', '262554', '1', 'UL', 'India', '8958173422', 'x', 'Through Internet', '123456', '0000-00-00 00:00:00', 'nitin', '2017-18'),
('2017041074', 'SANJAY SINGH RAWAT', 'GANGA SINGH RAWAT', '2006.02.14', 'no-image.jpg', 'M', 'INDIAN', 'READING,PLAYING', 'Day Boarder', '7A', 2017, 'N', 'VVMIC MUNSYARI', '6', 'VILLAGE QUIRIJIMIYA', 'MUNSYARI', '262554', '1', 'UL', 'India', '9758191149', 'x', 'Through Internet', '123456', '0000-00-00 00:00:00', 'nitin', '2017-18'),
('2017041075', 'TRIBHUWAN KUMAR VISWAKARMA', 'NARAYAN RAM', '2006.05.10', 'no-image.jpg', 'M', 'INDIAN', 'READING,PLAYING', 'Day Boarder', '7A', 2017, 'N', 'VVMIC MUNSYARI', '6', 'VILLAGE BHALIYA', 'PITHORAGARH', '262501', '1', 'UL', 'India', '8057999126', 'x', 'Through Internet', '123456', '0000-00-00 00:00:00', 'nitin', '2017-18'),
('2017041076', 'VIKRAM SIGNH PANCHPAL', 'BALWANT SINGH PANCHPAL', '2005.03.04', 'no-image.jpg', 'M', 'INDIAN', 'READING,PLAYING', 'Day Boarder', '7A', 2017, 'N', 'VVMIC MUNSYARI', '6', 'VILLAGE BONA', 'MUNSYARI', '262554', '1', 'UL', 'India', 'x', 'x', 'Through Internet', '123456', '0000-00-00 00:00:00', 'nitin', '2017-18'),
('2017041077', 'VIKRAM SINGH KHATRI', 'DHAN SIBNGH KHATRI', '2008.07.10', 'no-image.jpg', 'M', 'INDIAN', 'READING,PLAYING', 'Day Boarder', '7A', 2017, 'N', 'VVMIC MUNSYARI', '6', 'VILLAGE SURAIDHAR', 'MUNSYARI', '262554', '1', 'UL', 'India', '9410565214', 'x', 'Through Internet', '123456', '0000-00-00 00:00:00', 'nitin', '2017-18'),
('2017041078', 'PUSHPA', 'NARAYAN SINGH RAJWAR', '2006.03.18', 'no-image.jpg', 'F', 'INDIAN', 'READING,PLAYING', 'Day Boarder', '7A', 2017, 'N', 'VVMIC MUNSYARI', '6', 'VILLAGE JAMTARI', 'DHARCHULA', '262544', '1', 'UL', 'India', '8193048522', 'x', 'Through Internet', '123456', '0000-00-00 00:00:00', 'nitin', '2017-18'),
('2017041079', 'SONU', 'BHUPENDRA SINGH RAJWAR', '2005.04.11', 'no-image.jpg', 'F', 'INDIAN', 'READING,PLAYING', 'Day Boarder', '7A', 2017, 'N', 'VVMIC MUNSYARI', '6', 'VILLAGE JAMTARI', 'DHARCHULA', '262544', '1', 'UL', 'India', '9410565214', 'x', 'Through Internet', '123456', '0000-00-00 00:00:00', 'nitin', '2017-18'),
('2017041080', 'ISHWAR HARKOTIA', 'KHARAK SINGH HARKOTIA', '2005.02.25', 'no-image.jpg', 'M', 'INDIAN', 'READING,PLAYING', 'Day Boarder', '7A', 2017, 'N', 'MPS MUNSYARI', '6', 'VILLAGE HARKOTE ', 'MUNSYARI', '262554', '1', 'UL', 'India', '7599277741', 'x', 'Through Internet', '123456', '0000-00-00 00:00:00', 'nitin', '2017-18'),
('2017041081', 'SAGAR VISWAKARMA', 'PREM RAM', '2006.03.13', 'no-image.jpg', 'M', 'INDIAN', 'READING,PLAYING', 'Day Boarder', '7A', 2017, 'N', 'GIC MUNSYARI', '6', 'VILLAGE MALLA GHORPATTA', 'MUNSYARI', '262554', '1', 'UL', 'India', '9917165814', 'x', 'Through Internet', '123456', '0000-00-00 00:00:00', 'nitin', '2017-18'),
('2017041082', 'APRNA TRIPATHI', 'GIRISH CHANDRA TRIPATHI', '2004.01.30', 'no-image.jpg', 'F', 'INDIAN', 'DANCING', 'Day Boarder', '8A', 2017, 'N', 'VVMIC MUNSYARI', '7', 'VILLAGE MALLA GHORPATTA', 'MUNSYARI', '262554', '1', 'UL', 'India', '9756615493', 'x', 'Through Internet', '123456', '0000-00-00 00:00:00', 'nitin', '2017-18'),
('2017041083', 'DIVYA TOMKIYAL', 'PADAM SINGH TOMKIYAL', '2005.04.15', 'no-image.jpg', 'F', 'INDIAN', 'READING', 'Day Boarder', '8A', 2017, 'N', 'VVMIC MUNSYARI', '7', 'VILLAGE BONA', 'MUNSYARI', '262554', '1', 'UL', 'India', '8057731737', 'x', 'Through Internet', '123457', '0000-00-00 00:00:00', 'nitin', '2017-18'),
('2017041084', 'KALPANA GHINGA', 'NARAYAN SINGH GHINGA', '2005.02.05', 'no-image.jpg', 'F', 'INDIAN', 'READING', 'Day Boarder', '8A', 2017, 'N', 'VVMIC MUNSYARI', '7', 'VILLAGE BUIE', 'MUNSYARI', '262554', '1', 'UL', 'India', '9756805646', 'x', 'Through Internet', '123458', '0000-00-00 00:00:00', 'nitin', '2017-18'),
('2017041085', 'KANUPRIYA RILKOTIA', 'HEERA SINGH RILKOTIA', '2005.03.06', 'no-image.jpg', 'F', 'INDIAN', 'DRAWING', 'Day Boarder', '8A', 2017, 'N', 'VVMIC MUNSYARI', '7', 'VILLAGE DHAPA', 'MUNSYARI', '262554', '1', 'UL', 'India', '8477045633', 'x', 'Through Internet', '123459', '0000-00-00 00:00:00', 'nitin', '2017-18'),
('2017041086', 'MANISHA MEHTA', 'MANOHAR SINGH MEHTA', '2005.09.25', 'no-image.jpg', 'F', 'INDIAN', 'READING', 'Day Boarder', '8A', 2017, 'N', 'VVMIC MUNSYARI', '7', 'VILLAGE CHAUNA', 'MUNSYARI', '262554', '1', 'UL', 'India', '8937020575', 'x', 'Through Internet', '123460', '0000-00-00 00:00:00', 'nitin', '2017-18'),
('2017041087', 'NIHARIKA TRIPATHI', 'MAHESH CHANDRA TRIPATHI', '2005.08.25', 'no-image.jpg', 'F', 'INDIAN', 'READING', 'Day Boarder', '8A', 2017, 'N', 'VVMIC MUNSYARI', '7', 'VILLAGE SEVILA', 'MUNSYARI', '262554', '1', 'UL', 'India', '8979783614', 'x', 'Through Internet', '123461', '0000-00-00 00:00:00', 'nitin', '2017-18'),
('2017041088', 'PREETI GWAL', 'HEERA SINGH GWAL', '2004.09.15', 'no-image.jpg', 'F', 'INDIAN', 'READING', 'Day Boarder', '8A', 2017, 'N', 'VVMIC MUNSYARI', '7', 'VILLAGE PATO', 'MUNSYARI', '262554', '1', 'UL', 'India', '8192070616', 'x', 'Through Internet', '123462', '0000-00-00 00:00:00', 'nitin', '2017-18'),
('2017041089', 'KHEELA LASPAL', 'JASPAL SINGH ', '2004.07.08', 'no-image.jpg', 'F', 'INDIAN', 'PLAYING', 'Day Boarder', '8A', 2017, 'N', 'VVMIC MUNSYARI', '7', 'VILLAGE SAIPOLU', 'MUNSYARI', '262554', '1', 'UL', 'India', '7534881691', 'x', 'Through Internet', '123463', '0000-00-00 00:00:00', 'nitin', '2017-18'),
('2017041090', 'BHUPESH HARKOTIA', 'CHANDRA SINGH HARKOTIA', '2005.03.15', 'no-image.jpg', 'M', 'INDIAN', 'DRAWING', 'Day Boarder', '8A', 2017, 'N', 'VVMIC MUNSYARI', '7', 'VILLAGE HARKOTE ', 'MUNSYARI', '262554', '1', 'UL', 'India', '9927256009', 'x', 'Through Internet', '123464', '0000-00-00 00:00:00', 'nitin', '2017-18'),
('2017041091', 'BHUPESH MEHTA', 'KRISHNA MEHTA', '2005.04.20', 'no-image.jpg', 'M', 'INDIAN', 'CYCLING', 'Day Boarder', '8A', 2017, 'N', 'VVMIC MUNSYARI', '7', 'VILLAGE SEVILA', 'MUNSYARI', '262554', '1', 'UL', 'India', '8958351522', 'x', 'Through Internet', '123465', '0000-00-00 00:00:00', 'nitin', '2017-18'),
('2017041092', 'VINOD RANA', 'DEVENDRA SINGH RANA', '2005.04.02', 'no-image.jpg', 'M', 'INDIAN', 'CRICKET', 'Day Boarder', '8A', 2017, 'N', 'VVMIC MUNSYARI', '7', 'VILLAGE GIRGAON', 'MUNSYARI', '262554', '1', 'UL', 'India', '7500700406', 'x', 'Through Internet', '123466', '0000-00-00 00:00:00', 'nitin', '2017-18'),
('2017041093', 'CHANDAN SINGH ', 'LAXMAN SINGH LASPAL', '2005.03.18', 'no-image.jpg', 'M', 'INDIAN', 'DRAWING', 'Day Boarder', '8A', 2017, 'N', 'VVMIC MUNSYARI', '7', 'VILLAGE SAIPOLU', 'MUNSYARI', '262554', '1', 'UL', 'India', '8477049839', 'x', 'Through Internet', '123467', '0000-00-00 00:00:00', 'nitin', '2017-18'),
('2017041094', 'CHETAN BRIJWAL', 'VIRENDRA SINGH BRIJWAL', '2005.03.23', 'no-image.jpg', 'M', 'INDIAN', 'CYCLING', 'Day Boarder', '8A', 2017, 'N', 'VVMIC MUNSYARI', '7', 'VILLAGE MALLA GHORPATTA', 'MUNSYARI', '262554', '1', 'UL', 'India', '7500652722', 'x', 'Through Internet', '123468', '0000-00-00 00:00:00', 'nitin', '2017-18'),
('2017041095', 'DEEPAK KUMAR', 'PANA RAM', '2005.03.05', 'no-image.jpg', 'M', 'INDIAN', 'MUSIC', 'Day Boarder', '8A', 2017, 'N', 'VVMIC MUNSYARI', '7', 'VILLAGE BUNGA', 'MUNSYARI', '262554', '1', 'UL', 'India', '8958706965', 'x', 'Through Internet', '123469', '0000-00-00 00:00:00', 'nitin', '2017-18'),
('2017041096', 'GAJENDRA KUMAR', 'DHANI RAM', '2005.05.01', 'no-image.jpg', 'M', 'INDIAN', 'PLAYING', 'Day Boarder', '8A', 2017, 'N', 'VVMIC MUNSYARI', '7', 'VILLAGE RINGU', 'MUNSYARI', '262554', '1', 'UL', 'India', '7351834882', 'x', 'Through Internet', '123470', '0000-00-00 00:00:00', 'nitin', '2017-18'),
('2017041097', 'GANESH SINGH NEGI', 'DIGAR SINGH NEGI', '2005.10.06', 'no-image.jpg', 'M', 'INDIAN', 'READING', 'Day Boarder', '8A', 2017, 'N', 'VVMIC MUNSYARI', '7', 'VILLAGE DHURATOLI', 'MUNSYARI', '262554', '1', 'UL', 'India', '7568294373', 'x', 'Through Internet', '123471', '0000-00-00 00:00:00', 'nitin', '2017-18'),
('2017041098', 'GAURAV BAGARI', 'HARISH SINGH', '2004.08.25', 'no-image.jpg', 'M', 'INDIAN', 'CRICKET', 'Day Boarder', '8A', 2017, 'N', 'VVMIC MUNSYARI', '7', 'VILLAGE BUIE', 'MUNSYARI', '262554', '1', 'UL', 'India', '7351767740', 'x', 'Through Internet', '123472', '0000-00-00 00:00:00', 'nitin', '2017-18'),
('2017041099', 'HIMANSHU KUMAR', 'MAHENDRA RAM', '2005.05.20', 'no-image.jpg', 'M', 'INDIAN', 'DRAWING', 'Day Boarder', '8A', 2017, 'N', 'VVMIC MUNSYARI', '7', 'VILLAGE HARKOTE ', 'MUNSYARI', '262554', '1', 'UL', 'India', '8937052347', 'x', 'Through Internet', '123473', '0000-00-00 00:00:00', 'nitin', '2017-18'),
('2017041100', 'ISHANT MEHRA', 'SHER SINGH MEHRA', '2005.08.28', 'no-image.jpg', 'M', 'INDIAN', 'MUSIC', 'Day Boarder', '8A', 2017, 'N', 'VVMIC MUNSYARI', '7', 'VILLAGE KULTHAM', 'MUNSYARI', '262554', '1', 'UL', 'India', '8958824056', 'x', 'Through Internet', '123474', '0000-00-00 00:00:00', 'nitin', '2017-18'),
('2017041101', 'JAGJIVAN BRIJWAL', 'KUNDAN SINGH BRIJWAL', '2005.04.04', 'no-image.jpg', 'M', 'INDIAN', 'MUSIC', 'Day Boarder', '8A', 2017, 'N', 'VVMIC MUNSYARI', '7', 'VILLAGE BONA', 'MUNSYARI', '262554', '1', 'UL', 'India', '9756940137', 'x', 'Through Internet', '123475', '0000-00-00 00:00:00', 'nitin', '2017-18'),
('2017041102', 'JEEVAN DHOKTI', 'JODHA SINGH DHOKTI', '2005.06.30', 'no-image.jpg', 'M', 'INDIAN', 'CYCLING', 'Day Boarder', '8A', 2017, 'N', 'VVMIC MUNSYARI', '7', 'VILLAGE SHAMBHUGHAT', 'MUNSYARI', '262554', '1', 'UL', 'India', '7351984460', 'x', 'Through Internet', '123476', '0000-00-00 00:00:00', 'nitin', '2017-18'),
('2017041103', 'JITENDRA SINGH', 'KUNDAN SINGH ', '2005.04.03', 'no-image.jpg', 'M', 'INDIAN', 'CYCLING', 'Day Boarder', '8A', 2017, 'N', 'VVMIC MUNSYARI', '7', 'VILLAGE BUNGA', 'MUNSYARI', '262554', '1', 'UL', 'India', '9917929846', 'x', 'Through Internet', '123477', '0000-00-00 00:00:00', 'nitin', '2017-18'),
('2017041104', 'KAILASH MARTOLIYA', 'INDRA SINGH MARTOLIYA', '2004.07.15', 'no-image.jpg', 'M', 'INDIAN', 'PLAYING', 'Day Boarder', '8A', 2017, 'N', 'VVMIC MUNSYARI', '7', 'VILLAGE SURING', 'MUNSYARI', '262554', '1', 'UL', 'India', '8958669596', 'x', 'Through Internet', '123478', '0000-00-00 00:00:00', 'nitin', '2017-18'),
('2017041105', 'KAMLESH DHOKTI', 'SHOBAN SINGH DHOKTI', '2005.03.24', 'no-image.jpg', 'M', 'INDIAN', 'READING', 'Day Boarder', '8A', 2017, 'N', 'VVMIC MUNSYARI', '7', 'VILLAGE BASANTKOTE', 'MUNSYARI', '262554', '1', 'UL', 'India', '9568257363', 'x', 'Through Internet', '123479', '0000-00-00 00:00:00', 'nitin', '2017-18'),
('2017041106', 'KAMLESH JOSHI', 'ANANDBALLBH JOSHI', '2004.02.03', 'no-image.jpg', 'M', 'INDIAN', 'READING', 'Day Boarder', '8A', 2017, 'N', 'VVMIC MUNSYARI', '7', 'VILLAGE KHASIABARA', 'MUNSYARI', '262554', '1', 'UL', 'India', '7253824574', 'x', 'Through Internet', '123480', '0000-00-00 00:00:00', 'nitin', '2017-18'),
('2017041107', 'KAVINDRA SINGH IMLAL', 'GOP SINGH', '2005.07.27', 'no-image.jpg', 'M', 'INDIAN', 'CRICKET', 'Day Boarder', '8A', 2017, 'N', 'VVMIC MUNSYARI', '7', 'VILLAGE IMLA', 'MUNSYARI', '262554', '1', 'UL', 'India', '9917163395', 'x', 'Through Internet', '123481', '0000-00-00 00:00:00', 'nitin', '2017-18'),
('2017041108', 'LOVERAJ KUMAR', 'NATTHI RAM', '2005.01.13', 'no-image.jpg', 'M', 'INDIAN', 'PLAYING', 'Day Boarder', '8A', 2017, 'N', 'VVMIC MUNSYARI', '7', 'VILLAGE BARNIYAGAON', 'MUNSYARI', '262554', '1', 'UL', 'India', '9568983787', 'x', 'Through Internet', '123482', '0000-00-00 00:00:00', 'nitin', '2017-18'),
('2017041109', 'LOVERAJ LASPAL', 'KISHAN SINGH LASPAL', '2005.05.01', 'no-image.jpg', 'M', 'INDIAN', 'PLAYING', 'Day Boarder', '8A', 2017, 'N', 'VVMIC MUNSYARI', '7', 'VILLAGE SAIPOLU', 'MUNSYARI', '262554', '1', 'UL', 'India', '', 'x', 'Through Internet', '123482', '0000-00-00 00:00:00', 'nitin', '2017-18'),
('2017041110', 'MANISH SINGH BORA', 'RAJENDRA SINGH', '2005.06.20', 'no-image.jpg', 'M', 'INDIAN', 'DRAWING', 'Day Boarder', '8A', 2017, 'N', 'VVMIC MUNSYARI', '7', 'VILLAGE CHETICHIMLA', 'MUNSYARI', '262554', '1', 'UL', 'India', '8057753515', 'x', 'Through Internet', '123482', '0000-00-00 00:00:00', 'nitin', '2017-18'),
('2017041111', 'MAYANK VERMA', 'RAMESH RAM', '2005.04.25', 'no-image.jpg', 'M', 'INDIAN', 'PLAYING', 'Day Boarder', '8A', 2017, 'N', 'VVMIC MUNSYARI', '7', 'VILLAGE TALLA DUMMAR', 'MUNSYARI', '262554', '1', 'UL', 'India', '9457566151', 'x', 'Through Internet', '123482', '0000-00-00 00:00:00', 'nitin', '2017-18'),
('2017041112', 'PANKAJ KUMAR', 'ANAND RAM', '2005.05.14', 'no-image.jpg', 'M', 'INDIAN', 'READING', 'Day Boarder', '8A', 2017, 'N', 'VVMIC MUNSYARI', '7', 'VILLAGE SAIPOLU', 'MUNSYARI', '262554', '1', 'UL', 'India', '9690846628', 'x', 'Through Internet', '123482', '0000-00-00 00:00:00', 'nitin', '2017-18'),
('2017041113', 'PRADEEP PANT', 'PRAKASH PANT', '2005.09.15', 'no-image.jpg', 'M', 'INDIAN', 'READING', 'Day Boarder', '8A', 2017, 'N', 'VVMIC MUNSYARI', '7', 'VILLAGE BERINAG', 'BERINAG', '262554', '1', 'UL', 'India', '9639124660', 'x', 'Through Internet', '123482', '0000-00-00 00:00:00', 'nitin', '2017-18'),
('2017041114', 'RAHUL BISHT', 'BALA SINGH BISHT', '2005.02.21', 'no-image.jpg', 'M', 'INDIAN', 'CRICKET', 'Day Boarder', '8A', 2017, 'N', 'VVMIC MUNSYARI', '7', 'VILLAGE SAIPOLU', 'MUNSYARI', '262554', '1', 'UL', 'India', '7464963540', 'x', 'Through Internet', '123482', '0000-00-00 00:00:00', 'nitin', '2017-18'),
('2017041115', 'RAHUL SINGH TOMKIYAL', 'BHADUR SINGH', '2004.03.08', 'no-image.jpg', 'M', 'INDIAN', 'PLAYING', 'Day Boarder', '8A', 2017, 'N', 'VVMIC MUNSYARI', '7', 'VILLAGE TOMIK', 'MUNSYARI', '262554', '1', 'UL', 'India', '8191958848', 'x', 'Through Internet', '123482', '0000-00-00 00:00:00', 'nitin', '2017-18'),
('2017041116', 'RAVI PALIWAL', 'BALWANT SINGH ', '2004.04.07', 'no-image.jpg', 'M', 'INDIAN', 'CYCLING', 'Day Boarder', '8A', 2017, 'N', 'VVMIC MUNSYARI', '7', 'VILLAGE PAINKUTI', 'MUNSYARI', '262501', '1', 'UL', 'India', '8958528083', 'x', 'Through Internet', '123482', '0000-00-00 00:00:00', 'nitin', '2017-18'),
('2017041117', 'SIDDHARTH PANDEY', 'RAMESH CHANDRA PANDEY', '2006.02.10', 'no-image.jpg', 'M', 'INDIAN', 'PLAYING', 'Day Boarder', '8A', 2017, 'N', 'VVMIC MUNSYARI', '7', 'VILLAGE SARMOLI', 'MUNSYARI', '262554', '1', 'UL', 'India', '8909139761', 'x', 'Through Internet', '123482', '0000-00-00 00:00:00', 'nitin', '2017-18'),
('2017041118', 'VIVEK FARSWAN', 'SHER SINGH FARSWAN', '2005.04.01', 'no-image.jpg', 'M', 'INDIAN', 'CRICKET', 'Day Boarder', '8A', 2017, 'N', 'VVMIC MUNSYARI', '7', 'VILLAGE MATENA', 'MUNSYARI', '262554', '1', 'UL', 'India', '', 'x', 'Through Internet', '123482', '0000-00-00 00:00:00', 'nitin', '2017-18'),
('2017041119', 'YOGESH JOSHI', 'JAGDISH CHANDRA JOSHI', '2005.03.08', 'no-image.jpg', 'M', 'INDIAN', 'CRICKET', 'Day Boarder', '8A', 2017, 'N', 'VVMIC MUNSYARI', '7', 'VILLAGE KHASIABARA', 'MUNSYARI', '262554', '1', 'UL', 'India', '9568205799', 'x', 'Through Internet', '123482', '0000-00-00 00:00:00', 'nitin', '2017-18'),
('2017041120', 'VIVEK MARTOLIYA', 'DEVENDRA SINGH ', '2003.02.10', 'no-image.jpg', 'M', 'INDIAN', 'PLAYING', 'Day Boarder', '8A', 2017, 'N', 'VVMIC MUNSYARI', '7', 'VILLAGE SURING', 'MUNSYARI', '262554', '1', 'UL', 'India', '8941948229', 'x', 'Through Internet', '123482', '0000-00-00 00:00:00', 'nitin', '2017-18'),
('2017041121', 'MANISH SINGH BHAKUNI', 'JAGAT SINGH', '2005.10.22', 'no-image.jpg', 'M', 'INDIAN', 'DRAWING', 'Day Boarder', '8A', 2017, 'N', 'VVMIC MUNSYARI', '7', 'VILLAGE KHASIABARA', 'MUNSYARI', '262554', '1', 'UL', 'India', '8057672091', 'x', 'Through Internet', '123482', '0000-00-00 00:00:00', 'nitin', '2017-18'),
('2017041122', 'LOVERAJ PANWAR', 'RAJENDRA SINGH PANWAR', '2005.01.05', 'no-image.jpg', 'M', 'INDIAN', 'READING', 'Day Boarder', '8A', 2017, 'N', 'VVMIC MUNSYARI', '7', 'VILLAGE SAMKOTE', 'MUNSYARI', '262554', '1', 'UL', 'India', '9837552549', 'x', 'Through Internet', '123482', '0000-00-00 00:00:00', 'nitin', '2017-18'),
('2017041123', 'ANKIT VERMA', 'DINESH LAL VERMA', '2006.02.15', 'no-image.jpg', 'F', 'INDIAN', 'PLAYING', 'Day Boarder', '8B', 2017, 'N', 'VVMIC MUNSYARI', '7', 'PAPDEV PAUN', 'PITHORAGARH', '262554', '1', 'UL', 'India', '7466055508', 'x', 'Through Internet', '123482', '0000-00-00 00:00:00', 'nitin', '2017-18'),
('2017041124', 'DIYA DHAMI', 'PURAN SINGH DHAMI', '2005.06.28', 'no-image.jpg', 'F', 'INDIAN', 'SINGING', 'Day Boarder', '8B', 2017, 'N', 'VVMIC MUNSYARI', '7', 'TALLA GHORAPATTA', 'MUNSYARI', '262554', '1', 'UL', 'India', '8958341037', 'x', 'Through Internet', '123483', '0000-00-00 00:00:00', 'nitin', '2017-18'),
('2017041125', 'GEETANJALI MARTOLIYA', 'MOHAN SINGH MARTOLIYA', '2004.08.29', 'no-image.jpg', 'F', 'INDIAN', 'PLAYING', 'Day Boarder', '8B', 2017, 'N', 'VVMIC MUNSYARI', '7', 'SURING', 'MUNSYARI', '262554', '1', 'UL', 'India', '9012010344', 'x', 'Through Internet', '123484', '0000-00-00 00:00:00', 'nitin', '2017-18'),
('2017041126', 'HIMANSHI KORANGA', 'SUNDER SINGH MARTOLIYA', '2004.01.01', 'no-image.jpg', 'F', 'INDIAN', 'RUNNING', 'Day Boarder', '8B', 2017, 'N', 'VVMIC MUNSYARI', '7', 'GIRGAON', 'MUNSYARI', '262554', '1', 'UL', 'India', '8958394962', 'x', 'Through Internet', '123485', '0000-00-00 00:00:00', 'nitin', '2017-18'),
('2017041127', 'LAXMI BHANDARI', 'KUNDAN SINGH BHANDARI', '2003.08.26', 'no-image.jpg', 'F', 'INDIAN', 'SINGING', 'Day Boarder', '8B', 2017, 'N', 'VVMIC MUNSYARI', '7', 'DUMMAR', 'MUNSYARI', '262554', '1', 'UL', 'India', '7351982847', 'x', 'Through Internet', '123486', '0000-00-00 00:00:00', 'nitin', '2017-18'),
('2017041128', 'MANISHA KATHAYAT', 'SUNDER SINGH KATHAYAT', '2005.04.12', 'no-image.jpg', 'F', 'INDIAN', 'PAINTING', 'Day Boarder', '8B', 2017, 'N', 'VVMIC MUNSYARI', '7', 'RINGU', 'MUNSYARI', '262554', '1', 'UL', 'India', '7248819380', 'x', 'Through Internet', '123487', '0000-00-00 00:00:00', 'nitin', '2017-18'),
('2017041129', 'PREETI PANA', 'KISHAN SINGH PANA', '2005.03.12', 'no-image.jpg', 'F', 'INDIAN', 'PAINTING', 'Day Boarder', '8B', 2017, 'N', 'VVMIC MUNSYARI', '7', 'DHEELAM', 'MUNSYARI', '262554', '1', 'UL', 'India', '8958687542', 'x', 'Through Internet', '123488', '0000-00-00 00:00:00', 'nitin', '2017-18'),
('2017041130', 'TANUJA NITWAL', 'KHUSAL SINGH', '2005.04.19', 'no-image.jpg', 'F', 'INDIAN', 'PLAYING', 'Day Boarder', '8B', 2017, 'N', 'VVMIC MUNSYARI', '7', 'SHANKHDHURA', 'MUNSYARI', '262554', '1', 'UL', 'India', '9458130406', 'x', 'Through Internet', '123489', '0000-00-00 00:00:00', 'nitin', '2017-18'),
('2017041131', 'MITALI MARTOLIYA', 'JAGAT SINGH MARTOLIYA', '2005.03.05', 'no-image.jpg', 'F', 'INDIAN', 'PLAYING', 'Day Boarder', '8B', 2017, 'N', 'VVMIC MUNSYARI', '7', 'RANTHI', 'MUNSYARI', '262554', '1', 'UL', 'India', '9756723497', 'x', 'Through Internet', '123490', '0000-00-00 00:00:00', 'nitin', '2017-18'),
('2017041132', 'PRIYANSHU RANA', 'RAMESH SINGH RANA', '2005.03.20', 'no-image.jpg', 'M', 'INDIAN', 'CYCLING', 'Day Boarder', '8B', 2017, 'N', 'VVMIC MUNSYARI', '7', 'VILLAGE SEVILA', 'MUNSYARI', '262554', '1', 'UL', 'India', '8958351522', 'x', 'Through Internet', '123491', '0000-00-00 00:00:00', 'nitin', '2017-18'),
('2017041133', 'VINOD RANA', 'DEVENDRA SINGH RANA', '2005.04.02', 'no-image.jpg', 'M', 'INDIAN', 'CRICKET', 'Day Boarder', '8B', 2017, 'N', 'VVMIC MUNSYARI', '7', 'VILLAGE GIRGAON', 'MUNSYARI', '262554', '1', 'UL', 'India', '7500700406', 'x', 'Through Internet', '123492', '0000-00-00 00:00:00', 'nitin', '2017-18'),
('2017041134', 'CHANDAN SINGH ', 'LAXMAN SINGH LASPAL', '2005.03.18', 'no-image.jpg', 'M', 'INDIAN', 'DRAWING', 'Day Boarder', '8B', 2017, 'N', 'VVMIC MUNSYARI', '7', 'VILLAGE SAIPOLU', 'MUNSYARI', '262554', '1', 'UL', 'India', '8477049839', 'x', 'Through Internet', '123493', '0000-00-00 00:00:00', 'nitin', '2017-18'),
('2017041135', 'CHETAN BRIJWAL', 'VIRENDRA SINGH BRIJWAL', '2005.03.23', 'no-image.jpg', 'M', 'INDIAN', 'CYCLING', 'Day Boarder', '8B', 2017, 'N', 'VVMIC MUNSYARI', '7', 'VILLAGE MALLA GHORPATTA', 'MUNSYARI', '262554', '1', 'UL', 'India', '7500652722', 'x', 'Through Internet', '123494', '0000-00-00 00:00:00', 'nitin', '2017-18'),
('2017041136', 'DEEPAK KUMAR', 'PANA RAM', '2005.03.05', 'no-image.jpg', 'M', 'INDIAN', 'MUSIC', 'Day Boarder', '8B', 2017, 'N', 'VVMIC MUNSYARI', '7', 'VILLAGE BUNGA', 'MUNSYARI', '262554', '1', 'UL', 'India', '8958706965', 'x', 'Through Internet', '123495', '0000-00-00 00:00:00', 'nitin', '2017-18'),
('2017041137', 'GAJENDRA KUMAR', 'DHANI RAM', '2005.05.01', 'no-image.jpg', 'M', 'INDIAN', 'PLAYING', 'Day Boarder', '8B', 2017, 'N', 'VVMIC MUNSYARI', '7', 'VILLAGE RINGU', 'MUNSYARI', '262554', '1', 'UL', 'India', '7351834882', 'x', 'Through Internet', '123496', '0000-00-00 00:00:00', 'nitin', '2017-18'),
('2017041138', 'GANESH SINGH NEGI', 'DIGAR SINGH NEGI', '2005.10.06', 'no-image.jpg', 'M', 'INDIAN', 'READING', 'Day Boarder', '8B', 2017, 'N', 'VVMIC MUNSYARI', '7', 'VILLAGE DHURATOLI', 'MUNSYARI', '262554', '1', 'UL', 'India', '7568294373', 'x', 'Through Internet', '123497', '0000-00-00 00:00:00', 'nitin', '2017-18'),
('2017041139', 'GAURAV BAGARI', 'HARISH SINGH', '2004.08.25', 'no-image.jpg', 'M', 'INDIAN', 'CRICKET', 'Day Boarder', '8B', 2017, 'N', 'VVMIC MUNSYARI', '7', 'VILLAGE BUIE', 'MUNSYARI', '262554', '1', 'UL', 'India', '7351767740', 'x', 'Through Internet', '123498', '0000-00-00 00:00:00', 'nitin', '2017-18'),
('2017041140', 'HIMANSHU KUMAR', 'MAHENDRA RAM', '2005.05.20', 'no-image.jpg', 'M', 'INDIAN', 'DRAWING', 'Day Boarder', '8B', 2017, 'N', 'VVMIC MUNSYARI', '7', 'VILLAGE HARKOTE ', 'MUNSYARI', '262554', '1', 'UL', 'India', '8937052347', 'x', 'Through Internet', '123499', '0000-00-00 00:00:00', 'nitin', '2017-18'),
('2017041141', 'ISHANT MEHRA', 'SHER SINGH MEHRA', '2005.08.28', 'no-image.jpg', 'M', 'INDIAN', 'MUSIC', 'Day Boarder', '8B', 2017, 'N', 'VVMIC MUNSYARI', '7', 'VILLAGE KULTHAM', 'MUNSYARI', '262554', '1', 'UL', 'India', '8958824056', 'x', 'Through Internet', '123500', '0000-00-00 00:00:00', 'nitin', '2017-18'),
('2017041142', 'JAGJIVAN BRIJWAL', 'KUNDAN SINGH BRIJWAL', '2005.04.04', 'no-image.jpg', 'M', 'INDIAN', 'MUSIC', 'Day Boarder', '8B', 2017, 'N', 'VVMIC MUNSYARI', '7', 'VILLAGE BONA', 'MUNSYARI', '262554', '1', 'UL', 'India', '9756940137', 'x', 'Through Internet', '123501', '0000-00-00 00:00:00', 'nitin', '2017-18'),
('2017041143', 'JEEVAN DHOKTI', 'JODHA SINGH DHOKTI', '2005.06.30', 'no-image.jpg', 'M', 'INDIAN', 'CYCLING', 'Day Boarder', '8B', 2017, 'N', 'VVMIC MUNSYARI', '7', 'VILLAGE SHAMBHUGHAT', 'MUNSYARI', '262554', '1', 'UL', 'India', '7351984460', 'x', 'Through Internet', '123502', '0000-00-00 00:00:00', 'nitin', '2017-18'),
('2017041144', 'JITENDRA SINGH', 'KUNDAN SINGH ', '2005.04.03', 'no-image.jpg', 'M', 'INDIAN', 'CYCLING', 'Day Boarder', '8B', 2017, 'N', 'VVMIC MUNSYARI', '7', 'VILLAGE BUNGA', 'MUNSYARI', '262554', '1', 'UL', 'India', '9917929846', 'x', 'Through Internet', '123503', '0000-00-00 00:00:00', 'nitin', '2017-18'),
('2017041145', 'KAILASH MARTOLIYA', 'INDRA SINGH MARTOLIYA', '2004.07.15', 'no-image.jpg', 'M', 'INDIAN', 'PLAYING', 'Day Boarder', '8B', 2017, 'N', 'VVMIC MUNSYARI', '7', 'VILLAGE SURING', 'MUNSYARI', '262554', '1', 'UL', 'India', '8958669596', 'x', 'Through Internet', '123504', '0000-00-00 00:00:00', 'nitin', '2017-18'),
('2017041146', 'KAMLESH DHOKTI', 'SHOBAN SINGH DHOKTI', '2005.03.24', 'no-image.jpg', 'M', 'INDIAN', 'READING', 'Day Boarder', '8B', 2017, 'N', 'VVMIC MUNSYARI', '7', 'VILLAGE BASANTKOTE', 'MUNSYARI', '262554', '1', 'UL', 'India', '9568257363', 'x', 'Through Internet', '123505', '0000-00-00 00:00:00', 'nitin', '2017-18'),
('2017041147', 'KAMLESH JOSHI', 'ANANDBALLBH JOSHI', '2004.02.03', 'no-image.jpg', 'M', 'INDIAN', 'READING', 'Day Boarder', '8B', 2017, 'N', 'VVMIC MUNSYARI', '7', 'VILLAGE KHASIABARA', 'MUNSYARI', '262554', '1', 'UL', 'India', '7253824574', 'x', 'Through Internet', '123506', '0000-00-00 00:00:00', 'nitin', '2017-18'),
('2017041148', 'KAVINDRA SINGH IMLAL', 'GOP SINGH', '2005.07.27', 'no-image.jpg', 'M', 'INDIAN', 'CRICKET', 'Day Boarder', '8B', 2017, 'N', 'VVMIC MUNSYARI', '7', 'VILLAGE IMLA', 'MUNSYARI', '262554', '1', 'UL', 'India', '9917163395', 'x', 'Through Internet', '123507', '0000-00-00 00:00:00', 'nitin', '2017-18'),
('2017041149', 'LOVERAJ KUMAR', 'NATTHI RAM', '2005.01.13', 'no-image.jpg', 'M', 'INDIAN', 'PLAYING', 'Day Boarder', '8B', 2017, 'N', 'VVMIC MUNSYARI', '7', 'VILLAGE BARNIYAGAON', 'MUNSYARI', '262554', '1', 'UL', 'India', '9568983787', 'x', 'Through Internet', '123508', '0000-00-00 00:00:00', 'nitin', '2017-18'),
('2017041150', 'LOVERAJ LASPAL', 'KISHAN SINGH LASPAL', '2005.05.01', 'no-image.jpg', 'M', 'INDIAN', 'PLAYING', 'Day Boarder', '8B', 2017, 'N', 'VVMIC MUNSYARI', '7', 'VILLAGE SAIPOLU', 'MUNSYARI', '262554', '1', 'UL', 'India', '', 'x', 'Through Internet', '123509', '0000-00-00 00:00:00', 'nitin', '2017-18'),
('2017041151', 'MANISH SINGH BORA', 'RAJENDRA SINGH', '2005.06.20', 'no-image.jpg', 'M', 'INDIAN', 'DRAWING', 'Day Boarder', '8B', 2017, 'N', 'VVMIC MUNSYARI', '7', 'VILLAGE CHETICHIMLA', 'MUNSYARI', '262554', '1', 'UL', 'India', '8057753515', 'x', 'Through Internet', '123510', '0000-00-00 00:00:00', 'nitin', '2017-18'),
('2017041152', 'MAYANK VERMA', 'RAMESH RAM', '2005.04.25', 'no-image.jpg', 'M', 'INDIAN', 'PLAYING', 'Day Boarder', '8B', 2017, 'N', 'VVMIC MUNSYARI', '7', 'VILLAGE TALLA DUMMAR', 'MUNSYARI', '262554', '1', 'UL', 'India', '9457566151', 'x', 'Through Internet', '123511', '0000-00-00 00:00:00', 'nitin', '2017-18'),
('2017041153', 'PANKAJ KUMAR', 'ANAND RAM', '2005.05.14', 'no-image.jpg', 'M', 'INDIAN', 'READING', 'Day Boarder', '8B', 2017, 'N', 'VVMIC MUNSYARI', '7', 'VILLAGE SAIPOLU', 'MUNSYARI', '262554', '1', 'UL', 'India', '9690846628', 'x', 'Through Internet', '123512', '0000-00-00 00:00:00', 'nitin', '2017-18'),
('2017041154', 'PRADEEP PANT', 'PRAKASH PANT', '2005.09.15', 'no-image.jpg', 'M', 'INDIAN', 'READING', 'Day Boarder', '8B', 2017, 'N', 'VVMIC MUNSYARI', '7', 'VILLAGE BERINAG', 'BERINAG', '262554', '1', 'UL', 'India', '9639124660', 'x', 'Through Internet', '123513', '0000-00-00 00:00:00', 'nitin', '2017-18'),
('2017041155', 'RAHUL BISHT', 'BALA SINGH BISHT', '2005.02.21', 'no-image.jpg', 'M', 'INDIAN', 'CRICKET', 'Day Boarder', '8B', 2017, 'N', 'VVMIC MUNSYARI', '7', 'VILLAGE SAIPOLU', 'MUNSYARI', '262554', '1', 'UL', 'India', '7464963540', 'x', 'Through Internet', '123514', '0000-00-00 00:00:00', 'nitin', '2017-18');
INSERT INTO `register_with_us` (`regid`, `FULLNAME`, `FATHER`, `DOB_`, `PHOTO_`, `GENDER`, `NATIONALITY`, `STUDENT_INTEREST`, `ADMISSION_FOR`, `CLASS_FOR_ADMISSION`, `APPLIED_YEAR`, `TRANSPORT_REQUIRED`, `LAST_SCHOOL_NAME`, `LAST_SCHOOL_GRADE`, `ADDRESS_`, `CITY_`, `PINCODE_`, `ZONE_`, `STATE_`, `COUNTRY_`, `MOBILE_`, `EMAIL_`, `KNOWN_SOURCE_`, `PASSWORD_`, `DOR_`, `USERNAME_`, `SESSIONID`) VALUES
('2017041156', 'RAHUL SINGH TOMKIYAL', 'BHADUR SINGH', '2004.03.08', 'no-image.jpg', 'M', 'INDIAN', 'PLAYING', 'Day Boarder', '8B', 2017, 'N', 'VVMIC MUNSYARI', '7', 'VILLAGE TOMIK', 'MUNSYARI', '262554', '1', 'UL', 'India', '8191958848', 'x', 'Through Internet', '123515', '0000-00-00 00:00:00', 'nitin', '2017-18'),
('2017041157', 'RAVI PALIWAL', 'BALWANT SINGH ', '2004.04.07', 'no-image.jpg', 'M', 'INDIAN', 'CYCLING', 'Day Boarder', '8B', 2017, 'N', 'VVMIC MUNSYARI', '7', 'VILLAGE PAINKUTI', 'MUNSYARI', '262501', '1', 'UL', 'India', '8958528083', 'x', 'Through Internet', '123516', '0000-00-00 00:00:00', 'nitin', '2017-18'),
('2017041158', 'SIDDHARTH PANDEY', 'RAMESH CHANDRA PANDEY', '2006.02.10', 'no-image.jpg', 'M', 'INDIAN', 'PLAYING', 'Day Boarder', '8B', 2017, 'N', 'VVMIC MUNSYARI', '7', 'VILLAGE SARMOLI', 'MUNSYARI', '262554', '1', 'UL', 'India', '8909139761', 'x', 'Through Internet', '123517', '0000-00-00 00:00:00', 'nitin', '2017-18'),
('2017041159', 'VIVEK FARSWAN', 'SHER SINGH FARSWAN', '2005.04.01', 'no-image.jpg', 'M', 'INDIAN', 'CRICKET', 'Day Boarder', '8B', 2017, 'N', 'VVMIC MUNSYARI', '7', 'VILLAGE MATENA', 'MUNSYARI', '262554', '1', 'UL', 'India', '', 'x', 'Through Internet', '123518', '0000-00-00 00:00:00', 'nitin', '2017-18'),
('2017041160', 'YOGESH JOSHI', 'JAGDISH CHANDRA JOSHI', '2005.03.08', 'no-image.jpg', 'M', 'INDIAN', 'CRICKET', 'Day Boarder', '8B', 2017, 'N', 'VVMIC MUNSYARI', '7', 'VILLAGE KHASIABARA', 'MUNSYARI', '262554', '1', 'UL', 'India', '9568205799', 'x', 'Through Internet', '123519', '0000-00-00 00:00:00', 'nitin', '2017-18'),
('2017041161', 'VIVEK MARTOLIYA', 'DEVENDRA SINGH ', '2003.02.10', 'no-image.jpg', 'M', 'INDIAN', 'PLAYING', 'Day Boarder', '8B', 2017, 'N', 'VVMIC MUNSYARI', '7', 'VILLAGE SURING', 'MUNSYARI', '262554', '1', 'UL', 'India', '8941948229', 'x', 'Through Internet', '123520', '0000-00-00 00:00:00', 'nitin', '2017-18'),
('2017041162', 'MANISH SINGH BHAKUNI', 'JAGAT SINGH', '2005.10.22', 'no-image.jpg', 'M', 'INDIAN', 'DRAWING', 'Day Boarder', '8B', 2017, 'N', 'VVMIC MUNSYARI', '7', 'VILLAGE KHASIABARA', 'MUNSYARI', '262554', '1', 'UL', 'India', '8057672091', 'x', 'Through Internet', '123521', '0000-00-00 00:00:00', 'nitin', '2017-18'),
('2017041163', 'LOVERAJ PANWAR', 'RAJENDRA SINGH PANWAR', '2005.01.05', 'no-image.jpg', 'M', 'INDIAN', 'READING', 'Day Boarder', '8B', 2017, 'N', 'VVMIC MUNSYARI', '7', 'VILLAGE SAMKOTE', 'MUNSYARI', '262554', '1', 'UL', 'India', '9837552549', 'x', 'Through Internet', '123522', '0000-00-00 00:00:00', 'nitin', '2017-18'),
('2017041164', 'BHAWANA DHAPWAL', 'LAXMAN SINGH ', '2004.03.10', 'no-image.jpg', 'F', 'INDIAN', 'READING,PLAYING', 'Day Boarder', '9A', 2017, 'N', 'VVMIC MUNSYARI', '8', 'VILLAGE LEELAM', 'MUNSYARI', '262554', '1', 'UL', 'India', '8449362276', 'x', 'Through Internet', '123522', '0000-00-00 00:00:00', 'nitin', '2017-18'),
('2017041165', 'DIYA RANA', 'CHANDRA SINGH ', '2005.09.22', 'no-image.jpg', 'F', 'INDIAN', 'READING,PLAYING', 'Day Boarder', '9A', 2017, 'N', 'VVMIC MUNSYARI', '8', 'VILLAGE BUNGA', 'MUNSYARI', '262554', '1', 'UL', 'India', '8958782599', 'x', 'Through Internet', '123522', '0000-00-00 00:00:00', 'nitin', '2017-18'),
('2017041166', 'DIKSHA TOLIA', 'NANDAN SINGH TOLIA', '2004.04.10', 'no-image.jpg', 'F', 'INDIAN', 'READING', 'Day Boarder', '9A', 2017, 'N', 'VVMIC MUNSYARI', '8', 'VILLAGE DHEELAM', 'MUNSYARI', '262554', '1', 'UL', 'India', '8958527873', 'x', 'Through Internet', '123522', '0000-00-00 00:00:00', 'nitin', '2017-18'),
('2017041167', 'ISHWARI ARYA', 'DIGAR RAM', '2003.09.21', 'no-image.jpg', 'F', 'INDIAN', 'READING,PLAYING', 'Day Boarder', '9A', 2017, 'N', 'VVMIC MUNSYARI', '8', 'VILLAGE TANGA', 'MUNSYARI', '262554', '1', 'UL', 'India', '', 'x', 'Through Internet', '123522', '0000-00-00 00:00:00', 'nitin', '2017-18'),
('2017041168', 'POOJA PANDA', 'JAGAT SINGH ', '2005.10.11', 'no-image.jpg', 'F', 'INDIAN', 'READING,PLAYING', 'Day Boarder', '9A', 2017, 'N', 'VVMIC MUNSYARI', '8', 'VILLAGE TALLA GHORPATTA', 'MUNSYARI', '262554', '1', 'UL', 'India', '9639401968', 'x', 'Through Internet', '123522', '0000-00-00 00:00:00', 'nitin', '2017-18'),
('2017041169', 'RITU NIKHURPA', 'HARENDRA SINGH', '2003.07.08', 'no-image.jpg', 'F', 'INDIAN', 'READING', 'Day Boarder', '9A', 2017, 'N', 'VVMIC MUNSYARI', '8', 'VILLAGE NANASEM', 'MUNSYARI', '262554', '1', 'UL', 'India', '7247837720', 'x', 'Through Internet', '123522', '0000-00-00 00:00:00', 'nitin', '2017-18'),
('2017041170', 'SWETA NIKHURPA', 'MANHOR SINGH', '2004.06.02', 'no-image.jpg', 'F', 'INDIAN', 'SINGING', 'Day Boarder', '9A', 2017, 'N', 'VVMIC MUNSYARI', '8', 'VILLAGE NANASEM', 'MUNSYARI', '262554', '1', 'UL', 'India', '9568794490', 'x', 'Through Internet', '123522', '0000-00-00 00:00:00', 'nitin', '2017-18'),
('2017041171', 'SUNITA PANCHPAL', 'BALWANT SINGH', '2004.08.02', 'no-image.jpg', 'F', 'INDIAN', 'READING', 'Day Boarder', '9A', 2017, 'N', 'VVMIC MUNSYARI', '8', 'VILLAGE BONA', 'MUNSYARI', '262554', '1', 'UL', 'India', '8193048522', 'x', 'Through Internet', '123522', '0000-00-00 00:00:00', 'nitin', '2017-18'),
('2017041172', 'TRIPTI BISHT', 'DEVENDRA SINGH', '2005.04.08', 'no-image.jpg', 'F', 'INDIAN', 'READING', 'Day Boarder', '9A', 2017, 'N', 'VVMIC MUNSYARI', '8', 'VILLAGE SEVILA', 'MUNSYARI', '262554', '1', 'UL', 'India', '7248089837', 'x', 'Through Internet', '123522', '0000-00-00 00:00:00', 'nitin', '2017-18'),
('2017041173', 'TANUJA NEGI', 'HARISH SINGH', '2004.03.25', 'no-image.jpg', 'F', 'INDIAN', 'READING', 'Day Boarder', '9A', 2017, 'N', 'VVMIC MUNSYARI', '8', 'VILLAGE SERA', 'MUNSYARI', '262554', '1', 'UL', 'India', '8449779209', 'x', 'Through Internet', '123522', '0000-00-00 00:00:00', 'nitin', '2017-18'),
('2017041174', 'AJAY DWIVEDI ', 'ANAND KISHORE', '2004.04.05', 'no-image.jpg', 'M', 'INDIAN', 'READING', 'Day Boarder', '9A', 2017, 'N', 'VVMIC MUNSYARI', '8', 'VILLAGE SEVILA', 'MUNSYARI', '262554', '1', 'UL', 'India', '7599003964', 'x', 'Through Internet', '123522', '0000-00-00 00:00:00', 'nitin', '2017-18'),
('2017041175', 'BHUPENDRA DHAMI', 'PURAN SINGH', '2003.08.18', 'no-image.jpg', 'M', 'INDIAN', 'PLAYING', 'Day Boarder', '9A', 2017, 'N', 'VVMIC MUNSYARI', '8', 'VILLAGE TALLA GHORPATTA', 'MUNSYARI', '262554', '1', 'UL', 'India', '8958341037', 'x', 'Through Internet', '123522', '0000-00-00 00:00:00', 'nitin', '2017-18'),
('2017041176', 'BHUPENDRA SINGH JAIMYAL', 'BALAK SINGH ', '2004.04.01', 'no-image.jpg', 'M', 'INDIAN', 'READING', 'Day Boarder', '9A', 2017, 'N', 'VVMIC MUNSYARI', '8', 'VILLAGE NAMIK', 'MUNSYARI', '262554', '1', 'UL', 'India', '8958267961', 'x', 'Through Internet', '123522', '0000-00-00 00:00:00', 'nitin', '2017-18'),
('2017041177', 'BHUPENDRA MEHTA', 'LALIT SINGH ', '2004.03.12', 'no-image.jpg', 'M', 'INDIAN', 'READING', 'Day Boarder', '9A', 2017, 'N', 'VVMIC MUNSYARI', '8', 'VILLAGE FALYATI', 'MUNSYARI', '262554', '1', 'UL', 'India', '8958173422', 'x', 'Through Internet', '123522', '0000-00-00 00:00:00', 'nitin', '2017-18'),
('2017041178', 'CHANDRABHANU', 'LAXMAN SINGH ', '2004.05.04', 'no-image.jpg', 'M', 'INDIAN', 'PLAYING', 'Day Boarder', '9A', 2017, 'N', 'VVMIC MUNSYARI', '8', 'VILLAGE GINI', 'MUNSYARI', '262554', '1', 'UL', 'India', '9690910764', 'x', 'Through Internet', '123522', '0000-00-00 00:00:00', 'nitin', '2017-18'),
('2017041179', 'DIVYANSHU TOMKIYAL', 'PADAM SINGH', '2004.05.10', 'no-image.jpg', 'M', 'INDIAN', 'READING,PLAYING', 'Day Boarder', '9A', 2017, 'N', 'VVMIC MUNSYARI', '8', 'VILLAGE GOLFA', 'MUNSYARI', '262554', '1', 'UL', 'India', '8057731737', 'x', 'Through Internet', '123522', '0000-00-00 00:00:00', 'nitin', '2017-18'),
('2017041180', 'GOVIND TOLIA', 'GOP SINGH', '2004.03.16', 'no-image.jpg', 'M', 'INDIAN', 'PLAYING', 'Day Boarder', '9A', 2017, 'N', 'VVMIC MUNSYARI', '8', 'VILLAGE PATO', 'MUNSYARI', '262554', '1', 'UL', 'India', '9917233678', 'x', 'Through Internet', '123522', '0000-00-00 00:00:00', 'nitin', '2017-18'),
('2017041181', 'HEMRAJ SINGH ', 'DHAM SINGH ', '2004.03.08', 'no-image.jpg', 'M', 'INDIAN', 'READING', 'Day Boarder', '9A', 2017, 'N', 'VVMIC MUNSYARI', '8', 'VILLAGE CHETI', 'MUNSYARI', '262554', '1', 'UL', 'India', '7351845214', 'x', 'Through Internet', '123522', '0000-00-00 00:00:00', 'nitin', '2017-18'),
('2017041182', 'JITENDRA KUMAR', 'KISHAN RAM', '2004.03.10', 'no-image.jpg', 'M', 'INDIAN', 'PLAYING', 'Day Boarder', '9A', 2017, 'N', 'VVMIC MUNSYARI', '8', 'VILLAGE SAIPOLU', 'MUNSYARI', '262554', '1', 'UL', 'India', '9756356838', 'x', 'Through Internet', '123522', '0000-00-00 00:00:00', 'nitin', '2017-18'),
('2017041183', 'JEEVAN SINGH', 'LAXMAN SINGH ', '2004.03.15', 'no-image.jpg', 'M', 'INDIAN', 'READING', 'Day Boarder', '9A', 2017, 'N', 'VVMIC MUNSYARI', '8', 'VILLAGE DHAMIKURA', 'MUNSYARI', '262554', '1', 'UL', 'India', '7535828499', 'x', 'Through Internet', '123522', '0000-00-00 00:00:00', 'nitin', '2017-18'),
('2017041184', 'JEEVAN TOLIA', 'DEVENDRA SINGH', '2004.03.15', 'no-image.jpg', 'M', 'INDIAN', 'PLAYING', 'Day Boarder', '9A', 2017, 'N', 'VVMIC MUNSYARI', '8', 'VILLAGE PATO', 'MUNSYARI', '262554', '1', 'UL', 'India', '9568863057', 'x', 'Through Internet', '123522', '0000-00-00 00:00:00', 'nitin', '2017-18'),
('2017041185', 'KARAN RAWAT', 'CHANCHAL RAWAT', '2004.05.11', 'no-image.jpg', 'M', 'INDIAN', 'PLAYING', 'Day Boarder', '9A', 2017, 'N', 'VVMIC MUNSYARI', '8', 'VILLAGE BADANI', 'MUNSYARI', '262554', '1', 'UL', 'India', '7248195931', 'x', 'Through Internet', '123522', '0000-00-00 00:00:00', 'nitin', '2017-18'),
('2017041186', 'NEERAJ PANA', 'KISHAN PANA', '2004.03.02', 'no-image.jpg', 'M', 'INDIAN', 'READING', 'Day Boarder', '9A', 2017, 'N', 'VVMIC MUNSYARI', '8', 'VILLAGE NANASEM', 'MUNSYARI', '262554', '1', 'UL', 'India', '8958687542', 'x', 'Through Internet', '123522', '0000-00-00 00:00:00', 'nitin', '2017-18'),
('2017041187', 'RAHUL KORANGA', 'MAHENDRA KORANGA', '2004.03.02', 'no-image.jpg', 'M', 'INDIAN', 'PLAYING', 'Day Boarder', '9A', 2017, 'N', 'VVMIC MUNSYARI', '8', 'VILLAGE BUNGA', 'MUNSYARI', '262554', '1', 'UL', 'India', '7088725374', 'x', 'Through Internet', '123522', '0000-00-00 00:00:00', 'nitin', '2017-18'),
('2017041188', 'YOGESH KUMAR', 'GANGA RAM', '2004.04.18', 'no-image.jpg', 'M', 'INDIAN', 'PLAYING', 'Day Boarder', '9A', 2017, 'N', 'VVMIC MUNSYARI', '8', 'VILLAGE SELA', 'MUNSYARI', '262554', '1', 'UL', 'India', '9639123172', 'x', 'Through Internet', '123522', '0000-00-00 00:00:00', 'nitin', '2017-18'),
('2017041189', 'VIKRAM PANWAR', 'GOVIND SINGH', '2004.03.02', 'no-image.jpg', 'M', 'INDIAN', 'READING', 'Day Boarder', '9A', 2017, 'N', 'VVMIC MUNSYARI', '8', 'VILLAGE KOTA', 'MUNSYARI', '262554', '1', 'UL', 'India', '9756456762', 'x', 'Through Internet', '123522', '0000-00-00 00:00:00', 'nitin', '2017-18'),
('2017041190', 'GAURAV JIGYASU', 'GHISIYAWAN PRASAD', '2007.08.21', 'no-image.jpg', 'M', 'INDIAN', 'PLAYING', 'Day Boarder', '9A', 2017, 'N', 'VVMIC MUNSYARI', '8', 'VILLAGE CHAKDAH', 'U.P.', '262554', '1', 'UL', 'India', '7500034977', 'x', 'Through Internet', '123522', '0000-00-00 00:00:00', 'nitin', '2017-18'),
('2017041191', 'ANJALI ARYA', 'MAHIMAN RAM', '2004.05.03', 'no-image.jpg', 'F', 'INDIAN', 'READING', 'Day Boarder', '9A', 2017, 'N', 'M.P.S.MUNSYARI', '8', 'VILLAGE MATENA', 'MUNSYARI', '262554', '1', 'UL', 'India', '7351639619', 'x', 'Through Internet', '123522', '0000-00-00 00:00:00', 'nitin', '2017-18'),
('2017041192', 'YOGITA RAWAT', 'GOKARAN SINGH', '2003.09.25', 'no-image.jpg', 'F', 'INDIAN', 'PLAYING', 'Day Boarder', '9A', 2017, 'N', 'M.P.S.MUNSYARI', '8', 'VILLAGE JAINTI', 'MUNSYARI', '262554', '1', 'UL', 'India', '9639675207', 'x', 'Through Internet', '123522', '0000-00-00 00:00:00', 'nitin', '2017-18'),
('2017041193', 'GAURAV SINGH', 'TILAK RAJ', '2004.02.13', 'no-image.jpg', 'M', 'INDIAN', 'READING', 'Day Boarder', '9A', 2017, 'N', 'M.P.S.MUNSYARI', '8', 'VILLAGE NANASEM', 'MUNSYARI', '262554', '1', 'UL', 'India', '8477052517', 'x', 'Through Internet', '123522', '0000-00-00 00:00:00', 'nitin', '2017-18'),
('2017041194', 'JITENDRA ', 'DEV RAM', '2004.03.08', 'no-image.jpg', 'M', 'INDIAN', 'READING', 'Day Boarder', '9A', 2017, 'N', 'M.P.S.MUNSYARI', '8', 'VILLAGE PAPARI', 'MUNSYARI', '262554', '1', 'UL', 'India', '8859851852', 'x', 'Through Internet', '123522', '0000-00-00 00:00:00', 'nitin', '2017-18'),
('2017041195', 'NAVNEET DHARMSAKTU', 'GANESH SINGH', '2002.05.13', 'no-image.jpg', 'M', 'INDIAN', 'READING,PLAYING', 'Day Boarder', '9A', 2017, 'N', 'M.P.S.MUNSYARI', '8', 'VILLAGE BUNGA', 'MUNSYARI', '262554', '1', 'UL', 'India', '7248205113', 'x', 'Through Internet', '123522', '0000-00-00 00:00:00', 'nitin', '2017-18'),
('2017041196', 'AJAY RAWAT', 'KUNDAN SINGH', '2003.01.09', 'no-image.jpg', 'M', 'INDIAN', 'READING', 'Day Boarder', '9A', 2017, 'N', 'MISSION SCHOOL', '8', 'VILLAGE BALOTA', 'MUNSYARI', '262554', '1', 'UL', 'India', '9917191043', 'x', 'Through Internet', '123522', '0000-00-00 00:00:00', 'nitin', '2017-18'),
('2017041197', 'AYUSHI NITWAL', 'BHUPENDRA SINGH', '2004.03.25', 'no-image.jpg', 'F', 'INDIAN', 'READING,PLAYING', 'Day Boarder', '9A', 2017, 'N', 'M.P.S.MUNSYARI', '8', 'VILLAGE BUNGA', 'MUNSYARI', '262554', '1', 'UL', 'India', '8941924647', 'x', 'Through Internet', '123522', '0000-00-00 00:00:00', 'nitin', '2017-18'),
('2017041198', 'JAYA PANGTEY', 'NARENDRA SINGH ', '2003.06.02', 'no-image.jpg', 'F', 'INDIAN', 'READING', 'Day Boarder', '9A', 2017, 'N', 'M.P.S.MUNSYARI', '8', 'VILLAGE DHAMIKURA', 'MUNSYARI', '262554', '1', 'UL', 'India', '7351521096', 'x', 'Through Internet', '123522', '0000-00-00 00:00:00', 'nitin', '2017-18'),
('2017041199', 'GANESH SINGH', 'HEERA SINGH', '2004.04.10', 'no-image.jpg', 'M', 'INDIAN', 'READING', 'Day Boarder', '9A', 2017, 'N', 'M.P.S.MUNSYARI', '8', 'VILLAGE SAIPOLU', 'MUNSYARI', '262554', '1', 'UL', 'India', '7500827761', 'x', 'Through Internet', '123522', '0000-00-00 00:00:00', 'nitin', '2017-18'),
('2017041200', 'DIKSHA SORAGI', 'PURAN SINGH', '2004.02.21', 'no-image.jpg', 'F', 'INDIAN', 'READING', 'Day Boarder', '9A', 2017, 'N', 'M.P.S.MUNSYARI', '8', 'VILLAGE SENAR', 'MUNSYARI', '262554', '1', 'UL', 'India', '9837603049', 'x', 'Through Internet', '123522', '0000-00-00 00:00:00', 'nitin', '2017-18'),
('2017041201', 'POOJA VERMA', 'NAVEEN LAL', '2004.02.01', 'no-image.jpg', 'F', 'INDIAN', 'READING', 'Day Boarder', '9A', 2017, 'N', 'G.G.H.S. DARKOTE', '8', 'VILLAGE SHISKHAN', 'BAGESWAR', '262554', '1', 'UL', 'India', '9012808612', 'x', 'Through Internet', '123522', '0000-00-00 00:00:00', 'nitin', '2017-18'),
('2017041202', 'ANJALI KORANGA', 'SUNDER SINGH KORANGA', '2001.05.12', 'no-image.jpg', 'F', 'INDIAN', 'DANCING', 'Day Boarder', '12B', 2017, 'N', 'VVMIC MUNSYARI', '11', 'VILLAGE SAIPOLU', 'MUNSYARI', '262554', '1', 'UL', 'India', '9411337469', 'x', 'Through Internet', '123522', '0000-00-00 00:00:00', 'nitin', '2017-18'),
('2017041203', 'BABITA NIKHURPA', 'HARENDRA SINGH', '1999.09.27', 'no-image.jpg', 'F', 'INDIAN', 'SINGING', 'Day Boarder', '12B', 2017, 'N', 'VVMIC MUNSYARI', '11', 'VILLAGE NANASEM', 'MUNSYARI', '262554', '1', 'UL', 'India', '7247837720', 'x', 'Through Internet', '123522', '0000-00-00 00:00:00', 'nitin', '2017-18'),
('2017041204', 'DIVYA SAYAL', 'SHANKAR SINGH SAYALA', '2001.05.02', 'no-image.jpg', 'F', 'INDIAN', 'SINGING', 'Day Boarder', '12B', 2017, 'N', 'VVMIC MUNSYARI', '11', 'VILLAGE PAINKUTI', 'MUNSYARI', '262554', '1', 'UL', 'India', '9410591722', 'x', 'Through Internet', '123522', '0000-00-00 00:00:00', 'nitin', '2017-18'),
('2017041205', 'HEMA JOSHI', 'RADHESHYAM JOSHI', '2000.07.25', 'no-image.jpg', 'F', 'INDIAN', 'DANCING', 'Day Boarder', '12B', 2017, 'N', 'VVMIC MUNSYARI', '11', 'VILLAGE DHURATOLI', 'MUNSYARI', '262554', '1', 'UL', 'India', '9411015129', 'x', 'Through Internet', '123522', '0000-00-00 00:00:00', 'nitin', '2017-18'),
('2017041206', 'KANCHAN GOSWAMI', 'DEVENDRA GOSWAMI', '2000.01.15', 'no-image.jpg', 'F', 'INDIAN', 'SINGING', 'Day Boarder', '12B', 2017, 'N', 'VVMIC MUNSYARI', '11', 'VILLAGE BUNGA', 'MUNSYARI', '262554', '1', 'UL', 'India', '7088165195', 'x', 'Through Internet', '123522', '0000-00-00 00:00:00', 'nitin', '2017-18'),
('2017041207', 'KANCHANA RILKOTIA', 'NARAYAN SINGH RILKOTIA', '1999.08.12', 'no-image.jpg', 'F', 'INDIAN', 'SINGING', 'Day Boarder', '12B', 2017, 'N', 'VVMIC MUNSYARI', '11', 'VILLAGE NANASEM', 'MUNSYARI', '262554', '1', 'UL', 'India', '9012699679', 'x', 'Through Internet', '123522', '0000-00-00 00:00:00', 'nitin', '2017-18'),
('2017041208', 'KAVITA PINDIYAL', 'NARENDRA SINGH', '1999.08.12', 'no-image.jpg', 'F', 'INDIAN', 'SINGING', 'Day Boarder', '12B', 2017, 'N', 'VVMIC MUNSYARI', '11', 'VILLAGE SARMOLI ', 'MUNSYARI', '262554', '1', 'UL', 'India', '7599004852', 'x', 'Through Internet', '123522', '0000-00-00 00:00:00', 'nitin', '2017-18'),
('2017041209', 'KHEELA NEGI', 'LALIT SINGH NEGI', '2000.05.04', 'no-image.jpg', 'F', 'INDIAN', 'DANCING', 'Day Boarder', '12B', 2017, 'N', 'VVMIC MUNSYARI', '11', 'VILLAGE SERAGHAT', 'MUNSYARI', '262554', '1', 'UL', 'India', '9756332197', 'x', 'Through Internet', '123522', '0000-00-00 00:00:00', 'nitin', '2017-18'),
('2017041210', 'MAMTA CHIRAL', 'SHIV SINGH CHIRAL', '2001.04.01', 'no-image.jpg', 'F', 'INDIAN', 'SINGING', 'Day Boarder', '12B', 2017, 'N', 'VVMIC MUNSYARI', '11', 'VILLAGE CHAUNA', 'MUNSYARI', '262554', '1', 'UL', 'India', '8057741225', 'x', 'Through Internet', '123522', '0000-00-00 00:00:00', 'nitin', '2017-18'),
('2017041211', 'MAMTA DANU', 'HARISH SINGH DANU', '1999.11.01', 'no-image.jpg', 'F', 'INDIAN', 'DANCING', 'Day Boarder', '12B', 2017, 'N', 'VVMIC MUNSYARI', '11', 'VILLAGE MALON', 'MUNSYARI', '262555', '1', 'UL', 'India', '7500648481', 'x', 'Through Internet', '123522', '0000-00-00 00:00:00', 'nitin', '2017-18'),
('2017041212', 'MAYA MARTOLIYA', 'RAM SINGH MARTOLIYA', '2000.06.15', 'no-image.jpg', 'F', 'INDIAN', 'DRAWING', 'Day Boarder', '12B', 2017, 'N', 'VVMIC MUNSYARI', '11', 'VILLAGE SURING', 'MUNSYARI', '262554', '1', 'UL', 'India', '9456510111', 'x', 'Through Internet', '123522', '0000-00-00 00:00:00', 'nitin', '2017-18'),
('2017041213', 'MANSHI PANGTEY', 'LAXMAN SINGH PANGTEY', '2001.12.27', 'no-image.jpg', 'F', 'INDIAN', 'PLAYING', 'Day Boarder', '12B', 2017, 'N', 'VVMIC MUNSYARI', '11', 'VILLAGE BUNGA', 'MUNSYARI', '262554', '1', 'UL', 'India', '9568731402', 'x', 'Through Internet', '123522', '0000-00-00 00:00:00', 'nitin', '2017-18'),
('2017041214', 'NEETU SEMIA', 'BAHADUR SINGH SEMIA', '2000.12.23', 'no-image.jpg', 'F', 'INDIAN', 'DANCING', 'Day Boarder', '12B', 2017, 'N', 'VVMIC MUNSYARI', '11', 'VILLAGE HARKOTE ', 'MUNSYARI', '262554', '1', 'UL', 'India', '9012623825', 'x', 'Through Internet', '123522', '0000-00-00 00:00:00', 'nitin', '2017-18'),
('2017041215', 'PRIYANKA TRIPATHI', 'MAHESH CHANDRA TRIPATHI', '2000.03.11', 'no-image.jpg', 'F', 'INDIAN', 'DANCING', 'Day Boarder', '12B', 2017, 'N', 'VVMIC MUNSYARI', '11', 'VILLAGE SEVILA', 'MUNSYARI', '262554', '1', 'UL', 'India', '8979783614', 'x', 'Through Internet', '123522', '0000-00-00 00:00:00', 'nitin', '2017-18'),
('2017041216', 'RASHI SUMTYAL', 'BAHADUR SINGH SUMTYAL', '2001.07.05', 'no-image.jpg', 'F', 'INDIAN', 'SINGING', 'Day Boarder', '12B', 2017, 'N', 'VVMIC MUNSYARI', '11', 'VILLAGE NANASEM', 'MUNSYARI', '262554', '1', 'UL', 'India', '8057992246', 'x', 'Through Internet', '123522', '0000-00-00 00:00:00', 'nitin', '2017-18'),
('2017041217', 'RAVEENA MARTOLIYA', 'DAYAN SINGH MARTOLIYA', '2001.06.28', 'no-image.jpg', 'F', 'INDIAN', 'DRAWING', 'Day Boarder', '12B', 2017, 'N', 'VVMIC MUNSYARI', '11', 'VILLAGE BALA', 'MUNSYARI', '262554', '1', 'UL', 'India', '9457985951', 'x', 'Through Internet', '123522', '0000-00-00 00:00:00', 'nitin', '2017-18'),
('2017041218', 'RITU RAWAT', 'NARAYAN SINGH RAWAT', '1999.12.06', 'no-image.jpg', 'F', 'INDIAN', 'DANCING', 'Day Boarder', '12B', 2017, 'N', 'VVMIC MUNSYARI', '11', 'VILLAGE FAPA', 'MUNSYARI', '262554', '1', 'UL', 'India', '8958320310', 'x', 'Through Internet', '123522', '0000-00-00 00:00:00', 'nitin', '2017-18'),
('2017041219', 'SANGEETA KOSHYARI', 'DURGA SINGH KOSHYARI', '2000.10.27', 'no-image.jpg', 'F', 'INDIAN', 'PLAYING', 'Day Boarder', '12B', 2017, 'N', 'VVMIC MUNSYARI', '11', 'VILLAGE UCHHAITI', 'MUNSYARI', '262554', '1', 'UL', 'India', '9756615793', 'x', 'Through Internet', '123522', '0000-00-00 00:00:00', 'nitin', '2017-18'),
('2017041220', 'BHUPENDRA KUNWAR', 'KUWAR SINGH KUNWAR', '1998.12.27', 'no-image.jpg', 'M', 'INDIAN', 'PLAYING', 'Day Boarder', '12B', 2017, 'N', 'VVMIC MUNSYARI', '11', 'VILLAGE FAPA', 'MUNSYARI', '262554', '1', 'UL', 'India', '9690910896', 'x', 'Through Internet', '123522', '0000-00-00 00:00:00', 'nitin', '2017-18'),
('2017041221', 'DEEPAK SINGH BURFAL', 'MOHAN SINGH BURFAL', '2000.12.01', 'no-image.jpg', 'M', 'INDIAN', 'PLAYING', 'Day Boarder', '12B', 2017, 'N', 'VVMIC MUNSYARI', '11', 'VILLAGE MALLA GHORPATTA', 'MUNSYARI', '262554', '1', 'UL', 'India', '7248590295', 'x', 'Through Internet', '123522', '0000-00-00 00:00:00', 'nitin', '2017-18'),
('2017041222', 'DEEPAK SINGH LASPAL', 'LAL SINGH ', '2001.06.28', 'no-image.jpg', 'M', 'INDIAN', 'PLAYING', 'Day Boarder', '12B', 2017, 'N', 'VVMIC MUNSYARI', '11', 'VILLAGE DHAPA', 'MUNSYARI', '262554', '1', 'UL', 'India', '8941070361', 'x', 'Through Internet', '123522', '0000-00-00 00:00:00', 'nitin', '2017-18'),
('2017041223', 'DEEPAK SINGH MARTOLIYA', 'LAXMAN SINGH MARTOLIYA', '2001.02.09', 'no-image.jpg', 'M', 'INDIAN', 'COOKING', 'Day Boarder', '12B', 2017, 'N', 'VVMIC MUNSYARI', '11', 'VILLAGE QUIRIJIMIYA', 'MUNSYARI', '262554', '1', 'UL', 'India', '7500405571', 'x', 'Through Internet', '123522', '0000-00-00 00:00:00', 'nitin', '2017-18'),
('2017041224', 'DEEPAKANJ RAWAT', 'BHUPAL SINGH RAWAT', '2001.08.19', 'no-image.jpg', 'M', 'INDIAN', 'PLAYING', 'Day Boarder', '12B', 2017, 'N', 'VVMIC MUNSYARI', '11', 'VILLAGE QUIRIJIMIYA', 'MUNSYARI', '262554', '1', 'UL', 'India', '9808964249', 'x', 'Through Internet', '123522', '0000-00-00 00:00:00', 'nitin', '2017-18'),
('2017041225', 'DINESH SINGH BISHT', 'MAHENDRA SINGH BISHT', '2001.04.15', 'no-image.jpg', 'M', 'INDIAN', 'PLAYING', 'Day Boarder', '12B', 2017, 'N', 'VVMIC MUNSYARI', '11', 'VILLAGE SAIPOLU', 'MUNSYARI', '262554', '1', 'UL', 'India', '7247898728', 'x', 'Through Internet', '123522', '0000-00-00 00:00:00', 'nitin', '2017-18'),
('2017041226', 'GOPAL BHATT', 'KISHAN BHATT', '1999.08.27', 'no-image.jpg', 'M', 'INDIAN', 'READING,PLAYING', 'Day Boarder', '12B', 2017, 'N', 'VVMIC MUNSYARI', '11', 'VILLAGE BUNGA', 'MUNSYARI', '262554', '1', 'UL', 'India', '8477048096', 'x', 'Through Internet', '123522', '0000-00-00 00:00:00', 'nitin', '2017-18'),
('2017041227', 'GAURAV DARIYAL', 'SHAYAM SINGH DARIYAL', '2000.06.01', 'no-image.jpg', 'M', 'INDIAN', 'PLAYING', 'Day Boarder', '12B', 2017, 'N', 'VVMIC MUNSYARI', '11', 'VILLAGE PATO', 'MUNSYARI', '262554', '1', 'UL', 'India', '8449920948', 'x', 'Through Internet', '123522', '0000-00-00 00:00:00', 'nitin', '2017-18'),
('2017041228', 'GAURAV PANGTEY', 'INDRA SINGH PANGTEY', '1998.12.29', 'no-image.jpg', 'M', 'INDIAN', 'PLAYING', 'Day Boarder', '12B', 2017, 'N', 'VVMIC MUNSYARI', '11', 'VILLAGE SENAR', 'MUNSYARI', '262554', '1', 'UL', 'India', '9411715295', 'x', 'Through Internet', '123522', '0000-00-00 00:00:00', 'nitin', '2017-18'),
('2017041229', 'HIMANSHU DARIYAL', 'NARAYAN SINGH', '2000.06.01', 'no-image.jpg', 'M', 'INDIAN', 'PLAYING', 'Day Boarder', '12B', 2017, 'N', 'VVMIC MUNSYARI', '11', 'VILLAGE PATO', 'MUNSYARI', '262554', '1', 'UL', 'India', '9927450352', 'x', 'Through Internet', '123522', '0000-00-00 00:00:00', 'nitin', '2017-18'),
('2017041230', 'HIMANSHU MARTOLIYA', 'HEERA SINGH MARTOLIYA', '2000.07.02', 'no-image.jpg', 'M', 'INDIAN', 'PLAYING', 'Day Boarder', '12B', 2017, 'N', 'VVMIC MUNSYARI', '11', 'VILLAGE QUIRIJIMIYA', 'MUNSYARI', '262554', '1', 'UL', 'India', '8449012121', 'x', 'Through Internet', '123522', '0000-00-00 00:00:00', 'nitin', '2017-18'),
('2017041231', 'HIMANSHU SINGH PANGTEY', 'LAXMAN SINGH PANGTEY', '2000.07.05', 'no-image.jpg', 'M', 'INDIAN', 'PLAYING', 'Day Boarder', '12B', 2017, 'N', 'VVMIC MUNSYARI', '11', 'VILLAGE BUNGA', 'MUNSYARI', '262554', '1', 'UL', 'India', '7464963839', 'x', 'Through Internet', '123522', '0000-00-00 00:00:00', 'nitin', '2017-18'),
('2017041232', 'HIMANSHU VERMA', 'BHUWAN LAL VERMA', '2000.06.06', 'no-image.jpg', 'M', 'INDIAN', 'PLAYING', 'Day Boarder', '12B', 2017, 'N', 'VVMIC MUNSYARI', '11', 'VILLAGE PAPDEV', 'PITHORAGARH', '262501', '1', 'UL', 'India', '9012714616', 'x', 'Through Internet', '123522', '0000-00-00 00:00:00', 'nitin', '2017-18'),
('2017041233', 'HIMANSHU KUMAR', 'DEVENDRA KUMAR', '2001.04.01', 'no-image.jpg', 'M', 'INDIAN', 'PLAYING', 'Day Boarder', '12B', 2017, 'N', 'VVMIC MUNSYARI', '11', 'VILLAGE DAKHIM', 'MUNSYARI', '262555', '1', 'UL', 'India', '9808170791', 'x', 'Through Internet', '123522', '0000-00-00 00:00:00', 'nitin', '2017-18'),
('2017041234', 'ISHWAR DHAPWAL', 'BHUPAL SINGH DHAPWAL', '2001.06.01', 'no-image.jpg', 'M', 'INDIAN', 'SINGING', 'Day Boarder', '12B', 2017, 'N', 'VVMIC MUNSYARI', '11', 'VILLAGE NAYABASTI', 'DIDIHAT', '262551', '1', 'UL', 'India', '9837664273', 'x', 'Through Internet', '123522', '0000-00-00 00:00:00', 'nitin', '2017-18'),
('2017041235', 'ISHWAR SINGH PANCHPAL', 'NETRA SINGH PANCHPAL', '2001.03.26', 'no-image.jpg', 'M', 'INDIAN', 'READING,PLAYING', 'Day Boarder', '12B', 2017, 'N', 'VVMIC MUNSYARI', '11', 'VILLAGE BONA', 'MUNSYARI', '262554', '1', 'UL', 'India', '9917174052', 'x', 'Through Internet', '123522', '0000-00-00 00:00:00', 'nitin', '2017-18'),
('2017041236', 'JITENDRA SINGH BURFAL', 'DURGESH SINGH BURFAL', '2000.04.18', 'no-image.jpg', 'M', 'INDIAN', 'PLAYING', 'Day Boarder', '12B', 2017, 'N', 'VVMIC MUNSYARI', '11', 'VILLAGE DARATI', 'MUNSYARI', '262554', '1', 'UL', 'India', '7536885191', 'x', 'Through Internet', '123522', '0000-00-00 00:00:00', 'nitin', '2017-18'),
('2017041237', 'JITENDRA SINGH DHAMI ', 'MAHENDRA SINGH DHAMI', '2001.05.03', 'no-image.jpg', 'M', 'INDIAN', 'PLAYING', 'Day Boarder', '12B', 2017, 'N', 'VVMIC MUNSYARI', '11', 'VILLAGE ALAM', 'MUNSYARI', '262554', '1', 'UL', 'India', '7351030754', 'x', 'Through Internet', '123522', '0000-00-00 00:00:00', 'nitin', '2017-18'),
('2017041238', 'KARTIKAY SINGH PANGTEY', 'MANOJ SINGH PANGTEY', '2001.07.02', 'no-image.jpg', 'M', 'INDIAN', 'PLAYING', 'Day Boarder', '12B', 2017, 'N', 'VVMIC MUNSYARI', '11', 'VILLAGE BUNGA', 'MUNSYARI', '262554', '1', 'UL', 'India', '9411579900', 'x', 'Through Internet', '123522', '0000-00-00 00:00:00', 'nitin', '2017-18'),
('2017041239', 'LAXMAN SINGH PAPRA', 'PREM SINGH PAPRA', '2001.07.15', 'no-image.jpg', 'M', 'INDIAN', 'PLAYING', 'Day Boarder', '12B', 2017, 'N', 'VVMIC MUNSYARI', '11', 'VILLAGE BARNIYAGAON', 'MUNSYARI', '262554', '1', 'UL', 'India', '8191841972', 'x', 'Through Internet', '123522', '0000-00-00 00:00:00', 'nitin', '2017-18'),
('2017041240', 'LOVERAJ SINGH KUNWAR', 'PUSHKER SINGH ', '2001.06.12', 'no-image.jpg', 'M', 'INDIAN', 'PLAYING', 'Day Boarder', '12B', 2017, 'N', 'VVMIC MUNSYARI', '11', 'VILLAGE FAPA', 'MUNSYARI', '262544', '1', 'UL', 'India', '7454959427', 'x', 'Through Internet', '123522', '0000-00-00 00:00:00', 'nitin', '2017-18'),
('2017041241', 'MANISH SINGH GWAL', 'HEERA SINGH GWAL', '2002.01.22', 'no-image.jpg', 'M', 'INDIAN', 'STRELLING', 'Day Boarder', '12B', 2017, 'N', 'VVMIC MUNSYARI', '11', 'VILLAGE PATO', 'MUNSYARI', '262554', '1', 'UL', 'India', '8192070616', 'x', 'Through Internet', '123522', '0000-00-00 00:00:00', 'nitin', '2017-18'),
('2017041242', 'MANOJ KUMAR', 'DHANI RAM', '2000.10.27', 'no-image.jpg', 'M', 'INDIAN', 'STRELLING', 'Day Boarder', '12B', 2017, 'N', 'VVMIC MUNSYARI', '11', 'VILLAGE BARNIYAGAON', 'MUNSYARI', '262554', '1', 'UL', 'India', '7088062574', 'x', 'Through Internet', '123522', '0000-00-00 00:00:00', 'nitin', '2017-18'),
('2017041243', 'PRAKASH SINGH KARKI', 'BALA SINGH KARKI', '2001.05.01', 'no-image.jpg', 'M', 'INDIAN', 'STRELLING', 'Day Boarder', '12B', 2017, 'N', 'VVMIC MUNSYARI', '11', 'VILLAGE DARKOTE', 'MUNSYARI', '262554', '1', 'UL', 'India', '7055045685', 'x', 'Through Internet', '123522', '0000-00-00 00:00:00', 'nitin', '2017-18'),
('2017041244', 'PRVEEN SINGH NEGI', 'BALA SINGH NEGI', '2002.07.02', 'no-image.jpg', 'M', 'INDIAN', 'PLAYING', 'Day Boarder', '12B', 2017, 'N', 'VVMIC MUNSYARI', '11', 'VILLAGE DHURATOLI', 'MUNSYARI', '262554', '1', 'UL', 'India', '9756379238', 'x', 'Through Internet', '123522', '0000-00-00 00:00:00', 'nitin', '2017-18'),
('2017041245', 'SANJEEV SINGH THAPRIYAL', 'LAXMAN SINGH THAPRIYAL', '2001.01.02', 'no-image.jpg', 'M', 'INDIAN', 'PLAYING', 'Day Boarder', '12B', 2017, 'N', 'VVMIC MUNSYARI', '11', 'VILLAGE SEVILA', 'MUNSYARI', '262554', '1', 'UL', 'India', '8936945466', 'x', 'Through Internet', '123522', '0000-00-00 00:00:00', 'nitin', '2017-18'),
('2017041246', 'SANJAY RAM', 'NARAYAN RAM', '2000.07.01', 'no-image.jpg', 'M', 'INDIAN', 'PLAYING', 'Day Boarder', '12B', 2017, 'N', 'VVMIC MUNSYARI', '11', 'VILLAGE TALLA DUMMAR', 'MUNSYARI', '262554', '1', 'UL', 'India', '9410923849', 'x', 'Through Internet', '123522', '0000-00-00 00:00:00', 'nitin', '2017-18'),
('2017041247', 'MUKESH CHANYAL', 'NARENDRA RAM', '2001.06.15', 'no-image.jpg', 'M', 'INDIAN', 'PAINTING', 'Day Boarder', '12B', 2017, 'N', 'VVMIC MUNSYARI', '11', 'VILLAGE LEELABHAT', 'MUNSYARI', '262551', '1', 'UL', 'India', '9568822536', 'x', 'Through Internet', '123522', '0000-00-00 00:00:00', 'nitin', '2017-18'),
('2017041248', 'UMESH CHANDRA JOSHI', 'JAGDISH CHANDRA JOSHI', '2002.09.05', 'no-image.jpg', 'M', 'INDIAN', 'PLAYING', 'Day Boarder', '12B', 2017, 'N', 'VVMIC MUNSYARI', '11', 'VILLAGE KHASIABARA', 'MUNSYARI', '262554', '1', 'UL', 'India', '9568205799', 'x', 'Through Internet', '123522', '0000-00-00 00:00:00', 'nitin', '2017-18'),
('2017041249', 'VINOD SINGH DHOKTI', 'MUNNA SINGH DHOKTI', '2000.03.03', 'no-image.jpg', 'M', 'INDIAN', 'PLAYING', 'Day Boarder', '12B', 2017, 'N', 'VVMIC MUNSYARI', '11', 'VILLAGE TALLA DUMMAR', 'MUNSYARI', '262554', '1', 'UL', 'India', '7534987286', 'x', 'Through Internet', '123522', '0000-00-00 00:00:00', 'nitin', '2017-18'),
('2017041250', 'JITENDRA SINGH PANGTEY', 'JAGAT SINGH PANGTEY', '2000.11.23', 'no-image.jpg', 'M', 'INDIAN', 'PLAYING', 'Day Boarder', '12B', 2017, 'N', 'VVMIC MUNSYARI', '11', 'VILLAGE MADKOTE', 'MUNSYARI', '262554', '1', 'UL', 'India', '8449216320', 'x', 'Through Internet', '123522', '0000-00-00 00:00:00', 'nitin', '2017-18'),
('2017041251', 'ANJALI NITWLA', 'KUNDAN SINGH NITWAL', '2003.03.19', 'no-image.jpg', 'F', 'INDIAN', 'READING,PLAYING', 'Day Boarder', '9C', 2017, 'N', 'VVMIC MUNSYARI', '8', 'VILLAGE SHANKHDHURA', 'MUNSYARI', '262554', '1', 'UL', 'INDIA', '7599331491', 'x@gmail.com', 'Through Internet', '123522', '0000-00-00 00:00:00', 'nitin', '2017-18'),
('2017041252', 'DIKSHA MEHTA', 'KRISHNA SINGH MEHTA', '2004.04.27', 'no-image.jpg', 'F', 'INDIAN', 'READING,PLAYING', 'Day Boarder', '9C', 2017, 'N', 'VVMIC MUNSYARI', '8', 'VILLAGE  SELA', 'MUNSYARI', '262554', '1', 'UL', 'INDIA', '8958351522', 'x@gmail.com', 'Through Internet', '123522', '0000-00-00 00:00:00', 'nitin', '2017-18'),
('2017041253', 'HINA BRIJWAL ', 'LAXMAN SINGH BRIJWAL', '2007.07.28', 'no-image.jpg', 'F', 'INDIAN', 'READING', 'Day Boarder', '9C', 2017, 'N', 'VVMIC MUNSYARI', '8', 'VILLAGE BUNGA', 'MUNSYARI', '262554', '1', 'UL', 'INDIA', '9456393393', 'x@gmail.com', 'Through Internet', '123522', '0000-00-00 00:00:00', 'nitin', '2017-18'),
('2017041254', 'KIRAN DHAMI ', 'BALWANT SINGH DHAMI', '2004.03.20', 'no-image.jpg', 'F', 'INDIAN', 'READING,PLAYING', 'Day Boarder', '9C', 2017, 'N', 'VVMIC MUNSYARI', '8', 'VILLAGE JOSHA', 'MUNSYARI', '262554', '1', 'UL', 'INDIA', '7248204631', 'x@gmail.com', 'Through Internet', '123522', '0000-00-00 00:00:00', 'nitin', '2017-18'),
('2017041255', 'NEHA SUMTYAL', 'SITARAM SUMTYAL', '2006.12.11', 'no-image.jpg', 'F', 'INDIAN', 'READING,PLAYING', 'Day Boarder', '9C', 2017, 'N', 'VVMIC MUNSYARI', '8', 'VILLAGE SARMOLI ', 'MUNSYARI', '262554', '1', 'UL', 'INDIA', '9568213494', 'x@gmail.com', 'Through Internet', '123522', '0000-00-00 00:00:00', 'nitin', '2017-18'),
('2017041256', 'X', 'X', '0000.00.00', 'no-image.jpg', 'x', 'INDIAN', 'x', 'Day Boarder', '9C', 2017, 'N', 'VVMIC MUNSYARI', '8', 'x', '', '262554', '1', 'UL', 'INDIA', '', 'x@gmail.com', 'Through Internet', '123522', '0000-00-00 00:00:00', 'nitin', '2017-18'),
('2017041257', 'POOJA RAWAT', 'RAM SINGH RAWAT', '2004.04.10', 'no-image.jpg', 'F', 'INDIAN', 'READING,PLAYING', 'Day Boarder', '9C', 2017, 'N', 'VVMIC MUNSYARI', '8', 'VILLAGE GIRGAON', 'MUNSYARI', '262554', '1', 'UL', 'INDIA', '9917840018', 'x@gmail.com', 'Through Internet', '123522', '0000-00-00 00:00:00', 'nitin', '2017-18'),
('2017041258', 'PRIYANKA NITWAL', 'JASWANT SINGH ', '2004.03.15', 'no-image.jpg', 'F', 'INDIAN', 'READINGH', 'Day Boarder', '9C', 2017, 'N', 'VVMIC MUNSYARI', '8', 'VILLAGE SARMOLI ', 'MUNSYARI', '262554', '1', 'UL', 'INDIA', '9690910816', 'x@gmail.com', 'Through Internet', '123522', '0000-00-00 00:00:00', 'nitin', '2017-18'),
('2017041259', 'SHALINI NIKHURPA', 'MANOHAR SINGH NIKHURPA', '2004.06.02', 'no-image.jpg', 'F', 'INDIAN', 'READING,PLAYING', 'Day Boarder', '9C', 2017, 'N', 'VVMIC MUNSYARI', '8', 'VILLAGE NANASEM', 'MUNSYARI', '262554', '1', 'UL', 'INDIA', '9568794490', 'x@gmail.com', 'Through Internet', '123522', '0000-00-00 00:00:00', 'nitin', '2017-18'),
('2017041260', 'SHEELA', 'BALA SINGH BUBARIA', '2004.11.15', 'no-image.jpg', 'F', 'INDIAN', 'READING,PLAYING', 'Day Boarder', '9C', 2017, 'N', 'VVMIC MUNSYARI', '8', 'VILLAGE JOSHA', 'MUNSYARI', '262554', '1', 'UL', 'INDIA', '8958528652', 'x@gmail.com', 'Through Internet', '123522', '0000-00-00 00:00:00', 'nitin', '2017-18'),
('2017041261', 'SIYA SAYALA', 'SHANKAR SINGH SAYALA', '2003.11.01', 'no-image.jpg', 'F', 'INDIAN', 'READING,PLAYING', 'Day Boarder', '9C', 2017, 'N', 'VVMIC MUNSYARI', '8', 'VILLAGE PAINKUTI', 'MUNSYARI', '262554', '1', 'UL', 'INDIA', '9917584937', 'x@gmail.com', 'Through Internet', '123522', '0000-00-00 00:00:00', 'nitin', '2017-18'),
('2017041262', 'LUBNA NITWAL', 'VIJAY SINGH NITWAL', '2004.10.05', 'no-image.jpg', 'F', 'INDIAN', 'READING,PLAYING', 'Day Boarder', '9C', 2017, 'N', 'VVMIC MUNSYARI', '8', 'VILLAGE NANASEM', 'MUNSYARI', '262554', '1', 'UL', 'INDIA', '7055372181', 'x@gmail.com', 'Through Internet', '123522', '0000-00-00 00:00:00', 'nitin', '2017-18'),
('2017041263', 'YOGITA PANDEY', 'SURESH CHANDRA PANDEY', '2003.05.17', 'no-image.jpg', 'F', 'INDIAN', 'READING,PLAYING', 'Day Boarder', '9C', 2017, 'N', 'VVMIC MUNSYARI', '8', 'VILLAGE MALLAGHORPATTA', 'MUNSYARI', '262554', '1', 'UL', 'INDIA', '9917386711', 'x@gmail.com', 'Through Internet', '123522', '0000-00-00 00:00:00', 'nitin', '2017-18'),
('2017041264', 'BHUPENDRA SINGH IMLAL', 'MOHAN SINGH IMLAL', '2004.03.11', 'no-image.jpg', 'M', 'INDIAN', 'READING,PLAYING', 'Day Boarder', '9C', 2017, 'N', 'VVMIC MUNSYARI', '8', 'VILLAGE IMLA', 'MUNSYARI', '262554', '1', 'UL', 'INDIA', '9756077369', 'x@gmail.com', 'Through Internet', '123522', '0000-00-00 00:00:00', 'nitin', '2017-18'),
('2017041265', 'CHANCHAL SINGH ', 'SUNDER SINGH ', '2004.03.15', 'no-image.jpg', 'M', 'INDIAN', 'READING,PLAYING', 'Day Boarder', '9C', 2017, 'N', 'VVMIC MUNSYARI', '8', 'VILLAGE SAMKOTE', 'MUNSYARI', '262554', '1', 'UL', 'INDIA', '8449913758', 'x@gmail.com', 'Through Internet', '123522', '0000-00-00 00:00:00', 'nitin', '2017-18'),
('2017041266', 'CHANDRA MOHAN SINGH RANA', 'RAMESH SINGH RANA', '2004.01.02', 'no-image.jpg', 'M', 'INDIAN', 'READING,PLAYING', 'Day Boarder', '9C', 2017, 'N', 'M.P.S.MUNSYARI', '8', 'VILLAGE MADALKIYA', 'MUNSYARI', '262554', '1', 'UL', 'INDIA', '9568650237', 'x@gmail.com', 'Through Internet', '123522', '0000-00-00 00:00:00', 'nitin', '2017-18'),
('2017041267', 'DEEPAK SINGH RANA', 'DHAM SINGH RANA', '2003.08.25', 'no-image.jpg', 'M', 'INDIAN', 'ART', 'Day Boarder', '9C', 2017, 'N', 'M.P.S.MUNSYARI', '8', 'VILLAGE MADALKIYA', 'MUNSYARI', '262554', '1', 'UL', 'INDIA', '8449449611', 'x@gmail.com', 'Through Internet', '123522', '0000-00-00 00:00:00', 'nitin', '2017-18'),
('2017041268', 'DEVESH SINGH JESTHA', 'HAYAT SINGH JESTHA', '2004.11.05', 'no-image.jpg', 'M', 'INDIAN', 'ART', 'Day Boarder', '9C', 2017, 'N', 'VVMIC MUNSYARI', '8', 'VILLAGE PAPRI', 'MUNSYARI', '262554', '1', 'UL', 'INDIA', '8958689979', 'x@gmail.com', 'Through Internet', '123522', '0000-00-00 00:00:00', 'nitin', '2017-18'),
('2017041269', 'HIMANSHU RAWAT', 'MAHIPAL SINGH ', '2003.09.23', 'no-image.jpg', 'M', 'INDIAN', 'READING,PLAYING', 'Day Boarder', '9C', 2017, 'N', 'VVMIC MUNSYARI', '8', 'VILLAGE JAINTI', 'MUNSYARI', '262554', '1', 'UL', 'INDIA', '9627707058', 'x@gmail.com', 'Through Internet', '123522', '0000-00-00 00:00:00', 'nitin', '2017-18'),
('2017041270', 'HIMANSHU SINGH RAWAT', 'BHARAT SINGH', '2003.07.17', 'no-image.jpg', 'M', 'INDIAN', 'READING,PLAYING', 'Day Boarder', '9C', 2017, 'N', 'G.J.H. KHAINOLI', '8', 'VILLAGE KHAINOLI CHAMOLI', 'MUNSYARI', '262554', '1', 'UL', 'INDIA', '9968528069', 'x@gmail.com', 'Through Internet', '123522', '0000-00-00 00:00:00', 'nitin', '2017-18'),
('2017041271', 'HIMANSHU SHARMA', 'SANJAY SHARMA', '2003.07.12', 'no-image.jpg', 'M', 'INDIAN', 'READING,PLAYING', 'Day Boarder', '9C', 2017, 'N', 'VVMIC MUNSYARI', '8', 'VILLAGE SEVILA', 'MUNSYARI', '262554', '1', 'UL', 'INDIA', '9536541740', 'x@gmail.com', 'Through Internet', '123522', '0000-00-00 00:00:00', 'nitin', '2017-18'),
('2017041272', 'JATIN SINGH BRIJWAL', 'GOKARN SINGH BRIJWAL', '2004.01.19', 'no-image.jpg', 'M', 'INDIAN', 'READING,PLAYING', 'Day Boarder', '9C', 2017, 'N', 'VVMIC MUNSYARI', '8', 'VILLAGE CHAUNA', 'MUNSYARI', '262554', '1', 'UL', 'INDIA', '7534881828', 'x@gmail.com', 'Through Internet', '123522', '0000-00-00 00:00:00', 'nitin', '2017-18'),
('2017041273', 'LAXMAN SINGH RINGWAL', 'RAM SINGH RINGHWAL', '2004.03.12', 'no-image.jpg', 'M', 'INDIAN', 'READING,PLAYING', 'Day Boarder', '9C', 2017, 'N', 'VVMIC MUNSYARI', '8', 'VILLAGE RINGU', 'MUNSYARI', '262554', '1', 'UL', 'INDIA', '8941076040', 'x@gmail.com', 'Through Internet', '123522', '0000-00-00 00:00:00', 'nitin', '2017-18'),
('2017041274', 'LOVERAJ CHIRAL', 'PUSHKAR SINGH', '2004.03.12', 'no-image.jpg', 'M', 'INDIAN', 'READING,PLAYING', 'Day Boarder', '9C', 2017, 'N', 'VVMIC MUNSYARI', '8', 'VILLAGE CHAUNA', 'MUNSYARI', '262554', '1', 'UL', 'INDIA', '8941948403', 'x@gmail.com', 'Through Internet', '123522', '0000-00-00 00:00:00', 'nitin', '2017-18'),
('2017041275', 'NAVEEN SINGH RANA', 'PREM SINGH RANA', '2005.02.11', 'no-image.jpg', 'M', 'INDIAN', 'READING,PLAYING', 'Day Boarder', '9C', 2017, 'N', 'VVMIC MUNSYARI', '8', 'VILLAGE KAPKOTE', 'MUNSYARI', '262554', '1', 'UL', 'INDIA', '7351800901', 'x@gmail.com', 'Through Internet', '123522', '0000-00-00 00:00:00', 'nitin', '2017-18'),
('2017041276', 'MAHESH PANWAR', 'SHOBAN SINGH PANWAR', '2004.05.01', 'no-image.jpg', 'M', 'INDIAN', 'READING,PLAYING', 'Day Boarder', '9C', 2017, 'N', 'VVMIC MUNSYARI', '8', 'VILLAGE SAMKOTE', 'MUNSYARI', '262554', '1', 'UL', 'INDIA', '9917891937', 'x@gmail.com', 'Through Internet', '123522', '0000-00-00 00:00:00', 'nitin', '2017-18'),
('2017041277', 'MUKESH SINGH SUMTYAL', 'MOHAN SINGH SUMTYAL', '2004.04.23', 'no-image.jpg', 'M', 'INDIAN', 'READING,PLAYING', 'Day Boarder', '9C', 2017, 'N', 'VVMIC MUNSYARI', '8', 'VILLAGE SARMOLI ', 'MUNSYARI', '262554', '1', 'UL', 'INDIA', '8191036141', 'x@gmail.com', 'Through Internet', '123522', '0000-00-00 00:00:00', 'nitin', '2017-18'),
('2017041278', 'PANKAJ SINGH MAHAR', 'BHAGAT SINGH MAHAR', '2004.06.24', 'no-image.jpg', 'M', 'INDIAN', 'READING,PLAYING', 'Day Boarder', '9C', 2017, 'N', 'VVMIC MUNSYARI', '8', 'VILLAGE SAMKOTE', 'MUNSYARI', '262554', '1', 'UL', 'INDIA', '8958534432', 'x@gmail.com', 'Through Internet', '123522', '0000-00-00 00:00:00', 'nitin', '2017-18'),
('2017041279', 'PANKAJ KUMAR', 'NATHO RAM', '2003.04.14', 'no-image.jpg', 'M', 'INDIAN', 'READING,PLAYING', 'Day Boarder', '9C', 2017, 'N', 'VVMIC MUNSYARI', '8', 'TALLA GHORPATTA', 'MUNSYARI', '262554', '1', 'UL', 'INDIA', '7536885527', 'x@gmail.com', 'Through Internet', '123522', '0000-00-00 00:00:00', 'nitin', '2017-18'),
('2017041280', 'PANKAJ SINGH PANGTEY', 'KHARAK SINGH PANGTEY', '2004.03.05', 'no-image.jpg', 'M', 'INDIAN', 'READING,PLAYING', 'Day Boarder', '9C', 2017, 'N', 'M.P.S.MUNSYARI', '8', 'VILLAGE SARMOLI ', 'MUNSYARI', '262554', '1', 'UL', 'INDIA', '9012000446', 'x@gmail.com', 'Through Internet', '123522', '0000-00-00 00:00:00', 'nitin', '2017-18'),
('2017041281', 'TIKENDRA SINGH BISHT ', 'DIGAR SINGH BISHT', '2004.03.28', 'no-image.jpg', 'M', 'INDIAN', 'READING,PLAYING', 'Day Boarder', '9C', 2017, 'N', 'VVMIC MUNSYARI', '8', 'VILLAGE BASBAGAR', 'MUNSYARI', '262554', '1', 'UL', 'INDIA', '9756795821', 'x@gmail.com', 'Through Internet', '123522', '0000-00-00 00:00:00', 'nitin', '2017-18'),
('2017041282', 'UMESH SINGH PANWAR', 'PREM SINGH PANWAR', '2004.03.30', 'no-image.jpg', 'M', 'INDIAN', 'READING,PLAYING', 'Day Boarder', '9C', 2017, 'N', 'VVMIC MUNSYARI', '8', 'VILLAGE SAMKOTE', 'MUNSYARI', '262554', '1', 'UL', 'INDIA', '7248205113', 'x@gmail.com', 'Through Internet', '123522', '0000-00-00 00:00:00', 'nitin', '2017-18'),
('2017041283', 'VIKRAM SINGH', 'NARENDRA SINGH', '2004.08.03', 'no-image.jpg', 'M', 'INDIAN', 'READING,PLAYING', 'Day Boarder', '9C', 2017, 'N', 'VVMIC MUNSYARI', '8', 'VILLAGE SARMOLI ', 'MUNSYARI', '262554', '1', 'UL', 'INDIA', '7599004852', 'x@gmail.com', 'Through Internet', '123522', '0000-00-00 00:00:00', 'nitin', '2017-18'),
('2017041284', 'VINOD SINGH NITWAL', 'DALIP SINGH NITWAL', '2003.09.03', 'no-image.jpg', 'M', 'INDIAN', 'READING,PLAYING', 'Day Boarder', '9C', 2017, 'N', 'VVMIC MUNSYARI', '8', 'VILLAGE JAINTI', 'MUNSYARI', '262554', '1', 'UL', 'INDIA', '9457384515', 'x@gmail.com', 'Through Internet', '123522', '0000-00-00 00:00:00', 'nitin', '2017-18'),
('2017041285', 'BHAWANA BAGARI', 'PREM SINGH BAGARI', '2003.08.10', 'no-image.jpg', 'F', 'INDIAN', 'READING,PLAYING', 'Day Boarder', '10A', 2017, 'N', 'VVMIC MUNSYARI', '9', 'VILLAGE BUIE LEELAM', 'MUNSYARI', '262554', '1', 'UL', 'INDIA', '9917009199', 'x@gmail.com', 'Through Internet', '123522', '0000-00-00 00:00:00', 'nitin', '2017-18'),
('2017041286', 'CHITRA PANGTEY ', 'KHADAK SINGH PANGTEY', '2002.04.20', 'no-image.jpg', 'F', 'INDIAN', 'READING,PLAYING', 'Day Boarder', '10A', 2017, 'N', 'VVMIC MUNSYARI', '9', 'VILLAGE SERA TANGA', 'MUNSYARI', '262555', '1', 'UL', 'INDIA', '9756985187', 'x@gmail.com', 'Through Internet', '123523', '0000-00-00 00:00:00', 'nitin', '2017-18'),
('2017041287', 'DEEPIKA JANGPANGI', 'LAVENDRA SINGH JANGPANGI', '2003.03.02', 'no-image.jpg', 'F', 'INDIAN', 'READING', 'Day Boarder', '10A', 2017, 'N', 'VVMIC MUNSYARI', '9', 'VILLAGE BUNGA ', 'MUNSYARI', '262554', '1', 'UL', 'INDIA', '9012729975', 'x@gmail.com', 'Through Internet', '123524', '0000-00-00 00:00:00', 'nitin', '2017-18'),
('2017041288', 'DEEPTI KHALJHUNIA', 'KISHAN SINGH KHALJHUNIA', '2002.05.18', 'no-image.jpg', 'F', 'INDIAN', 'READING', 'Day Boarder', '10A', 2017, 'N', 'VVMIC MUNSYARI', '9', 'VILLAGE HARKOTE', 'MUNSYARI', '262554', '1', 'UL', 'INDIA', '9927256009', 'x@gmail.com', 'Through Internet', '123525', '0000-00-00 00:00:00', 'nitin', '2017-18'),
('2017041289', 'GARIMA', 'G.P. JIGYASU', '2006.08.06', 'no-image.jpg', 'F', 'INDIAN', 'READING', 'Day Boarder', '10A', 2017, 'N', 'VVMIC MUNSYARI', '9', 'CHAKDAH VAILMAR NAUTANVA', 'MUNSYARI', '262554', '1', 'UL', 'INDIA', '7500034977', 'x@gmail.com', 'Through Internet', '123526', '0000-00-00 00:00:00', 'nitin', '2017-18'),
('2017041290', 'HIMANI DWIVEDI', 'PURAN CHANDRA DWIVEDI', '2003.07.05', 'no-image.jpg', 'F', 'INDIAN', 'READINGH', 'Day Boarder', '10A', 2017, 'N', 'VVMIC MUNSYARI', '9', 'VILLAGE SAIMLI ', 'QUITI', '262554', '1', 'UL', 'INDIA', '9456702571', 'x@gmail.com', 'Through Internet', '123527', '0000-00-00 00:00:00', 'nitin', '2017-18'),
('2017041291', 'ISHA DHAPWAL', 'DEVENDRA SINGH DHAPWAL', '2003.03.30', 'no-image.jpg', 'F', 'INDIAN', 'READING,PLAYING', 'Day Boarder', '10A', 2017, 'N', 'VVMIC MUNSYARI', '9', 'VILLAGE DHAPA', 'MUNSYARI', '262554', '1', 'UL', 'INDIA', '7351723539', 'x@gmail.com', 'Through Internet', '123528', '0000-00-00 00:00:00', 'nitin', '2017-18'),
('2017041292', 'JYOTI MEHRA', 'DEVENDRA SINGH ', '2003.12.07', 'no-image.jpg', 'F', 'INDIAN', 'READING', 'Day Boarder', '10A', 2017, 'N', 'VVMIC MUNSYARI', '9', 'VILLAGE SEVILA', 'MUNSYARI', '262554', '1', 'UL', 'INDIA', '8477947623', 'x@gmail.com', 'Through Internet', '123529', '0000-00-00 00:00:00', 'nitin', '2017-18'),
('2017041293', 'KAVITA PAPRA', 'BIRENDRA SINGH PAPRA', '2003.04.16', 'no-image.jpg', 'F', 'INDIAN', 'READING,PLAYING', 'Day Boarder', '10A', 2017, 'N', 'VVMIC MUNSYARI', '9', 'VILLAGE PAPRI', 'MUNSYARI', '262554', '1', 'UL', 'INDIA', '7248456159', 'x@gmail.com', 'Through Internet', '123530', '0000-00-00 00:00:00', 'nitin', '2017-18'),
('2017041294', 'KOMAL VERMA', 'BHUWAN LAL VERMA', '2003.12.06', 'no-image.jpg', 'F', 'INDIAN', 'READING,PLAYING', 'Day Boarder', '10A', 2017, 'N', 'VVMIC MUNSYARI', '9', 'VILLAGE PAWDEV PAUN', 'PITHORAGARH', '262554', '1', 'UL', 'INDIA', '9997730159', 'x@gmail.com', 'Through Internet', '123531', '0000-00-00 00:00:00', 'nitin', '2017-18'),
('2017041295', 'MANISHA BHANDARI', 'SURENDRA SINGH BHANDARI', '2003.04.09', 'no-image.jpg', 'F', 'INDIAN', 'READING,PLAYING', 'Day Boarder', '10A', 2017, 'N', 'VVMIC MUNSYARI', '9', 'VILLAGE DHUNAMANI', 'MUNSYARI', '262554', '1', 'UL', 'INDIA', '9568174514', 'x@gmail.com', 'Through Internet', '123532', '0000-00-00 00:00:00', 'nitin', '2017-18'),
('2017041296', 'MANSI MARTOLIA', 'KEDAR SINGH', '2003.07.13', 'no-image.jpg', 'F', 'INDIAN', 'READING,PLAYING', 'Day Boarder', '10A', 2017, 'N', 'VVMIC MUNSYARI', '9', 'VILLAGE BUNGA ', 'MUNSYARI', '262554', '1', 'UL', 'INDIA', '7248305455', 'x@gmail.com', 'Through Internet', '123533', '0000-00-00 00:00:00', 'nitin', '2017-18'),
('2017041297', 'SONIYA NEGI', 'BHUPENDRA SINGH NEGI', '2003.02.03', 'no-image.jpg', 'F', 'INDIAN', 'READING,PLAYING', 'Day Boarder', '10A', 2017, 'N', 'VVMIC MUNSYARI', '9', 'VILLAGE HARKOTE', 'MUNSYARI', '262554', '1', 'UL', 'INDIA', '8941090372', 'x@gmail.com', 'Through Internet', '123534', '0000-00-00 00:00:00', 'nitin', '2017-18'),
('2017041298', 'SUSHEELA LASPAL', 'JASPAL SINGH', '2002.12.05', 'no-image.jpg', 'F', 'INDIAN', 'READING,PLAYING', 'Day Boarder', '10A', 2017, 'N', 'VVMIC MUNSYARI', '9', 'VILLAGE SAIPOLU', 'MUNSYARI', '262554', '1', 'UL', 'INDIA', '7534881691', 'x@gmail.com', 'Through Internet', '123535', '0000-00-00 00:00:00', 'nitin', '2017-18'),
('2017041299', 'ABHISHEK SINGH RAWAT', 'PRATIMAN SINGH', '2003.03.24', 'no-image.jpg', 'M', 'INDIAN', 'READING,PLAYING', 'Day Boarder', '10A', 2017, 'N', 'VVMIC MUNSYARI', '9', 'VILLAGE JAINTI', 'MUNSYARI', '262554', '1', 'UL', 'INDIA', '9837317167', 'x@gmail.com', 'Through Internet', '123536', '0000-00-00 00:00:00', 'nitin', '2017-18'),
('2017041300', 'DEVRAJ SINGH ', 'BALWANT SINGH', '2002.08.29', 'no-image.jpg', 'M', 'INDIAN', 'READING,PLAYING', 'Day Boarder', '10A', 2017, 'N', 'VVMIC MUNSYARI', '9', 'VILLAGE TOMIK', 'MUNSYARI', '262554', '1', 'UL', 'INDIA', '7351099599', 'x@gmail.com', 'Through Internet', '123537', '0000-00-00 00:00:00', 'nitin', '2017-18'),
('2017041301', 'DURGESH SINGH DANU', 'DIWAN SINGH DANU', '2002.07.06', 'no-image.jpg', 'M', 'INDIAN', 'READING', 'Day Boarder', '10A', 2017, 'N', 'VVMIC MUNSYARI', '9', 'VILLAGE PYANGTI', 'MUNSYARI', '262554', '1', 'UL', 'INDIA', '7534881868', 'x@gmail.com', 'Through Internet', '123538', '0000-00-00 00:00:00', 'nitin', '2017-18'),
('2017041302', 'GAURAV SINGH PANDA', 'JAGAT SINGH PANDA', '2004.06.04', 'no-image.jpg', 'M', 'INDIAN', 'READING', 'Day Boarder', '10A', 2017, 'N', 'VVMIC MUNSYARI', '9', 'VILLAGE TALLA GHORPATTA', 'MUNSYARI', '262554', '1', 'UL', 'INDIA', '9639401968', 'x@gmail.com', 'Through Internet', '123539', '0000-00-00 00:00:00', 'nitin', '2017-18'),
('2017041303', 'GAURAV SINGH PANWAR', 'BHEEM SINGH PANWAR', '2003.04.02', 'no-image.jpg', 'M', 'INDIAN', 'READING,PLAYING', 'Day Boarder', '10A', 2017, 'N', 'VVMIC MUNSYARI', '9', 'VILLAGE SAMKOTE', 'MUNSYARI', '262555', '1', 'UL', 'INDIA', '9412340701', 'x@gmail.com', 'Through Internet', '123540', '0000-00-00 00:00:00', 'nitin', '2017-18'),
('2017041304', 'GAURAV SINGH RANA', 'TRILOK SINGH RANA', '2003.06.11', 'no-image.jpg', 'M', 'INDIAN', 'READING,PLAYING', 'Day Boarder', '10A', 2017, 'N', 'VVMIC MUNSYARI', '9', 'VILLAGE MADALKIYA', 'BALA', '262554', '1', 'UL', 'INDIA', '9568650237', 'x@gmail.com', 'Through Internet', '123541', '0000-00-00 00:00:00', 'nitin', '2017-18'),
('2017041305', 'GOVIND SINGH JAIMYAL', 'BALAK SINGH JAIMYAL', '2003.03.16', 'no-image.jpg', 'M', 'INDIAN', 'READING,PLAYING', 'Day Boarder', '10A', 2017, 'N', 'VVMIC MUNSYARI', '9', 'VILLAGE SEVILA', 'VILLAGE NAMIK', '262554', '1', 'UL', 'INDIA', '8958267961', 'x@gmail.com', 'Through Internet', '123542', '0000-00-00 00:00:00', 'nitin', '2017-18'),
('2017041306', 'ISHWAR SINGH KHATRI', 'NARENDRA SINGH', '2003.04.01', 'no-image.jpg', 'M', 'INDIAN', 'READING,PLAYING', 'Day Boarder', '10A', 2017, 'N', 'VVMIC MUNSYARI', '9', 'VILLAGE UCHAITI', 'MUNSYARI', '262554', '1', 'UL', 'INDIA', '7599321640', 'x@gmail.com', 'Through Internet', '123543', '0000-00-00 00:00:00', 'nitin', '2017-18'),
('2017041307', 'JITENDRA SINGH ', 'NARAYAN SINGH', '2003.06.07', 'no-image.jpg', 'M', 'INDIAN', 'READING,PLAYING', 'Day Boarder', '10A', 2017, 'N', 'VVMIC MUNSYARI', '9', 'VILLAGE WALTHI', 'MUNSYARI', '262554', '1', 'UL', 'INDIA', '8958644628', 'x@gmail.com', 'Through Internet', '123544', '0000-00-00 00:00:00', 'nitin', '2017-18'),
('2017041308', 'KAPIL SINGH DHAMI', 'MAHENDRA SINGH DHAMI', '2003.07.04', 'no-image.jpg', 'M', 'INDIAN', 'READING,PLAYING', 'Day Boarder', '10A', 2017, 'N', 'VVMIC MUNSYARI', '9', 'VILLAGE ALAM', 'MUNSYARI', '262554', '1', 'UL', 'INDIA', '8954091823', 'x@gmail.com', 'Through Internet', '123545', '0000-00-00 00:00:00', 'nitin', '2017-18');
INSERT INTO `register_with_us` (`regid`, `FULLNAME`, `FATHER`, `DOB_`, `PHOTO_`, `GENDER`, `NATIONALITY`, `STUDENT_INTEREST`, `ADMISSION_FOR`, `CLASS_FOR_ADMISSION`, `APPLIED_YEAR`, `TRANSPORT_REQUIRED`, `LAST_SCHOOL_NAME`, `LAST_SCHOOL_GRADE`, `ADDRESS_`, `CITY_`, `PINCODE_`, `ZONE_`, `STATE_`, `COUNTRY_`, `MOBILE_`, `EMAIL_`, `KNOWN_SOURCE_`, `PASSWORD_`, `DOR_`, `USERNAME_`, `SESSIONID`) VALUES
('2017041309', 'KARAN SINGH TOLIA', 'DEVENDRA SINGH TOLIA', '2001.06.05', 'no-image.jpg', 'M', 'INDIAN', 'READING,PLAYING', 'Day Boarder', '10A', 2017, 'N', 'VVMIC MUNSYARI', '9', 'VILLAGE PATO', 'MUNSYARI', '262554', '1', 'UL', 'INDIA', '9568863057', 'x@gmail.com', 'Through Internet', '123546', '0000-00-00 00:00:00', 'nitin', '2017-18'),
('2017041310', 'LOVERAJ SINGH RAWAT', 'CHANCHAL SINGH RAWAT', '2003.04.10', 'no-image.jpg', 'M', 'INDIAN', 'READING,PLAYING', 'Day Boarder', '10A', 2017, 'N', 'VVMIC MUNSYARI', '9', 'VILLAGE FAPA', 'MUNSYARI', '262554', '1', 'UL', 'INDIA', '7248195931', 'x@gmail.com', 'Through Internet', '123547', '0000-00-00 00:00:00', 'nitin', '2017-18'),
('2017041311', 'MANISH CHANDRA JOSHI', 'ANAND CHANDRA JOSHI', '2002.04.23', 'no-image.jpg', 'M', 'INDIAN', 'READING,PLAYING', 'Day Boarder', '10A', 2017, 'N', 'VVMIC MUNSYARI', '9', 'VILLAGE KHASIABARA', 'MUNSYARI', '262554', '1', 'UL', 'INDIA', '8475807512', 'x@gmail.com', 'Through Internet', '123548', '0000-00-00 00:00:00', 'nitin', '2017-18'),
('2017041312', 'MUKESH SINGH GHINGA', 'NARAYAN SINGH GHINGA', '2004.02.02', 'no-image.jpg', 'M', 'INDIAN', 'CRICKET', 'Day Boarder', '10A', 2017, 'N', 'VVMIC MUNSYARI', '9', 'VILLAGE BUIE LEELAM', 'MUNSYARI', '262554', '1', 'UL', 'INDIA', '9756805646', 'x@gmail.com', 'Through Internet', '123549', '0000-00-00 00:00:00', 'nitin', '2017-18'),
('2017041313', 'MUKESH SINGH RAWAT', 'NARAYAN SINGH RAWAT', '2003.07.11', 'no-image.jpg', 'M', 'INDIAN', 'CRICKET', 'Day Boarder', '10A', 2017, 'N', 'VVMIC MUNSYARI', '9', 'VILLAGE FAPA', 'MUNSYARI', '262554', '1', 'UL', 'INDIA', '8958320310', 'x@gmail.com', 'Through Internet', '123550', '0000-00-00 00:00:00', 'nitin', '2017-18'),
('2017041314', 'NISHANT SINGH DEWALI', 'NARENDRA SINGH DEWALI', '2003.03.04', 'no-image.jpg', 'M', 'INDIAN', 'READING,PLAYING', 'Day Boarder', '10A', 2017, 'N', 'VVMIC MUNSYARI', '9', 'VILLAGE DHEELAM', 'MUNSYARI', '262554', '1', 'UL', 'INDIA', '8193048540', 'x@gmail.com', 'Through Internet', '123551', '0000-00-00 00:00:00', 'nitin', '2017-18'),
('2017041315', 'PANKAJ SINGH DHOKTI', 'KUNDAN SINGH DHOKTI', '2001.05.09', 'no-image.jpg', 'M', 'INDIAN', 'READING,PLAYING', 'Day Boarder', '10A', 2017, 'N', 'VVMIC MUNSYARI', '9', 'VILLAGE SHAMBHUGHAT', 'MUNSYARI', '262554', '1', 'UL', 'INDIA', '9927263190', 'x@gmail.com', 'Through Internet', '123552', '0000-00-00 00:00:00', 'nitin', '2017-18'),
('2017041316', 'PREMPRAKASH SINGH PANDA', 'KEDAR SINGH PANDA', '2003.01.15', 'no-image.jpg', 'M', 'INDIAN', 'FOOTBALL', 'Day Boarder', '10A', 2017, 'N', 'VVMIC MUNSYARI', '9', 'VILLAGE TALLA GHORPATTA', 'MUNSYARI', '262554', '1', 'UL', 'INDIA', '8057398931', 'x@gmail.com', 'Through Internet', '123553', '0000-00-00 00:00:00', 'nitin', '2017-18'),
('2017041317', 'PRIYANSHU BORA', 'BHAGAT SINGH BORA', '2004.07.03', 'no-image.jpg', 'M', 'INDIAN', 'FOOTBALL', 'Day Boarder', '10A', 2017, 'N', 'VVMIC MUNSYARI', '9', 'VILLAGE PAITNA', 'NAINITAL', '262554', '1', 'UL', 'INDIA', '9456109844', 'x@gmail.com', 'Through Internet', '123554', '0000-00-00 00:00:00', 'nitin', '2017-18'),
('2017041318', 'RAHUL SINGH BISHT', 'HARENDRA SINGH BISHT', '2003.03.12', 'no-image.jpg', 'M', 'INDIAN', 'CRICKET', 'Day Boarder', '10A', 2017, 'N', 'VVMIC MUNSYARI', '9', 'VILLAGE SEVILA', 'MUNSYARI', '262554', '1', 'UL', 'INDIA', '9410156833', 'x@gmail.com', 'Through Internet', '123555', '0000-00-00 00:00:00', 'nitin', '2017-18'),
('2017041319', 'RAHUL SINGH', 'JAGAT SINGH ', '2003.05.15', 'no-image.jpg', 'M', 'INDIAN', 'CRICKET', 'Day Boarder', '10A', 2017, 'N', 'VVMIC MUNSYARI', '9', 'VILLAGE SAIDHURA', 'MUNSYARI', '262554', '1', 'UL', 'INDIA', '8057606384', 'x@gmail.com', 'Through Internet', '123556', '0000-00-00 00:00:00', 'nitin', '2017-18'),
('2017041320', 'RAJENDRA PRAKASH', 'KUNDAN RAM', '2002.07.08', 'no-image.jpg', 'M', 'INDIAN', 'CRICKET', 'Day Boarder', '10A', 2017, 'N', 'VVMIC MUNSYARI', '9', 'VILLAGE MATENA', 'MUNSYARI', '262554', '1', 'UL', 'INDIA', '7055655429', 'x@gmail.com', 'Through Internet', '123557', '0000-00-00 00:00:00', 'nitin', '2017-18'),
('2017041321', 'ROHIT SINGH GHINGA', 'SHANKAR SINGH GHINGA', '2003.07.01', 'no-image.jpg', 'M', 'INDIAN', 'CRICKET', 'Day Boarder', '10A', 2017, 'N', 'VVMIC MUNSYARI', '9', 'VILLAGE FALYATI', 'MUNSYARI', '262554', '1', 'UL', 'INDIA', '9012706522', 'x@gmail.com', 'Through Internet', '123558', '0000-00-00 00:00:00', 'nitin', '2017-18'),
('2017041322', 'ROHIT SINGH DHOKTI', 'BALWANT SINGH', '2003.03.25', 'no-image.jpg', 'M', 'INDIAN', 'READING', 'Day Boarder', '10A', 2017, 'N', 'VVMIC MUNSYARI', '9', 'VILLAGE DHAPA', 'MUNSYARI', '262554', '1', 'UL', 'INDIA', '8958682251', 'x@gmail.com', 'Through Internet', '123559', '0000-00-00 00:00:00', 'nitin', '2017-18'),
('2017041323', 'CHANDRA MOHAN SINGH KHATRI', 'SUNDER SINGH', '2004.06.02', 'no-image.jpg', 'M', 'INDIAN', 'READING', 'Day Boarder', '10A', 2017, 'N', 'VVMIC MUNSYARI', '9', 'VILLAGE PAPRI', 'MUNSYARI', '262554', '1', 'UL', 'INDIA', '7500653254', 'x@gmail.com', 'Through Internet', '123560', '0000-00-00 00:00:00', 'nitin', '2017-18'),
('2017041324', 'SAMEER SINGH', 'HEERA SINGH', '2003.04.06', 'no-image.jpg', 'M', 'INDIAN', 'CRICKET', 'Day Boarder', '10A', 2017, 'N', 'VVMIC MUNSYARI', '9', 'VILLAGE PANTO', 'MUNSYARI', '262554', '1', 'UL', 'INDIA', '9568519878', 'x@gmail.com', 'Through Internet', '123561', '0000-00-00 00:00:00', 'nitin', '2017-18'),
('2017041325', 'SANJAY SINGH DHAPWAL', 'MAHIMAN SINGH DHAPWAL', '2002.04.01', 'no-image.jpg', 'M', 'INDIAN', 'CRICKET', 'Day Boarder', '10A', 2017, 'N', 'VVMIC MUNSYARI', '9', 'VILLAGE DHAPA', 'MUNSYARI', '262554', '1', 'UL', 'INDIA', '8958310183', 'x@gmail.com', 'Through Internet', '123562', '0000-00-00 00:00:00', 'nitin', '2017-18'),
('2017041326', 'SANJAY SINGH RANA', 'DALIP SINGH RANA', '2003.03.23', 'no-image.jpg', 'M', 'INDIAN', 'CRICKET', 'Day Boarder', '10A', 2017, 'N', 'VVMIC MUNSYARI', '9', 'VILLAGE SHANKHDHURA', 'MUNSYARI', '262554', '1', 'UL', 'INDIA', '8958786363', 'x@gmail.com', 'Through Internet', '123563', '0000-00-00 00:00:00', 'nitin', '2017-18'),
('2017041327', 'SAURABH DHOKTI', 'PUSHKER SINGH DHOKTI', '2003.06.04', 'no-image.jpg', 'M', 'INDIAN', 'READINGH', 'Day Boarder', '10A', 2017, 'N', 'VVMIC MUNSYARI', '9', 'VILLAGE MALLA DUMMAR', 'MUNSYARI', '262554', '1', 'UL', 'INDIA', '8192809602', 'x@gmail.com', 'Through Internet', '123564', '0000-00-00 00:00:00', 'nitin', '2017-18'),
('2017041328', 'TRILOK SINGH IMLAL', 'PURAN SINGH IMLAL', '2002.04.02', 'no-image.jpg', 'M', 'INDIAN', 'CRICKET', 'Day Boarder', '10A', 2017, 'N', 'VVMIC MUNSYARI', '9', 'VILLAGE IMLA', 'MADKOTE', '262554', '1', 'UL', 'INDIA', '7900828198', 'x@gmail.com', 'Through Internet', '123565', '0000-00-00 00:00:00', 'nitin', '2017-18'),
('2017041329', 'VIRENDRA KUMAR', 'JAGAT RAM', '2004.07.07', 'no-image.jpg', 'M', 'INDIAN', 'CRICKET', 'Day Boarder', '10A', 2017, 'N', 'VVMIC MUNSYARI', '9', 'VILLAGE MINAL GAON', 'MUNSYARI', '262554', '1', 'UL', 'INDIA', '9557944891', 'x@gmail.com', 'Through Internet', '123566', '0000-00-00 00:00:00', 'nitin', '2017-18'),
('2017041330', 'VINOD SINGH MEHRA', 'UMED SINGH ', '2003.03.05', 'no-image.jpg', 'M', 'INDIAN', 'CRICKET', 'Day Boarder', '10A', 2017, 'N', 'VVMIC MUNSYARI', '9', 'VILLAGE KULTHAM', 'MUNSYARI', '262554', '1', 'UL', 'INDIA', '8057433690', 'x@gmail.com', 'Through Internet', '123567', '0000-00-00 00:00:00', 'nitin', '2017-18'),
('2017041331', 'YASHDEEP', 'RAMESH RAM', '2002.12.24', 'no-image.jpg', 'M', 'INDIAN', 'FOOTBALL', 'Day Boarder', '10A', 2017, 'N', 'VVMIC MUNSYARI', '9', 'VILLAGE MALLA GHORPATTA', 'MUNSYARI', '262554', '1', 'UL', 'INDIA', '8936946646', 'x@gmail.com', 'Through Internet', '123568', '0000-00-00 00:00:00', 'nitin', '2017-18'),
('2017041332', 'YOGESH SINGH', 'LALIT SINGH', '2003.03.04', 'no-image.jpg', 'M', 'INDIAN', 'READING', 'Day Boarder', '10A', 2017, 'N', 'VVMIC MUNSYARI', '9', 'VILLAGE PAINKUTI', 'MUNSYARI', '262554', '1', 'UL', 'INDIA', '9756756041', 'x@gmail.com', 'Through Internet', '123569', '0000-00-00 00:00:00', 'nitin', '2017-18'),
('2017041333', 'YOGESH SINGH FARSWAN', 'RAMESH CHANDRA FARSWAN', '2003.09.15', 'no-image.jpg', 'M', 'INDIAN', 'RADINGH', 'Day Boarder', '10A', 2017, 'N', 'VVMIC MUNSYARI', '9', 'VILLAGE JOSHA', 'MUNSYARI', '262554', '1', 'UL', 'INDIA', '9917212997', 'x@gmail.com', 'Through Internet', '123570', '0000-00-00 00:00:00', 'nitin', '2017-18'),
('2017041334', 'KAVINDRA SINGH', 'DAN SINGH', '2003.01.04', 'no-image.jpg', 'M', 'INDIAN', 'CRICKET', 'Day Boarder', '10A', 2017, 'N', 'VVMIC MUNSYARI', '9', 'VILLAGE FAFA ', 'MUNSYARI', '262554', '1', 'UL', 'INDIA', '9756356569', 'x@gmail.com', 'Through Internet', '123571', '0000-00-00 00:00:00', 'nitin', '2017-18'),
('2017041335', 'BHUPENDRA SINGH LUNTRI', 'DHARAM SINGH LUNTRI', '2004.11.15', 'no-image.jpg', 'M', 'INDIAN', 'CRICKET', 'Day Boarder', '10A', 2017, 'N', 'GIC UCHHAITI', '9', 'VILLAGE FAFA ', 'MUNSYARI', '262554', '1', 'UL', 'INDIA', '7535828944', 'x@gmail.com', 'Through Internet', '123572', '0000-00-00 00:00:00', 'nitin', '2017-18'),
('2017041336', 'CHANDANI RAWAT', 'GANGA SINGH RAWAT', '2003.03.10', 'no-image.jpg', 'F', 'INDIAN', 'READING,PLAYING', 'Day Boarder', '10B', 2017, 'N', 'VVMIC MUNSYARI', '9', 'VILLAGE QUIRIJIMIYA', 'MUNSYARI', '262554', '1', 'UL', 'INDIA', '8941089124', 'x@gmail.com', 'Through Internet', '123573', '0000-00-00 00:00:00', 'nitin', '2017-18'),
('2017041337', 'CHETANA BHAKUNI', 'TRILOK SINGH BHAKUNI', '2003.03.20', 'no-image.jpg', 'F', 'INDIAN', 'READING,PLAYING', 'Day Boarder', '10B', 2017, 'N', 'VVMIC MUNSYARI', '9', 'VILLAGE BEESHA', 'MUNSYARI', '262554', '1', 'UL', 'INDIA', '9756364544', 'x@gmail.com', 'Through Internet', '123574', '0000-00-00 00:00:00', 'nitin', '2017-18'),
('2017041338', 'DIVYA BAGARI ', 'DURGA SINGH BAGARI', '2003.03.09', 'no-image.jpg', 'F', 'INDIAN', 'READING', 'Day Boarder', '10B', 2017, 'N', 'VVMIC MUNSYARI', '9', 'VILLAGE LENGA', 'MUNSYARI', '262554', '1', 'UL', 'INDIA', '8938075092', 'x@gmail.com', 'Through Internet', '123575', '0000-00-00 00:00:00', 'nitin', '2017-18'),
('2017041339', 'GARIMA BISHT', 'KUNDAN BISHT', '2003.03.10', 'no-image.jpg', 'F', 'INDIAN', 'READING', 'Day Boarder', '10B', 2017, 'N', 'VVMIC MUNSYARI', '9', 'VILLAE SAIPOLU', 'MUNSYARI', '262554', '1', 'UL', 'INDIA', '7534881794', 'x@gmail.com', 'Through Internet', '123576', '0000-00-00 00:00:00', 'nitin', '2017-18'),
('2017041340', 'KAVITA ARYA', 'TRILOK RAM', '2003.02.13', 'no-image.jpg', 'F', 'INDIAN', 'DANCING', 'Day Boarder', '10B', 2017, 'N', 'VVMIC MUNSYARI', '9', 'VILLAGE GARGHINYA', 'MUNSYARI', '262554', '1', 'UL', 'INDIA', '7055655290', 'x@gmail.com', 'Through Internet', '123577', '0000-00-00 00:00:00', 'nitin', '2017-18'),
('2017041341', 'KANISHKA TOLIA', 'JAGAT SINGH TOLIA', '2003.06.12', 'no-image.jpg', 'F', 'INDIAN', 'READING', 'Day Boarder', '10B', 2017, 'N', 'VVMIC MUNSYARI', '9', 'VILLAGE JAINTI', 'MUNSYARI', '262554', '1', 'UL', 'INDIA', '8958315997', 'x@gmail.com', 'Through Internet', '123578', '0000-00-00 00:00:00', 'nitin', '2017-18'),
('2017041342', 'MAHIMA RAUTELA', 'VINOD SINGH RAUTELA', '2003.03.16', 'no-image.jpg', 'F', 'INDIAN', 'READING,PLAYING', 'Day Boarder', '10B', 2017, 'N', 'VVMIC MUNSYARI', '9', 'VILLAGE SARMOLI', 'MUNSYARI', '262554', '1', 'UL', 'INDIA', '9410978123', 'x@gmail.com', 'Through Internet', '123579', '0000-00-00 00:00:00', 'nitin', '2017-18'),
('2017041343', 'RITU MARTOLIYA ', 'LAXMAN SINGH MARTOLIYA', '2003.04.04', 'no-image.jpg', 'F', 'INDIAN', 'READING', 'Day Boarder', '10B', 2017, 'N', 'VVMIC MUNSYARI', '9', 'VILLAGE QUIRIJIMIYA', 'MUNSYARI', '262554', '1', 'UL', 'INDIA', '7500405571', 'x@gmail.com', 'Through Internet', '123580', '0000-00-00 00:00:00', 'nitin', '2017-18'),
('2017041344', 'SANGEETA PANGTEY', 'KHADAK SINGH PANGTEY', '2003.04.20', 'no-image.jpg', 'F', 'INDIAN', 'READING,PLAYING', 'Day Boarder', '10B', 2017, 'N', 'VVMIC MUNSYARI', '9', 'VILLAGE TANGA', 'MUNSYARI', '262554', '1', 'UL', 'INDIA', '8171922450', 'x@gmail.com', 'Through Internet', '123581', '0000-00-00 00:00:00', 'nitin', '2017-18'),
('2017041345', 'NISHA VERMA', 'BHAGWAN VERMA', '2003.09.14', 'no-image.jpg', 'F', 'INDIAN', 'PLAYING', 'Day Boarder', '10B', 2017, 'N', 'VVMIC MUNSYARI', '9', 'VILLAGE JAINTI', 'MUNSYARI', '262554', '1', 'UL', 'INDIA', '8449400284', 'x@gmail.com', 'Through Internet', '123582', '0000-00-00 00:00:00', 'nitin', '2017-18'),
('2017041346', 'KOMAL RAWAT', 'MAHIPAL SINGH RAWAT', '2002.04.19', 'no-image.jpg', 'F', 'INDIAN', 'READING,PLAYING', 'Day Boarder', '10B', 2017, 'N', 'VVMIC MUNSYARI', '9', 'VILLAGE JAINTI', 'MUNSYARI', '262554', '1', 'UL', 'INDIA', '9627707058', 'x@gmail.com', 'Through Internet', '123583', '0000-00-00 00:00:00', 'nitin', '2017-18'),
('2017041347', 'BABITA KORANGA', 'RANJEET SINGH', '2003.03.26', 'no-image.jpg', 'F', 'INDIAN', 'READING,PLAYING', 'Day Boarder', '10B', 2017, 'N', 'VVMIC MUNSYARI', '9', 'VILLAGE SAIPOLU', 'MUNSYARI', '262554', '1', 'UL', 'INDIA', '9690064253', 'x@gmail.com', 'Through Internet', '123584', '0000-00-00 00:00:00', 'nitin', '2017-18'),
('2017041348', 'KARISHMA ', 'UTTAM SINGH', '2002.04.15', 'no-image.jpg', 'F', 'INDIAN', 'READING,PLAYING', 'Day Boarder', '10B', 2017, 'N', 'VVMIC MUNSYARI', '9', 'VILLAGE JOSHA', 'MUNSYARI', '262554', '1', 'UL', 'INDIA', '9837159147', 'x@gmail.com', 'Through Internet', '123585', '0000-00-00 00:00:00', 'nitin', '2017-18'),
('2017041349', 'DEEPIKA ARYA', 'NARAYAN RAM', '2002.04.15', 'no-image.jpg', 'F', 'INDIAN', 'READING,PLAYING', 'Day Boarder', '10B', 2017, 'N', 'VVMIC MUNSYARI', '9', 'VILLAGE SARMOLI', 'MUNSYARI', '262554', '1', 'UL', 'INDIA', '7500045436', 'x@gmail.com', 'Through Internet', '123586', '0000-00-00 00:00:00', 'nitin', '2017-18'),
('2017041350', 'AKSHAY SINGH JESTHA', 'DIWAN SINGH JESTHA', '2003.05.15', 'no-image.jpg', 'M', 'INDIAN', 'READING,PLAYING', 'Day Boarder', '10B', 2017, 'N', 'VVMIC MUNSYARI', '9', 'VILLAGE CHETICHIMLA', 'MUNSYARI', '262554', '1', 'UL', 'INDIA', '7351201519', 'x@gmail.com', 'Through Internet', '123587', '0000-00-00 00:00:00', 'nitin', '2017-18'),
('2017041351', 'DEEPANSHU BRIJWAL', 'LAXMAN SINGH BRIJWAL', '2001.06.16', 'no-image.jpg', 'M', 'INDIAN', 'READING,PLAYING', 'Day Boarder', '10B', 2017, 'N', 'VVMIC MUNSYARI', '9', 'VILLAGE BUNGA', 'MUNSYARI', '262554', '1', 'UL', 'INDIA', '9456393393', 'x@gmail.com', 'Through Internet', '123588', '0000-00-00 00:00:00', 'nitin', '2017-18'),
('2017041352', 'DEEPAK GIRI', 'CHANDRA GIRI', '2003.05.12', 'no-image.jpg', 'M', 'INDIAN', 'READING', 'Day Boarder', '10B', 2017, 'N', 'VVMIC MUNSYARI', '9', 'VILLAGE MALUPATI', 'MUNSYARI', '262554', '1', 'UL', 'INDIA', '9917236939', 'x@gmail.com', 'Through Internet', '123589', '0000-00-00 00:00:00', 'nitin', '2017-18'),
('2017041353', 'DEEPAK GOSWAMI', 'KEDAR GOSWAMI', '2003.04.12', 'no-image.jpg', 'M', 'INDIAN', 'READING', 'Day Boarder', '10B', 2017, 'N', 'VVMIC MUNSYARI', '9', 'VILLAGE HARKOTE', 'MUNSYARI', '262554', '1', 'UL', 'INDIA', '9690022712', 'x@gmail.com', 'Through Internet', '123590', '0000-00-00 00:00:00', 'nitin', '2017-18'),
('2017041354', 'DEEPAK SINGH NEGI', 'KISHAN NEGI', '2003.03.12', 'no-image.jpg', 'M', 'INDIAN', 'READING,PLAYING', 'Day Boarder', '10B', 2017, 'N', 'VVMIC MUNSYARI', '9', 'VILLAGE HARKOTE', 'MUNSYARI', '262555', '1', 'UL', 'INDIA', '9012568457', 'x@gmail.com', 'Through Internet', '123591', '0000-00-00 00:00:00', 'nitin', '2017-18'),
('2017041355', 'DEEPAK SINGH PACHHAI', 'INDRA SINGH PACHHAI', '2003.01.15', 'no-image.jpg', 'M', 'INDIAN', 'READING,PLAYING', 'Day Boarder', '10B', 2017, 'N', 'VVMIC MUNSYARI', '9', 'VILLAGE SARMOLI', 'MUNSYARI', '262554', '1', 'UL', 'INDIA', '9917240565', 'x@gmail.com', 'Through Internet', '123592', '0000-00-00 00:00:00', 'nitin', '2017-18'),
('2017041356', 'DHEERAJ SINGH CHIRAL', 'SHIV SINGH CHIRAL', '2003.01.15', 'no-image.jpg', 'M', 'INDIAN', 'READING,PLAYING', 'Day Boarder', '10B', 2017, 'N', 'VVMIC MUNSYARI', '9', 'VILLAGE CHAUNA', 'MUNSYARI', '262554', '1', 'UL', 'INDIA', '8057741225', 'x@gmail.com', 'Through Internet', '123593', '0000-00-00 00:00:00', 'nitin', '2017-18'),
('2017041357', 'DEVENDRA SINGH PANWAR', 'BHAGWAN SINGH PANWAR', '2002.11.11', 'no-image.jpg', 'M', 'INDIAN', 'READING,PLAYING', 'Day Boarder', '10B', 2017, 'N', 'VVMIC MUNSYARI', '9', 'VILLAGE SAMKOTE', 'MUNSYARI', '262554', '1', 'UL', 'INDIA', '9760565370', 'x@gmail.com', 'Through Internet', '123594', '0000-00-00 00:00:00', 'nitin', '2017-18'),
('2017041358', 'HIMANSHU JOSHI', 'GANESH CHANDRA JOSHI', '2002.05.28', 'no-image.jpg', 'M', 'INDIAN', 'READING,PLAYING', 'Day Boarder', '10B', 2017, 'N', 'VVMIC MUNSYARI', '9', 'VILLAGE BUNGA', 'MUNSYARI', '262554', '1', 'UL', 'INDIA', '9410775454', 'x@gmail.com', 'Through Internet', '123595', '0000-00-00 00:00:00', 'nitin', '2017-18'),
('2017041359', 'KRISHNA DOSAD', 'LALIT SINGH DOSAD', '2002.05.28', 'no-image.jpg', 'M', 'INDIAN', 'READING,PLAYING', 'Day Boarder', '10B', 2017, 'N', 'VVMIC MUNSYARI', '9', 'VILLAGE SEVILA', 'MUNSYARI', '262554', '1', 'UL', 'INDIA', '8192811231', 'x@gmail.com', 'Through Internet', '123596', '0000-00-00 00:00:00', 'nitin', '2017-18'),
('2017041360', 'LAXMAN SINGH PANWAR', 'DHAN SINGH PANWAR', '2003.07.01', 'no-image.jpg', 'M', 'INDIAN', 'READING,PLAYING', 'Day Boarder', '10B', 2017, 'N', 'VVMIC MUNSYARI', '9', 'VILLAGE SAMKOTE', 'MUNSYARI', '262554', '1', 'UL', 'INDIA', '9917891937', 'x@gmail.com', 'Through Internet', '123597', '0000-00-00 00:00:00', 'nitin', '2017-18'),
('2017041361', 'MANJEET KUMAR', 'TRILOK RAM', '2002.04.18', 'no-image.jpg', 'M', 'INDIAN', 'READING,PLAYING', 'Day Boarder', '10B', 2017, 'N', 'VVMIC MUNSYARI', '9', 'VILLAGE TALLA GHORPATTA', 'MUNSYARI', '262554', '1', 'UL', 'INDIA', '8193048568', 'x@gmail.com', 'Through Internet', '123598', '0000-00-00 00:00:00', 'nitin', '2017-18'),
('2017041362', 'MANOJ SINGH KORNGA', 'SUNDER SINGH', '2003.04.01', 'no-image.jpg', 'M', 'INDIAN', 'READING,PLAYING', 'Day Boarder', '10B', 2017, 'N', 'VVMIC MUNSYARI', '9', 'VILLAGE GIRGAON', 'MUNSYARI', '262554', '1', 'UL', 'INDIA', '8958394962', 'x@gmail.com', 'Through Internet', '123599', '0000-00-00 00:00:00', 'nitin', '2017-18'),
('2017041363', 'NEERAJ SINGH PANWAR', 'PRAYAG PANWAR', '2003.03.14', 'no-image.jpg', 'M', 'INDIAN', 'PLAYING', 'Day Boarder', '10B', 2017, 'N', 'VVMIC MUNSYARI', '9', 'VILLAGE SAMKOTE', 'MUNSYARI', '262554', '1', 'UL', 'INDIA', '7500232478', 'x@gmail.com', 'Through Internet', '123600', '0000-00-00 00:00:00', 'nitin', '2017-18'),
('2017041364', 'LAXMAN SINGH PANA', 'DHAN SINGH PANA', '2002.03.06', 'no-image.jpg', 'M', 'INDIAN', 'PLAYING', 'Day Boarder', '10B', 2017, 'N', 'VVMIC MUNSYARI', '9', 'VILLAGE DHEELAM', 'MUNSYARI', '262554', '1', 'UL', 'INDIA', '9568981010', 'x@gmail.com', 'Through Internet', '123601', '0000-00-00 00:00:00', 'nitin', '2017-18'),
('2017041365', 'NITISH SINGH JANGPANGI', 'BALA SINGH JANGPANGI', '2003.02.16', 'no-image.jpg', 'M', 'INDIAN', 'READING,PLAYING', 'Day Boarder', '10B', 2017, 'N', 'VVMIC MUNSYARI', '9', 'VILLAGE BUNGA', 'MUNSYARI', '262554', '1', 'UL', 'INDIA', '8191976811', 'x@gmail.com', 'Through Internet', '123602', '0000-00-00 00:00:00', 'nitin', '2017-18'),
('2017041366', 'NAVEEN SINGH PANCHPAL', 'SURESH SINGH PANCHPAL', '2003.06.02', 'no-image.jpg', 'M', 'INDIAN', 'READING,PLAYING', 'Day Boarder', '10B', 2017, 'N', 'VVMIC MUNSYARI', '9', 'VILLAGE BUNGA', 'MUNSYARI', '262554', '1', 'UL', 'INDIA', '9457367295', 'x@gmail.com', 'Through Internet', '123603', '0000-00-00 00:00:00', 'nitin', '2017-18'),
('2017041367', 'NITESH SINGH BISHT', 'GOVIND SINGH BISHT', '2003.02.16', 'no-image.jpg', 'M', 'INDIAN', 'READING', 'Day Boarder', '10B', 2017, 'N', 'VVMIC MUNSYARI', '9', 'VILLAGE SAIPOLU', 'MUNSYARI', '262554', '1', 'UL', 'INDIA', '7351844785', 'x@gmail.com', 'Through Internet', '123604', '0000-00-00 00:00:00', 'nitin', '2017-18'),
('2017041368', 'PAWAN SINGH KOSHIYARI', 'BHADUR SINGH KOSHIYARI', '2003.03.25', 'no-image.jpg', 'M', 'INDIAN', 'PLAYING', 'Day Boarder', '10B', 2017, 'N', 'VVMIC MUNSYARI', '9', 'VILLAGE UCHHAITI', 'MUNSYARI', '262554', '1', 'UL', 'INDIA', '9639708171', 'x@gmail.com', 'Through Internet', '123605', '0000-00-00 00:00:00', 'nitin', '2017-18'),
('2017041369', 'PANKAJ SINGH TRIPATHI', 'DEVIDATT TRIPATHI', '2002.02.05', 'no-image.jpg', 'M', 'INDIAN', 'READING', 'Day Boarder', '10B', 2017, 'N', 'VVMIC MUNSYARI', '9', 'VILLAGE SERASURAI', 'MUNSYARI', '262554', '1', 'UL', 'INDIA', '8192850090', 'x@gmail.com', 'Through Internet', '123606', '0000-00-00 00:00:00', 'nitin', '2017-18'),
('2017041370', 'RAHUL SINGH SUMTYAL', 'SITARAM SINGH', '2004.06.21', 'no-image.jpg', 'M', 'INDIAN', 'PLAYING', 'Day Boarder', '10B', 2017, 'N', 'VVMIC MUNSYARI', '9', 'VILLAGE SARMOLI', 'MUNSYARI', '262554', '1', 'UL', 'INDIA', '9568213494', 'x@gmail.com', 'Through Internet', '123607', '0000-00-00 00:00:00', 'nitin', '2017-18'),
('2017041371', 'SHUBHAM JOSHI', 'MAHESH CHANDRA JOSHI', '2003.07.27', 'no-image.jpg', 'M', 'INDIAN', 'READING', 'Day Boarder', '10B', 2017, 'N', 'VVMIC MUNSYARI', '9', 'VILLAGE BASBAGAR', 'MUNSYARI', '262554', '1', 'UL', 'INDIA', '8979945484', 'x@gmail.com', 'Through Internet', '123608', '0000-00-00 00:00:00', 'nitin', '2017-18'),
('2017041372', 'HIMANSHU BARFAL', 'SHIVRAJ SINGH BARFAL', '2003.03.20', 'no-image.jpg', 'M', 'INDIAN', 'PLAYING', 'Day Boarder', '10B', 2017, 'N', 'VVMIC MUNSYARI', '9', 'VILLAGE DARATI', 'MUNSYARI', '262554', '1', 'UL', 'INDIA', '9568213678', 'x@gmail.com', 'Through Internet', '123609', '0000-00-00 00:00:00', 'nitin', '2017-18'),
('2017041373', 'TRIBHUWAN SINGH MAHAR', 'RAM SINGH', '2003.01.27', 'no-image.jpg', 'M', 'INDIAN', 'READING', 'Day Boarder', '10B', 2017, 'N', 'VVMIC MUNSYARI', '9', 'VILLAGE SAMKOTE', 'MUNSYARI', '262554', '1', 'UL', 'INDIA', '9917762015', 'x@gmail.com', 'Through Internet', '123610', '0000-00-00 00:00:00', 'nitin', '2017-18'),
('2017041374', 'TARUN SINGH RALMAL', 'JAGDISH SINGH', '2003.07.02', 'no-image.jpg', 'M', 'INDIAN', 'PLAYING', 'Day Boarder', '10B', 2017, 'N', 'VVMIC MUNSYARI', '9', 'VILLAGE BUIE ', 'MUNSYARI', '262554', '1', 'UL', 'INDIA', '9917169035', 'x@gmail.com', 'Through Internet', '123611', '0000-00-00 00:00:00', 'nitin', '2017-18'),
('2017041375', 'GANESH SINGH DHAMI', 'BHADUR SINGH DHAMI', '2003.10.15', 'no-image.jpg', 'M', 'INDIAN', 'READING', 'Day Boarder', '10B', 2017, 'N', 'VVMIC MUNSYARI', '9', 'VILLAGE ALAM', 'MUNSYARI', '262554', '1', 'UL', 'INDIA', '7500644732', 'x@gmail.com', 'Through Internet', '123612', '0000-00-00 00:00:00', 'nitin', '2017-18'),
('2017041376', 'ROHIT PANCHPAL', 'KEDAR SINGH PANCHPAL', '2004.03.15', 'no-image.jpg', 'M', 'INDIAN', 'PLAYING', 'Day Boarder', '10B', 2017, 'N', 'VVMIC MUNSYARI', '9', 'VILLAGE TALLA GHORPATTA', 'MUNSYARI', '262554', '1', 'UL', 'INDIA', '7088043877', 'x@gmail.com', 'Through Internet', '123613', '0000-00-00 00:00:00', 'nitin', '2017-18'),
('2017041377', 'DHEERAJ SINGH BRIJWAL', 'BHAGWAN SINGH ', '2002.07.16', 'no-image.jpg', 'M', 'INDIAN', 'READING', 'Day Boarder', '10B', 2017, 'N', 'VVMIC MUNSYARI', '9', 'VILLAGE TALLA DUMMAR', 'MUNSYARI', '262554', '1', 'UL', 'INDIA', '7599419227', 'x@gmail.com', 'Through Internet', '123614', '0000-00-00 00:00:00', 'nitin', '2017-18'),
('2017041378', 'RAVINDRA SINGH MEHTA', 'NARENDRA SINGH MEHTA', '2004.02.24', 'no-image.jpg', 'M', 'INDIAN', 'PLAYING', 'Day Boarder', '10B', 2017, 'N', 'VVMIC MUNSYARI', '9', 'VILLAGE TALLA DUMMAR', 'MUNSYARI', '262554', '1', 'UL', 'INDIA', '8941071463', 'x@gmail.com', 'Through Internet', '123615', '0000-00-00 00:00:00', 'nitin', '2017-18'),
('2017041379', 'TRIBHUWAN SINGH MAPWAL', 'PURAN SINGH MAPWAL', '2002.01.02', 'no-image.jpg', 'M', 'INDIAN', 'PLAYING', 'Day Boarder', '10B', 2017, 'N', 'VVMIC MUNSYARI', '9', 'VILLAGE MAPWALBARA', 'MADKOTE', '262554', '1', 'UL', 'INDIA', '9690589400', 'x@gmail.com', 'Through Internet', '123616', '0000-00-00 00:00:00', 'nitin', '2017-18'),
('2017041380', 'KRISHNA SINGH DANU', 'NETRA SINGH DANU', '2003.12.14', 'no-image.jpg', 'M', 'INDIAN', 'READING', 'Day Boarder', '10B', 2017, 'N', 'VVMIC MUNSYARI', '9', 'VILLAGE LEELAM', 'MUNSYARI', '262554', '1', 'UL', 'INDIA', '9837154248', 'x@gmail.com', 'Through Internet', '123617', '0000-00-00 00:00:00', 'nitin', '2017-18'),
('2017041381', 'DINESH RAM', 'KISHAN RAM', '2002.03.15', 'no-image.jpg', 'M', 'INDIAN', 'PLAYING', 'Day Boarder', '10B', 2017, 'N', 'VVMIC MUNSYARI', '9', 'VILLAGE TALLA DUMMAR', 'MUNSYARI', '262554', '1', 'UL', 'INDIA', '8941014114', 'x@gmail.com', 'Through Internet', '123618', '0000-00-00 00:00:00', 'nitin', '2017-18'),
('2017041382', 'MANISH PRAKASH', 'LALIT RAM', '2002.01.11', 'no-image.jpg', 'M', 'INDIAN', 'PLAYING', 'Day Boarder', '10B', 2017, 'N', 'VVMIC MUNSYARI', '9', 'VILLAGE TALLA DUMMAR', 'MUNSYARI', '262554', '1', 'UL', 'INDIA', '9356366574', 'x@gmail.com', 'Through Internet', '123619', '0000-00-00 00:00:00', 'nitin', '2017-18'),
('2017041383', 'MAYA MEHRA', 'RAMESH SINGH MEHRA', '2003.03.17', 'no-image.jpg', 'F', 'INDIAN', 'READING', 'Day Boarder', '10B', 2017, 'N', 'VVMIC MUNSYARI', '9', 'VILLAGE NAMJALA', 'MUNSYARI', '262554', '1', 'UL', 'INDIA', '8476830545', 'x@gmail.com', 'Through Internet', '123620', '0000-00-00 00:00:00', 'nitin', '2017-18'),
('2017041384', 'KIRAN FARSWAN', 'NATH SINGH FARSWAN', '2001.09.04', 'no-image.jpg', 'F', 'INDIAN', 'READING', 'Day Boarder', '12A', 2017, 'N', 'VVMIC MUNSYARI', '11', 'VILLAGE BHADELI', 'MUNSYARI', '262554', '1', 'UL', 'INDIA', '8958209151', 'x@gmail.com', 'Through Internet', '123621', '0000-00-00 00:00:00', 'nitin', '2017-18'),
('2017041385', 'PRATYUSHA NIKHURPA', 'MAHENDRA SINGH', '2001.09.22', 'no-image.jpg', 'F', 'INDIAN', 'READING', 'Day Boarder', '12A', 2017, 'N', 'VVMIC MUNSYARI', '11', 'VILLAGE NANASEM', 'MUNSYARI', '262555', '1', 'UL', 'INDIA', '9568206220', 'x@gmail.com', 'Through Internet', '123622', '0000-00-00 00:00:00', 'nitin', '2017-18'),
('2017041386', 'RAMESWARI MARTOLIA', 'KALU SINGH MARTOLIA', '2001.11.03', 'no-image.jpg', 'F', 'INDIAN', 'READING', 'Day Boarder', '12A', 2017, 'N', 'VVMIC MUNSYARI', '11', 'BUNGA', 'MUNSYARI', '262554', '1', 'UL', 'INDIA', '7351638535', 'x@gmail.com', 'Through Internet', '123623', '0000-00-00 00:00:00', 'nitin', '2017-18'),
('2017041387', 'REKHA PANWAR', 'GOVIND SINGH PANWAR', '2001.02.04', 'no-image.jpg', 'F', 'INDIAN', 'READING', 'Day Boarder', '12A', 2017, 'N', 'VVMIC MUNSYARI', '11', 'VILLAGE SAMKOTE', 'MUNSYARI', '262554', '1', 'UL', 'INDIA', '7351145510', 'x@gmail.com', 'Through Internet', '123624', '0000-00-00 00:00:00', 'nitin', '2017-18'),
('2017041388', 'ABHILASH SINGH BAGARI', 'PREM SINGH BAGARI', '2001.03.02', 'no-image.jpg', 'M', 'INDIAN', 'READING', 'Day Boarder', '12A', 2017, 'N', 'VVMIC MUNSYARI', '11', 'VILLAGE BUEI', 'MUNSYARI', '262554', '1', 'UL', 'INDIA', '9917009199', 'x@gmail.com', 'Through Internet', '123625', '0000-00-00 00:00:00', 'nitin', '2017-18'),
('2017041389', 'AJAY PRAKESH', 'RAMESH RAM', '2001.06.12', 'no-image.jpg', 'M', 'INDIAN', 'READING', 'Day Boarder', '12A', 2017, 'N', 'VVMIC MUNSYARI', '11', 'VILLAGE MATENA', 'MUNSYARI', '262554', '1', 'UL', 'INDIA', '9756533885', 'x@gmail.com', 'Through Internet', '123626', '0000-00-00 00:00:00', 'nitin', '2017-18'),
('2017041390', 'ARJUN SINGH BISHT', 'KHARAK SINGH', '2000.06.28', 'no-image.jpg', 'M', 'INDIAN', 'PLAYING', 'Day Boarder', '12A', 2017, 'N', 'VVMIC MUNSYARI', '11', 'VILLAGE SARMOLI ', 'MUNSYARI', '262554', '1', 'UL', 'INDIA', '8937974476', 'x@gmail.com', 'Through Internet', '123627', '0000-00-00 00:00:00', 'nitin', '2017-18'),
('2017041391', 'BHAWESH JOSHI ', 'GANGA PRASAD JOSHI', '2001.10.15', 'no-image.jpg', 'M', 'INDIAN', 'READING', 'Day Boarder', '12A', 2017, 'N', 'VVMIC MUNSYARI', '11', 'VILLAGE MASMOLI DIDIHAT', 'DIDIHAT', '262552', '1', 'UL', 'INDIA', '8476905173', 'x@gmail.com', 'Through Internet', '123628', '0000-00-00 00:00:00', 'nitin', '2017-18'),
('2017041392', 'BHUPENDRA SINGH MARTOLIYA', 'MANOHAR SINGH MARTOLIA', '2001.06.27', 'no-image.jpg', 'M', 'INDIAN', 'READING', 'Day Boarder', '12A', 2017, 'N', 'VVMIC MUNSYARI', '11', 'VILLAGE MAGAR BALA', 'MUNSYARI', '262553', '1', 'UL', 'INDIA', '8449766101', 'x@gmail.com', 'Through Internet', '123629', '0000-00-00 00:00:00', 'nitin', '2017-18'),
('2017041393', 'VIRENDRA SINGH KHATRI', 'NARENDRA SINGH KHATRI', '2001.06.04', 'no-image.jpg', 'M', 'INDIAN', 'WRITING', 'Day Boarder', '12A', 2017, 'N', 'VVMIC MUNSYARI', '11', 'VILLAGE UCHHAITI', 'MUNSYARI', '262554', '1', 'UL', 'INDIA', '7248457302', 'x@gmail.com', 'Through Internet', '123630', '0000-00-00 00:00:00', 'nitin', '2017-18'),
('2017041394', 'DEEPAK SINGH BRIJWAL', 'MAHIMAN SINGH BRIJWAL', '2001.03.02', 'no-image.jpg', 'M', 'INDIAN', 'PLAYING', 'Day Boarder', '12A', 2017, 'N', 'VVMIC MUNSYARI', '11', 'VILLAGE TALLA DUMMAR', 'MUNSYARI', '262554', '1', 'UL', 'INDIA', '8958945084', 'x@gmail.com', 'Through Internet', '123631', '0000-00-00 00:00:00', 'nitin', '2017-18'),
('2017041395', 'DINESH SINGH RAWAT', 'RUDRA SINGH RAWAT', '2001.07.05', 'no-image.jpg', 'M', 'INDIAN', 'READING ', 'Day Boarder', '12A', 2017, 'N', 'VVMIC MUNSYARI', '11', 'VILLAGE QUIRIJIMIYA', 'MUNSYARI', '262554', '1', 'UL', 'INDIA', '9927171871', 'x@gmail.com', 'Through Internet', '123632', '0000-00-00 00:00:00', 'nitin', '2017-18'),
('2017041396', 'GANESH SINGH SORAGI', 'BHAGAT SINGH SORAGI', '2000.06.16', 'no-image.jpg', 'M', 'INDIAN', 'READING', 'Day Boarder', '12A', 2017, 'N', 'VVMIC MUNSYARI', '11', 'VILLAGE SENAR ', 'MUNSYARI', '262554', '1', 'UL', 'INDIA', '9837603049', 'x@gmail.com', 'Through Internet', '123633', '0000-00-00 00:00:00', 'nitin', '2017-18'),
('2017041397', 'GAURAV SINGH DHARAMSHATU', 'DEVINDRA SINGH DHARMSHATU', '2002.04.25', 'no-image.jpg', 'M', 'INDIAN', 'READING', 'Day Boarder', '12A', 2017, 'N', 'VVMIC MUNSYARI', '11', 'VILLAGE DARKOTE', 'MUNSYARI', '262554', '1', 'UL', 'INDIA', '7248684014', 'x@gmail.com', 'Through Internet', '123634', '0000-00-00 00:00:00', 'nitin', '2017-18'),
('2017041398', 'JATIN SINGH ', 'KEDAR SINGH', '2001.05.04', 'no-image.jpg', 'M', 'INDIAN', 'PLAYING', 'Day Boarder', '12A', 2017, 'N', 'VVMIC MUNSYARI', '11', 'VILLAGE NANASEM', 'MUNSYARI', '262554', '1', 'UL', 'INDIA', '9568428194', 'x@gmail.com', 'Through Internet', '123635', '0000-00-00 00:00:00', 'nitin', '2017-18'),
('2017041399', 'JEEWAN CHANDRA DIVEDI', 'POORAN CHANDRA DIVEDI', '2001.05.01', 'no-image.jpg', 'M', 'INDIAN', 'READING', 'Day Boarder', '12A', 2017, 'N', 'VVMIC MUNSYARI', '11', 'VILLAGE SEMALI', 'MUNSYARI', '262553', '1', 'UL', 'INDIA', '9927457819', 'x@gmail.com', 'Through Internet', '123636', '0000-00-00 00:00:00', 'nitin', '2017-18'),
('2017041400', 'JITENDRA SINGH BOTHAYAL', 'ANAND SINGH BOTHAYAL', '2000.08.20', 'no-image.jpg', 'M', 'INDIAN', 'READING', 'Day Boarder', '12A', 2017, 'N', 'VVMIC MUNSYARI', '11', 'VILLAGE BOTHI', 'MUNSYARI', '262554', '1', 'UL', 'INDIA', '9927457819', 'x@gmail.com', 'Through Internet', '123637', '0000-00-00 00:00:00', 'nitin', '2017-18'),
('2017041401', 'HEMRAJ SINGH ', 'RAM SINGH ', '2001.06.17', 'no-image.jpg', 'M', 'INDIAN', 'READING', 'Day Boarder', '12A', 2017, 'N', 'VVMIC MUNSYARI', '11', 'VILLAGE RINGU', 'MUNSYARI', '262554', '1', 'UL', 'INDIA', '8941076040', 'x@gmail.com', 'Through Internet', '123638', '0000-00-00 00:00:00', 'nitin', '2017-18'),
('2017041402', 'HIMANSHU KUMAR ', 'GOKARAN RAM', '2001.06.26', 'no-image.jpg', 'M', 'INDIAN', 'READING', 'Day Boarder', '12A', 2017, 'N', 'VVMIC MUNSYARI', '11', 'VILLAGE BALA', 'MUNSYARI', '262553', '1', 'UL', 'INDIA', 'x', 'x@gmail.com', 'Through Internet', '123639', '0000-00-00 00:00:00', 'nitin', '2017-18'),
('2017041403', 'LOVRAJ SING ', 'JASWANT SINGH', '1999.12.16', 'no-image.jpg', 'M', 'INDIAN', 'READING', 'Day Boarder', '12A', 2017, 'N', 'VVMIC MUNSYARI', '11', 'VILLAGE PHAPA', 'MUNSYARI', '262553', '1', 'UL', 'INDIA', '8958308770', 'x@gmail.com', 'Through Internet', '123640', '0000-00-00 00:00:00', 'nitin', '2017-18'),
('2017041404', 'LOVRAJ SINGH JESTHA', 'KALYAN SINGH JESTHA', '1999.12.29', 'no-image.jpg', 'M', 'INDIAN', 'READING', 'Day Boarder', '12A', 2017, 'N', 'VVMIC MUNSYARI', '11', 'VILLAGE KAWADHAR', 'MUNSYARI', '262554', '1', 'UL', 'INDIA', '7536844654', 'x@gmail.com', 'Through Internet', '123641', '0000-00-00 00:00:00', 'nitin', '2017-18'),
('2017041405', 'LAXMAN SINGH DARIYAL', 'KUNDAN SINGH DARIYAL', '2001.07.15', 'no-image.jpg', 'M', 'INDIAN', 'READING', 'Day Boarder', '12A', 2017, 'N', 'VVMIC MUNSYARI', '11', 'VILLAGE PATO', 'MUNSYARI', '262554', '1', 'UL', 'INDIA', '9012667824', 'x@gmail.com', 'Through Internet', '123642', '0000-00-00 00:00:00', 'nitin', '2017-18'),
('2017041406', 'LOKESH KUMAR ', 'DHARAM RAM', '2001.09.27', 'no-image.jpg', 'M', 'INDIAN', 'READING', 'Day Boarder', '12A', 2017, 'N', 'VVMIC MUNSYARI', '11', 'VILLAGE JAINTI', 'MUNSYARI', '262554', '1', 'UL', 'INDIA', '7248204772', 'x@gmail.com', 'Through Internet', '123643', '0000-00-00 00:00:00', 'nitin', '2017-18'),
('2017041407', 'MAHIMANT RAM ', 'KUNWAR RAM', '1999.07.01', 'no-image.jpg', 'M', 'INDIAN', 'READING', 'Day Boarder', '12A', 2017, 'N', 'VVMIC MUNSYARI', '11', 'VILLAGE HOKARA', 'MUNSYARI', '262553', '1', 'UL', 'INDIA', '7409579117', 'x@gmail.com', 'Through Internet', '123644', '0000-00-00 00:00:00', 'nitin', '2017-18'),
('2017041408', 'MANISH SINGH NEGI', 'JAGDISH SINGH NEGI', '2001.04.15', 'no-image.jpg', 'M', 'INDIAN', 'PLAYING', 'Day Boarder', '12A', 2017, 'N', 'VVMIC MUNSYARI', '11', 'VILLAGE HARKOTE ', 'MUNSYARI', '262554', '1', 'UL', 'INDIA', '8057781651', 'x@gmail.com', 'Through Internet', '123645', '0000-00-00 00:00:00', 'nitin', '2017-18'),
('2017041409', 'MANMOHAN SINGH MEHRA', 'DURGA SINGH MEHRA', '2000.05.13', 'no-image.jpg', 'M', 'INDIAN', 'PLAYING', 'Day Boarder', '12A', 2017, 'N', 'VVMIC MUNSYARI', '11', 'VILLAGE MALLA GHORPATTA', 'MUNSYARI', '262554', '1', 'UL', 'INDIA', '8449612743', 'x@gmail.com', 'Through Internet', '123646', '0000-00-00 00:00:00', 'nitin', '2017-18'),
('2017041410', 'MAYANK SINGH DHAPWAL', 'DEVENDRA SINGH DHAPWAL', '2000.11.10', 'no-image.jpg', 'M', 'INDIAN', 'READING', 'Day Boarder', '12A', 2017, 'N', 'VVMIC MUNSYARI', '11', 'VILLAGE DHAPA', 'MUNSYARI', '262554', '1', 'UL', 'INDIA', '7351723539', 'x@gmail.com', 'Through Internet', '123647', '0000-00-00 00:00:00', 'nitin', '2017-18'),
('2017041411', 'NARESH SINGH BHANDARI', 'CHANDRA SINGH BHANDARI', '2001.12.21', 'no-image.jpg', 'M', 'INDIAN', 'READING', 'Day Boarder', '12A', 2017, 'N', 'VVMIC MUNSYARI', '11', 'VILLAGE KUKRAULI DIDIHAT', 'MUNSYARI', '262552', '1', 'UL', 'INDIA', '8476020206', 'x@gmail.com', 'Through Internet', '123648', '0000-00-00 00:00:00', 'nitin', '2017-18'),
('2017041412', 'PANKAJ KUMAR', 'JAGAT RAM', '2002.04.10', 'no-image.jpg', 'M', 'INDIAN', 'PLAYING', 'Day Boarder', '12A', 2017, 'N', 'VVMIC MUNSYARI', '11', 'VILLAGE JAINTI', 'MUNSYARI', '262554', '1', 'UL', 'INDIA', '9557944891', 'x@gmail.com', 'Through Internet', '123649', '0000-00-00 00:00:00', 'nitin', '2017-18'),
('2017041413', 'PANKAJ SINGH JESTHA', 'ANAND SINGH ', '1999.10.12', 'no-image.jpg', 'M', 'INDIAN', 'READING', 'Day Boarder', '12A', 2017, 'N', 'VVMIC MUNSYARI', '11', 'VILLAGE MATENA', 'MUNSYARI', '262554', '1', 'UL', 'INDIA', 'x', 'x@gmail.com', 'Through Internet', '123650', '0000-00-00 00:00:00', 'nitin', '2017-18'),
('2017041414', 'RAHUL RAITO', 'TARINEE RAITO', '1999.03.15', 'no-image.jpg', 'M', 'INDIAN', 'READING', 'Day Boarder', '12A', 2017, 'N', 'VVMIC MUNSYARI', '11', 'SATRA UREESA', 'MUNSYARI', '761214', '1', 'UL', 'INDIA', '9927345629', 'x@gmail.com', 'Through Internet', '123651', '0000-00-00 00:00:00', 'nitin', '2017-18'),
('2017041415', 'RAJENDRA SINGH ', 'KHUSHAL SINGH BARNIYA', '2006.04.03', 'no-image.jpg', 'M', 'INDIAN', 'READING', 'Day Boarder', '12A', 2017, 'N', 'VVMIC MUNSYARI', '11', 'VILLAGE BARNIYAGAON', 'MUNSYARI', '262554', '1', 'UL', 'INDIA', '9997735862', 'x@gmail.com', 'Through Internet', '123652', '0000-00-00 00:00:00', 'nitin', '2017-18'),
('2017041416', 'RAJENDRA SINGH BHANDARI', 'DEEWAN SINGH BHANDARI', '2001.12.05', 'no-image.jpg', 'M', 'INDIAN', 'READING', 'Day Boarder', '12A', 2017, 'N', 'VVMIC MUNSYARI', '11', 'VILLAGE DHUNAMANI', 'MUNSYARI', '262554', '1', 'UL', 'INDIA', '9639279156', 'x@gmail.com', 'Through Internet', '123653', '0000-00-00 00:00:00', 'nitin', '2017-18'),
('2017041417', 'RAJESH JOSHI', 'ANAND BALLABH JOSHI', '2001.07.05', 'no-image.jpg', 'M', 'INDIAN', 'PLAYING', 'Day Boarder', '12A', 2017, 'N', 'VVMIC MUNSYARI', '11', 'VILLAGE SERASURAIDHAR', 'MUNSYARI', '262554', '1', 'UL', 'INDIA', '7088059154', 'x@gmail.com', 'Through Internet', '123654', '0000-00-00 00:00:00', 'nitin', '2017-18'),
('2017041418', 'RAKESH SINGH ', 'BHUPENDRA SINGH', '2003.09.06', 'no-image.jpg', 'M', 'INDIAN', 'READING', 'Day Boarder', '12A', 2017, 'N', 'VVMIC MUNSYARI', '11', 'BHADELI', 'MUNSYARI', '262554', '1', 'UL', 'INDIA', '7900317421', 'x@gmail.com', 'Through Internet', '123655', '0000-00-00 00:00:00', 'nitin', '2017-18'),
('2017041419', 'RISHABH SINGH JESTHA', 'NARAYAN SINGH JESTHA', '2000.01.03', 'no-image.jpg', 'M', 'INDIAN', 'PLAYING', 'Day Boarder', '12A', 2017, 'N', 'VVMIC MUNSYARI', '11', 'VILLAGE  TALLA GHORPATTA', 'MUNSYARI', '262554', '1', 'UL', 'INDIA', '7535880335', 'x@gmail.com', 'Through Internet', '123656', '0000-00-00 00:00:00', 'nitin', '2017-18'),
('2017041420', 'ROHIT PANT', 'TRILOCHAN PANT', '2002.09.02', 'no-image.jpg', 'M', 'INDIAN', 'PLAYING', 'Day Boarder', '12A', 2017, 'N', 'VVMIC MUNSYARI', '11', 'BARSAYAT BERINAG', 'BERINAG', '262552', '1', 'UL', 'INDIA', '8191958779', 'x@gmail.com', 'Through Internet', '123657', '0000-00-00 00:00:00', 'nitin', '2017-18'),
('2017041421', 'SACHIN SINGH GHEENGA', 'GOKARAN SINGH GHINGA', '2001.07.05', 'no-image.jpg', 'M', 'INDIAN', 'READING', 'Day Boarder', '12A', 2017, 'N', 'VVMIC MUNSYARI', '11', 'VILLAGE UCHHAITI', 'MUNSYARI', '262554', '1', 'UL', 'INDIA', '9917193002', 'x@gmail.com', 'Through Internet', '123658', '0000-00-00 00:00:00', 'nitin', '2017-18'),
('2017041422', 'SAGAR SINGH DHOKTI', 'MANOHAR SINGH DHOKTI', '2000.07.12', 'no-image.jpg', 'M', 'INDIAN', 'PLAYING', 'Day Boarder', '12A', 2017, 'N', 'VVMIC MUNSYARI', '11', 'VILLAGE BASANTKOTE', 'MUNSYARI', '262554', '1', 'UL', 'INDIA', '8192067594', 'x@gmail.com', 'Through Internet', '123659', '0000-00-00 00:00:00', 'nitin', '2017-18'),
('2017041423', 'SUNIL SINGH NIKHURPA ', 'MANOHAR SINGH NIKHURPA', '2001.06.15', 'no-image.jpg', 'M', 'INDIAN', 'READING', 'Day Boarder', '12A', 2017, 'N', 'VVMIC MUNSYARI', '11', 'VILLAGE NANASEM', 'MUNSYARI', '262554', '1', 'UL', 'INDIA', '9568794490', 'x@gmail.com', 'Through Internet', '123660', '0000-00-00 00:00:00', 'nitin', '2017-18'),
('2017041424', 'SURAJ SINGH', 'LAXMAN SINGH', '2001.06.04', 'no-image.jpg', 'M', 'INDIAN', 'READING', 'Day Boarder', '12A', 2017, 'N', 'VVMIC MUNSYARI', '11', 'VILLAGE PATO', 'MUNSYARI', '262554', '1', 'UL', 'INDIA', '9756072587', 'x@gmail.com', 'Through Internet', '123661', '0000-00-00 00:00:00', 'nitin', '2017-18'),
('2017041425', 'SURAJ SINGH BHANDARI', 'KUNWAR SINGH BHANDARI', '2001.07.26', 'no-image.jpg', 'M', 'INDIAN', 'PLAYING', 'Day Boarder', '12A', 2017, 'N', 'VVMIC MUNSYARI', '11', 'VILLAGE JOSHA', 'MUNSYARI', '262554', '1', 'UL', 'INDIA', '9760656941', 'x@gmail.com', 'Through Internet', '123662', '0000-00-00 00:00:00', 'nitin', '2017-18'),
('2017041426', 'VIKRAM SINGH GANGHARIA', 'PAAN SINGH GANGHARIA', '1999.04.26', 'no-image.jpg', 'M', 'INDIAN', 'PLAYING', 'Day Boarder', '12A', 2017, 'N', 'VVMIC MUNSYARI', '11', 'VILLAGE LEELAM', 'MUNSYARI', '262554', '1', 'UL', 'INDIA', '9639784104', 'x@gmail.com', 'Through Internet', '123663', '0000-00-00 00:00:00', 'nitin', '2017-18'),
('2017041427', 'VINOD SINGH DHAPWAL', 'DEVENDRA SINGH DHAPWAL', '1999.09.30', 'no-image.jpg', 'M', 'INDIAN', 'READING', 'Day Boarder', '12A', 2017, 'N', 'VVMIC MUNSYARI', '11', 'VILLAGE DHAPA', 'MUNSYARI', '262554', '1', 'UL', 'INDIA', '7055655368', 'x@gmail.com', 'Through Internet', '123664', '0000-00-00 00:00:00', 'nitin', '2017-18'),
('2017051251', 'Rakesh Chandra Gupta', 'Suresh chandra Gupta', '2001-05-12', 'no-image.jpg', 'M', '-x-', '-x-', 'Day Boarder', '9A', 2017, 'YES', 'new era public school', '8', 'Ram Nagar post - Ram Nagar', 'Ram Nagar', '263158', '1', 'UL', 'India', '8449546890', 'hshjj@gmail.com', 'Through Internet', '123456', '2017-05-05 06:52:46', 'nitin', '2017-18');

-- --------------------------------------------------------

--
-- Table structure for table `user_menu`
--

CREATE TABLE IF NOT EXISTS `user_menu` (
  `ID` int(11) NOT NULL AUTO_INCREMENT,
  `MENU` int(11) NOT NULL,
  `USER_` varchar(5) NOT NULL,
  PRIMARY KEY (`ID`),
  KEY `MENU` (`MENU`),
  KEY `USER_` (`USER_`)
) ENGINE=InnoDB  DEFAULT CHARSET=utf8 AUTO_INCREMENT=21 ;

--
-- Dumping data for table `user_menu`
--

INSERT INTO `user_menu` (`ID`, `MENU`, `USER_`) VALUES
(1, 1, 'adm'),
(2, 2, 'adm'),
(3, 3, 'adm'),
(5, 5, 'adm'),
(6, 6, 'adm'),
(7, 7, 'adm'),
(8, 8, 'adm'),
(9, 9, 'adm'),
(10, 6, 'acc'),
(11, 1, 'deo'),
(12, 2, 'deo'),
(15, 5, 'deo'),
(16, 6, 'deo'),
(17, 7, 'deo'),
(18, 10, 'adm'),
(19, 7, 'fc'),
(20, 8, 'fc');

-- --------------------------------------------------------

--
-- Table structure for table `_id_`
--

CREATE TABLE IF NOT EXISTS `_id_` (
  `ID_` int(4) unsigned zerofill DEFAULT NULL,
  `regid_` varchar(25) NOT NULL,
  `SESSIONID` varchar(20) NOT NULL,
  KEY `SESSIONID` (`SESSIONID`)
) ENGINE=InnoDB DEFAULT CHARSET=utf8;

--
-- Dumping data for table `_id_`
--

INSERT INTO `_id_` (`ID_`, `regid_`, `SESSIONID`) VALUES
(0149, '2018070149', '2018-19');

--
-- Constraints for dumped tables
--

--
-- Constraints for table `class_2_in_session`
--
ALTER TABLE `class_2_in_session`
  ADD CONSTRAINT `class_2_in_session_ibfk_1` FOREIGN KEY (`CLASSID`) REFERENCES `class_1_classes` (`CLASSID`) ON DELETE CASCADE ON UPDATE CASCADE,
  ADD CONSTRAINT `class_2_in_session_ibfk_2` FOREIGN KEY (`SESSID`) REFERENCES `master_6_session` (`SESSID`) ON DELETE CASCADE ON UPDATE CASCADE;

--
-- Constraints for table `class_3_class_wise_students`
--
ALTER TABLE `class_3_class_wise_students`
  ADD CONSTRAINT `class_3_class_wise_students_ibfk_1` FOREIGN KEY (`CLSSESSID`) REFERENCES `class_2_in_session` (`CLSSESSID`) ON DELETE CASCADE ON UPDATE CASCADE,
  ADD CONSTRAINT `class_3_class_wise_students_ibfk_2` FOREIGN KEY (`regid`) REFERENCES `master_7_stud_personal` (`regid`) ON DELETE CASCADE ON UPDATE CASCADE;

--
-- Constraints for table `fee_2`
--
ALTER TABLE `fee_2`
  ADD CONSTRAINT `fee_2_ibfk_1` FOREIGN KEY (`regID`) REFERENCES `register_with_us` (`regid`) ON DELETE CASCADE ON UPDATE CASCADE;

--
-- Constraints for table `fee_8_class_fee`
--
ALTER TABLE `fee_8_class_fee`
  ADD CONSTRAINT `fee_8_class_fee_ibfk_1` FOREIGN KEY (`CLSSESSID`) REFERENCES `class_2_in_session` (`CLSSESSID`) ON DELETE CASCADE ON UPDATE CASCADE;

--
-- Constraints for table `fee_9_class_fee_split`
--
ALTER TABLE `fee_9_class_fee_split`
  ADD CONSTRAINT `fee_9_class_fee_split_ibfk_1` FOREIGN KEY (`ST_HD_ID`) REFERENCES `fee_3_static_heads` (`ST_HD_ID`) ON DELETE CASCADE ON UPDATE CASCADE,
  ADD CONSTRAINT `fee_9_class_fee_split_ibfk_2` FOREIGN KEY (`CFEEID`) REFERENCES `fee_8_class_fee` (`CFEEID`) ON DELETE CASCADE ON UPDATE CASCADE;

--
-- Constraints for table `master_15_subject_marks`
--
ALTER TABLE `master_15_subject_marks`
  ADD CONSTRAINT `master_15_subject_marks_ibfk_1` FOREIGN KEY (`subjectID`) REFERENCES `master_12_subject` (`subjectID`) ON DELETE CASCADE ON UPDATE CASCADE;

--
-- Constraints for table `menu_2_submenu`
--
ALTER TABLE `menu_2_submenu`
  ADD CONSTRAINT `menuid_for_submenu` FOREIGN KEY (`ID_`) REFERENCES `menu_1` (`ID_`);

--
-- Constraints for table `user_menu`
--
ALTER TABLE `user_menu`
  ADD CONSTRAINT `fk_mennu` FOREIGN KEY (`MENU`) REFERENCES `menu_1` (`ID_`) ON DELETE CASCADE ON UPDATE CASCADE,
  ADD CONSTRAINT `fk_user` FOREIGN KEY (`USER_`) REFERENCES `master_5_user_status` (`ST_ID`) ON DELETE CASCADE ON UPDATE CASCADE;

/*!40101 SET CHARACTER_SET_CLIENT=@OLD_CHARACTER_SET_CLIENT */;
/*!40101 SET CHARACTER_SET_RESULTS=@OLD_CHARACTER_SET_RESULTS */;
/*!40101 SET COLLATION_CONNECTION=@OLD_COLLATION_CONNECTION */;
